image_path,class_name,group_id,split
DLD_FinalDataset_224_spit/test/ALGAL_LEAF_SPOT/to_label_100.jpg,ALGAL_LEAF_SPOT,0,train
DLD_FinalDataset_224_spit/test/ALGAL_LEAF_SPOT/to_label_104.jpg,ALGAL_LEAF_SPOT,1,train
DLD_FinalDataset_224_spit/test/ALGAL_LEAF_SPOT/to_label_108.jpg,ALGAL_LEAF_SPOT,2,train
DLD_FinalDataset_224_spit/test/ALGAL_LEAF_SPOT/to_label_12.jpg,ALGAL_LEAF_SPOT,3,test
DLD_FinalDataset_224_spit/test/ALGAL_LEAF_SPOT/to_label_126.jpg,ALGAL_LEAF_SPOT,4,train
DLD_FinalDataset_224_spit/test/ALGAL_LEAF_SPOT/to_label_127.jpg,ALGAL_LEAF_SPOT,5,train
DLD_FinalDataset_224_spit/test/ALGAL_LEAF_SPOT/to_label_134.jpg,ALGAL_LEAF_SPOT,6,train
DLD_FinalDataset_224_spit/test/ALGAL_LEAF_SPOT/to_label_139.jpg,ALGAL_LEAF_SPOT,7,train
DLD_FinalDataset_224_spit/test/ALGAL_LEAF_SPOT/to_label_148.jpg,ALGAL_LEAF_SPOT,8,train
DLD_FinalDataset_224_spit/test/ALGAL_LEAF_SPOT/to_label_154.jpg,ALGAL_LEAF_SPOT,9,train
DLD_FinalDataset_224_spit/test/ALGAL_LEAF_SPOT/to_label_156.jpg,ALGAL_LEAF_SPOT,10,train
DLD_FinalDataset_224_spit/test/ALGAL_LEAF_SPOT/to_label_158.jpg,ALGAL_LEAF_SPOT,11,train
DLD_FinalDataset_224_spit/test/ALGAL_LEAF_SPOT/to_label_161.jpg,ALGAL_LEAF_SPOT,12,train
DLD_FinalDataset_224_spit/test/ALGAL_LEAF_SPOT/to_label_162.jpg,ALGAL_LEAF_SPOT,13,val
DLD_FinalDataset_224_spit/test/ALGAL_LEAF_SPOT/to_label_164.jpg,ALGAL_LEAF_SPOT,14,test
DLD_FinalDataset_224_spit/test/ALGAL_LEAF_SPOT/to_label_168.jpg,ALGAL_LEAF_SPOT,15,train
DLD_FinalDataset_224_spit/test/ALGAL_LEAF_SPOT/to_label_169.jpg,ALGAL_LEAF_SPOT,16,train
DLD_FinalDataset_224_spit/test/ALGAL_LEAF_SPOT/to_label_17.jpg,ALGAL_LEAF_SPOT,17,test
DLD_FinalDataset_224_spit/test/ALGAL_LEAF_SPOT/to_label_170.jpg,ALGAL_LEAF_SPOT,18,test
DLD_FinalDataset_224_spit/test/ALGAL_LEAF_SPOT/to_label_172.jpg,ALGAL_LEAF_SPOT,19,test
DLD_FinalDataset_224_spit/test/ALGAL_LEAF_SPOT/to_label_173.jpg,ALGAL_LEAF_SPOT,20,train
DLD_FinalDataset_224_spit/test/ALGAL_LEAF_SPOT/to_label_174.jpg,ALGAL_LEAF_SPOT,21,train
DLD_FinalDataset_224_spit/test/ALGAL_LEAF_SPOT/to_label_177.jpg,ALGAL_LEAF_SPOT,22,train
DLD_FinalDataset_224_spit/test/ALGAL_LEAF_SPOT/to_label_180.jpg,ALGAL_LEAF_SPOT,23,val
DLD_FinalDataset_224_spit/test/ALGAL_LEAF_SPOT/to_label_187.jpg,ALGAL_LEAF_SPOT,24,train
DLD_FinalDataset_224_spit/test/ALGAL_LEAF_SPOT/to_label_190.jpg,ALGAL_LEAF_SPOT,25,train
DLD_FinalDataset_224_spit/test/ALGAL_LEAF_SPOT/to_label_197.jpg,ALGAL_LEAF_SPOT,26,val
DLD_FinalDataset_224_spit/test/ALGAL_LEAF_SPOT/to_label_198.jpg,ALGAL_LEAF_SPOT,27,train
DLD_FinalDataset_224_spit/test/ALGAL_LEAF_SPOT/to_label_199.jpg,ALGAL_LEAF_SPOT,28,train
DLD_FinalDataset_224_spit/test/ALGAL_LEAF_SPOT/to_label_205.jpg,ALGAL_LEAF_SPOT,29,train
DLD_FinalDataset_224_spit/test/ALGAL_LEAF_SPOT/to_label_207.jpg,ALGAL_LEAF_SPOT,30,train
DLD_FinalDataset_224_spit/test/ALGAL_LEAF_SPOT/to_label_217.jpg,ALGAL_LEAF_SPOT,31,train
DLD_FinalDataset_224_spit/test/ALGAL_LEAF_SPOT/to_label_218.jpg,ALGAL_LEAF_SPOT,32,val
DLD_FinalDataset_224_spit/test/ALGAL_LEAF_SPOT/to_label_219.jpg,ALGAL_LEAF_SPOT,33,test
DLD_FinalDataset_224_spit/test/ALGAL_LEAF_SPOT/to_label_220.jpg,ALGAL_LEAF_SPOT,34,test
DLD_FinalDataset_224_spit/test/ALGAL_LEAF_SPOT/to_label_221.jpg,ALGAL_LEAF_SPOT,35,train
DLD_FinalDataset_224_spit/test/ALGAL_LEAF_SPOT/to_label_232.jpg,ALGAL_LEAF_SPOT,36,test
DLD_FinalDataset_224_spit/test/ALGAL_LEAF_SPOT/to_label_239.jpg,ALGAL_LEAF_SPOT,37,train
DLD_FinalDataset_224_spit/test/ALGAL_LEAF_SPOT/to_label_241.jpg,ALGAL_LEAF_SPOT,38,val
DLD_FinalDataset_224_spit/test/ALGAL_LEAF_SPOT/to_label_256.jpg,ALGAL_LEAF_SPOT,39,train
DLD_FinalDataset_224_spit/test/ALGAL_LEAF_SPOT/to_label_262.jpg,ALGAL_LEAF_SPOT,40,train
DLD_FinalDataset_224_spit/test/ALGAL_LEAF_SPOT/to_label_263.jpg,ALGAL_LEAF_SPOT,41,train
DLD_FinalDataset_224_spit/test/ALGAL_LEAF_SPOT/to_label_272.jpg,ALGAL_LEAF_SPOT,42,train
DLD_FinalDataset_224_spit/test/ALGAL_LEAF_SPOT/to_label_278.jpg,ALGAL_LEAF_SPOT,43,test
DLD_FinalDataset_224_spit/test/ALGAL_LEAF_SPOT/to_label_279.jpg,ALGAL_LEAF_SPOT,44,test
DLD_FinalDataset_224_spit/test/ALGAL_LEAF_SPOT/to_label_283.jpg,ALGAL_LEAF_SPOT,45,train
DLD_FinalDataset_224_spit/test/ALGAL_LEAF_SPOT/to_label_296.jpg,ALGAL_LEAF_SPOT,46,train
DLD_FinalDataset_224_spit/test/ALGAL_LEAF_SPOT/to_label_298.jpg,ALGAL_LEAF_SPOT,47,test
DLD_FinalDataset_224_spit/test/ALGAL_LEAF_SPOT/to_label_303.jpg,ALGAL_LEAF_SPOT,48,test
DLD_FinalDataset_224_spit/test/ALGAL_LEAF_SPOT/to_label_307.jpg,ALGAL_LEAF_SPOT,49,train
DLD_FinalDataset_224_spit/test/ALGAL_LEAF_SPOT/to_label_314.jpg,ALGAL_LEAF_SPOT,50,train
DLD_FinalDataset_224_spit/test/ALGAL_LEAF_SPOT/to_label_319.jpg,ALGAL_LEAF_SPOT,51,train
DLD_FinalDataset_224_spit/test/ALGAL_LEAF_SPOT/to_label_322.jpg,ALGAL_LEAF_SPOT,52,val
DLD_FinalDataset_224_spit/test/ALGAL_LEAF_SPOT/to_label_328.jpg,ALGAL_LEAF_SPOT,53,test
DLD_FinalDataset_224_spit/test/ALGAL_LEAF_SPOT/to_label_332.jpg,ALGAL_LEAF_SPOT,54,train
DLD_FinalDataset_224_spit/test/ALGAL_LEAF_SPOT/to_label_333.jpg,ALGAL_LEAF_SPOT,55,train
DLD_FinalDataset_224_spit/test/ALGAL_LEAF_SPOT/to_label_337.jpg,ALGAL_LEAF_SPOT,56,train
DLD_FinalDataset_224_spit/test/ALGAL_LEAF_SPOT/to_label_339.jpg,ALGAL_LEAF_SPOT,57,test
DLD_FinalDataset_224_spit/test/ALGAL_LEAF_SPOT/to_label_347.jpg,ALGAL_LEAF_SPOT,58,train
DLD_FinalDataset_224_spit/test/ALGAL_LEAF_SPOT/to_label_352.jpg,ALGAL_LEAF_SPOT,59,test
DLD_FinalDataset_224_spit/test/ALGAL_LEAF_SPOT/to_label_357.jpg,ALGAL_LEAF_SPOT,60,val
DLD_FinalDataset_224_spit/test/ALGAL_LEAF_SPOT/to_label_360.jpg,ALGAL_LEAF_SPOT,61,val
DLD_FinalDataset_224_spit/test/ALGAL_LEAF_SPOT/to_label_361.jpg,ALGAL_LEAF_SPOT,62,train
DLD_FinalDataset_224_spit/test/ALGAL_LEAF_SPOT/to_label_362.jpg,ALGAL_LEAF_SPOT,63,train
DLD_FinalDataset_224_spit/test/ALGAL_LEAF_SPOT/to_label_366.jpg,ALGAL_LEAF_SPOT,64,train
DLD_FinalDataset_224_spit/test/ALGAL_LEAF_SPOT/to_label_37.jpg,ALGAL_LEAF_SPOT,65,train
DLD_FinalDataset_224_spit/test/ALGAL_LEAF_SPOT/to_label_38.jpg,ALGAL_LEAF_SPOT,66,test
DLD_FinalDataset_224_spit/test/ALGAL_LEAF_SPOT/to_label_382.jpg,ALGAL_LEAF_SPOT,67,train
DLD_FinalDataset_224_spit/test/ALGAL_LEAF_SPOT/to_label_387.jpg,ALGAL_LEAF_SPOT,68,train
DLD_FinalDataset_224_spit/test/ALGAL_LEAF_SPOT/to_label_390.jpg,ALGAL_LEAF_SPOT,69,test
DLD_FinalDataset_224_spit/test/ALGAL_LEAF_SPOT/to_label_394.jpg,ALGAL_LEAF_SPOT,70,test
DLD_FinalDataset_224_spit/test/ALGAL_LEAF_SPOT/to_label_395.jpg,ALGAL_LEAF_SPOT,71,train
DLD_FinalDataset_224_spit/test/ALGAL_LEAF_SPOT/to_label_399.jpg,ALGAL_LEAF_SPOT,72,train
DLD_FinalDataset_224_spit/test/ALGAL_LEAF_SPOT/to_label_4.jpg,ALGAL_LEAF_SPOT,73,test
DLD_FinalDataset_224_spit/test/ALGAL_LEAF_SPOT/to_label_400.jpg,ALGAL_LEAF_SPOT,74,test
DLD_FinalDataset_224_spit/test/ALGAL_LEAF_SPOT/to_label_403.jpg,ALGAL_LEAF_SPOT,75,train
DLD_FinalDataset_224_spit/test/ALGAL_LEAF_SPOT/to_label_407.jpg,ALGAL_LEAF_SPOT,76,val
DLD_FinalDataset_224_spit/test/ALGAL_LEAF_SPOT/to_label_410.jpg,ALGAL_LEAF_SPOT,77,train
DLD_FinalDataset_224_spit/test/ALGAL_LEAF_SPOT/to_label_413.jpg,ALGAL_LEAF_SPOT,78,train
DLD_FinalDataset_224_spit/test/ALGAL_LEAF_SPOT/to_label_414.jpg,ALGAL_LEAF_SPOT,79,val
DLD_FinalDataset_224_spit/test/ALGAL_LEAF_SPOT/to_label_419.jpg,ALGAL_LEAF_SPOT,80,test
DLD_FinalDataset_224_spit/test/ALGAL_LEAF_SPOT/to_label_42.jpg,ALGAL_LEAF_SPOT,81,train
DLD_FinalDataset_224_spit/test/ALGAL_LEAF_SPOT/to_label_420.jpg,ALGAL_LEAF_SPOT,82,train
DLD_FinalDataset_224_spit/test/ALGAL_LEAF_SPOT/to_label_425.jpg,ALGAL_LEAF_SPOT,83,val
DLD_FinalDataset_224_spit/test/ALGAL_LEAF_SPOT/to_label_426.jpg,ALGAL_LEAF_SPOT,84,train
DLD_FinalDataset_224_spit/test/ALGAL_LEAF_SPOT/to_label_43.jpg,ALGAL_LEAF_SPOT,85,test
DLD_FinalDataset_224_spit/test/ALGAL_LEAF_SPOT/to_label_443.jpg,ALGAL_LEAF_SPOT,86,train
DLD_FinalDataset_224_spit/test/ALGAL_LEAF_SPOT/to_label_449.jpg,ALGAL_LEAF_SPOT,87,test
DLD_FinalDataset_224_spit/test/ALGAL_LEAF_SPOT/to_label_450.jpg,ALGAL_LEAF_SPOT,88,val
DLD_FinalDataset_224_spit/test/ALGAL_LEAF_SPOT/to_label_454.jpg,ALGAL_LEAF_SPOT,89,val
DLD_FinalDataset_224_spit/test/ALGAL_LEAF_SPOT/to_label_455.jpg,ALGAL_LEAF_SPOT,90,train
DLD_FinalDataset_224_spit/test/ALGAL_LEAF_SPOT/to_label_468.jpg,ALGAL_LEAF_SPOT,91,test
DLD_FinalDataset_224_spit/test/ALGAL_LEAF_SPOT/to_label_47.jpg,ALGAL_LEAF_SPOT,92,train
DLD_FinalDataset_224_spit/test/ALGAL_LEAF_SPOT/to_label_48.jpg,ALGAL_LEAF_SPOT,93,test
DLD_FinalDataset_224_spit/test/ALGAL_LEAF_SPOT/to_label_483.jpg,ALGAL_LEAF_SPOT,94,test
DLD_FinalDataset_224_spit/test/ALGAL_LEAF_SPOT/to_label_485.jpg,ALGAL_LEAF_SPOT,95,train
DLD_FinalDataset_224_spit/test/ALGAL_LEAF_SPOT/to_label_49.jpg,ALGAL_LEAF_SPOT,96,train
DLD_FinalDataset_224_spit/test/ALGAL_LEAF_SPOT/to_label_492.jpg,ALGAL_LEAF_SPOT,97,test
DLD_FinalDataset_224_spit/test/ALGAL_LEAF_SPOT/to_label_502.jpg,ALGAL_LEAF_SPOT,98,train
DLD_FinalDataset_224_spit/test/ALGAL_LEAF_SPOT/to_label_505.jpg,ALGAL_LEAF_SPOT,99,val
DLD_FinalDataset_224_spit/test/ALGAL_LEAF_SPOT/to_label_507.jpg,ALGAL_LEAF_SPOT,100,test
DLD_FinalDataset_224_spit/test/ALGAL_LEAF_SPOT/to_label_536.jpg,ALGAL_LEAF_SPOT,101,train
DLD_FinalDataset_224_spit/test/ALGAL_LEAF_SPOT/to_label_538.jpg,ALGAL_LEAF_SPOT,102,train
DLD_FinalDataset_224_spit/test/ALGAL_LEAF_SPOT/to_label_550.jpg,ALGAL_LEAF_SPOT,103,train
DLD_FinalDataset_224_spit/test/ALGAL_LEAF_SPOT/to_label_556.jpg,ALGAL_LEAF_SPOT,104,train
DLD_FinalDataset_224_spit/test/ALGAL_LEAF_SPOT/to_label_560.jpg,ALGAL_LEAF_SPOT,105,train
DLD_FinalDataset_224_spit/test/ALGAL_LEAF_SPOT/to_label_566.jpg,ALGAL_LEAF_SPOT,106,train
DLD_FinalDataset_224_spit/test/ALGAL_LEAF_SPOT/to_label_572.jpg,ALGAL_LEAF_SPOT,107,train
DLD_FinalDataset_224_spit/test/ALGAL_LEAF_SPOT/to_label_576.jpg,ALGAL_LEAF_SPOT,108,train
DLD_FinalDataset_224_spit/test/ALGAL_LEAF_SPOT/to_label_578.jpg,ALGAL_LEAF_SPOT,109,train
DLD_FinalDataset_224_spit/test/ALGAL_LEAF_SPOT/to_label_588.jpg,ALGAL_LEAF_SPOT,110,val
DLD_FinalDataset_224_spit/test/ALGAL_LEAF_SPOT/to_label_589.jpg,ALGAL_LEAF_SPOT,111,train
DLD_FinalDataset_224_spit/test/ALGAL_LEAF_SPOT/to_label_59.jpg,ALGAL_LEAF_SPOT,112,train
DLD_FinalDataset_224_spit/test/ALGAL_LEAF_SPOT/to_label_590.jpg,ALGAL_LEAF_SPOT,113,train
DLD_FinalDataset_224_spit/test/ALGAL_LEAF_SPOT/to_label_596.jpg,ALGAL_LEAF_SPOT,114,train
DLD_FinalDataset_224_spit/test/ALGAL_LEAF_SPOT/to_label_597.jpg,ALGAL_LEAF_SPOT,115,val
DLD_FinalDataset_224_spit/test/ALGAL_LEAF_SPOT/to_label_61.jpg,ALGAL_LEAF_SPOT,116,train
DLD_FinalDataset_224_spit/test/ALGAL_LEAF_SPOT/to_label_610.jpg,ALGAL_LEAF_SPOT,117,val
DLD_FinalDataset_224_spit/test/ALGAL_LEAF_SPOT/to_label_613.jpg,ALGAL_LEAF_SPOT,118,train
DLD_FinalDataset_224_spit/test/ALGAL_LEAF_SPOT/to_label_623.jpg,ALGAL_LEAF_SPOT,119,train
DLD_FinalDataset_224_spit/test/ALGAL_LEAF_SPOT/to_label_628.jpg,ALGAL_LEAF_SPOT,120,train
DLD_FinalDataset_224_spit/test/ALGAL_LEAF_SPOT/to_label_629.jpg,ALGAL_LEAF_SPOT,121,train
DLD_FinalDataset_224_spit/test/ALGAL_LEAF_SPOT/to_label_636.jpg,ALGAL_LEAF_SPOT,122,test
DLD_FinalDataset_224_spit/test/ALGAL_LEAF_SPOT/to_label_637.jpg,ALGAL_LEAF_SPOT,123,train
DLD_FinalDataset_224_spit/test/ALGAL_LEAF_SPOT/to_label_642.jpg,ALGAL_LEAF_SPOT,124,val
DLD_FinalDataset_224_spit/test/ALGAL_LEAF_SPOT/to_label_647.jpg,ALGAL_LEAF_SPOT,125,test
DLD_FinalDataset_224_spit/test/ALGAL_LEAF_SPOT/to_label_663.jpg,ALGAL_LEAF_SPOT,126,train
DLD_FinalDataset_224_spit/test/ALGAL_LEAF_SPOT/to_label_665.jpg,ALGAL_LEAF_SPOT,127,train
DLD_FinalDataset_224_spit/test/ALGAL_LEAF_SPOT/to_label_668.jpg,ALGAL_LEAF_SPOT,128,train
DLD_FinalDataset_224_spit/test/ALGAL_LEAF_SPOT/to_label_676.jpg,ALGAL_LEAF_SPOT,129,train
DLD_FinalDataset_224_spit/test/ALGAL_LEAF_SPOT/to_label_680.jpg,ALGAL_LEAF_SPOT,130,train
DLD_FinalDataset_224_spit/test/ALGAL_LEAF_SPOT/to_label_687.jpg,ALGAL_LEAF_SPOT,131,test
DLD_FinalDataset_224_spit/test/ALGAL_LEAF_SPOT/to_label_690.jpg,ALGAL_LEAF_SPOT,132,train
DLD_FinalDataset_224_spit/test/ALGAL_LEAF_SPOT/to_label_7.jpg,ALGAL_LEAF_SPOT,133,train
DLD_FinalDataset_224_spit/test/ALGAL_LEAF_SPOT/to_label_70.jpg,ALGAL_LEAF_SPOT,134,train
DLD_FinalDataset_224_spit/test/ALGAL_LEAF_SPOT/to_label_701.jpg,ALGAL_LEAF_SPOT,135,train
DLD_FinalDataset_224_spit/test/ALGAL_LEAF_SPOT/to_label_716.jpg,ALGAL_LEAF_SPOT,136,train
DLD_FinalDataset_224_spit/test/ALGAL_LEAF_SPOT/to_label_721.jpg,ALGAL_LEAF_SPOT,137,train
DLD_FinalDataset_224_spit/test/ALGAL_LEAF_SPOT/to_label_722.jpg,ALGAL_LEAF_SPOT,138,val
DLD_FinalDataset_224_spit/test/ALGAL_LEAF_SPOT/to_label_726.jpg,ALGAL_LEAF_SPOT,139,val
DLD_FinalDataset_224_spit/test/ALGAL_LEAF_SPOT/to_label_74.jpg,ALGAL_LEAF_SPOT,140,train
DLD_FinalDataset_224_spit/test/ALGAL_LEAF_SPOT/to_label_79.jpg,ALGAL_LEAF_SPOT,141,train
DLD_FinalDataset_224_spit/test/ALGAL_LEAF_SPOT/to_label_82.jpg,ALGAL_LEAF_SPOT,142,train
DLD_FinalDataset_224_spit/test/ALGAL_LEAF_SPOT/to_label_87.jpg,ALGAL_LEAF_SPOT,143,train
DLD_FinalDataset_224_spit/test/ALGAL_LEAF_SPOT/to_label_90.jpg,ALGAL_LEAF_SPOT,144,train
DLD_FinalDataset_224_spit/test/ALGAL_LEAF_SPOT/to_label_94.jpg,ALGAL_LEAF_SPOT,145,test
DLD_FinalDataset_224_spit/test/ALGAL_LEAF_SPOT/to_label_96.jpg,ALGAL_LEAF_SPOT,146,train
DLD_FinalDataset_224_spit/test/ALLOCARIDARA_ATTACK/to_label_1007.jpg,ALLOCARIDARA_ATTACK,147,test
DLD_FinalDataset_224_spit/test/ALLOCARIDARA_ATTACK/to_label_1010.jpg,ALLOCARIDARA_ATTACK,148,train
DLD_FinalDataset_224_spit/test/ALLOCARIDARA_ATTACK/to_label_1026.jpg,ALLOCARIDARA_ATTACK,149,val
DLD_FinalDataset_224_spit/test/ALLOCARIDARA_ATTACK/to_label_1031.jpg,ALLOCARIDARA_ATTACK,150,test
DLD_FinalDataset_224_spit/test/ALLOCARIDARA_ATTACK/to_label_1032.jpg,ALLOCARIDARA_ATTACK,151,train
DLD_FinalDataset_224_spit/test/ALLOCARIDARA_ATTACK/to_label_1040.jpg,ALLOCARIDARA_ATTACK,152,train
DLD_FinalDataset_224_spit/test/ALLOCARIDARA_ATTACK/to_label_1046.jpg,ALLOCARIDARA_ATTACK,153,train
DLD_FinalDataset_224_spit/test/ALLOCARIDARA_ATTACK/to_label_1063.jpg,ALLOCARIDARA_ATTACK,154,train
DLD_FinalDataset_224_spit/test/ALLOCARIDARA_ATTACK/to_label_1064.jpg,ALLOCARIDARA_ATTACK,155,val
DLD_FinalDataset_224_spit/test/ALLOCARIDARA_ATTACK/to_label_1068.jpg,ALLOCARIDARA_ATTACK,156,train
DLD_FinalDataset_224_spit/test/ALLOCARIDARA_ATTACK/to_label_1074.jpg,ALLOCARIDARA_ATTACK,157,test
DLD_FinalDataset_224_spit/test/ALLOCARIDARA_ATTACK/to_label_1075.jpg,ALLOCARIDARA_ATTACK,158,test
DLD_FinalDataset_224_spit/test/ALLOCARIDARA_ATTACK/to_label_1076.jpg,ALLOCARIDARA_ATTACK,159,train
DLD_FinalDataset_224_spit/test/ALLOCARIDARA_ATTACK/to_label_1079.jpg,ALLOCARIDARA_ATTACK,160,train
DLD_FinalDataset_224_spit/test/ALLOCARIDARA_ATTACK/to_label_1081.jpg,ALLOCARIDARA_ATTACK,161,train
DLD_FinalDataset_224_spit/test/ALLOCARIDARA_ATTACK/to_label_1088.jpg,ALLOCARIDARA_ATTACK,162,val
DLD_FinalDataset_224_spit/test/ALLOCARIDARA_ATTACK/to_label_1093.jpg,ALLOCARIDARA_ATTACK,163,train
DLD_FinalDataset_224_spit/test/ALLOCARIDARA_ATTACK/to_label_1095.jpg,ALLOCARIDARA_ATTACK,164,val
DLD_FinalDataset_224_spit/test/ALLOCARIDARA_ATTACK/to_label_1106.jpg,ALLOCARIDARA_ATTACK,165,train
DLD_FinalDataset_224_spit/test/ALLOCARIDARA_ATTACK/to_label_1110.jpg,ALLOCARIDARA_ATTACK,166,train
DLD_FinalDataset_224_spit/test/ALLOCARIDARA_ATTACK/to_label_1118.jpg,ALLOCARIDARA_ATTACK,167,train
DLD_FinalDataset_224_spit/test/ALLOCARIDARA_ATTACK/to_label_1127.jpg,ALLOCARIDARA_ATTACK,168,test
DLD_FinalDataset_224_spit/test/ALLOCARIDARA_ATTACK/to_label_1146.jpg,ALLOCARIDARA_ATTACK,169,train
DLD_FinalDataset_224_spit/test/ALLOCARIDARA_ATTACK/to_label_1147.jpg,ALLOCARIDARA_ATTACK,170,train
DLD_FinalDataset_224_spit/test/ALLOCARIDARA_ATTACK/to_label_1149.jpg,ALLOCARIDARA_ATTACK,171,train
DLD_FinalDataset_224_spit/test/ALLOCARIDARA_ATTACK/to_label_1151.jpg,ALLOCARIDARA_ATTACK,172,train
DLD_FinalDataset_224_spit/test/ALLOCARIDARA_ATTACK/to_label_1158.jpg,ALLOCARIDARA_ATTACK,173,train
DLD_FinalDataset_224_spit/test/ALLOCARIDARA_ATTACK/to_label_1165.jpg,ALLOCARIDARA_ATTACK,174,train
DLD_FinalDataset_224_spit/test/ALLOCARIDARA_ATTACK/to_label_1175.jpg,ALLOCARIDARA_ATTACK,175,train
DLD_FinalDataset_224_spit/test/ALLOCARIDARA_ATTACK/to_label_1202.jpg,ALLOCARIDARA_ATTACK,176,test
DLD_FinalDataset_224_spit/test/ALLOCARIDARA_ATTACK/to_label_1206.jpg,ALLOCARIDARA_ATTACK,177,train
DLD_FinalDataset_224_spit/test/ALLOCARIDARA_ATTACK/to_label_1208.jpg,ALLOCARIDARA_ATTACK,178,train
DLD_FinalDataset_224_spit/test/ALLOCARIDARA_ATTACK/to_label_1209.jpg,ALLOCARIDARA_ATTACK,179,test
DLD_FinalDataset_224_spit/test/ALLOCARIDARA_ATTACK/to_label_1214.jpg,ALLOCARIDARA_ATTACK,180,val
DLD_FinalDataset_224_spit/test/ALLOCARIDARA_ATTACK/to_label_1218.jpg,ALLOCARIDARA_ATTACK,181,train
DLD_FinalDataset_224_spit/test/ALLOCARIDARA_ATTACK/to_label_1219.jpg,ALLOCARIDARA_ATTACK,182,train
DLD_FinalDataset_224_spit/test/ALLOCARIDARA_ATTACK/to_label_1220.jpg,ALLOCARIDARA_ATTACK,183,train
DLD_FinalDataset_224_spit/test/ALLOCARIDARA_ATTACK/to_label_1221.jpg,ALLOCARIDARA_ATTACK,184,train
DLD_FinalDataset_224_spit/test/ALLOCARIDARA_ATTACK/to_label_1222.jpg,ALLOCARIDARA_ATTACK,185,train
DLD_FinalDataset_224_spit/test/ALLOCARIDARA_ATTACK/to_label_1223.jpg,ALLOCARIDARA_ATTACK,186,train
DLD_FinalDataset_224_spit/test/ALLOCARIDARA_ATTACK/to_label_1225.jpg,ALLOCARIDARA_ATTACK,187,train
DLD_FinalDataset_224_spit/test/ALLOCARIDARA_ATTACK/to_label_1228.jpg,ALLOCARIDARA_ATTACK,188,val
DLD_FinalDataset_224_spit/test/ALLOCARIDARA_ATTACK/to_label_1245.jpg,ALLOCARIDARA_ATTACK,189,train
DLD_FinalDataset_224_spit/test/ALLOCARIDARA_ATTACK/to_label_1249.jpg,ALLOCARIDARA_ATTACK,190,train
DLD_FinalDataset_224_spit/test/ALLOCARIDARA_ATTACK/to_label_1254.jpg,ALLOCARIDARA_ATTACK,191,train
DLD_FinalDataset_224_spit/test/ALLOCARIDARA_ATTACK/to_label_1261.jpg,ALLOCARIDARA_ATTACK,192,val
DLD_FinalDataset_224_spit/test/ALLOCARIDARA_ATTACK/to_label_1265.jpg,ALLOCARIDARA_ATTACK,193,test
DLD_FinalDataset_224_spit/test/ALLOCARIDARA_ATTACK/to_label_1271.jpg,ALLOCARIDARA_ATTACK,194,train
DLD_FinalDataset_224_spit/test/ALLOCARIDARA_ATTACK/to_label_1276.jpg,ALLOCARIDARA_ATTACK,195,train
DLD_FinalDataset_224_spit/test/ALLOCARIDARA_ATTACK/to_label_1292.jpg,ALLOCARIDARA_ATTACK,196,val
DLD_FinalDataset_224_spit/test/ALLOCARIDARA_ATTACK/to_label_1297.jpg,ALLOCARIDARA_ATTACK,197,train
DLD_FinalDataset_224_spit/test/ALLOCARIDARA_ATTACK/to_label_1301.jpg,ALLOCARIDARA_ATTACK,198,train
DLD_FinalDataset_224_spit/test/ALLOCARIDARA_ATTACK/to_label_1305.jpg,ALLOCARIDARA_ATTACK,199,train
DLD_FinalDataset_224_spit/test/ALLOCARIDARA_ATTACK/to_label_1309.jpg,ALLOCARIDARA_ATTACK,200,train
DLD_FinalDataset_224_spit/test/ALLOCARIDARA_ATTACK/to_label_1310.jpg,ALLOCARIDARA_ATTACK,201,train
DLD_FinalDataset_224_spit/test/ALLOCARIDARA_ATTACK/to_label_1317.jpg,ALLOCARIDARA_ATTACK,202,test
DLD_FinalDataset_224_spit/test/ALLOCARIDARA_ATTACK/to_label_1320.jpg,ALLOCARIDARA_ATTACK,203,test
DLD_FinalDataset_224_spit/test/ALLOCARIDARA_ATTACK/to_label_1323.jpg,ALLOCARIDARA_ATTACK,204,train
DLD_FinalDataset_224_spit/test/ALLOCARIDARA_ATTACK/to_label_1332.jpg,ALLOCARIDARA_ATTACK,205,train
DLD_FinalDataset_224_spit/test/ALLOCARIDARA_ATTACK/to_label_1334.jpg,ALLOCARIDARA_ATTACK,206,train
DLD_FinalDataset_224_spit/test/ALLOCARIDARA_ATTACK/to_label_1338.jpg,ALLOCARIDARA_ATTACK,207,train
DLD_FinalDataset_224_spit/test/ALLOCARIDARA_ATTACK/to_label_1343.jpg,ALLOCARIDARA_ATTACK,208,test
DLD_FinalDataset_224_spit/test/ALLOCARIDARA_ATTACK/to_label_1344.jpg,ALLOCARIDARA_ATTACK,209,test
DLD_FinalDataset_224_spit/test/ALLOCARIDARA_ATTACK/to_label_1353.jpg,ALLOCARIDARA_ATTACK,210,train
DLD_FinalDataset_224_spit/test/ALLOCARIDARA_ATTACK/to_label_1361.jpg,ALLOCARIDARA_ATTACK,211,train
DLD_FinalDataset_224_spit/test/ALLOCARIDARA_ATTACK/to_label_1366.jpg,ALLOCARIDARA_ATTACK,212,train
DLD_FinalDataset_224_spit/test/ALLOCARIDARA_ATTACK/to_label_1372.jpg,ALLOCARIDARA_ATTACK,213,train
DLD_FinalDataset_224_spit/test/ALLOCARIDARA_ATTACK/to_label_1373.jpg,ALLOCARIDARA_ATTACK,214,train
DLD_FinalDataset_224_spit/test/ALLOCARIDARA_ATTACK/to_label_1379.jpg,ALLOCARIDARA_ATTACK,215,train
DLD_FinalDataset_224_spit/test/ALLOCARIDARA_ATTACK/to_label_1380.jpg,ALLOCARIDARA_ATTACK,216,train
DLD_FinalDataset_224_spit/test/ALLOCARIDARA_ATTACK/to_label_1382.jpg,ALLOCARIDARA_ATTACK,217,test
DLD_FinalDataset_224_spit/test/ALLOCARIDARA_ATTACK/to_label_1387.jpg,ALLOCARIDARA_ATTACK,218,train
DLD_FinalDataset_224_spit/test/ALLOCARIDARA_ATTACK/to_label_1389.jpg,ALLOCARIDARA_ATTACK,219,train
DLD_FinalDataset_224_spit/test/ALLOCARIDARA_ATTACK/to_label_1392.jpg,ALLOCARIDARA_ATTACK,220,train
DLD_FinalDataset_224_spit/test/ALLOCARIDARA_ATTACK/to_label_1403.jpg,ALLOCARIDARA_ATTACK,221,val
DLD_FinalDataset_224_spit/test/ALLOCARIDARA_ATTACK/to_label_1407.jpg,ALLOCARIDARA_ATTACK,222,train
DLD_FinalDataset_224_spit/test/ALLOCARIDARA_ATTACK/to_label_1411.jpg,ALLOCARIDARA_ATTACK,223,val
DLD_FinalDataset_224_spit/test/ALLOCARIDARA_ATTACK/to_label_1421.jpg,ALLOCARIDARA_ATTACK,224,train
DLD_FinalDataset_224_spit/test/ALLOCARIDARA_ATTACK/to_label_1422.jpg,ALLOCARIDARA_ATTACK,225,test
DLD_FinalDataset_224_spit/test/ALLOCARIDARA_ATTACK/to_label_1424.jpg,ALLOCARIDARA_ATTACK,226,train
DLD_FinalDataset_224_spit/test/ALLOCARIDARA_ATTACK/to_label_1425.jpg,ALLOCARIDARA_ATTACK,227,train
DLD_FinalDataset_224_spit/test/ALLOCARIDARA_ATTACK/to_label_1429.jpg,ALLOCARIDARA_ATTACK,228,test
DLD_FinalDataset_224_spit/test/ALLOCARIDARA_ATTACK/to_label_1430.jpg,ALLOCARIDARA_ATTACK,229,train
DLD_FinalDataset_224_spit/test/ALLOCARIDARA_ATTACK/to_label_1433.jpg,ALLOCARIDARA_ATTACK,230,test
DLD_FinalDataset_224_spit/test/ALLOCARIDARA_ATTACK/to_label_1437.jpg,ALLOCARIDARA_ATTACK,231,train
DLD_FinalDataset_224_spit/test/ALLOCARIDARA_ATTACK/to_label_1438.jpg,ALLOCARIDARA_ATTACK,232,train
DLD_FinalDataset_224_spit/test/ALLOCARIDARA_ATTACK/to_label_1442.jpg,ALLOCARIDARA_ATTACK,233,train
DLD_FinalDataset_224_spit/test/ALLOCARIDARA_ATTACK/to_label_1453.jpg,ALLOCARIDARA_ATTACK,234,train
DLD_FinalDataset_224_spit/test/ALLOCARIDARA_ATTACK/to_label_1455.jpg,ALLOCARIDARA_ATTACK,235,train
DLD_FinalDataset_224_spit/test/ALLOCARIDARA_ATTACK/to_label_1480.jpg,ALLOCARIDARA_ATTACK,236,test
DLD_FinalDataset_224_spit/test/ALLOCARIDARA_ATTACK/to_label_1496.jpg,ALLOCARIDARA_ATTACK,237,train
DLD_FinalDataset_224_spit/test/ALLOCARIDARA_ATTACK/to_label_1498.jpg,ALLOCARIDARA_ATTACK,238,train
DLD_FinalDataset_224_spit/test/ALLOCARIDARA_ATTACK/to_label_1499.jpg,ALLOCARIDARA_ATTACK,239,train
DLD_FinalDataset_224_spit/test/ALLOCARIDARA_ATTACK/to_label_1509.jpg,ALLOCARIDARA_ATTACK,240,test
DLD_FinalDataset_224_spit/test/ALLOCARIDARA_ATTACK/to_label_1513.jpg,ALLOCARIDARA_ATTACK,241,train
DLD_FinalDataset_224_spit/test/ALLOCARIDARA_ATTACK/to_label_1515.jpg,ALLOCARIDARA_ATTACK,242,test
DLD_FinalDataset_224_spit/test/ALLOCARIDARA_ATTACK/to_label_1521.jpg,ALLOCARIDARA_ATTACK,243,train
DLD_FinalDataset_224_spit/test/ALLOCARIDARA_ATTACK/to_label_1526.jpg,ALLOCARIDARA_ATTACK,244,train
DLD_FinalDataset_224_spit/test/ALLOCARIDARA_ATTACK/to_label_1530.jpg,ALLOCARIDARA_ATTACK,245,train
DLD_FinalDataset_224_spit/test/ALLOCARIDARA_ATTACK/to_label_1532.jpg,ALLOCARIDARA_ATTACK,246,train
DLD_FinalDataset_224_spit/test/ALLOCARIDARA_ATTACK/to_label_1535.jpg,ALLOCARIDARA_ATTACK,247,train
DLD_FinalDataset_224_spit/test/ALLOCARIDARA_ATTACK/to_label_1539.jpg,ALLOCARIDARA_ATTACK,248,train
DLD_FinalDataset_224_spit/test/ALLOCARIDARA_ATTACK/to_label_1541.jpg,ALLOCARIDARA_ATTACK,249,train
DLD_FinalDataset_224_spit/test/ALLOCARIDARA_ATTACK/to_label_1546.jpg,ALLOCARIDARA_ATTACK,250,train
DLD_FinalDataset_224_spit/test/ALLOCARIDARA_ATTACK/to_label_1549.jpg,ALLOCARIDARA_ATTACK,251,train
DLD_FinalDataset_224_spit/test/ALLOCARIDARA_ATTACK/to_label_1556.jpg,ALLOCARIDARA_ATTACK,252,train
DLD_FinalDataset_224_spit/test/ALLOCARIDARA_ATTACK/to_label_1562.jpg,ALLOCARIDARA_ATTACK,253,train
DLD_FinalDataset_224_spit/test/ALLOCARIDARA_ATTACK/to_label_1563.jpg,ALLOCARIDARA_ATTACK,254,train
DLD_FinalDataset_224_spit/test/ALLOCARIDARA_ATTACK/to_label_1566.jpg,ALLOCARIDARA_ATTACK,255,train
DLD_FinalDataset_224_spit/test/ALLOCARIDARA_ATTACK/to_label_1568.jpg,ALLOCARIDARA_ATTACK,256,train
DLD_FinalDataset_224_spit/test/ALLOCARIDARA_ATTACK/to_label_1573.jpg,ALLOCARIDARA_ATTACK,257,train
DLD_FinalDataset_224_spit/test/ALLOCARIDARA_ATTACK/to_label_1589.jpg,ALLOCARIDARA_ATTACK,258,train
DLD_FinalDataset_224_spit/test/ALLOCARIDARA_ATTACK/to_label_1592.jpg,ALLOCARIDARA_ATTACK,259,train
DLD_FinalDataset_224_spit/test/ALLOCARIDARA_ATTACK/to_label_1595.jpg,ALLOCARIDARA_ATTACK,260,train
DLD_FinalDataset_224_spit/test/ALLOCARIDARA_ATTACK/to_label_1596.jpg,ALLOCARIDARA_ATTACK,261,train
DLD_FinalDataset_224_spit/test/ALLOCARIDARA_ATTACK/to_label_1603.jpg,ALLOCARIDARA_ATTACK,262,val
DLD_FinalDataset_224_spit/test/ALLOCARIDARA_ATTACK/to_label_1604.jpg,ALLOCARIDARA_ATTACK,263,train
DLD_FinalDataset_224_spit/test/ALLOCARIDARA_ATTACK/to_label_1608.jpg,ALLOCARIDARA_ATTACK,264,train
DLD_FinalDataset_224_spit/test/ALLOCARIDARA_ATTACK/to_label_1610.jpg,ALLOCARIDARA_ATTACK,265,train
DLD_FinalDataset_224_spit/test/ALLOCARIDARA_ATTACK/to_label_1611.jpg,ALLOCARIDARA_ATTACK,266,train
DLD_FinalDataset_224_spit/test/ALLOCARIDARA_ATTACK/to_label_1612.jpg,ALLOCARIDARA_ATTACK,267,train
DLD_FinalDataset_224_spit/test/ALLOCARIDARA_ATTACK/to_label_1619.jpg,ALLOCARIDARA_ATTACK,268,test
DLD_FinalDataset_224_spit/test/ALLOCARIDARA_ATTACK/to_label_1627.jpg,ALLOCARIDARA_ATTACK,269,train
DLD_FinalDataset_224_spit/test/ALLOCARIDARA_ATTACK/to_label_1634.jpg,ALLOCARIDARA_ATTACK,270,test
DLD_FinalDataset_224_spit/test/ALLOCARIDARA_ATTACK/to_label_1643.jpg,ALLOCARIDARA_ATTACK,271,train
DLD_FinalDataset_224_spit/test/ALLOCARIDARA_ATTACK/to_label_1644.jpg,ALLOCARIDARA_ATTACK,272,train
DLD_FinalDataset_224_spit/test/ALLOCARIDARA_ATTACK/to_label_1645.jpg,ALLOCARIDARA_ATTACK,273,val
DLD_FinalDataset_224_spit/test/ALLOCARIDARA_ATTACK/to_label_1649.jpg,ALLOCARIDARA_ATTACK,274,train
DLD_FinalDataset_224_spit/test/ALLOCARIDARA_ATTACK/to_label_1652.jpg,ALLOCARIDARA_ATTACK,275,train
DLD_FinalDataset_224_spit/test/ALLOCARIDARA_ATTACK/to_label_1667.jpg,ALLOCARIDARA_ATTACK,276,test
DLD_FinalDataset_224_spit/test/ALLOCARIDARA_ATTACK/to_label_1670.jpg,ALLOCARIDARA_ATTACK,277,train
DLD_FinalDataset_224_spit/test/ALLOCARIDARA_ATTACK/to_label_1674.jpg,ALLOCARIDARA_ATTACK,278,train
DLD_FinalDataset_224_spit/test/ALLOCARIDARA_ATTACK/to_label_1679.jpg,ALLOCARIDARA_ATTACK,279,train
DLD_FinalDataset_224_spit/test/ALLOCARIDARA_ATTACK/to_label_1680.jpg,ALLOCARIDARA_ATTACK,280,test
DLD_FinalDataset_224_spit/test/ALLOCARIDARA_ATTACK/to_label_1684.jpg,ALLOCARIDARA_ATTACK,281,train
DLD_FinalDataset_224_spit/test/ALLOCARIDARA_ATTACK/to_label_1686.jpg,ALLOCARIDARA_ATTACK,282,val
DLD_FinalDataset_224_spit/test/ALLOCARIDARA_ATTACK/to_label_1687.jpg,ALLOCARIDARA_ATTACK,283,train
DLD_FinalDataset_224_spit/test/ALLOCARIDARA_ATTACK/to_label_1696.jpg,ALLOCARIDARA_ATTACK,284,train
DLD_FinalDataset_224_spit/test/ALLOCARIDARA_ATTACK/to_label_744.jpg,ALLOCARIDARA_ATTACK,285,test
DLD_FinalDataset_224_spit/test/ALLOCARIDARA_ATTACK/to_label_746.jpg,ALLOCARIDARA_ATTACK,286,train
DLD_FinalDataset_224_spit/test/ALLOCARIDARA_ATTACK/to_label_748.jpg,ALLOCARIDARA_ATTACK,287,train
DLD_FinalDataset_224_spit/test/ALLOCARIDARA_ATTACK/to_label_750.jpg,ALLOCARIDARA_ATTACK,288,test
DLD_FinalDataset_224_spit/test/ALLOCARIDARA_ATTACK/to_label_759.jpg,ALLOCARIDARA_ATTACK,289,train
DLD_FinalDataset_224_spit/test/ALLOCARIDARA_ATTACK/to_label_765.jpg,ALLOCARIDARA_ATTACK,290,val
DLD_FinalDataset_224_spit/test/ALLOCARIDARA_ATTACK/to_label_774.jpg,ALLOCARIDARA_ATTACK,291,test
DLD_FinalDataset_224_spit/test/ALLOCARIDARA_ATTACK/to_label_777.jpg,ALLOCARIDARA_ATTACK,292,train
DLD_FinalDataset_224_spit/test/ALLOCARIDARA_ATTACK/to_label_799.jpg,ALLOCARIDARA_ATTACK,293,val
DLD_FinalDataset_224_spit/test/ALLOCARIDARA_ATTACK/to_label_800.jpg,ALLOCARIDARA_ATTACK,294,train
DLD_FinalDataset_224_spit/test/ALLOCARIDARA_ATTACK/to_label_813.jpg,ALLOCARIDARA_ATTACK,295,train
DLD_FinalDataset_224_spit/test/ALLOCARIDARA_ATTACK/to_label_846.jpg,ALLOCARIDARA_ATTACK,296,val
DLD_FinalDataset_224_spit/test/ALLOCARIDARA_ATTACK/to_label_856.jpg,ALLOCARIDARA_ATTACK,297,test
DLD_FinalDataset_224_spit/test/ALLOCARIDARA_ATTACK/to_label_865.jpg,ALLOCARIDARA_ATTACK,298,train
DLD_FinalDataset_224_spit/test/ALLOCARIDARA_ATTACK/to_label_866.jpg,ALLOCARIDARA_ATTACK,299,train
DLD_FinalDataset_224_spit/test/ALLOCARIDARA_ATTACK/to_label_867.jpg,ALLOCARIDARA_ATTACK,300,train
DLD_FinalDataset_224_spit/test/ALLOCARIDARA_ATTACK/to_label_884.jpg,ALLOCARIDARA_ATTACK,301,train
DLD_FinalDataset_224_spit/test/ALLOCARIDARA_ATTACK/to_label_886.jpg,ALLOCARIDARA_ATTACK,302,train
DLD_FinalDataset_224_spit/test/ALLOCARIDARA_ATTACK/to_label_889.jpg,ALLOCARIDARA_ATTACK,303,train
DLD_FinalDataset_224_spit/test/ALLOCARIDARA_ATTACK/to_label_898.jpg,ALLOCARIDARA_ATTACK,304,train
DLD_FinalDataset_224_spit/test/ALLOCARIDARA_ATTACK/to_label_901.jpg,ALLOCARIDARA_ATTACK,305,train
DLD_FinalDataset_224_spit/test/ALLOCARIDARA_ATTACK/to_label_904.jpg,ALLOCARIDARA_ATTACK,306,test
DLD_FinalDataset_224_spit/test/ALLOCARIDARA_ATTACK/to_label_906.jpg,ALLOCARIDARA_ATTACK,307,test
DLD_FinalDataset_224_spit/test/ALLOCARIDARA_ATTACK/to_label_910.jpg,ALLOCARIDARA_ATTACK,308,test
DLD_FinalDataset_224_spit/test/ALLOCARIDARA_ATTACK/to_label_911.jpg,ALLOCARIDARA_ATTACK,309,train
DLD_FinalDataset_224_spit/test/ALLOCARIDARA_ATTACK/to_label_914.jpg,ALLOCARIDARA_ATTACK,310,val
DLD_FinalDataset_224_spit/test/ALLOCARIDARA_ATTACK/to_label_926.jpg,ALLOCARIDARA_ATTACK,311,train
DLD_FinalDataset_224_spit/test/ALLOCARIDARA_ATTACK/to_label_936.jpg,ALLOCARIDARA_ATTACK,312,train
DLD_FinalDataset_224_spit/test/ALLOCARIDARA_ATTACK/to_label_937.jpg,ALLOCARIDARA_ATTACK,313,train
DLD_FinalDataset_224_spit/test/ALLOCARIDARA_ATTACK/to_label_949.jpg,ALLOCARIDARA_ATTACK,314,train
DLD_FinalDataset_224_spit/test/ALLOCARIDARA_ATTACK/to_label_951.jpg,ALLOCARIDARA_ATTACK,315,train
DLD_FinalDataset_224_spit/test/ALLOCARIDARA_ATTACK/to_label_955.jpg,ALLOCARIDARA_ATTACK,316,test
DLD_FinalDataset_224_spit/test/ALLOCARIDARA_ATTACK/to_label_956.jpg,ALLOCARIDARA_ATTACK,317,train
DLD_FinalDataset_224_spit/test/ALLOCARIDARA_ATTACK/to_label_960.jpg,ALLOCARIDARA_ATTACK,318,train
DLD_FinalDataset_224_spit/test/ALLOCARIDARA_ATTACK/to_label_963.jpg,ALLOCARIDARA_ATTACK,319,train
DLD_FinalDataset_224_spit/test/ALLOCARIDARA_ATTACK/to_label_974.jpg,ALLOCARIDARA_ATTACK,320,test
DLD_FinalDataset_224_spit/test/ALLOCARIDARA_ATTACK/to_label_975.jpg,ALLOCARIDARA_ATTACK,321,train
DLD_FinalDataset_224_spit/test/ALLOCARIDARA_ATTACK/to_label_978.jpg,ALLOCARIDARA_ATTACK,322,val
DLD_FinalDataset_224_spit/test/ALLOCARIDARA_ATTACK/to_label_979.jpg,ALLOCARIDARA_ATTACK,323,train
DLD_FinalDataset_224_spit/test/ALLOCARIDARA_ATTACK/to_label_985.jpg,ALLOCARIDARA_ATTACK,324,train
DLD_FinalDataset_224_spit/test/ALLOCARIDARA_ATTACK/to_label_986.jpg,ALLOCARIDARA_ATTACK,325,train
DLD_FinalDataset_224_spit/test/ALLOCARIDARA_ATTACK/to_label_989.jpg,ALLOCARIDARA_ATTACK,326,train
DLD_FinalDataset_224_spit/test/ALLOCARIDARA_ATTACK/to_label_993.jpg,ALLOCARIDARA_ATTACK,327,test
DLD_FinalDataset_224_spit/test/ALLOCARIDARA_ATTACK/to_label_994.jpg,ALLOCARIDARA_ATTACK,328,test
DLD_FinalDataset_224_spit/test/ALLOCARIDARA_ATTACK/to_label_998.jpg,ALLOCARIDARA_ATTACK,329,train
DLD_FinalDataset_224_spit/test/HEALTHY_LEAF/to_label_1715.jpg,HEALTHY_LEAF,330,train
DLD_FinalDataset_224_spit/test/HEALTHY_LEAF/to_label_1717.jpg,HEALTHY_LEAF,331,train
DLD_FinalDataset_224_spit/test/HEALTHY_LEAF/to_label_1720.jpg,HEALTHY_LEAF,332,train
DLD_FinalDataset_224_spit/test/HEALTHY_LEAF/to_label_1733.jpg,HEALTHY_LEAF,333,train
DLD_FinalDataset_224_spit/test/HEALTHY_LEAF/to_label_1735.jpg,HEALTHY_LEAF,334,train
DLD_FinalDataset_224_spit/test/HEALTHY_LEAF/to_label_1739.jpg,HEALTHY_LEAF,335,test
DLD_FinalDataset_224_spit/test/HEALTHY_LEAF/to_label_1740.jpg,HEALTHY_LEAF,336,train
DLD_FinalDataset_224_spit/test/HEALTHY_LEAF/to_label_1754.jpg,HEALTHY_LEAF,337,val
DLD_FinalDataset_224_spit/test/HEALTHY_LEAF/to_label_1764.jpg,HEALTHY_LEAF,338,test
DLD_FinalDataset_224_spit/test/HEALTHY_LEAF/to_label_1769.jpg,HEALTHY_LEAF,339,train
DLD_FinalDataset_224_spit/test/HEALTHY_LEAF/to_label_1773.jpg,HEALTHY_LEAF,340,train
DLD_FinalDataset_224_spit/test/HEALTHY_LEAF/to_label_1775.jpg,HEALTHY_LEAF,341,test
DLD_FinalDataset_224_spit/test/HEALTHY_LEAF/to_label_1776.jpg,HEALTHY_LEAF,342,val
DLD_FinalDataset_224_spit/test/HEALTHY_LEAF/to_label_1777.jpg,HEALTHY_LEAF,343,train
DLD_FinalDataset_224_spit/test/HEALTHY_LEAF/to_label_1780.jpg,HEALTHY_LEAF,344,train
DLD_FinalDataset_224_spit/test/HEALTHY_LEAF/to_label_1786.jpg,HEALTHY_LEAF,345,test
DLD_FinalDataset_224_spit/test/HEALTHY_LEAF/to_label_1787.jpg,HEALTHY_LEAF,346,train
DLD_FinalDataset_224_spit/test/HEALTHY_LEAF/to_label_1788.jpg,HEALTHY_LEAF,347,train
DLD_FinalDataset_224_spit/test/HEALTHY_LEAF/to_label_1791.jpg,HEALTHY_LEAF,348,train
DLD_FinalDataset_224_spit/test/HEALTHY_LEAF/to_label_1792.jpg,HEALTHY_LEAF,349,train
DLD_FinalDataset_224_spit/test/HEALTHY_LEAF/to_label_1811.jpg,HEALTHY_LEAF,350,test
DLD_FinalDataset_224_spit/test/HEALTHY_LEAF/to_label_1817.jpg,HEALTHY_LEAF,351,val
DLD_FinalDataset_224_spit/test/HEALTHY_LEAF/to_label_1819.jpg,HEALTHY_LEAF,352,test
DLD_FinalDataset_224_spit/test/HEALTHY_LEAF/to_label_1820.jpg,HEALTHY_LEAF,353,train
DLD_FinalDataset_224_spit/test/HEALTHY_LEAF/to_label_1828.jpg,HEALTHY_LEAF,354,train
DLD_FinalDataset_224_spit/test/HEALTHY_LEAF/to_label_1846.jpg,HEALTHY_LEAF,355,test
DLD_FinalDataset_224_spit/test/HEALTHY_LEAF/to_label_1849.jpg,HEALTHY_LEAF,356,test
DLD_FinalDataset_224_spit/test/HEALTHY_LEAF/to_label_1851.jpg,HEALTHY_LEAF,357,train
DLD_FinalDataset_224_spit/test/HEALTHY_LEAF/to_label_1865.jpg,HEALTHY_LEAF,358,train
DLD_FinalDataset_224_spit/test/HEALTHY_LEAF/to_label_1868.jpg,HEALTHY_LEAF,359,test
DLD_FinalDataset_224_spit/test/HEALTHY_LEAF/to_label_1875.jpg,HEALTHY_LEAF,360,train
DLD_FinalDataset_224_spit/test/HEALTHY_LEAF/to_label_1884.jpg,HEALTHY_LEAF,361,train
DLD_FinalDataset_224_spit/test/HEALTHY_LEAF/to_label_1894.jpg,HEALTHY_LEAF,362,val
DLD_FinalDataset_224_spit/test/HEALTHY_LEAF/to_label_1906.jpg,HEALTHY_LEAF,363,train
DLD_FinalDataset_224_spit/test/HEALTHY_LEAF/to_label_1908.jpg,HEALTHY_LEAF,364,train
DLD_FinalDataset_224_spit/test/HEALTHY_LEAF/to_label_1909.jpg,HEALTHY_LEAF,365,train
DLD_FinalDataset_224_spit/test/HEALTHY_LEAF/to_label_1918.jpg,HEALTHY_LEAF,366,train
DLD_FinalDataset_224_spit/test/HEALTHY_LEAF/to_label_1919.jpg,HEALTHY_LEAF,367,train
DLD_FinalDataset_224_spit/test/HEALTHY_LEAF/to_label_1920.jpg,HEALTHY_LEAF,368,train
DLD_FinalDataset_224_spit/test/HEALTHY_LEAF/to_label_1928.jpg,HEALTHY_LEAF,369,val
DLD_FinalDataset_224_spit/test/HEALTHY_LEAF/to_label_1937.jpg,HEALTHY_LEAF,370,val
DLD_FinalDataset_224_spit/test/HEALTHY_LEAF/to_label_1945.jpg,HEALTHY_LEAF,371,train
DLD_FinalDataset_224_spit/test/HEALTHY_LEAF/to_label_1947.jpg,HEALTHY_LEAF,372,train
DLD_FinalDataset_224_spit/test/HEALTHY_LEAF/to_label_1949.jpg,HEALTHY_LEAF,373,test
DLD_FinalDataset_224_spit/test/HEALTHY_LEAF/to_label_1954.jpg,HEALTHY_LEAF,374,train
DLD_FinalDataset_224_spit/test/HEALTHY_LEAF/to_label_1969.jpg,HEALTHY_LEAF,375,train
DLD_FinalDataset_224_spit/test/HEALTHY_LEAF/to_label_1975.jpg,HEALTHY_LEAF,376,test
DLD_FinalDataset_224_spit/test/HEALTHY_LEAF/to_label_1976.jpg,HEALTHY_LEAF,377,train
DLD_FinalDataset_224_spit/test/HEALTHY_LEAF/to_label_1985.jpg,HEALTHY_LEAF,378,test
DLD_FinalDataset_224_spit/test/HEALTHY_LEAF/to_label_1987.jpg,HEALTHY_LEAF,379,train
DLD_FinalDataset_224_spit/test/HEALTHY_LEAF/to_label_1990.jpg,HEALTHY_LEAF,380,train
DLD_FinalDataset_224_spit/test/HEALTHY_LEAF/to_label_1991.jpg,HEALTHY_LEAF,381,train
DLD_FinalDataset_224_spit/test/HEALTHY_LEAF/to_label_1996.jpg,HEALTHY_LEAF,382,train
DLD_FinalDataset_224_spit/test/HEALTHY_LEAF/to_label_2000.jpg,HEALTHY_LEAF,383,val
DLD_FinalDataset_224_spit/test/HEALTHY_LEAF/to_label_2002.jpg,HEALTHY_LEAF,384,train
DLD_FinalDataset_224_spit/test/HEALTHY_LEAF/to_label_2004.jpg,HEALTHY_LEAF,385,train
DLD_FinalDataset_224_spit/test/HEALTHY_LEAF/to_label_2006.jpg,HEALTHY_LEAF,386,val
DLD_FinalDataset_224_spit/test/HEALTHY_LEAF/to_label_2008.jpg,HEALTHY_LEAF,387,test
DLD_FinalDataset_224_spit/test/HEALTHY_LEAF/to_label_2020.jpg,HEALTHY_LEAF,388,test
DLD_FinalDataset_224_spit/test/HEALTHY_LEAF/to_label_2022.jpg,HEALTHY_LEAF,389,train
DLD_FinalDataset_224_spit/test/HEALTHY_LEAF/to_label_2024.jpg,HEALTHY_LEAF,390,val
DLD_FinalDataset_224_spit/test/HEALTHY_LEAF/to_label_2026.jpg,HEALTHY_LEAF,391,train
DLD_FinalDataset_224_spit/test/HEALTHY_LEAF/to_label_2028.jpg,HEALTHY_LEAF,392,train
DLD_FinalDataset_224_spit/test/HEALTHY_LEAF/to_label_2031.jpg,HEALTHY_LEAF,393,train
DLD_FinalDataset_224_spit/test/HEALTHY_LEAF/to_label_2038.jpg,HEALTHY_LEAF,394,train
DLD_FinalDataset_224_spit/test/HEALTHY_LEAF/to_label_2044.jpg,HEALTHY_LEAF,395,train
DLD_FinalDataset_224_spit/test/HEALTHY_LEAF/to_label_2052.jpg,HEALTHY_LEAF,396,train
DLD_FinalDataset_224_spit/test/HEALTHY_LEAF/to_label_2061.jpg,HEALTHY_LEAF,397,train
DLD_FinalDataset_224_spit/test/HEALTHY_LEAF/to_label_2065.jpg,HEALTHY_LEAF,398,train
DLD_FinalDataset_224_spit/test/HEALTHY_LEAF/to_label_2067.jpg,HEALTHY_LEAF,399,train
DLD_FinalDataset_224_spit/test/HEALTHY_LEAF/to_label_2071.jpg,HEALTHY_LEAF,400,train
DLD_FinalDataset_224_spit/test/HEALTHY_LEAF/to_label_2080.jpg,HEALTHY_LEAF,401,test
DLD_FinalDataset_224_spit/test/HEALTHY_LEAF/to_label_2081.jpg,HEALTHY_LEAF,402,train
DLD_FinalDataset_224_spit/test/HEALTHY_LEAF/to_label_2087.jpg,HEALTHY_LEAF,403,train
DLD_FinalDataset_224_spit/test/HEALTHY_LEAF/to_label_2114.jpg,HEALTHY_LEAF,404,train
DLD_FinalDataset_224_spit/test/HEALTHY_LEAF/to_label_2118.jpg,HEALTHY_LEAF,405,test
DLD_FinalDataset_224_spit/test/HEALTHY_LEAF/to_label_2135.jpg,HEALTHY_LEAF,406,val
DLD_FinalDataset_224_spit/test/HEALTHY_LEAF/to_label_2139.jpg,HEALTHY_LEAF,407,train
DLD_FinalDataset_224_spit/test/HEALTHY_LEAF/to_label_2142.jpg,HEALTHY_LEAF,408,train
DLD_FinalDataset_224_spit/test/HEALTHY_LEAF/to_label_2143.jpg,HEALTHY_LEAF,409,train
DLD_FinalDataset_224_spit/test/HEALTHY_LEAF/to_label_2146.jpg,HEALTHY_LEAF,410,train
DLD_FinalDataset_224_spit/test/HEALTHY_LEAF/to_label_2149.jpg,HEALTHY_LEAF,411,val
DLD_FinalDataset_224_spit/test/HEALTHY_LEAF/to_label_2155.jpg,HEALTHY_LEAF,412,train
DLD_FinalDataset_224_spit/test/HEALTHY_LEAF/to_label_2157.jpg,HEALTHY_LEAF,413,train
DLD_FinalDataset_224_spit/test/HEALTHY_LEAF/to_label_2159.jpg,HEALTHY_LEAF,414,val
DLD_FinalDataset_224_spit/test/HEALTHY_LEAF/to_label_2163.jpg,HEALTHY_LEAF,415,train
DLD_FinalDataset_224_spit/test/HEALTHY_LEAF/to_label_2177.jpg,HEALTHY_LEAF,416,train
DLD_FinalDataset_224_spit/test/HEALTHY_LEAF/to_label_2188.jpg,HEALTHY_LEAF,417,train
DLD_FinalDataset_224_spit/test/HEALTHY_LEAF/to_label_2191.jpg,HEALTHY_LEAF,418,train
DLD_FinalDataset_224_spit/test/HEALTHY_LEAF/to_label_2192.jpg,HEALTHY_LEAF,419,train
DLD_FinalDataset_224_spit/test/HEALTHY_LEAF/to_label_2203.jpg,HEALTHY_LEAF,420,train
DLD_FinalDataset_224_spit/test/HEALTHY_LEAF/to_label_2210.jpg,HEALTHY_LEAF,421,train
DLD_FinalDataset_224_spit/test/HEALTHY_LEAF/to_label_2216.jpg,HEALTHY_LEAF,422,test
DLD_FinalDataset_224_spit/test/HEALTHY_LEAF/to_label_2217.jpg,HEALTHY_LEAF,423,test
DLD_FinalDataset_224_spit/test/HEALTHY_LEAF/to_label_2223.jpg,HEALTHY_LEAF,424,test
DLD_FinalDataset_224_spit/test/HEALTHY_LEAF/to_label_2224.jpg,HEALTHY_LEAF,425,train
DLD_FinalDataset_224_spit/test/HEALTHY_LEAF/to_label_2231.jpg,HEALTHY_LEAF,426,train
DLD_FinalDataset_224_spit/test/HEALTHY_LEAF/to_label_2232.jpg,HEALTHY_LEAF,427,train
DLD_FinalDataset_224_spit/test/HEALTHY_LEAF/to_label_2233.jpg,HEALTHY_LEAF,428,train
DLD_FinalDataset_224_spit/test/HEALTHY_LEAF/to_label_2237.jpg,HEALTHY_LEAF,429,train
DLD_FinalDataset_224_spit/test/HEALTHY_LEAF/to_label_2238.jpg,HEALTHY_LEAF,430,train
DLD_FinalDataset_224_spit/test/HEALTHY_LEAF/to_label_2239.jpg,HEALTHY_LEAF,431,train
DLD_FinalDataset_224_spit/test/HEALTHY_LEAF/to_label_2240.jpg,HEALTHY_LEAF,432,train
DLD_FinalDataset_224_spit/test/HEALTHY_LEAF/to_label_2241.jpg,HEALTHY_LEAF,433,train
DLD_FinalDataset_224_spit/test/HEALTHY_LEAF/to_label_2252.jpg,HEALTHY_LEAF,434,train
DLD_FinalDataset_224_spit/test/HEALTHY_LEAF/to_label_2253.jpg,HEALTHY_LEAF,435,train
DLD_FinalDataset_224_spit/test/HEALTHY_LEAF/to_label_2254.jpg,HEALTHY_LEAF,436,train
DLD_FinalDataset_224_spit/test/HEALTHY_LEAF/to_label_2262.jpg,HEALTHY_LEAF,437,train
DLD_FinalDataset_224_spit/test/HEALTHY_LEAF/to_label_2264.jpg,HEALTHY_LEAF,438,train
DLD_FinalDataset_224_spit/test/HEALTHY_LEAF/to_label_2267.jpg,HEALTHY_LEAF,439,train
DLD_FinalDataset_224_spit/test/HEALTHY_LEAF/to_label_2268.jpg,HEALTHY_LEAF,440,train
DLD_FinalDataset_224_spit/test/HEALTHY_LEAF/to_label_2280.jpg,HEALTHY_LEAF,441,train
DLD_FinalDataset_224_spit/test/HEALTHY_LEAF/to_label_2286.jpg,HEALTHY_LEAF,442,train
DLD_FinalDataset_224_spit/test/HEALTHY_LEAF/to_label_2292.jpg,HEALTHY_LEAF,443,train
DLD_FinalDataset_224_spit/test/HEALTHY_LEAF/to_label_2297.jpg,HEALTHY_LEAF,444,train
DLD_FinalDataset_224_spit/test/HEALTHY_LEAF/to_label_2300.jpg,HEALTHY_LEAF,445,train
DLD_FinalDataset_224_spit/test/HEALTHY_LEAF/to_label_2301.jpg,HEALTHY_LEAF,446,val
DLD_FinalDataset_224_spit/test/HEALTHY_LEAF/to_label_2304.jpg,HEALTHY_LEAF,447,test
DLD_FinalDataset_224_spit/test/HEALTHY_LEAF/to_label_2308.jpg,HEALTHY_LEAF,448,test
DLD_FinalDataset_224_spit/test/HEALTHY_LEAF/to_label_2315.jpg,HEALTHY_LEAF,449,test
DLD_FinalDataset_224_spit/test/HEALTHY_LEAF/to_label_2331.jpg,HEALTHY_LEAF,450,train
DLD_FinalDataset_224_spit/test/HEALTHY_LEAF/to_label_2332.jpg,HEALTHY_LEAF,451,train
DLD_FinalDataset_224_spit/test/HEALTHY_LEAF/to_label_2335.jpg,HEALTHY_LEAF,452,train
DLD_FinalDataset_224_spit/test/HEALTHY_LEAF/to_label_2336.jpg,HEALTHY_LEAF,453,train
DLD_FinalDataset_224_spit/test/HEALTHY_LEAF/to_label_2338.jpg,HEALTHY_LEAF,454,train
DLD_FinalDataset_224_spit/test/HEALTHY_LEAF/to_label_2339.jpg,HEALTHY_LEAF,455,train
DLD_FinalDataset_224_spit/test/HEALTHY_LEAF/to_label_2340.jpg,HEALTHY_LEAF,456,train
DLD_FinalDataset_224_spit/test/HEALTHY_LEAF/to_label_2344.jpg,HEALTHY_LEAF,457,train
DLD_FinalDataset_224_spit/test/HEALTHY_LEAF/to_label_2345.jpg,HEALTHY_LEAF,458,test
DLD_FinalDataset_224_spit/test/HEALTHY_LEAF/to_label_2354.jpg,HEALTHY_LEAF,459,train
DLD_FinalDataset_224_spit/test/HEALTHY_LEAF/to_label_2359.jpg,HEALTHY_LEAF,460,train
DLD_FinalDataset_224_spit/test/HEALTHY_LEAF/to_label_2366.jpg,HEALTHY_LEAF,461,train
DLD_FinalDataset_224_spit/test/HEALTHY_LEAF/to_label_2372.jpg,HEALTHY_LEAF,462,train
DLD_FinalDataset_224_spit/test/HEALTHY_LEAF/to_label_2383.jpg,HEALTHY_LEAF,463,train
DLD_FinalDataset_224_spit/test/HEALTHY_LEAF/to_label_2389.jpg,HEALTHY_LEAF,464,test
DLD_FinalDataset_224_spit/test/HEALTHY_LEAF/to_label_2395.jpg,HEALTHY_LEAF,465,train
DLD_FinalDataset_224_spit/test/HEALTHY_LEAF/to_label_2399.jpg,HEALTHY_LEAF,466,train
DLD_FinalDataset_224_spit/test/HEALTHY_LEAF/to_label_2402.jpg,HEALTHY_LEAF,467,train
DLD_FinalDataset_224_spit/test/HEALTHY_LEAF/to_label_2415.jpg,HEALTHY_LEAF,468,train
DLD_FinalDataset_224_spit/test/HEALTHY_LEAF/to_label_2416.jpg,HEALTHY_LEAF,469,train
DLD_FinalDataset_224_spit/test/HEALTHY_LEAF/to_label_2418.jpg,HEALTHY_LEAF,470,train
DLD_FinalDataset_224_spit/test/HEALTHY_LEAF/to_label_2433.jpg,HEALTHY_LEAF,471,train
DLD_FinalDataset_224_spit/test/HEALTHY_LEAF/to_label_2449.jpg,HEALTHY_LEAF,472,train
DLD_FinalDataset_224_spit/test/HEALTHY_LEAF/to_label_2455.jpg,HEALTHY_LEAF,473,train
DLD_FinalDataset_224_spit/test/HEALTHY_LEAF/to_label_2456.jpg,HEALTHY_LEAF,474,train
DLD_FinalDataset_224_spit/test/HEALTHY_LEAF/to_label_2459.jpg,HEALTHY_LEAF,475,train
DLD_FinalDataset_224_spit/test/HEALTHY_LEAF/to_label_2461.jpg,HEALTHY_LEAF,476,train
DLD_FinalDataset_224_spit/test/HEALTHY_LEAF/to_label_2466.jpg,HEALTHY_LEAF,477,val
DLD_FinalDataset_224_spit/test/HEALTHY_LEAF/to_label_2467.jpg,HEALTHY_LEAF,478,train
DLD_FinalDataset_224_spit/test/HEALTHY_LEAF/to_label_2469.jpg,HEALTHY_LEAF,479,test
DLD_FinalDataset_224_spit/test/HEALTHY_LEAF/to_label_2488.jpg,HEALTHY_LEAF,480,test
DLD_FinalDataset_224_spit/test/HEALTHY_LEAF/to_label_2495.jpg,HEALTHY_LEAF,481,train
DLD_FinalDataset_224_spit/test/HEALTHY_LEAF/to_label_2503.jpg,HEALTHY_LEAF,482,train
DLD_FinalDataset_224_spit/test/HEALTHY_LEAF/to_label_2505.jpg,HEALTHY_LEAF,483,test
DLD_FinalDataset_224_spit/test/HEALTHY_LEAF/to_label_2507.jpg,HEALTHY_LEAF,484,test
DLD_FinalDataset_224_spit/test/HEALTHY_LEAF/to_label_2510.jpg,HEALTHY_LEAF,485,test
DLD_FinalDataset_224_spit/test/HEALTHY_LEAF/to_label_2516.jpg,HEALTHY_LEAF,486,train
DLD_FinalDataset_224_spit/test/HEALTHY_LEAF/to_label_2535.jpg,HEALTHY_LEAF,487,test
DLD_FinalDataset_224_spit/test/HEALTHY_LEAF/to_label_2545.jpg,HEALTHY_LEAF,488,train
DLD_FinalDataset_224_spit/test/HEALTHY_LEAF/to_label_2549.jpg,HEALTHY_LEAF,489,train
DLD_FinalDataset_224_spit/test/HEALTHY_LEAF/to_label_2551.jpg,HEALTHY_LEAF,490,train
DLD_FinalDataset_224_spit/test/HEALTHY_LEAF/to_label_2552.jpg,HEALTHY_LEAF,491,test
DLD_FinalDataset_224_spit/test/HEALTHY_LEAF/to_label_2556.jpg,HEALTHY_LEAF,492,train
DLD_FinalDataset_224_spit/test/HEALTHY_LEAF/to_label_2560.jpg,HEALTHY_LEAF,493,test
DLD_FinalDataset_224_spit/test/HEALTHY_LEAF/to_label_2561.jpg,HEALTHY_LEAF,494,val
DLD_FinalDataset_224_spit/test/HEALTHY_LEAF/to_label_2567.jpg,HEALTHY_LEAF,495,train
DLD_FinalDataset_224_spit/test/HEALTHY_LEAF/to_label_2579.jpg,HEALTHY_LEAF,496,test
DLD_FinalDataset_224_spit/test/HEALTHY_LEAF/to_label_2580.jpg,HEALTHY_LEAF,497,test
DLD_FinalDataset_224_spit/test/HEALTHY_LEAF/to_label_2586.jpg,HEALTHY_LEAF,498,test
DLD_FinalDataset_224_spit/test/HEALTHY_LEAF/to_label_2588.jpg,HEALTHY_LEAF,499,train
DLD_FinalDataset_224_spit/test/HEALTHY_LEAF/to_label_2591.jpg,HEALTHY_LEAF,500,train
DLD_FinalDataset_224_spit/test/HEALTHY_LEAF/to_label_2593.jpg,HEALTHY_LEAF,501,test
DLD_FinalDataset_224_spit/test/HEALTHY_LEAF/to_label_2594.jpg,HEALTHY_LEAF,502,train
DLD_FinalDataset_224_spit/test/HEALTHY_LEAF/to_label_2601.jpg,HEALTHY_LEAF,503,train
DLD_FinalDataset_224_spit/test/HEALTHY_LEAF/to_label_2603.jpg,HEALTHY_LEAF,504,train
DLD_FinalDataset_224_spit/test/HEALTHY_LEAF/to_label_2605.jpg,HEALTHY_LEAF,505,test
DLD_FinalDataset_224_spit/test/HEALTHY_LEAF/to_label_2612.jpg,HEALTHY_LEAF,506,train
DLD_FinalDataset_224_spit/test/HEALTHY_LEAF/to_label_2621.jpg,HEALTHY_LEAF,507,val
DLD_FinalDataset_224_spit/test/HEALTHY_LEAF/to_label_2622.jpg,HEALTHY_LEAF,508,train
DLD_FinalDataset_224_spit/test/HEALTHY_LEAF/to_label_2634.jpg,HEALTHY_LEAF,509,train
DLD_FinalDataset_224_spit/test/HEALTHY_LEAF/to_label_2635.jpg,HEALTHY_LEAF,510,val
DLD_FinalDataset_224_spit/test/HEALTHY_LEAF/to_label_2641.jpg,HEALTHY_LEAF,511,test
DLD_FinalDataset_224_spit/test/HEALTHY_LEAF/to_label_2646.jpg,HEALTHY_LEAF,512,train
DLD_FinalDataset_224_spit/test/HEALTHY_LEAF/to_label_2648.jpg,HEALTHY_LEAF,513,train
DLD_FinalDataset_224_spit/test/HEALTHY_LEAF/to_label_2659.jpg,HEALTHY_LEAF,514,val
DLD_FinalDataset_224_spit/test/HEALTHY_LEAF/to_label_2660.jpg,HEALTHY_LEAF,515,val
DLD_FinalDataset_224_spit/test/HEALTHY_LEAF/to_label_2661.jpg,HEALTHY_LEAF,516,train
DLD_FinalDataset_224_spit/test/HEALTHY_LEAF/to_label_2663.jpg,HEALTHY_LEAF,517,test
DLD_FinalDataset_224_spit/test/HEALTHY_LEAF/to_label_2664.jpg,HEALTHY_LEAF,518,train
DLD_FinalDataset_224_spit/test/HEALTHY_LEAF/to_label_2665.jpg,HEALTHY_LEAF,519,train
DLD_FinalDataset_224_spit/test/HEALTHY_LEAF/to_label_2671.jpg,HEALTHY_LEAF,520,train
DLD_FinalDataset_224_spit/test/HEALTHY_LEAF/to_label_2675.jpg,HEALTHY_LEAF,521,train
DLD_FinalDataset_224_spit/test/HEALTHY_LEAF/to_label_2677.jpg,HEALTHY_LEAF,522,train
DLD_FinalDataset_224_spit/test/HEALTHY_LEAF/to_label_2680.jpg,HEALTHY_LEAF,523,train
DLD_FinalDataset_224_spit/test/HEALTHY_LEAF/to_label_2681.jpg,HEALTHY_LEAF,524,test
DLD_FinalDataset_224_spit/test/HEALTHY_LEAF/to_label_2684.jpg,HEALTHY_LEAF,525,train
DLD_FinalDataset_224_spit/test/LEAF_BLIGHT/to_label_2688.jpg,LEAF_BLIGHT,526,train
DLD_FinalDataset_224_spit/test/LEAF_BLIGHT/to_label_2696.jpg,LEAF_BLIGHT,527,test
DLD_FinalDataset_224_spit/test/LEAF_BLIGHT/to_label_2715.jpg,LEAF_BLIGHT,528,train
DLD_FinalDataset_224_spit/test/LEAF_BLIGHT/to_label_2719.jpg,LEAF_BLIGHT,529,test
DLD_FinalDataset_224_spit/test/LEAF_BLIGHT/to_label_2725.jpg,LEAF_BLIGHT,530,test
DLD_FinalDataset_224_spit/test/LEAF_BLIGHT/to_label_2730.jpg,LEAF_BLIGHT,531,train
DLD_FinalDataset_224_spit/test/LEAF_BLIGHT/to_label_2735.jpg,LEAF_BLIGHT,532,train
DLD_FinalDataset_224_spit/test/LEAF_BLIGHT/to_label_2741.jpg,LEAF_BLIGHT,533,train
DLD_FinalDataset_224_spit/test/LEAF_BLIGHT/to_label_2745.jpg,LEAF_BLIGHT,534,train
DLD_FinalDataset_224_spit/test/LEAF_BLIGHT/to_label_2746.jpg,LEAF_BLIGHT,535,train
DLD_FinalDataset_224_spit/test/LEAF_BLIGHT/to_label_2751.jpg,LEAF_BLIGHT,536,train
DLD_FinalDataset_224_spit/test/LEAF_BLIGHT/to_label_2753.jpg,LEAF_BLIGHT,537,train
DLD_FinalDataset_224_spit/test/LEAF_BLIGHT/to_label_2758.jpg,LEAF_BLIGHT,538,train
DLD_FinalDataset_224_spit/test/LEAF_BLIGHT/to_label_2763.jpg,LEAF_BLIGHT,539,train
DLD_FinalDataset_224_spit/test/LEAF_BLIGHT/to_label_2764.jpg,LEAF_BLIGHT,540,test
DLD_FinalDataset_224_spit/test/LEAF_BLIGHT/to_label_2765.jpg,LEAF_BLIGHT,541,train
DLD_FinalDataset_224_spit/test/LEAF_BLIGHT/to_label_2767.jpg,LEAF_BLIGHT,542,train
DLD_FinalDataset_224_spit/test/LEAF_BLIGHT/to_label_2768.jpg,LEAF_BLIGHT,543,train
DLD_FinalDataset_224_spit/test/LEAF_BLIGHT/to_label_2782.jpg,LEAF_BLIGHT,544,train
DLD_FinalDataset_224_spit/test/LEAF_BLIGHT/to_label_2783.jpg,LEAF_BLIGHT,545,train
DLD_FinalDataset_224_spit/test/LEAF_BLIGHT/to_label_2787.jpg,LEAF_BLIGHT,546,train
DLD_FinalDataset_224_spit/test/LEAF_BLIGHT/to_label_2795.jpg,LEAF_BLIGHT,547,test
DLD_FinalDataset_224_spit/test/LEAF_BLIGHT/to_label_2796.jpg,LEAF_BLIGHT,548,train
DLD_FinalDataset_224_spit/test/LEAF_BLIGHT/to_label_2804.jpg,LEAF_BLIGHT,549,train
DLD_FinalDataset_224_spit/test/LEAF_BLIGHT/to_label_2823.jpg,LEAF_BLIGHT,550,test
DLD_FinalDataset_224_spit/test/LEAF_BLIGHT/to_label_2825.jpg,LEAF_BLIGHT,551,train
DLD_FinalDataset_224_spit/test/LEAF_BLIGHT/to_label_2827.jpg,LEAF_BLIGHT,552,test
DLD_FinalDataset_224_spit/test/LEAF_BLIGHT/to_label_2834.jpg,LEAF_BLIGHT,553,train
DLD_FinalDataset_224_spit/test/LEAF_BLIGHT/to_label_2841.jpg,LEAF_BLIGHT,554,train
DLD_FinalDataset_224_spit/test/LEAF_BLIGHT/to_label_2844.jpg,LEAF_BLIGHT,555,train
DLD_FinalDataset_224_spit/test/LEAF_BLIGHT/to_label_2854.jpg,LEAF_BLIGHT,556,train
DLD_FinalDataset_224_spit/test/LEAF_BLIGHT/to_label_2860.jpg,LEAF_BLIGHT,557,train
DLD_FinalDataset_224_spit/test/LEAF_BLIGHT/to_label_2878.jpg,LEAF_BLIGHT,558,train
DLD_FinalDataset_224_spit/test/LEAF_BLIGHT/to_label_2882.jpg,LEAF_BLIGHT,559,train
DLD_FinalDataset_224_spit/test/LEAF_BLIGHT/to_label_2884.jpg,LEAF_BLIGHT,560,train
DLD_FinalDataset_224_spit/test/LEAF_BLIGHT/to_label_2890.jpg,LEAF_BLIGHT,561,train
DLD_FinalDataset_224_spit/test/LEAF_BLIGHT/to_label_2894.jpg,LEAF_BLIGHT,562,train
DLD_FinalDataset_224_spit/test/LEAF_BLIGHT/to_label_2895.jpg,LEAF_BLIGHT,563,test
DLD_FinalDataset_224_spit/test/LEAF_BLIGHT/to_label_2898.jpg,LEAF_BLIGHT,564,train
DLD_FinalDataset_224_spit/test/LEAF_BLIGHT/to_label_2899.jpg,LEAF_BLIGHT,565,val
DLD_FinalDataset_224_spit/test/LEAF_BLIGHT/to_label_2904.jpg,LEAF_BLIGHT,566,train
DLD_FinalDataset_224_spit/test/LEAF_BLIGHT/to_label_2917.jpg,LEAF_BLIGHT,567,train
DLD_FinalDataset_224_spit/test/LEAF_BLIGHT/to_label_2921.jpg,LEAF_BLIGHT,568,train
DLD_FinalDataset_224_spit/test/LEAF_BLIGHT/to_label_2925.jpg,LEAF_BLIGHT,569,train
DLD_FinalDataset_224_spit/test/LEAF_BLIGHT/to_label_2930.jpg,LEAF_BLIGHT,570,test
DLD_FinalDataset_224_spit/test/LEAF_BLIGHT/to_label_2933.jpg,LEAF_BLIGHT,571,train
DLD_FinalDataset_224_spit/test/LEAF_BLIGHT/to_label_2936.jpg,LEAF_BLIGHT,572,train
DLD_FinalDataset_224_spit/test/LEAF_BLIGHT/to_label_2945.jpg,LEAF_BLIGHT,573,train
DLD_FinalDataset_224_spit/test/LEAF_BLIGHT/to_label_2951.jpg,LEAF_BLIGHT,574,test
DLD_FinalDataset_224_spit/test/LEAF_BLIGHT/to_label_2952.jpg,LEAF_BLIGHT,575,train
DLD_FinalDataset_224_spit/test/LEAF_BLIGHT/to_label_2966.jpg,LEAF_BLIGHT,576,train
DLD_FinalDataset_224_spit/test/LEAF_BLIGHT/to_label_2967.jpg,LEAF_BLIGHT,577,train
DLD_FinalDataset_224_spit/test/LEAF_BLIGHT/to_label_2972.jpg,LEAF_BLIGHT,578,val
DLD_FinalDataset_224_spit/test/LEAF_BLIGHT/to_label_2976.jpg,LEAF_BLIGHT,579,train
DLD_FinalDataset_224_spit/test/LEAF_BLIGHT/to_label_2978.jpg,LEAF_BLIGHT,580,train
DLD_FinalDataset_224_spit/test/LEAF_BLIGHT/to_label_2980.jpg,LEAF_BLIGHT,581,test
DLD_FinalDataset_224_spit/test/LEAF_BLIGHT/to_label_2982.jpg,LEAF_BLIGHT,582,test
DLD_FinalDataset_224_spit/test/LEAF_BLIGHT/to_label_2984.jpg,LEAF_BLIGHT,583,test
DLD_FinalDataset_224_spit/test/LEAF_BLIGHT/to_label_2988.jpg,LEAF_BLIGHT,584,train
DLD_FinalDataset_224_spit/test/LEAF_BLIGHT/to_label_2991.jpg,LEAF_BLIGHT,585,val
DLD_FinalDataset_224_spit/test/LEAF_BLIGHT/to_label_2992.jpg,LEAF_BLIGHT,586,train
DLD_FinalDataset_224_spit/test/LEAF_BLIGHT/to_label_2993.jpg,LEAF_BLIGHT,587,train
DLD_FinalDataset_224_spit/test/LEAF_BLIGHT/to_label_2995.jpg,LEAF_BLIGHT,588,train
DLD_FinalDataset_224_spit/test/LEAF_BLIGHT/to_label_2997.jpg,LEAF_BLIGHT,589,train
DLD_FinalDataset_224_spit/test/LEAF_BLIGHT/to_label_3000.jpg,LEAF_BLIGHT,590,train
DLD_FinalDataset_224_spit/test/LEAF_BLIGHT/to_label_3007.jpg,LEAF_BLIGHT,591,train
DLD_FinalDataset_224_spit/test/LEAF_BLIGHT/to_label_3009.jpg,LEAF_BLIGHT,592,train
DLD_FinalDataset_224_spit/test/LEAF_BLIGHT/to_label_3013.jpg,LEAF_BLIGHT,593,train
DLD_FinalDataset_224_spit/test/LEAF_BLIGHT/to_label_3014.jpg,LEAF_BLIGHT,594,train
DLD_FinalDataset_224_spit/test/LEAF_BLIGHT/to_label_3017.jpg,LEAF_BLIGHT,595,test
DLD_FinalDataset_224_spit/test/LEAF_BLIGHT/to_label_3019.jpg,LEAF_BLIGHT,596,train
DLD_FinalDataset_224_spit/test/LEAF_BLIGHT/to_label_3020.jpg,LEAF_BLIGHT,597,train
DLD_FinalDataset_224_spit/test/LEAF_BLIGHT/to_label_3028.jpg,LEAF_BLIGHT,598,train
DLD_FinalDataset_224_spit/test/LEAF_BLIGHT/to_label_3030.jpg,LEAF_BLIGHT,599,train
DLD_FinalDataset_224_spit/test/LEAF_BLIGHT/to_label_3036.jpg,LEAF_BLIGHT,600,train
DLD_FinalDataset_224_spit/test/LEAF_BLIGHT/to_label_3037.jpg,LEAF_BLIGHT,601,train
DLD_FinalDataset_224_spit/test/LEAF_BLIGHT/to_label_3038.jpg,LEAF_BLIGHT,602,test
DLD_FinalDataset_224_spit/test/LEAF_BLIGHT/to_label_3041.jpg,LEAF_BLIGHT,603,train
DLD_FinalDataset_224_spit/test/LEAF_BLIGHT/to_label_3045.jpg,LEAF_BLIGHT,604,train
DLD_FinalDataset_224_spit/test/LEAF_BLIGHT/to_label_3047.jpg,LEAF_BLIGHT,605,test
DLD_FinalDataset_224_spit/test/LEAF_BLIGHT/to_label_3049.jpg,LEAF_BLIGHT,606,test
DLD_FinalDataset_224_spit/test/LEAF_BLIGHT/to_label_3056.jpg,LEAF_BLIGHT,607,train
DLD_FinalDataset_224_spit/test/LEAF_BLIGHT/to_label_3063.jpg,LEAF_BLIGHT,608,test
DLD_FinalDataset_224_spit/test/LEAF_BLIGHT/to_label_3068.jpg,LEAF_BLIGHT,609,val
DLD_FinalDataset_224_spit/test/LEAF_BLIGHT/to_label_3080.jpg,LEAF_BLIGHT,610,train
DLD_FinalDataset_224_spit/test/LEAF_BLIGHT/to_label_3084.jpg,LEAF_BLIGHT,611,train
DLD_FinalDataset_224_spit/test/LEAF_BLIGHT/to_label_3097.jpg,LEAF_BLIGHT,612,train
DLD_FinalDataset_224_spit/test/LEAF_BLIGHT/to_label_3098.jpg,LEAF_BLIGHT,613,val
DLD_FinalDataset_224_spit/test/LEAF_BLIGHT/to_label_3109.jpg,LEAF_BLIGHT,614,test
DLD_FinalDataset_224_spit/test/LEAF_BLIGHT/to_label_3110.jpg,LEAF_BLIGHT,615,val
DLD_FinalDataset_224_spit/test/LEAF_BLIGHT/to_label_3115.jpg,LEAF_BLIGHT,616,train
DLD_FinalDataset_224_spit/test/LEAF_BLIGHT/to_label_3116.jpg,LEAF_BLIGHT,617,test
DLD_FinalDataset_224_spit/test/LEAF_BLIGHT/to_label_3118.jpg,LEAF_BLIGHT,618,train
DLD_FinalDataset_224_spit/test/LEAF_BLIGHT/to_label_3119.jpg,LEAF_BLIGHT,619,train
DLD_FinalDataset_224_spit/test/LEAF_BLIGHT/to_label_3133.jpg,LEAF_BLIGHT,620,test
DLD_FinalDataset_224_spit/test/LEAF_BLIGHT/to_label_3139.jpg,LEAF_BLIGHT,621,train
DLD_FinalDataset_224_spit/test/LEAF_BLIGHT/to_label_3142.jpg,LEAF_BLIGHT,622,train
DLD_FinalDataset_224_spit/test/LEAF_BLIGHT/to_label_3154.jpg,LEAF_BLIGHT,623,train
DLD_FinalDataset_224_spit/test/LEAF_BLIGHT/to_label_3168.jpg,LEAF_BLIGHT,624,train
DLD_FinalDataset_224_spit/test/LEAF_BLIGHT/to_label_3169.jpg,LEAF_BLIGHT,625,test
DLD_FinalDataset_224_spit/test/LEAF_BLIGHT/to_label_3176.jpg,LEAF_BLIGHT,626,val
DLD_FinalDataset_224_spit/test/LEAF_BLIGHT/to_label_3180.jpg,LEAF_BLIGHT,627,train
DLD_FinalDataset_224_spit/test/LEAF_BLIGHT/to_label_3181.jpg,LEAF_BLIGHT,628,train
DLD_FinalDataset_224_spit/test/LEAF_BLIGHT/to_label_3193.jpg,LEAF_BLIGHT,629,test
DLD_FinalDataset_224_spit/test/LEAF_BLIGHT/to_label_3199.jpg,LEAF_BLIGHT,630,train
DLD_FinalDataset_224_spit/test/LEAF_BLIGHT/to_label_3204.jpg,LEAF_BLIGHT,631,train
DLD_FinalDataset_224_spit/test/LEAF_BLIGHT/to_label_3212.jpg,LEAF_BLIGHT,632,train
DLD_FinalDataset_224_spit/test/LEAF_BLIGHT/to_label_3213.jpg,LEAF_BLIGHT,633,train
DLD_FinalDataset_224_spit/test/LEAF_BLIGHT/to_label_3214.jpg,LEAF_BLIGHT,634,train
DLD_FinalDataset_224_spit/test/LEAF_BLIGHT/to_label_3217.jpg,LEAF_BLIGHT,635,test
DLD_FinalDataset_224_spit/test/LEAF_BLIGHT/to_label_3220.jpg,LEAF_BLIGHT,636,train
DLD_FinalDataset_224_spit/test/LEAF_BLIGHT/to_label_3222.jpg,LEAF_BLIGHT,632,train
DLD_FinalDataset_224_spit/test/LEAF_BLIGHT/to_label_3227.jpg,LEAF_BLIGHT,637,train
DLD_FinalDataset_224_spit/test/LEAF_BLIGHT/to_label_3228.jpg,LEAF_BLIGHT,638,test
DLD_FinalDataset_224_spit/test/LEAF_BLIGHT/to_label_3233.jpg,LEAF_BLIGHT,639,test
DLD_FinalDataset_224_spit/test/LEAF_BLIGHT/to_label_3243.jpg,LEAF_BLIGHT,640,val
DLD_FinalDataset_224_spit/test/LEAF_BLIGHT/to_label_3256.jpg,LEAF_BLIGHT,641,train
DLD_FinalDataset_224_spit/test/LEAF_BLIGHT/to_label_3261.jpg,LEAF_BLIGHT,642,train
DLD_FinalDataset_224_spit/test/LEAF_BLIGHT/to_label_3270.jpg,LEAF_BLIGHT,643,train
DLD_FinalDataset_224_spit/test/LEAF_BLIGHT/to_label_3275.jpg,LEAF_BLIGHT,644,train
DLD_FinalDataset_224_spit/test/LEAF_BLIGHT/to_label_3279.jpg,LEAF_BLIGHT,645,val
DLD_FinalDataset_224_spit/test/LEAF_BLIGHT/to_label_3282.jpg,LEAF_BLIGHT,646,train
DLD_FinalDataset_224_spit/test/LEAF_BLIGHT/to_label_3283.jpg,LEAF_BLIGHT,647,train
DLD_FinalDataset_224_spit/test/LEAF_BLIGHT/to_label_3285.jpg,LEAF_BLIGHT,648,train
DLD_FinalDataset_224_spit/test/LEAF_BLIGHT/to_label_3288.jpg,LEAF_BLIGHT,649,train
DLD_FinalDataset_224_spit/test/LEAF_BLIGHT/to_label_3292.jpg,LEAF_BLIGHT,650,train
DLD_FinalDataset_224_spit/test/LEAF_BLIGHT/to_label_3297.jpg,LEAF_BLIGHT,651,test
DLD_FinalDataset_224_spit/test/LEAF_BLIGHT/to_label_3301.jpg,LEAF_BLIGHT,652,val
DLD_FinalDataset_224_spit/test/LEAF_BLIGHT/to_label_3302.jpg,LEAF_BLIGHT,653,train
DLD_FinalDataset_224_spit/test/LEAF_BLIGHT/to_label_3306.jpg,LEAF_BLIGHT,654,train
DLD_FinalDataset_224_spit/test/LEAF_BLIGHT/to_label_3314.jpg,LEAF_BLIGHT,655,train
DLD_FinalDataset_224_spit/test/LEAF_BLIGHT/to_label_3319.jpg,LEAF_BLIGHT,656,val
DLD_FinalDataset_224_spit/test/LEAF_BLIGHT/to_label_3336.jpg,LEAF_BLIGHT,657,test
DLD_FinalDataset_224_spit/test/LEAF_BLIGHT/to_label_3337.jpg,LEAF_BLIGHT,658,train
DLD_FinalDataset_224_spit/test/LEAF_BLIGHT/to_label_3344.jpg,LEAF_BLIGHT,659,test
DLD_FinalDataset_224_spit/test/LEAF_BLIGHT/to_label_3353.jpg,LEAF_BLIGHT,660,test
DLD_FinalDataset_224_spit/test/LEAF_BLIGHT/to_label_3365.jpg,LEAF_BLIGHT,661,test
DLD_FinalDataset_224_spit/test/LEAF_BLIGHT/to_label_3366.jpg,LEAF_BLIGHT,662,train
DLD_FinalDataset_224_spit/test/LEAF_BLIGHT/to_label_3368.jpg,LEAF_BLIGHT,663,train
DLD_FinalDataset_224_spit/test/LEAF_BLIGHT/to_label_3371.jpg,LEAF_BLIGHT,664,train
DLD_FinalDataset_224_spit/test/LEAF_BLIGHT/to_label_3374.jpg,LEAF_BLIGHT,665,test
DLD_FinalDataset_224_spit/test/LEAF_BLIGHT/to_label_3378.jpg,LEAF_BLIGHT,666,train
DLD_FinalDataset_224_spit/test/LEAF_BLIGHT/to_label_3383.jpg,LEAF_BLIGHT,667,test
DLD_FinalDataset_224_spit/test/LEAF_BLIGHT/to_label_3389.jpg,LEAF_BLIGHT,668,test
DLD_FinalDataset_224_spit/test/LEAF_BLIGHT/to_label_3400.jpg,LEAF_BLIGHT,669,train
DLD_FinalDataset_224_spit/test/LEAF_BLIGHT/to_label_3402.jpg,LEAF_BLIGHT,670,test
DLD_FinalDataset_224_spit/test/LEAF_BLIGHT/to_label_3409.jpg,LEAF_BLIGHT,671,train
DLD_FinalDataset_224_spit/test/LEAF_BLIGHT/to_label_3414.jpg,LEAF_BLIGHT,672,val
DLD_FinalDataset_224_spit/test/LEAF_BLIGHT/to_label_3416.jpg,LEAF_BLIGHT,673,train
DLD_FinalDataset_224_spit/test/LEAF_BLIGHT/to_label_3429.jpg,LEAF_BLIGHT,674,train
DLD_FinalDataset_224_spit/test/LEAF_BLIGHT/to_label_3431.jpg,LEAF_BLIGHT,675,val
DLD_FinalDataset_224_spit/test/LEAF_BLIGHT/to_label_3435.jpg,LEAF_BLIGHT,676,train
DLD_FinalDataset_224_spit/test/LEAF_BLIGHT/to_label_3436.jpg,LEAF_BLIGHT,677,train
DLD_FinalDataset_224_spit/test/LEAF_BLIGHT/to_label_3444.jpg,LEAF_BLIGHT,678,train
DLD_FinalDataset_224_spit/test/LEAF_BLIGHT/to_label_3446.jpg,LEAF_BLIGHT,679,train
DLD_FinalDataset_224_spit/test/LEAF_BLIGHT/to_label_3460.jpg,LEAF_BLIGHT,680,train
DLD_FinalDataset_224_spit/test/LEAF_BLIGHT/to_label_3476.jpg,LEAF_BLIGHT,681,train
DLD_FinalDataset_224_spit/test/LEAF_BLIGHT/to_label_3486.jpg,LEAF_BLIGHT,682,val
DLD_FinalDataset_224_spit/test/LEAF_BLIGHT/to_label_3490.jpg,LEAF_BLIGHT,683,test
DLD_FinalDataset_224_spit/test/LEAF_BLIGHT/to_label_3495.jpg,LEAF_BLIGHT,684,test
DLD_FinalDataset_224_spit/test/LEAF_BLIGHT/to_label_3497.jpg,LEAF_BLIGHT,685,test
DLD_FinalDataset_224_spit/test/LEAF_BLIGHT/to_label_3505.jpg,LEAF_BLIGHT,686,train
DLD_FinalDataset_224_spit/test/LEAF_BLIGHT/to_label_3518.jpg,LEAF_BLIGHT,687,val
DLD_FinalDataset_224_spit/test/LEAF_BLIGHT/to_label_3519.jpg,LEAF_BLIGHT,688,val
DLD_FinalDataset_224_spit/test/LEAF_BLIGHT/to_label_3520.jpg,LEAF_BLIGHT,689,train
DLD_FinalDataset_224_spit/test/LEAF_BLIGHT/to_label_3521.jpg,LEAF_BLIGHT,690,train
DLD_FinalDataset_224_spit/test/LEAF_BLIGHT/to_label_3528.jpg,LEAF_BLIGHT,691,train
DLD_FinalDataset_224_spit/test/LEAF_BLIGHT/to_label_3530.jpg,LEAF_BLIGHT,692,val
DLD_FinalDataset_224_spit/test/LEAF_BLIGHT/to_label_3533.jpg,LEAF_BLIGHT,693,test
DLD_FinalDataset_224_spit/test/LEAF_BLIGHT/to_label_3536.jpg,LEAF_BLIGHT,694,train
DLD_FinalDataset_224_spit/test/LEAF_BLIGHT/to_label_3549.jpg,LEAF_BLIGHT,695,train
DLD_FinalDataset_224_spit/test/LEAF_BLIGHT/to_label_3551.jpg,LEAF_BLIGHT,696,train
DLD_FinalDataset_224_spit/test/LEAF_BLIGHT/to_label_3558.jpg,LEAF_BLIGHT,697,train
DLD_FinalDataset_224_spit/test/LEAF_BLIGHT/to_label_3559.jpg,LEAF_BLIGHT,698,train
DLD_FinalDataset_224_spit/test/LEAF_BLIGHT/to_label_3562.jpg,LEAF_BLIGHT,699,train
DLD_FinalDataset_224_spit/test/LEAF_BLIGHT/to_label_3564.jpg,LEAF_BLIGHT,700,val
DLD_FinalDataset_224_spit/test/LEAF_BLIGHT/to_label_3565.jpg,LEAF_BLIGHT,701,test
DLD_FinalDataset_224_spit/test/LEAF_BLIGHT/to_label_3573.jpg,LEAF_BLIGHT,702,test
DLD_FinalDataset_224_spit/test/LEAF_BLIGHT/to_label_3578.jpg,LEAF_BLIGHT,703,train
DLD_FinalDataset_224_spit/test/LEAF_BLIGHT/to_label_3579.jpg,LEAF_BLIGHT,704,train
DLD_FinalDataset_224_spit/test/LEAF_BLIGHT/to_label_3585.jpg,LEAF_BLIGHT,705,test
DLD_FinalDataset_224_spit/test/LEAF_BLIGHT/to_label_3586.jpg,LEAF_BLIGHT,706,train
DLD_FinalDataset_224_spit/test/LEAF_BLIGHT/to_label_3597.jpg,LEAF_BLIGHT,707,test
DLD_FinalDataset_224_spit/test/LEAF_BLIGHT/to_label_3598.jpg,LEAF_BLIGHT,708,train
DLD_FinalDataset_224_spit/test/LEAF_BLIGHT/to_label_3608.jpg,LEAF_BLIGHT,709,train
DLD_FinalDataset_224_spit/test/LEAF_BLIGHT/to_label_3617.jpg,LEAF_BLIGHT,710,train
DLD_FinalDataset_224_spit/test/LEAF_BLIGHT/to_label_3618.jpg,LEAF_BLIGHT,711,test
DLD_FinalDataset_224_spit/test/LEAF_BLIGHT/to_label_3621.jpg,LEAF_BLIGHT,712,train
DLD_FinalDataset_224_spit/test/PHOMOPSIS_LEAF_SPOT/to_label_3628.jpg,PHOMOPSIS_LEAF_SPOT,713,test
DLD_FinalDataset_224_spit/test/PHOMOPSIS_LEAF_SPOT/to_label_3630.jpg,PHOMOPSIS_LEAF_SPOT,714,train
DLD_FinalDataset_224_spit/test/PHOMOPSIS_LEAF_SPOT/to_label_3646.jpg,PHOMOPSIS_LEAF_SPOT,715,test
DLD_FinalDataset_224_spit/test/PHOMOPSIS_LEAF_SPOT/to_label_3648.jpg,PHOMOPSIS_LEAF_SPOT,716,test
DLD_FinalDataset_224_spit/test/PHOMOPSIS_LEAF_SPOT/to_label_3653.jpg,PHOMOPSIS_LEAF_SPOT,717,train
DLD_FinalDataset_224_spit/test/PHOMOPSIS_LEAF_SPOT/to_label_3656.jpg,PHOMOPSIS_LEAF_SPOT,718,val
DLD_FinalDataset_224_spit/test/PHOMOPSIS_LEAF_SPOT/to_label_3662.jpg,PHOMOPSIS_LEAF_SPOT,719,train
DLD_FinalDataset_224_spit/test/PHOMOPSIS_LEAF_SPOT/to_label_3667.jpg,PHOMOPSIS_LEAF_SPOT,720,train
DLD_FinalDataset_224_spit/test/PHOMOPSIS_LEAF_SPOT/to_label_3686.jpg,PHOMOPSIS_LEAF_SPOT,721,train
DLD_FinalDataset_224_spit/test/PHOMOPSIS_LEAF_SPOT/to_label_3688.jpg,PHOMOPSIS_LEAF_SPOT,722,test
DLD_FinalDataset_224_spit/test/PHOMOPSIS_LEAF_SPOT/to_label_3689.jpg,PHOMOPSIS_LEAF_SPOT,723,train
DLD_FinalDataset_224_spit/test/PHOMOPSIS_LEAF_SPOT/to_label_3690.jpg,PHOMOPSIS_LEAF_SPOT,724,test
DLD_FinalDataset_224_spit/test/PHOMOPSIS_LEAF_SPOT/to_label_3695.jpg,PHOMOPSIS_LEAF_SPOT,725,train
DLD_FinalDataset_224_spit/test/PHOMOPSIS_LEAF_SPOT/to_label_3699.jpg,PHOMOPSIS_LEAF_SPOT,726,train
DLD_FinalDataset_224_spit/test/PHOMOPSIS_LEAF_SPOT/to_label_3700.jpg,PHOMOPSIS_LEAF_SPOT,727,train
DLD_FinalDataset_224_spit/test/PHOMOPSIS_LEAF_SPOT/to_label_3701.jpg,PHOMOPSIS_LEAF_SPOT,728,train
DLD_FinalDataset_224_spit/test/PHOMOPSIS_LEAF_SPOT/to_label_3702.jpg,PHOMOPSIS_LEAF_SPOT,729,test
DLD_FinalDataset_224_spit/test/PHOMOPSIS_LEAF_SPOT/to_label_3704.jpg,PHOMOPSIS_LEAF_SPOT,730,train
DLD_FinalDataset_224_spit/test/PHOMOPSIS_LEAF_SPOT/to_label_3705.jpg,PHOMOPSIS_LEAF_SPOT,731,train
DLD_FinalDataset_224_spit/test/PHOMOPSIS_LEAF_SPOT/to_label_3709.jpg,PHOMOPSIS_LEAF_SPOT,732,train
DLD_FinalDataset_224_spit/test/PHOMOPSIS_LEAF_SPOT/to_label_3719.jpg,PHOMOPSIS_LEAF_SPOT,733,train
DLD_FinalDataset_224_spit/test/PHOMOPSIS_LEAF_SPOT/to_label_3720.jpg,PHOMOPSIS_LEAF_SPOT,734,val
DLD_FinalDataset_224_spit/test/PHOMOPSIS_LEAF_SPOT/to_label_3724.jpg,PHOMOPSIS_LEAF_SPOT,735,test
DLD_FinalDataset_224_spit/test/PHOMOPSIS_LEAF_SPOT/to_label_3732.jpg,PHOMOPSIS_LEAF_SPOT,736,train
DLD_FinalDataset_224_spit/test/PHOMOPSIS_LEAF_SPOT/to_label_3733.jpg,PHOMOPSIS_LEAF_SPOT,737,train
DLD_FinalDataset_224_spit/test/PHOMOPSIS_LEAF_SPOT/to_label_3743.jpg,PHOMOPSIS_LEAF_SPOT,738,val
DLD_FinalDataset_224_spit/test/PHOMOPSIS_LEAF_SPOT/to_label_3756.jpg,PHOMOPSIS_LEAF_SPOT,739,train
DLD_FinalDataset_224_spit/test/PHOMOPSIS_LEAF_SPOT/to_label_3760.jpg,PHOMOPSIS_LEAF_SPOT,740,train
DLD_FinalDataset_224_spit/test/PHOMOPSIS_LEAF_SPOT/to_label_3762.jpg,PHOMOPSIS_LEAF_SPOT,741,test
DLD_FinalDataset_224_spit/test/PHOMOPSIS_LEAF_SPOT/to_label_3778.jpg,PHOMOPSIS_LEAF_SPOT,742,test
DLD_FinalDataset_224_spit/test/PHOMOPSIS_LEAF_SPOT/to_label_3781.jpg,PHOMOPSIS_LEAF_SPOT,743,train
DLD_FinalDataset_224_spit/test/PHOMOPSIS_LEAF_SPOT/to_label_3788.jpg,PHOMOPSIS_LEAF_SPOT,744,train
DLD_FinalDataset_224_spit/test/PHOMOPSIS_LEAF_SPOT/to_label_3815.jpg,PHOMOPSIS_LEAF_SPOT,745,train
DLD_FinalDataset_224_spit/test/PHOMOPSIS_LEAF_SPOT/to_label_3822.jpg,PHOMOPSIS_LEAF_SPOT,746,train
DLD_FinalDataset_224_spit/test/PHOMOPSIS_LEAF_SPOT/to_label_3827.jpg,PHOMOPSIS_LEAF_SPOT,747,val
DLD_FinalDataset_224_spit/test/PHOMOPSIS_LEAF_SPOT/to_label_3831.jpg,PHOMOPSIS_LEAF_SPOT,748,train
DLD_FinalDataset_224_spit/test/PHOMOPSIS_LEAF_SPOT/to_label_3832.jpg,PHOMOPSIS_LEAF_SPOT,749,val
DLD_FinalDataset_224_spit/test/PHOMOPSIS_LEAF_SPOT/to_label_3833.jpg,PHOMOPSIS_LEAF_SPOT,750,train
DLD_FinalDataset_224_spit/test/PHOMOPSIS_LEAF_SPOT/to_label_3834.jpg,PHOMOPSIS_LEAF_SPOT,751,train
DLD_FinalDataset_224_spit/test/PHOMOPSIS_LEAF_SPOT/to_label_3838.jpg,PHOMOPSIS_LEAF_SPOT,752,train
DLD_FinalDataset_224_spit/test/PHOMOPSIS_LEAF_SPOT/to_label_3850.jpg,PHOMOPSIS_LEAF_SPOT,753,val
DLD_FinalDataset_224_spit/test/PHOMOPSIS_LEAF_SPOT/to_label_3854.jpg,PHOMOPSIS_LEAF_SPOT,754,val
DLD_FinalDataset_224_spit/test/PHOMOPSIS_LEAF_SPOT/to_label_3858.jpg,PHOMOPSIS_LEAF_SPOT,755,train
DLD_FinalDataset_224_spit/test/PHOMOPSIS_LEAF_SPOT/to_label_3862.jpg,PHOMOPSIS_LEAF_SPOT,756,val
DLD_FinalDataset_224_spit/test/PHOMOPSIS_LEAF_SPOT/to_label_3867.jpg,PHOMOPSIS_LEAF_SPOT,757,train
DLD_FinalDataset_224_spit/test/PHOMOPSIS_LEAF_SPOT/to_label_3873.jpg,PHOMOPSIS_LEAF_SPOT,758,train
DLD_FinalDataset_224_spit/test/PHOMOPSIS_LEAF_SPOT/to_label_3877.jpg,PHOMOPSIS_LEAF_SPOT,759,val
DLD_FinalDataset_224_spit/test/PHOMOPSIS_LEAF_SPOT/to_label_3882.jpg,PHOMOPSIS_LEAF_SPOT,760,train
DLD_FinalDataset_224_spit/test/PHOMOPSIS_LEAF_SPOT/to_label_3883.jpg,PHOMOPSIS_LEAF_SPOT,761,train
DLD_FinalDataset_224_spit/test/PHOMOPSIS_LEAF_SPOT/to_label_3888.jpg,PHOMOPSIS_LEAF_SPOT,762,test
DLD_FinalDataset_224_spit/test/PHOMOPSIS_LEAF_SPOT/to_label_3889.jpg,PHOMOPSIS_LEAF_SPOT,763,train
DLD_FinalDataset_224_spit/test/PHOMOPSIS_LEAF_SPOT/to_label_3898.jpg,PHOMOPSIS_LEAF_SPOT,764,train
DLD_FinalDataset_224_spit/test/PHOMOPSIS_LEAF_SPOT/to_label_3903.jpg,PHOMOPSIS_LEAF_SPOT,765,test
DLD_FinalDataset_224_spit/test/PHOMOPSIS_LEAF_SPOT/to_label_3909.jpg,PHOMOPSIS_LEAF_SPOT,766,train
DLD_FinalDataset_224_spit/test/PHOMOPSIS_LEAF_SPOT/to_label_3913.jpg,PHOMOPSIS_LEAF_SPOT,767,train
DLD_FinalDataset_224_spit/test/PHOMOPSIS_LEAF_SPOT/to_label_3914.jpg,PHOMOPSIS_LEAF_SPOT,768,test
DLD_FinalDataset_224_spit/test/PHOMOPSIS_LEAF_SPOT/to_label_3917.jpg,PHOMOPSIS_LEAF_SPOT,769,train
DLD_FinalDataset_224_spit/test/PHOMOPSIS_LEAF_SPOT/to_label_3919.jpg,PHOMOPSIS_LEAF_SPOT,770,val
DLD_FinalDataset_224_spit/test/PHOMOPSIS_LEAF_SPOT/to_label_3922.jpg,PHOMOPSIS_LEAF_SPOT,771,test
DLD_FinalDataset_224_spit/test/PHOMOPSIS_LEAF_SPOT/to_label_3923.jpg,PHOMOPSIS_LEAF_SPOT,772,val
DLD_FinalDataset_224_spit/test/PHOMOPSIS_LEAF_SPOT/to_label_3925.jpg,PHOMOPSIS_LEAF_SPOT,773,train
DLD_FinalDataset_224_spit/test/PHOMOPSIS_LEAF_SPOT/to_label_3928.jpg,PHOMOPSIS_LEAF_SPOT,774,train
DLD_FinalDataset_224_spit/test/PHOMOPSIS_LEAF_SPOT/to_label_3929.jpg,PHOMOPSIS_LEAF_SPOT,775,train
DLD_FinalDataset_224_spit/test/PHOMOPSIS_LEAF_SPOT/to_label_3935.jpg,PHOMOPSIS_LEAF_SPOT,776,test
DLD_FinalDataset_224_spit/test/PHOMOPSIS_LEAF_SPOT/to_label_3937.jpg,PHOMOPSIS_LEAF_SPOT,777,train
DLD_FinalDataset_224_spit/test/PHOMOPSIS_LEAF_SPOT/to_label_3942.jpg,PHOMOPSIS_LEAF_SPOT,778,train
DLD_FinalDataset_224_spit/test/PHOMOPSIS_LEAF_SPOT/to_label_3950.jpg,PHOMOPSIS_LEAF_SPOT,779,train
DLD_FinalDataset_224_spit/test/PHOMOPSIS_LEAF_SPOT/to_label_3954.jpg,PHOMOPSIS_LEAF_SPOT,780,train
DLD_FinalDataset_224_spit/test/PHOMOPSIS_LEAF_SPOT/to_label_3956.jpg,PHOMOPSIS_LEAF_SPOT,781,train
DLD_FinalDataset_224_spit/test/PHOMOPSIS_LEAF_SPOT/to_label_3982.jpg,PHOMOPSIS_LEAF_SPOT,782,train
DLD_FinalDataset_224_spit/test/PHOMOPSIS_LEAF_SPOT/to_label_3984.jpg,PHOMOPSIS_LEAF_SPOT,783,train
DLD_FinalDataset_224_spit/test/PHOMOPSIS_LEAF_SPOT/to_label_3985.jpg,PHOMOPSIS_LEAF_SPOT,784,train
DLD_FinalDataset_224_spit/test/PHOMOPSIS_LEAF_SPOT/to_label_3990.jpg,PHOMOPSIS_LEAF_SPOT,785,test
DLD_FinalDataset_224_spit/test/PHOMOPSIS_LEAF_SPOT/to_label_4003.jpg,PHOMOPSIS_LEAF_SPOT,786,test
DLD_FinalDataset_224_spit/test/PHOMOPSIS_LEAF_SPOT/to_label_4004.jpg,PHOMOPSIS_LEAF_SPOT,787,train
DLD_FinalDataset_224_spit/test/PHOMOPSIS_LEAF_SPOT/to_label_4005.jpg,PHOMOPSIS_LEAF_SPOT,788,train
DLD_FinalDataset_224_spit/test/PHOMOPSIS_LEAF_SPOT/to_label_4013.jpg,PHOMOPSIS_LEAF_SPOT,789,train
DLD_FinalDataset_224_spit/test/PHOMOPSIS_LEAF_SPOT/to_label_4016.jpg,PHOMOPSIS_LEAF_SPOT,790,train
DLD_FinalDataset_224_spit/test/PHOMOPSIS_LEAF_SPOT/to_label_4031.jpg,PHOMOPSIS_LEAF_SPOT,791,test
DLD_FinalDataset_224_spit/test/PHOMOPSIS_LEAF_SPOT/to_label_4032.jpg,PHOMOPSIS_LEAF_SPOT,792,test
DLD_FinalDataset_224_spit/test/PHOMOPSIS_LEAF_SPOT/to_label_4034.jpg,PHOMOPSIS_LEAF_SPOT,793,train
DLD_FinalDataset_224_spit/test/PHOMOPSIS_LEAF_SPOT/to_label_4051.jpg,PHOMOPSIS_LEAF_SPOT,794,test
DLD_FinalDataset_224_spit/test/PHOMOPSIS_LEAF_SPOT/to_label_4053.jpg,PHOMOPSIS_LEAF_SPOT,795,train
DLD_FinalDataset_224_spit/test/PHOMOPSIS_LEAF_SPOT/to_label_4054.jpg,PHOMOPSIS_LEAF_SPOT,796,train
DLD_FinalDataset_224_spit/test/PHOMOPSIS_LEAF_SPOT/to_label_4055.jpg,PHOMOPSIS_LEAF_SPOT,797,train
DLD_FinalDataset_224_spit/test/PHOMOPSIS_LEAF_SPOT/to_label_4056.jpg,PHOMOPSIS_LEAF_SPOT,798,val
DLD_FinalDataset_224_spit/test/PHOMOPSIS_LEAF_SPOT/to_label_4057.jpg,PHOMOPSIS_LEAF_SPOT,799,test
DLD_FinalDataset_224_spit/test/PHOMOPSIS_LEAF_SPOT/to_label_4063.jpg,PHOMOPSIS_LEAF_SPOT,800,train
DLD_FinalDataset_224_spit/test/PHOMOPSIS_LEAF_SPOT/to_label_4067.jpg,PHOMOPSIS_LEAF_SPOT,801,train
DLD_FinalDataset_224_spit/test/PHOMOPSIS_LEAF_SPOT/to_label_4071.jpg,PHOMOPSIS_LEAF_SPOT,802,train
DLD_FinalDataset_224_spit/test/PHOMOPSIS_LEAF_SPOT/to_label_4076.jpg,PHOMOPSIS_LEAF_SPOT,803,train
DLD_FinalDataset_224_spit/test/PHOMOPSIS_LEAF_SPOT/to_label_4087.jpg,PHOMOPSIS_LEAF_SPOT,804,train
DLD_FinalDataset_224_spit/test/PHOMOPSIS_LEAF_SPOT/to_label_4088.jpg,PHOMOPSIS_LEAF_SPOT,805,train
DLD_FinalDataset_224_spit/test/PHOMOPSIS_LEAF_SPOT/to_label_4090.jpg,PHOMOPSIS_LEAF_SPOT,806,train
DLD_FinalDataset_224_spit/test/PHOMOPSIS_LEAF_SPOT/to_label_4105.jpg,PHOMOPSIS_LEAF_SPOT,807,train
DLD_FinalDataset_224_spit/test/PHOMOPSIS_LEAF_SPOT/to_label_4106.jpg,PHOMOPSIS_LEAF_SPOT,808,train
DLD_FinalDataset_224_spit/test/PHOMOPSIS_LEAF_SPOT/to_label_4110.jpg,PHOMOPSIS_LEAF_SPOT,809,train
DLD_FinalDataset_224_spit/test/PHOMOPSIS_LEAF_SPOT/to_label_4117.jpg,PHOMOPSIS_LEAF_SPOT,810,train
DLD_FinalDataset_224_spit/test/PHOMOPSIS_LEAF_SPOT/to_label_4120.jpg,PHOMOPSIS_LEAF_SPOT,811,val
DLD_FinalDataset_224_spit/test/PHOMOPSIS_LEAF_SPOT/to_label_4122.jpg,PHOMOPSIS_LEAF_SPOT,812,val
DLD_FinalDataset_224_spit/test/PHOMOPSIS_LEAF_SPOT/to_label_4124.jpg,PHOMOPSIS_LEAF_SPOT,813,train
DLD_FinalDataset_224_spit/test/PHOMOPSIS_LEAF_SPOT/to_label_4130.jpg,PHOMOPSIS_LEAF_SPOT,814,train
DLD_FinalDataset_224_spit/test/PHOMOPSIS_LEAF_SPOT/to_label_4139.jpg,PHOMOPSIS_LEAF_SPOT,815,test
DLD_FinalDataset_224_spit/test/PHOMOPSIS_LEAF_SPOT/to_label_4141.jpg,PHOMOPSIS_LEAF_SPOT,816,train
DLD_FinalDataset_224_spit/test/PHOMOPSIS_LEAF_SPOT/to_label_4146.jpg,PHOMOPSIS_LEAF_SPOT,817,train
DLD_FinalDataset_224_spit/test/PHOMOPSIS_LEAF_SPOT/to_label_4149.jpg,PHOMOPSIS_LEAF_SPOT,818,train
DLD_FinalDataset_224_spit/test/PHOMOPSIS_LEAF_SPOT/to_label_4153.jpg,PHOMOPSIS_LEAF_SPOT,819,train
DLD_FinalDataset_224_spit/test/PHOMOPSIS_LEAF_SPOT/to_label_4158.jpg,PHOMOPSIS_LEAF_SPOT,820,train
DLD_FinalDataset_224_spit/test/PHOMOPSIS_LEAF_SPOT/to_label_4159.jpg,PHOMOPSIS_LEAF_SPOT,821,train
DLD_FinalDataset_224_spit/test/PHOMOPSIS_LEAF_SPOT/to_label_4168.jpg,PHOMOPSIS_LEAF_SPOT,822,train
DLD_FinalDataset_224_spit/test/PHOMOPSIS_LEAF_SPOT/to_label_4170.jpg,PHOMOPSIS_LEAF_SPOT,823,train
DLD_FinalDataset_224_spit/test/PHOMOPSIS_LEAF_SPOT/to_label_4175.jpg,PHOMOPSIS_LEAF_SPOT,824,test
DLD_FinalDataset_224_spit/test/PHOMOPSIS_LEAF_SPOT/to_label_4177.jpg,PHOMOPSIS_LEAF_SPOT,825,test
DLD_FinalDataset_224_spit/test/PHOMOPSIS_LEAF_SPOT/to_label_4181.jpg,PHOMOPSIS_LEAF_SPOT,826,train
DLD_FinalDataset_224_spit/test/PHOMOPSIS_LEAF_SPOT/to_label_4192.jpg,PHOMOPSIS_LEAF_SPOT,827,train
DLD_FinalDataset_224_spit/test/PHOMOPSIS_LEAF_SPOT/to_label_4195.jpg,PHOMOPSIS_LEAF_SPOT,828,train
DLD_FinalDataset_224_spit/test/PHOMOPSIS_LEAF_SPOT/to_label_4198.jpg,PHOMOPSIS_LEAF_SPOT,829,train
DLD_FinalDataset_224_spit/test/PHOMOPSIS_LEAF_SPOT/to_label_4199.jpg,PHOMOPSIS_LEAF_SPOT,830,train
DLD_FinalDataset_224_spit/test/PHOMOPSIS_LEAF_SPOT/to_label_4205.jpg,PHOMOPSIS_LEAF_SPOT,831,train
DLD_FinalDataset_224_spit/test/PHOMOPSIS_LEAF_SPOT/to_label_4208.jpg,PHOMOPSIS_LEAF_SPOT,832,train
DLD_FinalDataset_224_spit/test/PHOMOPSIS_LEAF_SPOT/to_label_4211.jpg,PHOMOPSIS_LEAF_SPOT,833,train
DLD_FinalDataset_224_spit/test/PHOMOPSIS_LEAF_SPOT/to_label_4213.jpg,PHOMOPSIS_LEAF_SPOT,834,test
DLD_FinalDataset_224_spit/test/PHOMOPSIS_LEAF_SPOT/to_label_4225.jpg,PHOMOPSIS_LEAF_SPOT,835,train
DLD_FinalDataset_224_spit/test/PHOMOPSIS_LEAF_SPOT/to_label_4239.jpg,PHOMOPSIS_LEAF_SPOT,836,train
DLD_FinalDataset_224_spit/test/PHOMOPSIS_LEAF_SPOT/to_label_4241.jpg,PHOMOPSIS_LEAF_SPOT,837,train
DLD_FinalDataset_224_spit/test/PHOMOPSIS_LEAF_SPOT/to_label_4266.jpg,PHOMOPSIS_LEAF_SPOT,838,train
DLD_FinalDataset_224_spit/test/PHOMOPSIS_LEAF_SPOT/to_label_4273.jpg,PHOMOPSIS_LEAF_SPOT,839,train
DLD_FinalDataset_224_spit/test/PHOMOPSIS_LEAF_SPOT/to_label_4280.jpg,PHOMOPSIS_LEAF_SPOT,840,train
DLD_FinalDataset_224_spit/test/PHOMOPSIS_LEAF_SPOT/to_label_4283.jpg,PHOMOPSIS_LEAF_SPOT,841,train
DLD_FinalDataset_224_spit/test/PHOMOPSIS_LEAF_SPOT/to_label_4285.jpg,PHOMOPSIS_LEAF_SPOT,842,test
DLD_FinalDataset_224_spit/test/PHOMOPSIS_LEAF_SPOT/to_label_4287.jpg,PHOMOPSIS_LEAF_SPOT,843,train
DLD_FinalDataset_224_spit/test/PHOMOPSIS_LEAF_SPOT/to_label_4291.jpg,PHOMOPSIS_LEAF_SPOT,844,test
DLD_FinalDataset_224_spit/test/PHOMOPSIS_LEAF_SPOT/to_label_4301.jpg,PHOMOPSIS_LEAF_SPOT,845,train
DLD_FinalDataset_224_spit/test/PHOMOPSIS_LEAF_SPOT/to_label_4303.jpg,PHOMOPSIS_LEAF_SPOT,846,train
DLD_FinalDataset_224_spit/test/PHOMOPSIS_LEAF_SPOT/to_label_4307.jpg,PHOMOPSIS_LEAF_SPOT,847,train
DLD_FinalDataset_224_spit/test/PHOMOPSIS_LEAF_SPOT/to_label_4308.jpg,PHOMOPSIS_LEAF_SPOT,848,test
DLD_FinalDataset_224_spit/test/PHOMOPSIS_LEAF_SPOT/to_label_4317.jpg,PHOMOPSIS_LEAF_SPOT,849,test
DLD_FinalDataset_224_spit/test/PHOMOPSIS_LEAF_SPOT/to_label_4319.jpg,PHOMOPSIS_LEAF_SPOT,850,train
DLD_FinalDataset_224_spit/test/PHOMOPSIS_LEAF_SPOT/to_label_4326.jpg,PHOMOPSIS_LEAF_SPOT,851,train
DLD_FinalDataset_224_spit/test/PHOMOPSIS_LEAF_SPOT/to_label_4331.jpg,PHOMOPSIS_LEAF_SPOT,852,test
DLD_FinalDataset_224_spit/test/PHOMOPSIS_LEAF_SPOT/to_label_4336.jpg,PHOMOPSIS_LEAF_SPOT,853,train
DLD_FinalDataset_224_spit/test/PHOMOPSIS_LEAF_SPOT/to_label_4338.jpg,PHOMOPSIS_LEAF_SPOT,854,train
DLD_FinalDataset_224_spit/test/PHOMOPSIS_LEAF_SPOT/to_label_4339.jpg,PHOMOPSIS_LEAF_SPOT,855,train
DLD_FinalDataset_224_spit/test/PHOMOPSIS_LEAF_SPOT/to_label_4351.jpg,PHOMOPSIS_LEAF_SPOT,856,train
DLD_FinalDataset_224_spit/test/PHOMOPSIS_LEAF_SPOT/to_label_4363.jpg,PHOMOPSIS_LEAF_SPOT,857,train
DLD_FinalDataset_224_spit/test/PHOMOPSIS_LEAF_SPOT/to_label_4374.jpg,PHOMOPSIS_LEAF_SPOT,858,test
DLD_FinalDataset_224_spit/test/PHOMOPSIS_LEAF_SPOT/to_label_4384.jpg,PHOMOPSIS_LEAF_SPOT,859,train
DLD_FinalDataset_224_spit/test/PHOMOPSIS_LEAF_SPOT/to_label_4389.jpg,PHOMOPSIS_LEAF_SPOT,860,train
DLD_FinalDataset_224_spit/test/PHOMOPSIS_LEAF_SPOT/to_label_4390.jpg,PHOMOPSIS_LEAF_SPOT,861,test
DLD_FinalDataset_224_spit/test/PHOMOPSIS_LEAF_SPOT/to_label_4393.jpg,PHOMOPSIS_LEAF_SPOT,862,train
DLD_FinalDataset_224_spit/test/PHOMOPSIS_LEAF_SPOT/to_label_4395.jpg,PHOMOPSIS_LEAF_SPOT,863,train
DLD_FinalDataset_224_spit/test/PHOMOPSIS_LEAF_SPOT/to_label_4396.jpg,PHOMOPSIS_LEAF_SPOT,864,train
DLD_FinalDataset_224_spit/test/PHOMOPSIS_LEAF_SPOT/to_label_4397.jpg,PHOMOPSIS_LEAF_SPOT,865,train
DLD_FinalDataset_224_spit/test/PHOMOPSIS_LEAF_SPOT/to_label_4403.jpg,PHOMOPSIS_LEAF_SPOT,866,train
DLD_FinalDataset_224_spit/test/PHOMOPSIS_LEAF_SPOT/to_label_4408.jpg,PHOMOPSIS_LEAF_SPOT,867,train
DLD_FinalDataset_224_spit/test/PHOMOPSIS_LEAF_SPOT/to_label_4412.jpg,PHOMOPSIS_LEAF_SPOT,868,train
DLD_FinalDataset_224_spit/test/PHOMOPSIS_LEAF_SPOT/to_label_4414.jpg,PHOMOPSIS_LEAF_SPOT,869,test
DLD_FinalDataset_224_spit/test/PHOMOPSIS_LEAF_SPOT/to_label_4416.jpg,PHOMOPSIS_LEAF_SPOT,870,train
DLD_FinalDataset_224_spit/test/PHOMOPSIS_LEAF_SPOT/to_label_4417.jpg,PHOMOPSIS_LEAF_SPOT,871,test
DLD_FinalDataset_224_spit/test/PHOMOPSIS_LEAF_SPOT/to_label_4423.jpg,PHOMOPSIS_LEAF_SPOT,872,train
DLD_FinalDataset_224_spit/test/PHOMOPSIS_LEAF_SPOT/to_label_4425.jpg,PHOMOPSIS_LEAF_SPOT,873,test
DLD_FinalDataset_224_spit/test/PHOMOPSIS_LEAF_SPOT/to_label_4431.jpg,PHOMOPSIS_LEAF_SPOT,874,train
DLD_FinalDataset_224_spit/test/PHOMOPSIS_LEAF_SPOT/to_label_4432.jpg,PHOMOPSIS_LEAF_SPOT,875,train
DLD_FinalDataset_224_spit/test/PHOMOPSIS_LEAF_SPOT/to_label_4433.jpg,PHOMOPSIS_LEAF_SPOT,876,test
DLD_FinalDataset_224_spit/test/PHOMOPSIS_LEAF_SPOT/to_label_4434.jpg,PHOMOPSIS_LEAF_SPOT,877,train
DLD_FinalDataset_224_spit/test/PHOMOPSIS_LEAF_SPOT/to_label_4443.jpg,PHOMOPSIS_LEAF_SPOT,878,train
DLD_FinalDataset_224_spit/test/PHOMOPSIS_LEAF_SPOT/to_label_4445.jpg,PHOMOPSIS_LEAF_SPOT,879,train
DLD_FinalDataset_224_spit/test/PHOMOPSIS_LEAF_SPOT/to_label_4453.jpg,PHOMOPSIS_LEAF_SPOT,880,train
DLD_FinalDataset_224_spit/test/PHOMOPSIS_LEAF_SPOT/to_label_4456.jpg,PHOMOPSIS_LEAF_SPOT,881,val
DLD_FinalDataset_224_spit/test/PHOMOPSIS_LEAF_SPOT/to_label_4459.jpg,PHOMOPSIS_LEAF_SPOT,882,val
DLD_FinalDataset_224_spit/test/PHOMOPSIS_LEAF_SPOT/to_label_4463.jpg,PHOMOPSIS_LEAF_SPOT,883,train
DLD_FinalDataset_224_spit/test/PHOMOPSIS_LEAF_SPOT/to_label_4464.jpg,PHOMOPSIS_LEAF_SPOT,884,train
DLD_FinalDataset_224_spit/test/PHOMOPSIS_LEAF_SPOT/to_label_4477.jpg,PHOMOPSIS_LEAF_SPOT,885,train
DLD_FinalDataset_224_spit/test/PHOMOPSIS_LEAF_SPOT/to_label_4480.jpg,PHOMOPSIS_LEAF_SPOT,886,test
DLD_FinalDataset_224_spit/test/PHOMOPSIS_LEAF_SPOT/to_label_4490.jpg,PHOMOPSIS_LEAF_SPOT,887,val
DLD_FinalDataset_224_spit/test/PHOMOPSIS_LEAF_SPOT/to_label_4496.jpg,PHOMOPSIS_LEAF_SPOT,888,test
DLD_FinalDataset_224_spit/train/ALGAL_LEAF_SPOT/to_label_1.jpg,ALGAL_LEAF_SPOT,889,test
DLD_FinalDataset_224_spit/train/ALGAL_LEAF_SPOT/to_label_10.jpg,ALGAL_LEAF_SPOT,890,train
DLD_FinalDataset_224_spit/train/ALGAL_LEAF_SPOT/to_label_101.jpg,ALGAL_LEAF_SPOT,891,test
DLD_FinalDataset_224_spit/train/ALGAL_LEAF_SPOT/to_label_102.jpg,ALGAL_LEAF_SPOT,892,train
DLD_FinalDataset_224_spit/train/ALGAL_LEAF_SPOT/to_label_103.jpg,ALGAL_LEAF_SPOT,893,train
DLD_FinalDataset_224_spit/train/ALGAL_LEAF_SPOT/to_label_105.jpg,ALGAL_LEAF_SPOT,894,train
DLD_FinalDataset_224_spit/train/ALGAL_LEAF_SPOT/to_label_106.jpg,ALGAL_LEAF_SPOT,895,train
DLD_FinalDataset_224_spit/train/ALGAL_LEAF_SPOT/to_label_107.jpg,ALGAL_LEAF_SPOT,896,train
DLD_FinalDataset_224_spit/train/ALGAL_LEAF_SPOT/to_label_109.jpg,ALGAL_LEAF_SPOT,897,train
DLD_FinalDataset_224_spit/train/ALGAL_LEAF_SPOT/to_label_11.jpg,ALGAL_LEAF_SPOT,898,test
DLD_FinalDataset_224_spit/train/ALGAL_LEAF_SPOT/to_label_110.jpg,ALGAL_LEAF_SPOT,899,train
DLD_FinalDataset_224_spit/train/ALGAL_LEAF_SPOT/to_label_111.jpg,ALGAL_LEAF_SPOT,900,val
DLD_FinalDataset_224_spit/train/ALGAL_LEAF_SPOT/to_label_112.jpg,ALGAL_LEAF_SPOT,901,train
DLD_FinalDataset_224_spit/train/ALGAL_LEAF_SPOT/to_label_113.jpg,ALGAL_LEAF_SPOT,902,train
DLD_FinalDataset_224_spit/train/ALGAL_LEAF_SPOT/to_label_114.jpg,ALGAL_LEAF_SPOT,903,test
DLD_FinalDataset_224_spit/train/ALGAL_LEAF_SPOT/to_label_116.jpg,ALGAL_LEAF_SPOT,904,train
DLD_FinalDataset_224_spit/train/ALGAL_LEAF_SPOT/to_label_117.jpg,ALGAL_LEAF_SPOT,905,train
DLD_FinalDataset_224_spit/train/ALGAL_LEAF_SPOT/to_label_118.jpg,ALGAL_LEAF_SPOT,906,train
DLD_FinalDataset_224_spit/train/ALGAL_LEAF_SPOT/to_label_119.jpg,ALGAL_LEAF_SPOT,907,val
DLD_FinalDataset_224_spit/train/ALGAL_LEAF_SPOT/to_label_121.jpg,ALGAL_LEAF_SPOT,908,test
DLD_FinalDataset_224_spit/train/ALGAL_LEAF_SPOT/to_label_122.jpg,ALGAL_LEAF_SPOT,909,train
DLD_FinalDataset_224_spit/train/ALGAL_LEAF_SPOT/to_label_123.jpg,ALGAL_LEAF_SPOT,910,train
DLD_FinalDataset_224_spit/train/ALGAL_LEAF_SPOT/to_label_124.jpg,ALGAL_LEAF_SPOT,911,train
DLD_FinalDataset_224_spit/train/ALGAL_LEAF_SPOT/to_label_128.jpg,ALGAL_LEAF_SPOT,912,train
DLD_FinalDataset_224_spit/train/ALGAL_LEAF_SPOT/to_label_13.jpg,ALGAL_LEAF_SPOT,913,train
DLD_FinalDataset_224_spit/train/ALGAL_LEAF_SPOT/to_label_130.jpg,ALGAL_LEAF_SPOT,914,train
DLD_FinalDataset_224_spit/train/ALGAL_LEAF_SPOT/to_label_131.jpg,ALGAL_LEAF_SPOT,915,train
DLD_FinalDataset_224_spit/train/ALGAL_LEAF_SPOT/to_label_132.jpg,ALGAL_LEAF_SPOT,916,train
DLD_FinalDataset_224_spit/train/ALGAL_LEAF_SPOT/to_label_133.jpg,ALGAL_LEAF_SPOT,917,train
DLD_FinalDataset_224_spit/train/ALGAL_LEAF_SPOT/to_label_135.jpg,ALGAL_LEAF_SPOT,918,test
DLD_FinalDataset_224_spit/train/ALGAL_LEAF_SPOT/to_label_137.jpg,ALGAL_LEAF_SPOT,919,train
DLD_FinalDataset_224_spit/train/ALGAL_LEAF_SPOT/to_label_138.jpg,ALGAL_LEAF_SPOT,920,train
DLD_FinalDataset_224_spit/train/ALGAL_LEAF_SPOT/to_label_14.jpg,ALGAL_LEAF_SPOT,921,train
DLD_FinalDataset_224_spit/train/ALGAL_LEAF_SPOT/to_label_140.jpg,ALGAL_LEAF_SPOT,922,train
DLD_FinalDataset_224_spit/train/ALGAL_LEAF_SPOT/to_label_141.jpg,ALGAL_LEAF_SPOT,923,train
DLD_FinalDataset_224_spit/train/ALGAL_LEAF_SPOT/to_label_142.jpg,ALGAL_LEAF_SPOT,924,test
DLD_FinalDataset_224_spit/train/ALGAL_LEAF_SPOT/to_label_144.jpg,ALGAL_LEAF_SPOT,925,train
DLD_FinalDataset_224_spit/train/ALGAL_LEAF_SPOT/to_label_146.jpg,ALGAL_LEAF_SPOT,926,test
DLD_FinalDataset_224_spit/train/ALGAL_LEAF_SPOT/to_label_147.jpg,ALGAL_LEAF_SPOT,927,train
DLD_FinalDataset_224_spit/train/ALGAL_LEAF_SPOT/to_label_150.jpg,ALGAL_LEAF_SPOT,928,train
DLD_FinalDataset_224_spit/train/ALGAL_LEAF_SPOT/to_label_151.jpg,ALGAL_LEAF_SPOT,929,test
DLD_FinalDataset_224_spit/train/ALGAL_LEAF_SPOT/to_label_152.jpg,ALGAL_LEAF_SPOT,930,train
DLD_FinalDataset_224_spit/train/ALGAL_LEAF_SPOT/to_label_155.jpg,ALGAL_LEAF_SPOT,931,train
DLD_FinalDataset_224_spit/train/ALGAL_LEAF_SPOT/to_label_157.jpg,ALGAL_LEAF_SPOT,932,train
DLD_FinalDataset_224_spit/train/ALGAL_LEAF_SPOT/to_label_16.jpg,ALGAL_LEAF_SPOT,933,test
DLD_FinalDataset_224_spit/train/ALGAL_LEAF_SPOT/to_label_160.jpg,ALGAL_LEAF_SPOT,934,train
DLD_FinalDataset_224_spit/train/ALGAL_LEAF_SPOT/to_label_163.jpg,ALGAL_LEAF_SPOT,935,train
DLD_FinalDataset_224_spit/train/ALGAL_LEAF_SPOT/to_label_165.jpg,ALGAL_LEAF_SPOT,936,test
DLD_FinalDataset_224_spit/train/ALGAL_LEAF_SPOT/to_label_166.jpg,ALGAL_LEAF_SPOT,937,train
DLD_FinalDataset_224_spit/train/ALGAL_LEAF_SPOT/to_label_167.jpg,ALGAL_LEAF_SPOT,938,train
DLD_FinalDataset_224_spit/train/ALGAL_LEAF_SPOT/to_label_171.jpg,ALGAL_LEAF_SPOT,939,test
DLD_FinalDataset_224_spit/train/ALGAL_LEAF_SPOT/to_label_176.jpg,ALGAL_LEAF_SPOT,940,train
DLD_FinalDataset_224_spit/train/ALGAL_LEAF_SPOT/to_label_178.jpg,ALGAL_LEAF_SPOT,941,train
DLD_FinalDataset_224_spit/train/ALGAL_LEAF_SPOT/to_label_179.jpg,ALGAL_LEAF_SPOT,942,train
DLD_FinalDataset_224_spit/train/ALGAL_LEAF_SPOT/to_label_18.jpg,ALGAL_LEAF_SPOT,943,test
DLD_FinalDataset_224_spit/train/ALGAL_LEAF_SPOT/to_label_181.jpg,ALGAL_LEAF_SPOT,944,train
DLD_FinalDataset_224_spit/train/ALGAL_LEAF_SPOT/to_label_182.jpg,ALGAL_LEAF_SPOT,945,test
DLD_FinalDataset_224_spit/train/ALGAL_LEAF_SPOT/to_label_183.jpg,ALGAL_LEAF_SPOT,946,train
DLD_FinalDataset_224_spit/train/ALGAL_LEAF_SPOT/to_label_184.jpg,ALGAL_LEAF_SPOT,947,train
DLD_FinalDataset_224_spit/train/ALGAL_LEAF_SPOT/to_label_185.jpg,ALGAL_LEAF_SPOT,948,train
DLD_FinalDataset_224_spit/train/ALGAL_LEAF_SPOT/to_label_186.jpg,ALGAL_LEAF_SPOT,949,test
DLD_FinalDataset_224_spit/train/ALGAL_LEAF_SPOT/to_label_188.jpg,ALGAL_LEAF_SPOT,950,train
DLD_FinalDataset_224_spit/train/ALGAL_LEAF_SPOT/to_label_189.jpg,ALGAL_LEAF_SPOT,951,train
DLD_FinalDataset_224_spit/train/ALGAL_LEAF_SPOT/to_label_19.jpg,ALGAL_LEAF_SPOT,952,train
DLD_FinalDataset_224_spit/train/ALGAL_LEAF_SPOT/to_label_191.jpg,ALGAL_LEAF_SPOT,953,train
DLD_FinalDataset_224_spit/train/ALGAL_LEAF_SPOT/to_label_192.jpg,ALGAL_LEAF_SPOT,954,train
DLD_FinalDataset_224_spit/train/ALGAL_LEAF_SPOT/to_label_193.jpg,ALGAL_LEAF_SPOT,955,train
DLD_FinalDataset_224_spit/train/ALGAL_LEAF_SPOT/to_label_194.jpg,ALGAL_LEAF_SPOT,956,train
DLD_FinalDataset_224_spit/train/ALGAL_LEAF_SPOT/to_label_195.jpg,ALGAL_LEAF_SPOT,957,train
DLD_FinalDataset_224_spit/train/ALGAL_LEAF_SPOT/to_label_196.jpg,ALGAL_LEAF_SPOT,26,val
DLD_FinalDataset_224_spit/train/ALGAL_LEAF_SPOT/to_label_2.jpg,ALGAL_LEAF_SPOT,958,train
DLD_FinalDataset_224_spit/train/ALGAL_LEAF_SPOT/to_label_20.jpg,ALGAL_LEAF_SPOT,959,train
DLD_FinalDataset_224_spit/train/ALGAL_LEAF_SPOT/to_label_200.jpg,ALGAL_LEAF_SPOT,960,train
DLD_FinalDataset_224_spit/train/ALGAL_LEAF_SPOT/to_label_201.jpg,ALGAL_LEAF_SPOT,961,train
DLD_FinalDataset_224_spit/train/ALGAL_LEAF_SPOT/to_label_202.jpg,ALGAL_LEAF_SPOT,962,train
DLD_FinalDataset_224_spit/train/ALGAL_LEAF_SPOT/to_label_203.jpg,ALGAL_LEAF_SPOT,963,train
DLD_FinalDataset_224_spit/train/ALGAL_LEAF_SPOT/to_label_204.jpg,ALGAL_LEAF_SPOT,964,test
DLD_FinalDataset_224_spit/train/ALGAL_LEAF_SPOT/to_label_206.jpg,ALGAL_LEAF_SPOT,965,val
DLD_FinalDataset_224_spit/train/ALGAL_LEAF_SPOT/to_label_208.jpg,ALGAL_LEAF_SPOT,966,val
DLD_FinalDataset_224_spit/train/ALGAL_LEAF_SPOT/to_label_209.jpg,ALGAL_LEAF_SPOT,967,train
DLD_FinalDataset_224_spit/train/ALGAL_LEAF_SPOT/to_label_21.jpg,ALGAL_LEAF_SPOT,968,train
DLD_FinalDataset_224_spit/train/ALGAL_LEAF_SPOT/to_label_210.jpg,ALGAL_LEAF_SPOT,969,val
DLD_FinalDataset_224_spit/train/ALGAL_LEAF_SPOT/to_label_211.jpg,ALGAL_LEAF_SPOT,970,train
DLD_FinalDataset_224_spit/train/ALGAL_LEAF_SPOT/to_label_212.jpg,ALGAL_LEAF_SPOT,971,train
DLD_FinalDataset_224_spit/train/ALGAL_LEAF_SPOT/to_label_213.jpg,ALGAL_LEAF_SPOT,972,train
DLD_FinalDataset_224_spit/train/ALGAL_LEAF_SPOT/to_label_214.jpg,ALGAL_LEAF_SPOT,973,test
DLD_FinalDataset_224_spit/train/ALGAL_LEAF_SPOT/to_label_215.jpg,ALGAL_LEAF_SPOT,974,train
DLD_FinalDataset_224_spit/train/ALGAL_LEAF_SPOT/to_label_216.jpg,ALGAL_LEAF_SPOT,975,train
DLD_FinalDataset_224_spit/train/ALGAL_LEAF_SPOT/to_label_22.jpg,ALGAL_LEAF_SPOT,976,train
DLD_FinalDataset_224_spit/train/ALGAL_LEAF_SPOT/to_label_222.jpg,ALGAL_LEAF_SPOT,977,train
DLD_FinalDataset_224_spit/train/ALGAL_LEAF_SPOT/to_label_223.jpg,ALGAL_LEAF_SPOT,978,test
DLD_FinalDataset_224_spit/train/ALGAL_LEAF_SPOT/to_label_225.jpg,ALGAL_LEAF_SPOT,979,train
DLD_FinalDataset_224_spit/train/ALGAL_LEAF_SPOT/to_label_226.jpg,ALGAL_LEAF_SPOT,980,test
DLD_FinalDataset_224_spit/train/ALGAL_LEAF_SPOT/to_label_227.jpg,ALGAL_LEAF_SPOT,981,train
DLD_FinalDataset_224_spit/train/ALGAL_LEAF_SPOT/to_label_228.jpg,ALGAL_LEAF_SPOT,982,val
DLD_FinalDataset_224_spit/train/ALGAL_LEAF_SPOT/to_label_229.jpg,ALGAL_LEAF_SPOT,983,train
DLD_FinalDataset_224_spit/train/ALGAL_LEAF_SPOT/to_label_230.jpg,ALGAL_LEAF_SPOT,984,train
DLD_FinalDataset_224_spit/train/ALGAL_LEAF_SPOT/to_label_231.jpg,ALGAL_LEAF_SPOT,985,test
DLD_FinalDataset_224_spit/train/ALGAL_LEAF_SPOT/to_label_233.jpg,ALGAL_LEAF_SPOT,986,val
DLD_FinalDataset_224_spit/train/ALGAL_LEAF_SPOT/to_label_234.jpg,ALGAL_LEAF_SPOT,987,train
DLD_FinalDataset_224_spit/train/ALGAL_LEAF_SPOT/to_label_235.jpg,ALGAL_LEAF_SPOT,988,train
DLD_FinalDataset_224_spit/train/ALGAL_LEAF_SPOT/to_label_236.jpg,ALGAL_LEAF_SPOT,989,train
DLD_FinalDataset_224_spit/train/ALGAL_LEAF_SPOT/to_label_237.jpg,ALGAL_LEAF_SPOT,990,train
DLD_FinalDataset_224_spit/train/ALGAL_LEAF_SPOT/to_label_238.jpg,ALGAL_LEAF_SPOT,991,train
DLD_FinalDataset_224_spit/train/ALGAL_LEAF_SPOT/to_label_24.jpg,ALGAL_LEAF_SPOT,992,val
DLD_FinalDataset_224_spit/train/ALGAL_LEAF_SPOT/to_label_240.jpg,ALGAL_LEAF_SPOT,993,train
DLD_FinalDataset_224_spit/train/ALGAL_LEAF_SPOT/to_label_242.jpg,ALGAL_LEAF_SPOT,994,train
DLD_FinalDataset_224_spit/train/ALGAL_LEAF_SPOT/to_label_243.jpg,ALGAL_LEAF_SPOT,995,train
DLD_FinalDataset_224_spit/train/ALGAL_LEAF_SPOT/to_label_244.jpg,ALGAL_LEAF_SPOT,996,train
DLD_FinalDataset_224_spit/train/ALGAL_LEAF_SPOT/to_label_245.jpg,ALGAL_LEAF_SPOT,997,test
DLD_FinalDataset_224_spit/train/ALGAL_LEAF_SPOT/to_label_246.jpg,ALGAL_LEAF_SPOT,998,test
DLD_FinalDataset_224_spit/train/ALGAL_LEAF_SPOT/to_label_249.jpg,ALGAL_LEAF_SPOT,999,test
DLD_FinalDataset_224_spit/train/ALGAL_LEAF_SPOT/to_label_25.jpg,ALGAL_LEAF_SPOT,1000,train
DLD_FinalDataset_224_spit/train/ALGAL_LEAF_SPOT/to_label_250.jpg,ALGAL_LEAF_SPOT,1001,train
DLD_FinalDataset_224_spit/train/ALGAL_LEAF_SPOT/to_label_251.jpg,ALGAL_LEAF_SPOT,1002,train
DLD_FinalDataset_224_spit/train/ALGAL_LEAF_SPOT/to_label_252.jpg,ALGAL_LEAF_SPOT,1003,train
DLD_FinalDataset_224_spit/train/ALGAL_LEAF_SPOT/to_label_253.jpg,ALGAL_LEAF_SPOT,1004,train
DLD_FinalDataset_224_spit/train/ALGAL_LEAF_SPOT/to_label_254.jpg,ALGAL_LEAF_SPOT,1005,train
DLD_FinalDataset_224_spit/train/ALGAL_LEAF_SPOT/to_label_255.jpg,ALGAL_LEAF_SPOT,1006,train
DLD_FinalDataset_224_spit/train/ALGAL_LEAF_SPOT/to_label_257.jpg,ALGAL_LEAF_SPOT,1007,train
DLD_FinalDataset_224_spit/train/ALGAL_LEAF_SPOT/to_label_259.jpg,ALGAL_LEAF_SPOT,1008,train
DLD_FinalDataset_224_spit/train/ALGAL_LEAF_SPOT/to_label_26.jpg,ALGAL_LEAF_SPOT,1009,val
DLD_FinalDataset_224_spit/train/ALGAL_LEAF_SPOT/to_label_260.jpg,ALGAL_LEAF_SPOT,1010,test
DLD_FinalDataset_224_spit/train/ALGAL_LEAF_SPOT/to_label_261.jpg,ALGAL_LEAF_SPOT,1011,train
DLD_FinalDataset_224_spit/train/ALGAL_LEAF_SPOT/to_label_264.jpg,ALGAL_LEAF_SPOT,1012,train
DLD_FinalDataset_224_spit/train/ALGAL_LEAF_SPOT/to_label_265.jpg,ALGAL_LEAF_SPOT,1013,train
DLD_FinalDataset_224_spit/train/ALGAL_LEAF_SPOT/to_label_266.jpg,ALGAL_LEAF_SPOT,1014,train
DLD_FinalDataset_224_spit/train/ALGAL_LEAF_SPOT/to_label_267.jpg,ALGAL_LEAF_SPOT,1015,train
DLD_FinalDataset_224_spit/train/ALGAL_LEAF_SPOT/to_label_268.jpg,ALGAL_LEAF_SPOT,1016,train
DLD_FinalDataset_224_spit/train/ALGAL_LEAF_SPOT/to_label_269.jpg,ALGAL_LEAF_SPOT,1017,train
DLD_FinalDataset_224_spit/train/ALGAL_LEAF_SPOT/to_label_27.jpg,ALGAL_LEAF_SPOT,1018,train
DLD_FinalDataset_224_spit/train/ALGAL_LEAF_SPOT/to_label_270.jpg,ALGAL_LEAF_SPOT,1019,train
DLD_FinalDataset_224_spit/train/ALGAL_LEAF_SPOT/to_label_271.jpg,ALGAL_LEAF_SPOT,1020,train
DLD_FinalDataset_224_spit/train/ALGAL_LEAF_SPOT/to_label_273.jpg,ALGAL_LEAF_SPOT,1021,train
DLD_FinalDataset_224_spit/train/ALGAL_LEAF_SPOT/to_label_274.jpg,ALGAL_LEAF_SPOT,1022,train
DLD_FinalDataset_224_spit/train/ALGAL_LEAF_SPOT/to_label_275.jpg,ALGAL_LEAF_SPOT,1023,test
DLD_FinalDataset_224_spit/train/ALGAL_LEAF_SPOT/to_label_277.jpg,ALGAL_LEAF_SPOT,1024,train
DLD_FinalDataset_224_spit/train/ALGAL_LEAF_SPOT/to_label_28.jpg,ALGAL_LEAF_SPOT,1025,test
DLD_FinalDataset_224_spit/train/ALGAL_LEAF_SPOT/to_label_280.jpg,ALGAL_LEAF_SPOT,1026,train
DLD_FinalDataset_224_spit/train/ALGAL_LEAF_SPOT/to_label_281.jpg,ALGAL_LEAF_SPOT,1027,train
DLD_FinalDataset_224_spit/train/ALGAL_LEAF_SPOT/to_label_282.jpg,ALGAL_LEAF_SPOT,1028,test
DLD_FinalDataset_224_spit/train/ALGAL_LEAF_SPOT/to_label_284.jpg,ALGAL_LEAF_SPOT,1029,test
DLD_FinalDataset_224_spit/train/ALGAL_LEAF_SPOT/to_label_285.jpg,ALGAL_LEAF_SPOT,1030,train
DLD_FinalDataset_224_spit/train/ALGAL_LEAF_SPOT/to_label_286.jpg,ALGAL_LEAF_SPOT,1031,test
DLD_FinalDataset_224_spit/train/ALGAL_LEAF_SPOT/to_label_292.jpg,ALGAL_LEAF_SPOT,1032,train
DLD_FinalDataset_224_spit/train/ALGAL_LEAF_SPOT/to_label_294.jpg,ALGAL_LEAF_SPOT,1033,train
DLD_FinalDataset_224_spit/train/ALGAL_LEAF_SPOT/to_label_295.jpg,ALGAL_LEAF_SPOT,1034,train
DLD_FinalDataset_224_spit/train/ALGAL_LEAF_SPOT/to_label_297.jpg,ALGAL_LEAF_SPOT,1035,test
DLD_FinalDataset_224_spit/train/ALGAL_LEAF_SPOT/to_label_299.jpg,ALGAL_LEAF_SPOT,1036,train
DLD_FinalDataset_224_spit/train/ALGAL_LEAF_SPOT/to_label_3.jpg,ALGAL_LEAF_SPOT,1037,train
DLD_FinalDataset_224_spit/train/ALGAL_LEAF_SPOT/to_label_300.jpg,ALGAL_LEAF_SPOT,1038,test
DLD_FinalDataset_224_spit/train/ALGAL_LEAF_SPOT/to_label_301.jpg,ALGAL_LEAF_SPOT,1039,train
DLD_FinalDataset_224_spit/train/ALGAL_LEAF_SPOT/to_label_302.jpg,ALGAL_LEAF_SPOT,1040,train
DLD_FinalDataset_224_spit/train/ALGAL_LEAF_SPOT/to_label_304.jpg,ALGAL_LEAF_SPOT,1041,train
DLD_FinalDataset_224_spit/train/ALGAL_LEAF_SPOT/to_label_305.jpg,ALGAL_LEAF_SPOT,1042,test
DLD_FinalDataset_224_spit/train/ALGAL_LEAF_SPOT/to_label_306.jpg,ALGAL_LEAF_SPOT,1043,train
DLD_FinalDataset_224_spit/train/ALGAL_LEAF_SPOT/to_label_308.jpg,ALGAL_LEAF_SPOT,1044,val
DLD_FinalDataset_224_spit/train/ALGAL_LEAF_SPOT/to_label_309.jpg,ALGAL_LEAF_SPOT,1045,train
DLD_FinalDataset_224_spit/train/ALGAL_LEAF_SPOT/to_label_311.jpg,ALGAL_LEAF_SPOT,1046,test
DLD_FinalDataset_224_spit/train/ALGAL_LEAF_SPOT/to_label_312.jpg,ALGAL_LEAF_SPOT,1047,train
DLD_FinalDataset_224_spit/train/ALGAL_LEAF_SPOT/to_label_313.jpg,ALGAL_LEAF_SPOT,1048,train
DLD_FinalDataset_224_spit/train/ALGAL_LEAF_SPOT/to_label_315.jpg,ALGAL_LEAF_SPOT,1049,train
DLD_FinalDataset_224_spit/train/ALGAL_LEAF_SPOT/to_label_316.jpg,ALGAL_LEAF_SPOT,1050,test
DLD_FinalDataset_224_spit/train/ALGAL_LEAF_SPOT/to_label_317.jpg,ALGAL_LEAF_SPOT,1051,train
DLD_FinalDataset_224_spit/train/ALGAL_LEAF_SPOT/to_label_318.jpg,ALGAL_LEAF_SPOT,1052,test
DLD_FinalDataset_224_spit/train/ALGAL_LEAF_SPOT/to_label_32.jpg,ALGAL_LEAF_SPOT,1053,train
DLD_FinalDataset_224_spit/train/ALGAL_LEAF_SPOT/to_label_320.jpg,ALGAL_LEAF_SPOT,1054,val
DLD_FinalDataset_224_spit/train/ALGAL_LEAF_SPOT/to_label_323.jpg,ALGAL_LEAF_SPOT,1055,train
DLD_FinalDataset_224_spit/train/ALGAL_LEAF_SPOT/to_label_325.jpg,ALGAL_LEAF_SPOT,1056,train
DLD_FinalDataset_224_spit/train/ALGAL_LEAF_SPOT/to_label_326.jpg,ALGAL_LEAF_SPOT,1057,train
DLD_FinalDataset_224_spit/train/ALGAL_LEAF_SPOT/to_label_327.jpg,ALGAL_LEAF_SPOT,1058,train
DLD_FinalDataset_224_spit/train/ALGAL_LEAF_SPOT/to_label_329.jpg,ALGAL_LEAF_SPOT,1059,train
DLD_FinalDataset_224_spit/train/ALGAL_LEAF_SPOT/to_label_33.jpg,ALGAL_LEAF_SPOT,1060,train
DLD_FinalDataset_224_spit/train/ALGAL_LEAF_SPOT/to_label_330.jpg,ALGAL_LEAF_SPOT,1061,train
DLD_FinalDataset_224_spit/train/ALGAL_LEAF_SPOT/to_label_331.jpg,ALGAL_LEAF_SPOT,1062,train
DLD_FinalDataset_224_spit/train/ALGAL_LEAF_SPOT/to_label_334.jpg,ALGAL_LEAF_SPOT,1063,test
DLD_FinalDataset_224_spit/train/ALGAL_LEAF_SPOT/to_label_335.jpg,ALGAL_LEAF_SPOT,1064,train
DLD_FinalDataset_224_spit/train/ALGAL_LEAF_SPOT/to_label_336.jpg,ALGAL_LEAF_SPOT,1065,train
DLD_FinalDataset_224_spit/train/ALGAL_LEAF_SPOT/to_label_34.jpg,ALGAL_LEAF_SPOT,1066,train
DLD_FinalDataset_224_spit/train/ALGAL_LEAF_SPOT/to_label_340.jpg,ALGAL_LEAF_SPOT,1067,train
DLD_FinalDataset_224_spit/train/ALGAL_LEAF_SPOT/to_label_341.jpg,ALGAL_LEAF_SPOT,1068,val
DLD_FinalDataset_224_spit/train/ALGAL_LEAF_SPOT/to_label_342.jpg,ALGAL_LEAF_SPOT,1069,train
DLD_FinalDataset_224_spit/train/ALGAL_LEAF_SPOT/to_label_343.jpg,ALGAL_LEAF_SPOT,1070,train
DLD_FinalDataset_224_spit/train/ALGAL_LEAF_SPOT/to_label_344.jpg,ALGAL_LEAF_SPOT,1071,train
DLD_FinalDataset_224_spit/train/ALGAL_LEAF_SPOT/to_label_345.jpg,ALGAL_LEAF_SPOT,1072,train
DLD_FinalDataset_224_spit/train/ALGAL_LEAF_SPOT/to_label_346.jpg,ALGAL_LEAF_SPOT,1073,train
DLD_FinalDataset_224_spit/train/ALGAL_LEAF_SPOT/to_label_348.jpg,ALGAL_LEAF_SPOT,1074,train
DLD_FinalDataset_224_spit/train/ALGAL_LEAF_SPOT/to_label_349.jpg,ALGAL_LEAF_SPOT,1075,train
DLD_FinalDataset_224_spit/train/ALGAL_LEAF_SPOT/to_label_35.jpg,ALGAL_LEAF_SPOT,1076,train
DLD_FinalDataset_224_spit/train/ALGAL_LEAF_SPOT/to_label_350.jpg,ALGAL_LEAF_SPOT,1077,test
DLD_FinalDataset_224_spit/train/ALGAL_LEAF_SPOT/to_label_351.jpg,ALGAL_LEAF_SPOT,1078,train
DLD_FinalDataset_224_spit/train/ALGAL_LEAF_SPOT/to_label_353.jpg,ALGAL_LEAF_SPOT,1079,train
DLD_FinalDataset_224_spit/train/ALGAL_LEAF_SPOT/to_label_354.jpg,ALGAL_LEAF_SPOT,1080,test
DLD_FinalDataset_224_spit/train/ALGAL_LEAF_SPOT/to_label_355.jpg,ALGAL_LEAF_SPOT,1081,train
DLD_FinalDataset_224_spit/train/ALGAL_LEAF_SPOT/to_label_356.jpg,ALGAL_LEAF_SPOT,1082,train
DLD_FinalDataset_224_spit/train/ALGAL_LEAF_SPOT/to_label_358.jpg,ALGAL_LEAF_SPOT,1083,train
DLD_FinalDataset_224_spit/train/ALGAL_LEAF_SPOT/to_label_359.jpg,ALGAL_LEAF_SPOT,1084,val
DLD_FinalDataset_224_spit/train/ALGAL_LEAF_SPOT/to_label_36.jpg,ALGAL_LEAF_SPOT,1085,val
DLD_FinalDataset_224_spit/train/ALGAL_LEAF_SPOT/to_label_363.jpg,ALGAL_LEAF_SPOT,1086,train
DLD_FinalDataset_224_spit/train/ALGAL_LEAF_SPOT/to_label_365.jpg,ALGAL_LEAF_SPOT,1087,test
DLD_FinalDataset_224_spit/train/ALGAL_LEAF_SPOT/to_label_367.jpg,ALGAL_LEAF_SPOT,1088,train
DLD_FinalDataset_224_spit/train/ALGAL_LEAF_SPOT/to_label_368.jpg,ALGAL_LEAF_SPOT,1089,train
DLD_FinalDataset_224_spit/train/ALGAL_LEAF_SPOT/to_label_369.jpg,ALGAL_LEAF_SPOT,1090,test
DLD_FinalDataset_224_spit/train/ALGAL_LEAF_SPOT/to_label_370.jpg,ALGAL_LEAF_SPOT,1091,train
DLD_FinalDataset_224_spit/train/ALGAL_LEAF_SPOT/to_label_372.jpg,ALGAL_LEAF_SPOT,1092,train
DLD_FinalDataset_224_spit/train/ALGAL_LEAF_SPOT/to_label_373.jpg,ALGAL_LEAF_SPOT,1093,train
DLD_FinalDataset_224_spit/train/ALGAL_LEAF_SPOT/to_label_374.jpg,ALGAL_LEAF_SPOT,1094,val
DLD_FinalDataset_224_spit/train/ALGAL_LEAF_SPOT/to_label_376.jpg,ALGAL_LEAF_SPOT,1095,train
DLD_FinalDataset_224_spit/train/ALGAL_LEAF_SPOT/to_label_377.jpg,ALGAL_LEAF_SPOT,1096,train
DLD_FinalDataset_224_spit/train/ALGAL_LEAF_SPOT/to_label_378.jpg,ALGAL_LEAF_SPOT,1097,train
DLD_FinalDataset_224_spit/train/ALGAL_LEAF_SPOT/to_label_379.jpg,ALGAL_LEAF_SPOT,1098,val
DLD_FinalDataset_224_spit/train/ALGAL_LEAF_SPOT/to_label_380.jpg,ALGAL_LEAF_SPOT,1099,val
DLD_FinalDataset_224_spit/train/ALGAL_LEAF_SPOT/to_label_381.jpg,ALGAL_LEAF_SPOT,1100,test
DLD_FinalDataset_224_spit/train/ALGAL_LEAF_SPOT/to_label_383.jpg,ALGAL_LEAF_SPOT,1101,train
DLD_FinalDataset_224_spit/train/ALGAL_LEAF_SPOT/to_label_384.jpg,ALGAL_LEAF_SPOT,1102,train
DLD_FinalDataset_224_spit/train/ALGAL_LEAF_SPOT/to_label_385.jpg,ALGAL_LEAF_SPOT,1103,train
DLD_FinalDataset_224_spit/train/ALGAL_LEAF_SPOT/to_label_386.jpg,ALGAL_LEAF_SPOT,1104,test
DLD_FinalDataset_224_spit/train/ALGAL_LEAF_SPOT/to_label_388.jpg,ALGAL_LEAF_SPOT,1105,train
DLD_FinalDataset_224_spit/train/ALGAL_LEAF_SPOT/to_label_389.jpg,ALGAL_LEAF_SPOT,1106,train
DLD_FinalDataset_224_spit/train/ALGAL_LEAF_SPOT/to_label_39.jpg,ALGAL_LEAF_SPOT,1107,train
DLD_FinalDataset_224_spit/train/ALGAL_LEAF_SPOT/to_label_391.jpg,ALGAL_LEAF_SPOT,1108,train
DLD_FinalDataset_224_spit/train/ALGAL_LEAF_SPOT/to_label_392.jpg,ALGAL_LEAF_SPOT,1109,train
DLD_FinalDataset_224_spit/train/ALGAL_LEAF_SPOT/to_label_393.jpg,ALGAL_LEAF_SPOT,1110,train
DLD_FinalDataset_224_spit/train/ALGAL_LEAF_SPOT/to_label_397.jpg,ALGAL_LEAF_SPOT,1111,train
DLD_FinalDataset_224_spit/train/ALGAL_LEAF_SPOT/to_label_398.jpg,ALGAL_LEAF_SPOT,1112,test
DLD_FinalDataset_224_spit/train/ALGAL_LEAF_SPOT/to_label_40.jpg,ALGAL_LEAF_SPOT,1113,train
DLD_FinalDataset_224_spit/train/ALGAL_LEAF_SPOT/to_label_401.jpg,ALGAL_LEAF_SPOT,1114,train
DLD_FinalDataset_224_spit/train/ALGAL_LEAF_SPOT/to_label_402.jpg,ALGAL_LEAF_SPOT,1115,train
DLD_FinalDataset_224_spit/train/ALGAL_LEAF_SPOT/to_label_404.jpg,ALGAL_LEAF_SPOT,1116,train
DLD_FinalDataset_224_spit/train/ALGAL_LEAF_SPOT/to_label_406.jpg,ALGAL_LEAF_SPOT,1117,test
DLD_FinalDataset_224_spit/train/ALGAL_LEAF_SPOT/to_label_408.jpg,ALGAL_LEAF_SPOT,1118,train
DLD_FinalDataset_224_spit/train/ALGAL_LEAF_SPOT/to_label_41.jpg,ALGAL_LEAF_SPOT,1119,train
DLD_FinalDataset_224_spit/train/ALGAL_LEAF_SPOT/to_label_411.jpg,ALGAL_LEAF_SPOT,1120,train
DLD_FinalDataset_224_spit/train/ALGAL_LEAF_SPOT/to_label_412.jpg,ALGAL_LEAF_SPOT,1121,val
DLD_FinalDataset_224_spit/train/ALGAL_LEAF_SPOT/to_label_415.jpg,ALGAL_LEAF_SPOT,1122,train
DLD_FinalDataset_224_spit/train/ALGAL_LEAF_SPOT/to_label_416.jpg,ALGAL_LEAF_SPOT,1123,test
DLD_FinalDataset_224_spit/train/ALGAL_LEAF_SPOT/to_label_417.jpg,ALGAL_LEAF_SPOT,1124,train
DLD_FinalDataset_224_spit/train/ALGAL_LEAF_SPOT/to_label_418.jpg,ALGAL_LEAF_SPOT,1125,train
DLD_FinalDataset_224_spit/train/ALGAL_LEAF_SPOT/to_label_421.jpg,ALGAL_LEAF_SPOT,1126,train
DLD_FinalDataset_224_spit/train/ALGAL_LEAF_SPOT/to_label_422.jpg,ALGAL_LEAF_SPOT,1127,train
DLD_FinalDataset_224_spit/train/ALGAL_LEAF_SPOT/to_label_423.jpg,ALGAL_LEAF_SPOT,1128,train
DLD_FinalDataset_224_spit/train/ALGAL_LEAF_SPOT/to_label_424.jpg,ALGAL_LEAF_SPOT,1129,test
DLD_FinalDataset_224_spit/train/ALGAL_LEAF_SPOT/to_label_427.jpg,ALGAL_LEAF_SPOT,1130,test
DLD_FinalDataset_224_spit/train/ALGAL_LEAF_SPOT/to_label_428.jpg,ALGAL_LEAF_SPOT,1131,train
DLD_FinalDataset_224_spit/train/ALGAL_LEAF_SPOT/to_label_429.jpg,ALGAL_LEAF_SPOT,1132,train
DLD_FinalDataset_224_spit/train/ALGAL_LEAF_SPOT/to_label_430.jpg,ALGAL_LEAF_SPOT,1133,train
DLD_FinalDataset_224_spit/train/ALGAL_LEAF_SPOT/to_label_431.jpg,ALGAL_LEAF_SPOT,1134,train
DLD_FinalDataset_224_spit/train/ALGAL_LEAF_SPOT/to_label_432.jpg,ALGAL_LEAF_SPOT,1135,train
DLD_FinalDataset_224_spit/train/ALGAL_LEAF_SPOT/to_label_434.jpg,ALGAL_LEAF_SPOT,1136,test
DLD_FinalDataset_224_spit/train/ALGAL_LEAF_SPOT/to_label_435.jpg,ALGAL_LEAF_SPOT,1137,train
DLD_FinalDataset_224_spit/train/ALGAL_LEAF_SPOT/to_label_436.jpg,ALGAL_LEAF_SPOT,1138,train
DLD_FinalDataset_224_spit/train/ALGAL_LEAF_SPOT/to_label_438.jpg,ALGAL_LEAF_SPOT,1139,train
DLD_FinalDataset_224_spit/train/ALGAL_LEAF_SPOT/to_label_44.jpg,ALGAL_LEAF_SPOT,1140,train
DLD_FinalDataset_224_spit/train/ALGAL_LEAF_SPOT/to_label_440.jpg,ALGAL_LEAF_SPOT,1141,test
DLD_FinalDataset_224_spit/train/ALGAL_LEAF_SPOT/to_label_441.jpg,ALGAL_LEAF_SPOT,1142,test
DLD_FinalDataset_224_spit/train/ALGAL_LEAF_SPOT/to_label_442.jpg,ALGAL_LEAF_SPOT,1143,train
DLD_FinalDataset_224_spit/train/ALGAL_LEAF_SPOT/to_label_444.jpg,ALGAL_LEAF_SPOT,1144,train
DLD_FinalDataset_224_spit/train/ALGAL_LEAF_SPOT/to_label_445.jpg,ALGAL_LEAF_SPOT,1145,val
DLD_FinalDataset_224_spit/train/ALGAL_LEAF_SPOT/to_label_446.jpg,ALGAL_LEAF_SPOT,1146,test
DLD_FinalDataset_224_spit/train/ALGAL_LEAF_SPOT/to_label_447.jpg,ALGAL_LEAF_SPOT,1147,train
DLD_FinalDataset_224_spit/train/ALGAL_LEAF_SPOT/to_label_448.jpg,ALGAL_LEAF_SPOT,1148,train
DLD_FinalDataset_224_spit/train/ALGAL_LEAF_SPOT/to_label_45.jpg,ALGAL_LEAF_SPOT,1149,train
DLD_FinalDataset_224_spit/train/ALGAL_LEAF_SPOT/to_label_451.jpg,ALGAL_LEAF_SPOT,1150,train
DLD_FinalDataset_224_spit/train/ALGAL_LEAF_SPOT/to_label_452.jpg,ALGAL_LEAF_SPOT,1151,train
DLD_FinalDataset_224_spit/train/ALGAL_LEAF_SPOT/to_label_453.jpg,ALGAL_LEAF_SPOT,1152,test
DLD_FinalDataset_224_spit/train/ALGAL_LEAF_SPOT/to_label_457.jpg,ALGAL_LEAF_SPOT,1153,train
DLD_FinalDataset_224_spit/train/ALGAL_LEAF_SPOT/to_label_458.jpg,ALGAL_LEAF_SPOT,1154,test
DLD_FinalDataset_224_spit/train/ALGAL_LEAF_SPOT/to_label_459.jpg,ALGAL_LEAF_SPOT,1155,test
DLD_FinalDataset_224_spit/train/ALGAL_LEAF_SPOT/to_label_46.jpg,ALGAL_LEAF_SPOT,1156,train
DLD_FinalDataset_224_spit/train/ALGAL_LEAF_SPOT/to_label_460.jpg,ALGAL_LEAF_SPOT,1157,train
DLD_FinalDataset_224_spit/train/ALGAL_LEAF_SPOT/to_label_461.jpg,ALGAL_LEAF_SPOT,1158,train
DLD_FinalDataset_224_spit/train/ALGAL_LEAF_SPOT/to_label_462.jpg,ALGAL_LEAF_SPOT,1159,test
DLD_FinalDataset_224_spit/train/ALGAL_LEAF_SPOT/to_label_463.jpg,ALGAL_LEAF_SPOT,1160,train
DLD_FinalDataset_224_spit/train/ALGAL_LEAF_SPOT/to_label_465.jpg,ALGAL_LEAF_SPOT,1161,train
DLD_FinalDataset_224_spit/train/ALGAL_LEAF_SPOT/to_label_466.jpg,ALGAL_LEAF_SPOT,1162,train
DLD_FinalDataset_224_spit/train/ALGAL_LEAF_SPOT/to_label_469.jpg,ALGAL_LEAF_SPOT,1163,train
DLD_FinalDataset_224_spit/train/ALGAL_LEAF_SPOT/to_label_470.jpg,ALGAL_LEAF_SPOT,1164,train
DLD_FinalDataset_224_spit/train/ALGAL_LEAF_SPOT/to_label_471.jpg,ALGAL_LEAF_SPOT,1165,test
DLD_FinalDataset_224_spit/train/ALGAL_LEAF_SPOT/to_label_472.jpg,ALGAL_LEAF_SPOT,1166,test
DLD_FinalDataset_224_spit/train/ALGAL_LEAF_SPOT/to_label_473.jpg,ALGAL_LEAF_SPOT,1167,train
DLD_FinalDataset_224_spit/train/ALGAL_LEAF_SPOT/to_label_474.jpg,ALGAL_LEAF_SPOT,1168,train
DLD_FinalDataset_224_spit/train/ALGAL_LEAF_SPOT/to_label_476.jpg,ALGAL_LEAF_SPOT,1169,train
DLD_FinalDataset_224_spit/train/ALGAL_LEAF_SPOT/to_label_477.jpg,ALGAL_LEAF_SPOT,1170,train
DLD_FinalDataset_224_spit/train/ALGAL_LEAF_SPOT/to_label_478.jpg,ALGAL_LEAF_SPOT,1171,train
DLD_FinalDataset_224_spit/train/ALGAL_LEAF_SPOT/to_label_479.jpg,ALGAL_LEAF_SPOT,1172,test
DLD_FinalDataset_224_spit/train/ALGAL_LEAF_SPOT/to_label_480.jpg,ALGAL_LEAF_SPOT,1173,train
DLD_FinalDataset_224_spit/train/ALGAL_LEAF_SPOT/to_label_481.jpg,ALGAL_LEAF_SPOT,1174,test
DLD_FinalDataset_224_spit/train/ALGAL_LEAF_SPOT/to_label_482.jpg,ALGAL_LEAF_SPOT,1175,train
DLD_FinalDataset_224_spit/train/ALGAL_LEAF_SPOT/to_label_484.jpg,ALGAL_LEAF_SPOT,1176,train
DLD_FinalDataset_224_spit/train/ALGAL_LEAF_SPOT/to_label_486.jpg,ALGAL_LEAF_SPOT,1177,train
DLD_FinalDataset_224_spit/train/ALGAL_LEAF_SPOT/to_label_487.jpg,ALGAL_LEAF_SPOT,1178,val
DLD_FinalDataset_224_spit/train/ALGAL_LEAF_SPOT/to_label_488.jpg,ALGAL_LEAF_SPOT,1179,train
DLD_FinalDataset_224_spit/train/ALGAL_LEAF_SPOT/to_label_489.jpg,ALGAL_LEAF_SPOT,1180,train
DLD_FinalDataset_224_spit/train/ALGAL_LEAF_SPOT/to_label_490.jpg,ALGAL_LEAF_SPOT,1181,train
DLD_FinalDataset_224_spit/train/ALGAL_LEAF_SPOT/to_label_491.jpg,ALGAL_LEAF_SPOT,1182,train
DLD_FinalDataset_224_spit/train/ALGAL_LEAF_SPOT/to_label_493.jpg,ALGAL_LEAF_SPOT,1183,train
DLD_FinalDataset_224_spit/train/ALGAL_LEAF_SPOT/to_label_494.jpg,ALGAL_LEAF_SPOT,1184,train
DLD_FinalDataset_224_spit/train/ALGAL_LEAF_SPOT/to_label_495.jpg,ALGAL_LEAF_SPOT,1185,train
DLD_FinalDataset_224_spit/train/ALGAL_LEAF_SPOT/to_label_496.jpg,ALGAL_LEAF_SPOT,1186,val
DLD_FinalDataset_224_spit/train/ALGAL_LEAF_SPOT/to_label_497.jpg,ALGAL_LEAF_SPOT,1187,train
DLD_FinalDataset_224_spit/train/ALGAL_LEAF_SPOT/to_label_498.jpg,ALGAL_LEAF_SPOT,1188,train
DLD_FinalDataset_224_spit/train/ALGAL_LEAF_SPOT/to_label_499.jpg,ALGAL_LEAF_SPOT,1189,train
DLD_FinalDataset_224_spit/train/ALGAL_LEAF_SPOT/to_label_5.jpg,ALGAL_LEAF_SPOT,1190,train
DLD_FinalDataset_224_spit/train/ALGAL_LEAF_SPOT/to_label_50.jpg,ALGAL_LEAF_SPOT,1191,train
DLD_FinalDataset_224_spit/train/ALGAL_LEAF_SPOT/to_label_503.jpg,ALGAL_LEAF_SPOT,1192,test
DLD_FinalDataset_224_spit/train/ALGAL_LEAF_SPOT/to_label_504.jpg,ALGAL_LEAF_SPOT,1193,test
DLD_FinalDataset_224_spit/train/ALGAL_LEAF_SPOT/to_label_506.jpg,ALGAL_LEAF_SPOT,1194,val
DLD_FinalDataset_224_spit/train/ALGAL_LEAF_SPOT/to_label_508.jpg,ALGAL_LEAF_SPOT,1195,train
DLD_FinalDataset_224_spit/train/ALGAL_LEAF_SPOT/to_label_509.jpg,ALGAL_LEAF_SPOT,1196,train
DLD_FinalDataset_224_spit/train/ALGAL_LEAF_SPOT/to_label_51.jpg,ALGAL_LEAF_SPOT,1197,train
DLD_FinalDataset_224_spit/train/ALGAL_LEAF_SPOT/to_label_510.jpg,ALGAL_LEAF_SPOT,1198,train
DLD_FinalDataset_224_spit/train/ALGAL_LEAF_SPOT/to_label_511.jpg,ALGAL_LEAF_SPOT,1199,val
DLD_FinalDataset_224_spit/train/ALGAL_LEAF_SPOT/to_label_512.jpg,ALGAL_LEAF_SPOT,1200,train
DLD_FinalDataset_224_spit/train/ALGAL_LEAF_SPOT/to_label_513.jpg,ALGAL_LEAF_SPOT,1201,train
DLD_FinalDataset_224_spit/train/ALGAL_LEAF_SPOT/to_label_514.jpg,ALGAL_LEAF_SPOT,1202,val
DLD_FinalDataset_224_spit/train/ALGAL_LEAF_SPOT/to_label_515.jpg,ALGAL_LEAF_SPOT,1203,train
DLD_FinalDataset_224_spit/train/ALGAL_LEAF_SPOT/to_label_516.jpg,ALGAL_LEAF_SPOT,1204,train
DLD_FinalDataset_224_spit/train/ALGAL_LEAF_SPOT/to_label_517.jpg,ALGAL_LEAF_SPOT,1205,test
DLD_FinalDataset_224_spit/train/ALGAL_LEAF_SPOT/to_label_518.jpg,ALGAL_LEAF_SPOT,1206,train
DLD_FinalDataset_224_spit/train/ALGAL_LEAF_SPOT/to_label_519.jpg,ALGAL_LEAF_SPOT,1207,test
DLD_FinalDataset_224_spit/train/ALGAL_LEAF_SPOT/to_label_521.jpg,ALGAL_LEAF_SPOT,1208,train
DLD_FinalDataset_224_spit/train/ALGAL_LEAF_SPOT/to_label_523.jpg,ALGAL_LEAF_SPOT,1209,train
DLD_FinalDataset_224_spit/train/ALGAL_LEAF_SPOT/to_label_524.jpg,ALGAL_LEAF_SPOT,1210,train
DLD_FinalDataset_224_spit/train/ALGAL_LEAF_SPOT/to_label_525.jpg,ALGAL_LEAF_SPOT,1211,train
DLD_FinalDataset_224_spit/train/ALGAL_LEAF_SPOT/to_label_526.jpg,ALGAL_LEAF_SPOT,1212,train
DLD_FinalDataset_224_spit/train/ALGAL_LEAF_SPOT/to_label_527.jpg,ALGAL_LEAF_SPOT,1213,test
DLD_FinalDataset_224_spit/train/ALGAL_LEAF_SPOT/to_label_528.jpg,ALGAL_LEAF_SPOT,1214,test
DLD_FinalDataset_224_spit/train/ALGAL_LEAF_SPOT/to_label_529.jpg,ALGAL_LEAF_SPOT,1215,test
DLD_FinalDataset_224_spit/train/ALGAL_LEAF_SPOT/to_label_53.jpg,ALGAL_LEAF_SPOT,1216,train
DLD_FinalDataset_224_spit/train/ALGAL_LEAF_SPOT/to_label_531.jpg,ALGAL_LEAF_SPOT,1217,train
DLD_FinalDataset_224_spit/train/ALGAL_LEAF_SPOT/to_label_532.jpg,ALGAL_LEAF_SPOT,1218,train
DLD_FinalDataset_224_spit/train/ALGAL_LEAF_SPOT/to_label_533.jpg,ALGAL_LEAF_SPOT,1219,val
DLD_FinalDataset_224_spit/train/ALGAL_LEAF_SPOT/to_label_535.jpg,ALGAL_LEAF_SPOT,1220,train
DLD_FinalDataset_224_spit/train/ALGAL_LEAF_SPOT/to_label_537.jpg,ALGAL_LEAF_SPOT,1221,train
DLD_FinalDataset_224_spit/train/ALGAL_LEAF_SPOT/to_label_539.jpg,ALGAL_LEAF_SPOT,1222,train
DLD_FinalDataset_224_spit/train/ALGAL_LEAF_SPOT/to_label_54.jpg,ALGAL_LEAF_SPOT,1223,train
DLD_FinalDataset_224_spit/train/ALGAL_LEAF_SPOT/to_label_540.jpg,ALGAL_LEAF_SPOT,1224,train
DLD_FinalDataset_224_spit/train/ALGAL_LEAF_SPOT/to_label_541.jpg,ALGAL_LEAF_SPOT,1225,train
DLD_FinalDataset_224_spit/train/ALGAL_LEAF_SPOT/to_label_542.jpg,ALGAL_LEAF_SPOT,1226,train
DLD_FinalDataset_224_spit/train/ALGAL_LEAF_SPOT/to_label_543.jpg,ALGAL_LEAF_SPOT,1227,train
DLD_FinalDataset_224_spit/train/ALGAL_LEAF_SPOT/to_label_544.jpg,ALGAL_LEAF_SPOT,1228,train
DLD_FinalDataset_224_spit/train/ALGAL_LEAF_SPOT/to_label_546.jpg,ALGAL_LEAF_SPOT,1229,test
DLD_FinalDataset_224_spit/train/ALGAL_LEAF_SPOT/to_label_547.jpg,ALGAL_LEAF_SPOT,1230,val
DLD_FinalDataset_224_spit/train/ALGAL_LEAF_SPOT/to_label_548.jpg,ALGAL_LEAF_SPOT,1231,train
DLD_FinalDataset_224_spit/train/ALGAL_LEAF_SPOT/to_label_549.jpg,ALGAL_LEAF_SPOT,1232,test
DLD_FinalDataset_224_spit/train/ALGAL_LEAF_SPOT/to_label_55.jpg,ALGAL_LEAF_SPOT,1233,train
DLD_FinalDataset_224_spit/train/ALGAL_LEAF_SPOT/to_label_551.jpg,ALGAL_LEAF_SPOT,1234,test
DLD_FinalDataset_224_spit/train/ALGAL_LEAF_SPOT/to_label_552.jpg,ALGAL_LEAF_SPOT,1235,test
DLD_FinalDataset_224_spit/train/ALGAL_LEAF_SPOT/to_label_553.jpg,ALGAL_LEAF_SPOT,1236,test
DLD_FinalDataset_224_spit/train/ALGAL_LEAF_SPOT/to_label_554.jpg,ALGAL_LEAF_SPOT,1237,val
DLD_FinalDataset_224_spit/train/ALGAL_LEAF_SPOT/to_label_555.jpg,ALGAL_LEAF_SPOT,1238,train
DLD_FinalDataset_224_spit/train/ALGAL_LEAF_SPOT/to_label_557.jpg,ALGAL_LEAF_SPOT,1239,val
DLD_FinalDataset_224_spit/train/ALGAL_LEAF_SPOT/to_label_558.jpg,ALGAL_LEAF_SPOT,1240,train
DLD_FinalDataset_224_spit/train/ALGAL_LEAF_SPOT/to_label_559.jpg,ALGAL_LEAF_SPOT,1241,val
DLD_FinalDataset_224_spit/train/ALGAL_LEAF_SPOT/to_label_56.jpg,ALGAL_LEAF_SPOT,1242,train
DLD_FinalDataset_224_spit/train/ALGAL_LEAF_SPOT/to_label_561.jpg,ALGAL_LEAF_SPOT,1243,train
DLD_FinalDataset_224_spit/train/ALGAL_LEAF_SPOT/to_label_562.jpg,ALGAL_LEAF_SPOT,1244,train
DLD_FinalDataset_224_spit/train/ALGAL_LEAF_SPOT/to_label_565.jpg,ALGAL_LEAF_SPOT,1245,train
DLD_FinalDataset_224_spit/train/ALGAL_LEAF_SPOT/to_label_567.jpg,ALGAL_LEAF_SPOT,1246,train
DLD_FinalDataset_224_spit/train/ALGAL_LEAF_SPOT/to_label_568.jpg,ALGAL_LEAF_SPOT,1247,test
DLD_FinalDataset_224_spit/train/ALGAL_LEAF_SPOT/to_label_569.jpg,ALGAL_LEAF_SPOT,1248,train
DLD_FinalDataset_224_spit/train/ALGAL_LEAF_SPOT/to_label_57.jpg,ALGAL_LEAF_SPOT,1249,test
DLD_FinalDataset_224_spit/train/ALGAL_LEAF_SPOT/to_label_570.jpg,ALGAL_LEAF_SPOT,1250,train
DLD_FinalDataset_224_spit/train/ALGAL_LEAF_SPOT/to_label_571.jpg,ALGAL_LEAF_SPOT,1251,train
DLD_FinalDataset_224_spit/train/ALGAL_LEAF_SPOT/to_label_573.jpg,ALGAL_LEAF_SPOT,1252,train
DLD_FinalDataset_224_spit/train/ALGAL_LEAF_SPOT/to_label_574.jpg,ALGAL_LEAF_SPOT,1253,train
DLD_FinalDataset_224_spit/train/ALGAL_LEAF_SPOT/to_label_575.jpg,ALGAL_LEAF_SPOT,1254,train
DLD_FinalDataset_224_spit/train/ALGAL_LEAF_SPOT/to_label_577.jpg,ALGAL_LEAF_SPOT,1255,train
DLD_FinalDataset_224_spit/train/ALGAL_LEAF_SPOT/to_label_579.jpg,ALGAL_LEAF_SPOT,1256,test
DLD_FinalDataset_224_spit/train/ALGAL_LEAF_SPOT/to_label_580.jpg,ALGAL_LEAF_SPOT,1257,train
DLD_FinalDataset_224_spit/train/ALGAL_LEAF_SPOT/to_label_582.jpg,ALGAL_LEAF_SPOT,1258,test
DLD_FinalDataset_224_spit/train/ALGAL_LEAF_SPOT/to_label_583.jpg,ALGAL_LEAF_SPOT,1259,train
DLD_FinalDataset_224_spit/train/ALGAL_LEAF_SPOT/to_label_585.jpg,ALGAL_LEAF_SPOT,1260,train
DLD_FinalDataset_224_spit/train/ALGAL_LEAF_SPOT/to_label_586.jpg,ALGAL_LEAF_SPOT,1261,test
DLD_FinalDataset_224_spit/train/ALGAL_LEAF_SPOT/to_label_587.jpg,ALGAL_LEAF_SPOT,1262,train
DLD_FinalDataset_224_spit/train/ALGAL_LEAF_SPOT/to_label_591.jpg,ALGAL_LEAF_SPOT,1263,train
DLD_FinalDataset_224_spit/train/ALGAL_LEAF_SPOT/to_label_592.jpg,ALGAL_LEAF_SPOT,1264,train
DLD_FinalDataset_224_spit/train/ALGAL_LEAF_SPOT/to_label_593.jpg,ALGAL_LEAF_SPOT,1265,train
DLD_FinalDataset_224_spit/train/ALGAL_LEAF_SPOT/to_label_594.jpg,ALGAL_LEAF_SPOT,1266,train
DLD_FinalDataset_224_spit/train/ALGAL_LEAF_SPOT/to_label_595.jpg,ALGAL_LEAF_SPOT,1267,train
DLD_FinalDataset_224_spit/train/ALGAL_LEAF_SPOT/to_label_598.jpg,ALGAL_LEAF_SPOT,1268,train
DLD_FinalDataset_224_spit/train/ALGAL_LEAF_SPOT/to_label_599.jpg,ALGAL_LEAF_SPOT,1269,train
DLD_FinalDataset_224_spit/train/ALGAL_LEAF_SPOT/to_label_6.jpg,ALGAL_LEAF_SPOT,1270,test
DLD_FinalDataset_224_spit/train/ALGAL_LEAF_SPOT/to_label_60.jpg,ALGAL_LEAF_SPOT,1271,train
DLD_FinalDataset_224_spit/train/ALGAL_LEAF_SPOT/to_label_600.jpg,ALGAL_LEAF_SPOT,1272,train
DLD_FinalDataset_224_spit/train/ALGAL_LEAF_SPOT/to_label_602.jpg,ALGAL_LEAF_SPOT,1273,train
DLD_FinalDataset_224_spit/train/ALGAL_LEAF_SPOT/to_label_603.jpg,ALGAL_LEAF_SPOT,1274,test
DLD_FinalDataset_224_spit/train/ALGAL_LEAF_SPOT/to_label_604.jpg,ALGAL_LEAF_SPOT,1275,train
DLD_FinalDataset_224_spit/train/ALGAL_LEAF_SPOT/to_label_605.jpg,ALGAL_LEAF_SPOT,1276,test
DLD_FinalDataset_224_spit/train/ALGAL_LEAF_SPOT/to_label_606.jpg,ALGAL_LEAF_SPOT,1277,train
DLD_FinalDataset_224_spit/train/ALGAL_LEAF_SPOT/to_label_607.jpg,ALGAL_LEAF_SPOT,1278,train
DLD_FinalDataset_224_spit/train/ALGAL_LEAF_SPOT/to_label_608.jpg,ALGAL_LEAF_SPOT,1279,test
DLD_FinalDataset_224_spit/train/ALGAL_LEAF_SPOT/to_label_609.jpg,ALGAL_LEAF_SPOT,1280,train
DLD_FinalDataset_224_spit/train/ALGAL_LEAF_SPOT/to_label_611.jpg,ALGAL_LEAF_SPOT,1281,test
DLD_FinalDataset_224_spit/train/ALGAL_LEAF_SPOT/to_label_612.jpg,ALGAL_LEAF_SPOT,1282,train
DLD_FinalDataset_224_spit/train/ALGAL_LEAF_SPOT/to_label_614.jpg,ALGAL_LEAF_SPOT,1283,train
DLD_FinalDataset_224_spit/train/ALGAL_LEAF_SPOT/to_label_615.jpg,ALGAL_LEAF_SPOT,1284,train
DLD_FinalDataset_224_spit/train/ALGAL_LEAF_SPOT/to_label_616.jpg,ALGAL_LEAF_SPOT,1285,train
DLD_FinalDataset_224_spit/train/ALGAL_LEAF_SPOT/to_label_617.jpg,ALGAL_LEAF_SPOT,1286,test
DLD_FinalDataset_224_spit/train/ALGAL_LEAF_SPOT/to_label_619.jpg,ALGAL_LEAF_SPOT,1287,test
DLD_FinalDataset_224_spit/train/ALGAL_LEAF_SPOT/to_label_62.jpg,ALGAL_LEAF_SPOT,1288,train
DLD_FinalDataset_224_spit/train/ALGAL_LEAF_SPOT/to_label_620.jpg,ALGAL_LEAF_SPOT,1289,val
DLD_FinalDataset_224_spit/train/ALGAL_LEAF_SPOT/to_label_622.jpg,ALGAL_LEAF_SPOT,1290,train
DLD_FinalDataset_224_spit/train/ALGAL_LEAF_SPOT/to_label_624.jpg,ALGAL_LEAF_SPOT,1291,train
DLD_FinalDataset_224_spit/train/ALGAL_LEAF_SPOT/to_label_626.jpg,ALGAL_LEAF_SPOT,1292,test
DLD_FinalDataset_224_spit/train/ALGAL_LEAF_SPOT/to_label_627.jpg,ALGAL_LEAF_SPOT,1293,val
DLD_FinalDataset_224_spit/train/ALGAL_LEAF_SPOT/to_label_63.jpg,ALGAL_LEAF_SPOT,1294,train
DLD_FinalDataset_224_spit/train/ALGAL_LEAF_SPOT/to_label_630.jpg,ALGAL_LEAF_SPOT,1295,train
DLD_FinalDataset_224_spit/train/ALGAL_LEAF_SPOT/to_label_631.jpg,ALGAL_LEAF_SPOT,1296,train
DLD_FinalDataset_224_spit/train/ALGAL_LEAF_SPOT/to_label_632.jpg,ALGAL_LEAF_SPOT,1297,test
DLD_FinalDataset_224_spit/train/ALGAL_LEAF_SPOT/to_label_633.jpg,ALGAL_LEAF_SPOT,1298,train
DLD_FinalDataset_224_spit/train/ALGAL_LEAF_SPOT/to_label_634.jpg,ALGAL_LEAF_SPOT,1299,train
DLD_FinalDataset_224_spit/train/ALGAL_LEAF_SPOT/to_label_635.jpg,ALGAL_LEAF_SPOT,1300,val
DLD_FinalDataset_224_spit/train/ALGAL_LEAF_SPOT/to_label_638.jpg,ALGAL_LEAF_SPOT,1301,test
DLD_FinalDataset_224_spit/train/ALGAL_LEAF_SPOT/to_label_64.jpg,ALGAL_LEAF_SPOT,1302,train
DLD_FinalDataset_224_spit/train/ALGAL_LEAF_SPOT/to_label_640.jpg,ALGAL_LEAF_SPOT,1303,train
DLD_FinalDataset_224_spit/train/ALGAL_LEAF_SPOT/to_label_641.jpg,ALGAL_LEAF_SPOT,1304,train
DLD_FinalDataset_224_spit/train/ALGAL_LEAF_SPOT/to_label_643.jpg,ALGAL_LEAF_SPOT,1305,train
DLD_FinalDataset_224_spit/train/ALGAL_LEAF_SPOT/to_label_644.jpg,ALGAL_LEAF_SPOT,1306,train
DLD_FinalDataset_224_spit/train/ALGAL_LEAF_SPOT/to_label_645.jpg,ALGAL_LEAF_SPOT,1307,train
DLD_FinalDataset_224_spit/train/ALGAL_LEAF_SPOT/to_label_648.jpg,ALGAL_LEAF_SPOT,1308,train
DLD_FinalDataset_224_spit/train/ALGAL_LEAF_SPOT/to_label_649.jpg,ALGAL_LEAF_SPOT,1309,train
DLD_FinalDataset_224_spit/train/ALGAL_LEAF_SPOT/to_label_65.jpg,ALGAL_LEAF_SPOT,1310,val
DLD_FinalDataset_224_spit/train/ALGAL_LEAF_SPOT/to_label_650.jpg,ALGAL_LEAF_SPOT,1311,train
DLD_FinalDataset_224_spit/train/ALGAL_LEAF_SPOT/to_label_651.jpg,ALGAL_LEAF_SPOT,1312,train
DLD_FinalDataset_224_spit/train/ALGAL_LEAF_SPOT/to_label_652.jpg,ALGAL_LEAF_SPOT,1313,train
DLD_FinalDataset_224_spit/train/ALGAL_LEAF_SPOT/to_label_653.jpg,ALGAL_LEAF_SPOT,1314,train
DLD_FinalDataset_224_spit/train/ALGAL_LEAF_SPOT/to_label_654.jpg,ALGAL_LEAF_SPOT,1315,val
DLD_FinalDataset_224_spit/train/ALGAL_LEAF_SPOT/to_label_655.jpg,ALGAL_LEAF_SPOT,1316,train
DLD_FinalDataset_224_spit/train/ALGAL_LEAF_SPOT/to_label_656.jpg,ALGAL_LEAF_SPOT,1317,val
DLD_FinalDataset_224_spit/train/ALGAL_LEAF_SPOT/to_label_657.jpg,ALGAL_LEAF_SPOT,1318,train
DLD_FinalDataset_224_spit/train/ALGAL_LEAF_SPOT/to_label_658.jpg,ALGAL_LEAF_SPOT,1319,test
DLD_FinalDataset_224_spit/train/ALGAL_LEAF_SPOT/to_label_659.jpg,ALGAL_LEAF_SPOT,1320,train
DLD_FinalDataset_224_spit/train/ALGAL_LEAF_SPOT/to_label_66.jpg,ALGAL_LEAF_SPOT,1321,train
DLD_FinalDataset_224_spit/train/ALGAL_LEAF_SPOT/to_label_660.jpg,ALGAL_LEAF_SPOT,1322,test
DLD_FinalDataset_224_spit/train/ALGAL_LEAF_SPOT/to_label_661.jpg,ALGAL_LEAF_SPOT,1323,train
DLD_FinalDataset_224_spit/train/ALGAL_LEAF_SPOT/to_label_662.jpg,ALGAL_LEAF_SPOT,1324,test
DLD_FinalDataset_224_spit/train/ALGAL_LEAF_SPOT/to_label_664.jpg,ALGAL_LEAF_SPOT,1325,train
DLD_FinalDataset_224_spit/train/ALGAL_LEAF_SPOT/to_label_667.jpg,ALGAL_LEAF_SPOT,1326,test
DLD_FinalDataset_224_spit/train/ALGAL_LEAF_SPOT/to_label_669.jpg,ALGAL_LEAF_SPOT,1327,test
DLD_FinalDataset_224_spit/train/ALGAL_LEAF_SPOT/to_label_67.jpg,ALGAL_LEAF_SPOT,1328,train
DLD_FinalDataset_224_spit/train/ALGAL_LEAF_SPOT/to_label_670.jpg,ALGAL_LEAF_SPOT,1329,train
DLD_FinalDataset_224_spit/train/ALGAL_LEAF_SPOT/to_label_672.jpg,ALGAL_LEAF_SPOT,1330,train
DLD_FinalDataset_224_spit/train/ALGAL_LEAF_SPOT/to_label_673.jpg,ALGAL_LEAF_SPOT,1331,train
DLD_FinalDataset_224_spit/train/ALGAL_LEAF_SPOT/to_label_674.jpg,ALGAL_LEAF_SPOT,1332,train
DLD_FinalDataset_224_spit/train/ALGAL_LEAF_SPOT/to_label_675.jpg,ALGAL_LEAF_SPOT,1333,train
DLD_FinalDataset_224_spit/train/ALGAL_LEAF_SPOT/to_label_677.jpg,ALGAL_LEAF_SPOT,1334,test
DLD_FinalDataset_224_spit/train/ALGAL_LEAF_SPOT/to_label_678.jpg,ALGAL_LEAF_SPOT,1335,train
DLD_FinalDataset_224_spit/train/ALGAL_LEAF_SPOT/to_label_679.jpg,ALGAL_LEAF_SPOT,1336,train
DLD_FinalDataset_224_spit/train/ALGAL_LEAF_SPOT/to_label_68.jpg,ALGAL_LEAF_SPOT,1337,test
DLD_FinalDataset_224_spit/train/ALGAL_LEAF_SPOT/to_label_681.jpg,ALGAL_LEAF_SPOT,1338,train
DLD_FinalDataset_224_spit/train/ALGAL_LEAF_SPOT/to_label_682.jpg,ALGAL_LEAF_SPOT,1339,train
DLD_FinalDataset_224_spit/train/ALGAL_LEAF_SPOT/to_label_683.jpg,ALGAL_LEAF_SPOT,1340,train
DLD_FinalDataset_224_spit/train/ALGAL_LEAF_SPOT/to_label_684.jpg,ALGAL_LEAF_SPOT,1341,val
DLD_FinalDataset_224_spit/train/ALGAL_LEAF_SPOT/to_label_685.jpg,ALGAL_LEAF_SPOT,1342,train
DLD_FinalDataset_224_spit/train/ALGAL_LEAF_SPOT/to_label_686.jpg,ALGAL_LEAF_SPOT,1343,test
DLD_FinalDataset_224_spit/train/ALGAL_LEAF_SPOT/to_label_688.jpg,ALGAL_LEAF_SPOT,1344,train
DLD_FinalDataset_224_spit/train/ALGAL_LEAF_SPOT/to_label_689.jpg,ALGAL_LEAF_SPOT,1345,train
DLD_FinalDataset_224_spit/train/ALGAL_LEAF_SPOT/to_label_69.jpg,ALGAL_LEAF_SPOT,1346,train
DLD_FinalDataset_224_spit/train/ALGAL_LEAF_SPOT/to_label_691.jpg,ALGAL_LEAF_SPOT,1347,train
DLD_FinalDataset_224_spit/train/ALGAL_LEAF_SPOT/to_label_692.jpg,ALGAL_LEAF_SPOT,1348,test
DLD_FinalDataset_224_spit/train/ALGAL_LEAF_SPOT/to_label_693.jpg,ALGAL_LEAF_SPOT,1349,train
DLD_FinalDataset_224_spit/train/ALGAL_LEAF_SPOT/to_label_694.jpg,ALGAL_LEAF_SPOT,1350,train
DLD_FinalDataset_224_spit/train/ALGAL_LEAF_SPOT/to_label_695.jpg,ALGAL_LEAF_SPOT,1351,train
DLD_FinalDataset_224_spit/train/ALGAL_LEAF_SPOT/to_label_696.jpg,ALGAL_LEAF_SPOT,1352,train
DLD_FinalDataset_224_spit/train/ALGAL_LEAF_SPOT/to_label_697.jpg,ALGAL_LEAF_SPOT,1353,val
DLD_FinalDataset_224_spit/train/ALGAL_LEAF_SPOT/to_label_698.jpg,ALGAL_LEAF_SPOT,1354,train
DLD_FinalDataset_224_spit/train/ALGAL_LEAF_SPOT/to_label_699.jpg,ALGAL_LEAF_SPOT,1355,train
DLD_FinalDataset_224_spit/train/ALGAL_LEAF_SPOT/to_label_700.jpg,ALGAL_LEAF_SPOT,1356,train
DLD_FinalDataset_224_spit/train/ALGAL_LEAF_SPOT/to_label_702.jpg,ALGAL_LEAF_SPOT,1357,train
DLD_FinalDataset_224_spit/train/ALGAL_LEAF_SPOT/to_label_703.jpg,ALGAL_LEAF_SPOT,1358,val
DLD_FinalDataset_224_spit/train/ALGAL_LEAF_SPOT/to_label_705.jpg,ALGAL_LEAF_SPOT,1359,train
DLD_FinalDataset_224_spit/train/ALGAL_LEAF_SPOT/to_label_706.jpg,ALGAL_LEAF_SPOT,1360,test
DLD_FinalDataset_224_spit/train/ALGAL_LEAF_SPOT/to_label_707.jpg,ALGAL_LEAF_SPOT,1361,val
DLD_FinalDataset_224_spit/train/ALGAL_LEAF_SPOT/to_label_708.jpg,ALGAL_LEAF_SPOT,1362,train
DLD_FinalDataset_224_spit/train/ALGAL_LEAF_SPOT/to_label_709.jpg,ALGAL_LEAF_SPOT,1363,train
DLD_FinalDataset_224_spit/train/ALGAL_LEAF_SPOT/to_label_71.jpg,ALGAL_LEAF_SPOT,1364,train
DLD_FinalDataset_224_spit/train/ALGAL_LEAF_SPOT/to_label_710.jpg,ALGAL_LEAF_SPOT,1365,train
DLD_FinalDataset_224_spit/train/ALGAL_LEAF_SPOT/to_label_712.jpg,ALGAL_LEAF_SPOT,1366,train
DLD_FinalDataset_224_spit/train/ALGAL_LEAF_SPOT/to_label_714.jpg,ALGAL_LEAF_SPOT,1367,test
DLD_FinalDataset_224_spit/train/ALGAL_LEAF_SPOT/to_label_717.jpg,ALGAL_LEAF_SPOT,1368,train
DLD_FinalDataset_224_spit/train/ALGAL_LEAF_SPOT/to_label_718.jpg,ALGAL_LEAF_SPOT,1369,train
DLD_FinalDataset_224_spit/train/ALGAL_LEAF_SPOT/to_label_719.jpg,ALGAL_LEAF_SPOT,1370,test
DLD_FinalDataset_224_spit/train/ALGAL_LEAF_SPOT/to_label_72.jpg,ALGAL_LEAF_SPOT,1371,test
DLD_FinalDataset_224_spit/train/ALGAL_LEAF_SPOT/to_label_720.jpg,ALGAL_LEAF_SPOT,1372,test
DLD_FinalDataset_224_spit/train/ALGAL_LEAF_SPOT/to_label_724.jpg,ALGAL_LEAF_SPOT,1373,train
DLD_FinalDataset_224_spit/train/ALGAL_LEAF_SPOT/to_label_725.jpg,ALGAL_LEAF_SPOT,1374,test
DLD_FinalDataset_224_spit/train/ALGAL_LEAF_SPOT/to_label_727.jpg,ALGAL_LEAF_SPOT,1375,train
DLD_FinalDataset_224_spit/train/ALGAL_LEAF_SPOT/to_label_728.jpg,ALGAL_LEAF_SPOT,1376,train
DLD_FinalDataset_224_spit/train/ALGAL_LEAF_SPOT/to_label_73.jpg,ALGAL_LEAF_SPOT,1377,train
DLD_FinalDataset_224_spit/train/ALGAL_LEAF_SPOT/to_label_730.jpg,ALGAL_LEAF_SPOT,1378,val
DLD_FinalDataset_224_spit/train/ALGAL_LEAF_SPOT/to_label_731.jpg,ALGAL_LEAF_SPOT,1379,test
DLD_FinalDataset_224_spit/train/ALGAL_LEAF_SPOT/to_label_732.jpg,ALGAL_LEAF_SPOT,1380,train
DLD_FinalDataset_224_spit/train/ALGAL_LEAF_SPOT/to_label_733.jpg,ALGAL_LEAF_SPOT,1381,train
DLD_FinalDataset_224_spit/train/ALGAL_LEAF_SPOT/to_label_75.jpg,ALGAL_LEAF_SPOT,1382,train
DLD_FinalDataset_224_spit/train/ALGAL_LEAF_SPOT/to_label_76.jpg,ALGAL_LEAF_SPOT,1383,train
DLD_FinalDataset_224_spit/train/ALGAL_LEAF_SPOT/to_label_77.jpg,ALGAL_LEAF_SPOT,1384,val
DLD_FinalDataset_224_spit/train/ALGAL_LEAF_SPOT/to_label_78.jpg,ALGAL_LEAF_SPOT,1385,train
DLD_FinalDataset_224_spit/train/ALGAL_LEAF_SPOT/to_label_8.jpg,ALGAL_LEAF_SPOT,1386,train
DLD_FinalDataset_224_spit/train/ALGAL_LEAF_SPOT/to_label_80.jpg,ALGAL_LEAF_SPOT,1387,test
DLD_FinalDataset_224_spit/train/ALGAL_LEAF_SPOT/to_label_81.jpg,ALGAL_LEAF_SPOT,1388,train
DLD_FinalDataset_224_spit/train/ALGAL_LEAF_SPOT/to_label_83.jpg,ALGAL_LEAF_SPOT,1389,train
DLD_FinalDataset_224_spit/train/ALGAL_LEAF_SPOT/to_label_84.jpg,ALGAL_LEAF_SPOT,1390,val
DLD_FinalDataset_224_spit/train/ALGAL_LEAF_SPOT/to_label_85.jpg,ALGAL_LEAF_SPOT,1391,train
DLD_FinalDataset_224_spit/train/ALGAL_LEAF_SPOT/to_label_86.jpg,ALGAL_LEAF_SPOT,1392,train
DLD_FinalDataset_224_spit/train/ALGAL_LEAF_SPOT/to_label_88.jpg,ALGAL_LEAF_SPOT,1393,train
DLD_FinalDataset_224_spit/train/ALGAL_LEAF_SPOT/to_label_89.jpg,ALGAL_LEAF_SPOT,1394,train
DLD_FinalDataset_224_spit/train/ALGAL_LEAF_SPOT/to_label_9.jpg,ALGAL_LEAF_SPOT,1395,test
DLD_FinalDataset_224_spit/train/ALGAL_LEAF_SPOT/to_label_91.jpg,ALGAL_LEAF_SPOT,1396,test
DLD_FinalDataset_224_spit/train/ALGAL_LEAF_SPOT/to_label_92.jpg,ALGAL_LEAF_SPOT,1397,test
DLD_FinalDataset_224_spit/train/ALGAL_LEAF_SPOT/to_label_93.jpg,ALGAL_LEAF_SPOT,1398,val
DLD_FinalDataset_224_spit/train/ALGAL_LEAF_SPOT/to_label_97.jpg,ALGAL_LEAF_SPOT,1399,train
DLD_FinalDataset_224_spit/train/ALGAL_LEAF_SPOT/to_label_99.jpg,ALGAL_LEAF_SPOT,1400,train
DLD_FinalDataset_224_spit/train/ALLOCARIDARA_ATTACK/to_label_1000.jpg,ALLOCARIDARA_ATTACK,1401,train
DLD_FinalDataset_224_spit/train/ALLOCARIDARA_ATTACK/to_label_1001.jpg,ALLOCARIDARA_ATTACK,1402,train
DLD_FinalDataset_224_spit/train/ALLOCARIDARA_ATTACK/to_label_1003.jpg,ALLOCARIDARA_ATTACK,1403,train
DLD_FinalDataset_224_spit/train/ALLOCARIDARA_ATTACK/to_label_1004.jpg,ALLOCARIDARA_ATTACK,1404,test
DLD_FinalDataset_224_spit/train/ALLOCARIDARA_ATTACK/to_label_1006.jpg,ALLOCARIDARA_ATTACK,1405,test
DLD_FinalDataset_224_spit/train/ALLOCARIDARA_ATTACK/to_label_1008.jpg,ALLOCARIDARA_ATTACK,1406,train
DLD_FinalDataset_224_spit/train/ALLOCARIDARA_ATTACK/to_label_1009.jpg,ALLOCARIDARA_ATTACK,1407,test
DLD_FinalDataset_224_spit/train/ALLOCARIDARA_ATTACK/to_label_1011.jpg,ALLOCARIDARA_ATTACK,1408,train
DLD_FinalDataset_224_spit/train/ALLOCARIDARA_ATTACK/to_label_1013.jpg,ALLOCARIDARA_ATTACK,1409,test
DLD_FinalDataset_224_spit/train/ALLOCARIDARA_ATTACK/to_label_1014.jpg,ALLOCARIDARA_ATTACK,1410,test
DLD_FinalDataset_224_spit/train/ALLOCARIDARA_ATTACK/to_label_1015.jpg,ALLOCARIDARA_ATTACK,1411,test
DLD_FinalDataset_224_spit/train/ALLOCARIDARA_ATTACK/to_label_1016.jpg,ALLOCARIDARA_ATTACK,1412,train
DLD_FinalDataset_224_spit/train/ALLOCARIDARA_ATTACK/to_label_1017.jpg,ALLOCARIDARA_ATTACK,1413,train
DLD_FinalDataset_224_spit/train/ALLOCARIDARA_ATTACK/to_label_1018.jpg,ALLOCARIDARA_ATTACK,1414,test
DLD_FinalDataset_224_spit/train/ALLOCARIDARA_ATTACK/to_label_1019.jpg,ALLOCARIDARA_ATTACK,1415,train
DLD_FinalDataset_224_spit/train/ALLOCARIDARA_ATTACK/to_label_1020.jpg,ALLOCARIDARA_ATTACK,1416,train
DLD_FinalDataset_224_spit/train/ALLOCARIDARA_ATTACK/to_label_1021.jpg,ALLOCARIDARA_ATTACK,1417,test
DLD_FinalDataset_224_spit/train/ALLOCARIDARA_ATTACK/to_label_1022.jpg,ALLOCARIDARA_ATTACK,1418,train
DLD_FinalDataset_224_spit/train/ALLOCARIDARA_ATTACK/to_label_1023.jpg,ALLOCARIDARA_ATTACK,1419,test
DLD_FinalDataset_224_spit/train/ALLOCARIDARA_ATTACK/to_label_1025.jpg,ALLOCARIDARA_ATTACK,1420,train
DLD_FinalDataset_224_spit/train/ALLOCARIDARA_ATTACK/to_label_1027.jpg,ALLOCARIDARA_ATTACK,1421,train
DLD_FinalDataset_224_spit/train/ALLOCARIDARA_ATTACK/to_label_1028.jpg,ALLOCARIDARA_ATTACK,1422,train
DLD_FinalDataset_224_spit/train/ALLOCARIDARA_ATTACK/to_label_1029.jpg,ALLOCARIDARA_ATTACK,1423,train
DLD_FinalDataset_224_spit/train/ALLOCARIDARA_ATTACK/to_label_1033.jpg,ALLOCARIDARA_ATTACK,1424,train
DLD_FinalDataset_224_spit/train/ALLOCARIDARA_ATTACK/to_label_1035.jpg,ALLOCARIDARA_ATTACK,1425,train
DLD_FinalDataset_224_spit/train/ALLOCARIDARA_ATTACK/to_label_1036.jpg,ALLOCARIDARA_ATTACK,1426,val
DLD_FinalDataset_224_spit/train/ALLOCARIDARA_ATTACK/to_label_1037.jpg,ALLOCARIDARA_ATTACK,1427,test
DLD_FinalDataset_224_spit/train/ALLOCARIDARA_ATTACK/to_label_1038.jpg,ALLOCARIDARA_ATTACK,1428,train
DLD_FinalDataset_224_spit/train/ALLOCARIDARA_ATTACK/to_label_1039.jpg,ALLOCARIDARA_ATTACK,1429,train
DLD_FinalDataset_224_spit/train/ALLOCARIDARA_ATTACK/to_label_1041.jpg,ALLOCARIDARA_ATTACK,1430,train
DLD_FinalDataset_224_spit/train/ALLOCARIDARA_ATTACK/to_label_1042.jpg,ALLOCARIDARA_ATTACK,1431,train
DLD_FinalDataset_224_spit/train/ALLOCARIDARA_ATTACK/to_label_1043.jpg,ALLOCARIDARA_ATTACK,1432,train
DLD_FinalDataset_224_spit/train/ALLOCARIDARA_ATTACK/to_label_1044.jpg,ALLOCARIDARA_ATTACK,1433,test
DLD_FinalDataset_224_spit/train/ALLOCARIDARA_ATTACK/to_label_1054.jpg,ALLOCARIDARA_ATTACK,1434,train
DLD_FinalDataset_224_spit/train/ALLOCARIDARA_ATTACK/to_label_1055.jpg,ALLOCARIDARA_ATTACK,1435,val
DLD_FinalDataset_224_spit/train/ALLOCARIDARA_ATTACK/to_label_1056.jpg,ALLOCARIDARA_ATTACK,1436,train
DLD_FinalDataset_224_spit/train/ALLOCARIDARA_ATTACK/to_label_1057.jpg,ALLOCARIDARA_ATTACK,1437,train
DLD_FinalDataset_224_spit/train/ALLOCARIDARA_ATTACK/to_label_1059.jpg,ALLOCARIDARA_ATTACK,1438,val
DLD_FinalDataset_224_spit/train/ALLOCARIDARA_ATTACK/to_label_1060.jpg,ALLOCARIDARA_ATTACK,1439,test
DLD_FinalDataset_224_spit/train/ALLOCARIDARA_ATTACK/to_label_1061.jpg,ALLOCARIDARA_ATTACK,1440,train
DLD_FinalDataset_224_spit/train/ALLOCARIDARA_ATTACK/to_label_1062.jpg,ALLOCARIDARA_ATTACK,1441,train
DLD_FinalDataset_224_spit/train/ALLOCARIDARA_ATTACK/to_label_1065.jpg,ALLOCARIDARA_ATTACK,1442,train
DLD_FinalDataset_224_spit/train/ALLOCARIDARA_ATTACK/to_label_1066.jpg,ALLOCARIDARA_ATTACK,1443,train
DLD_FinalDataset_224_spit/train/ALLOCARIDARA_ATTACK/to_label_1067.jpg,ALLOCARIDARA_ATTACK,1444,val
DLD_FinalDataset_224_spit/train/ALLOCARIDARA_ATTACK/to_label_1070.jpg,ALLOCARIDARA_ATTACK,1445,train
DLD_FinalDataset_224_spit/train/ALLOCARIDARA_ATTACK/to_label_1071.jpg,ALLOCARIDARA_ATTACK,1446,train
DLD_FinalDataset_224_spit/train/ALLOCARIDARA_ATTACK/to_label_1073.jpg,ALLOCARIDARA_ATTACK,1447,val
DLD_FinalDataset_224_spit/train/ALLOCARIDARA_ATTACK/to_label_1077.jpg,ALLOCARIDARA_ATTACK,1448,train
DLD_FinalDataset_224_spit/train/ALLOCARIDARA_ATTACK/to_label_1078.jpg,ALLOCARIDARA_ATTACK,1449,train
DLD_FinalDataset_224_spit/train/ALLOCARIDARA_ATTACK/to_label_1080.jpg,ALLOCARIDARA_ATTACK,1450,train
DLD_FinalDataset_224_spit/train/ALLOCARIDARA_ATTACK/to_label_1082.jpg,ALLOCARIDARA_ATTACK,1451,train
DLD_FinalDataset_224_spit/train/ALLOCARIDARA_ATTACK/to_label_1083.jpg,ALLOCARIDARA_ATTACK,1452,train
DLD_FinalDataset_224_spit/train/ALLOCARIDARA_ATTACK/to_label_1084.jpg,ALLOCARIDARA_ATTACK,1453,test
DLD_FinalDataset_224_spit/train/ALLOCARIDARA_ATTACK/to_label_1089.jpg,ALLOCARIDARA_ATTACK,1454,test
DLD_FinalDataset_224_spit/train/ALLOCARIDARA_ATTACK/to_label_1092.jpg,ALLOCARIDARA_ATTACK,1455,train
DLD_FinalDataset_224_spit/train/ALLOCARIDARA_ATTACK/to_label_1094.jpg,ALLOCARIDARA_ATTACK,1456,test
DLD_FinalDataset_224_spit/train/ALLOCARIDARA_ATTACK/to_label_1096.jpg,ALLOCARIDARA_ATTACK,1457,test
DLD_FinalDataset_224_spit/train/ALLOCARIDARA_ATTACK/to_label_1097.jpg,ALLOCARIDARA_ATTACK,1458,train
DLD_FinalDataset_224_spit/train/ALLOCARIDARA_ATTACK/to_label_1098.jpg,ALLOCARIDARA_ATTACK,1459,train
DLD_FinalDataset_224_spit/train/ALLOCARIDARA_ATTACK/to_label_1099.jpg,ALLOCARIDARA_ATTACK,1460,train
DLD_FinalDataset_224_spit/train/ALLOCARIDARA_ATTACK/to_label_1100.jpg,ALLOCARIDARA_ATTACK,1461,test
DLD_FinalDataset_224_spit/train/ALLOCARIDARA_ATTACK/to_label_1101.jpg,ALLOCARIDARA_ATTACK,1462,train
DLD_FinalDataset_224_spit/train/ALLOCARIDARA_ATTACK/to_label_1102.jpg,ALLOCARIDARA_ATTACK,1463,train
DLD_FinalDataset_224_spit/train/ALLOCARIDARA_ATTACK/to_label_1103.jpg,ALLOCARIDARA_ATTACK,1464,train
DLD_FinalDataset_224_spit/train/ALLOCARIDARA_ATTACK/to_label_1104.jpg,ALLOCARIDARA_ATTACK,1465,test
DLD_FinalDataset_224_spit/train/ALLOCARIDARA_ATTACK/to_label_1107.jpg,ALLOCARIDARA_ATTACK,1466,val
DLD_FinalDataset_224_spit/train/ALLOCARIDARA_ATTACK/to_label_1108.jpg,ALLOCARIDARA_ATTACK,1467,test
DLD_FinalDataset_224_spit/train/ALLOCARIDARA_ATTACK/to_label_1109.jpg,ALLOCARIDARA_ATTACK,1468,test
DLD_FinalDataset_224_spit/train/ALLOCARIDARA_ATTACK/to_label_1111.jpg,ALLOCARIDARA_ATTACK,1469,test
DLD_FinalDataset_224_spit/train/ALLOCARIDARA_ATTACK/to_label_1112.jpg,ALLOCARIDARA_ATTACK,1470,test
DLD_FinalDataset_224_spit/train/ALLOCARIDARA_ATTACK/to_label_1113.jpg,ALLOCARIDARA_ATTACK,1471,val
DLD_FinalDataset_224_spit/train/ALLOCARIDARA_ATTACK/to_label_1114.jpg,ALLOCARIDARA_ATTACK,1472,train
DLD_FinalDataset_224_spit/train/ALLOCARIDARA_ATTACK/to_label_1115.jpg,ALLOCARIDARA_ATTACK,1473,train
DLD_FinalDataset_224_spit/train/ALLOCARIDARA_ATTACK/to_label_1117.jpg,ALLOCARIDARA_ATTACK,1474,train
DLD_FinalDataset_224_spit/train/ALLOCARIDARA_ATTACK/to_label_1120.jpg,ALLOCARIDARA_ATTACK,1475,train
DLD_FinalDataset_224_spit/train/ALLOCARIDARA_ATTACK/to_label_1121.jpg,ALLOCARIDARA_ATTACK,1476,val
DLD_FinalDataset_224_spit/train/ALLOCARIDARA_ATTACK/to_label_1122.jpg,ALLOCARIDARA_ATTACK,1477,train
DLD_FinalDataset_224_spit/train/ALLOCARIDARA_ATTACK/to_label_1123.jpg,ALLOCARIDARA_ATTACK,1478,test
DLD_FinalDataset_224_spit/train/ALLOCARIDARA_ATTACK/to_label_1124.jpg,ALLOCARIDARA_ATTACK,1479,val
DLD_FinalDataset_224_spit/train/ALLOCARIDARA_ATTACK/to_label_1125.jpg,ALLOCARIDARA_ATTACK,1480,val
DLD_FinalDataset_224_spit/train/ALLOCARIDARA_ATTACK/to_label_1126.jpg,ALLOCARIDARA_ATTACK,1481,train
DLD_FinalDataset_224_spit/train/ALLOCARIDARA_ATTACK/to_label_1128.jpg,ALLOCARIDARA_ATTACK,1482,test
DLD_FinalDataset_224_spit/train/ALLOCARIDARA_ATTACK/to_label_1130.jpg,ALLOCARIDARA_ATTACK,1483,train
DLD_FinalDataset_224_spit/train/ALLOCARIDARA_ATTACK/to_label_1131.jpg,ALLOCARIDARA_ATTACK,1484,train
DLD_FinalDataset_224_spit/train/ALLOCARIDARA_ATTACK/to_label_1132.jpg,ALLOCARIDARA_ATTACK,1485,train
DLD_FinalDataset_224_spit/train/ALLOCARIDARA_ATTACK/to_label_1133.jpg,ALLOCARIDARA_ATTACK,1486,train
DLD_FinalDataset_224_spit/train/ALLOCARIDARA_ATTACK/to_label_1135.jpg,ALLOCARIDARA_ATTACK,1487,train
DLD_FinalDataset_224_spit/train/ALLOCARIDARA_ATTACK/to_label_1136.jpg,ALLOCARIDARA_ATTACK,1488,train
DLD_FinalDataset_224_spit/train/ALLOCARIDARA_ATTACK/to_label_1137.jpg,ALLOCARIDARA_ATTACK,1489,val
DLD_FinalDataset_224_spit/train/ALLOCARIDARA_ATTACK/to_label_1138.jpg,ALLOCARIDARA_ATTACK,1490,train
DLD_FinalDataset_224_spit/train/ALLOCARIDARA_ATTACK/to_label_1139.jpg,ALLOCARIDARA_ATTACK,1491,train
DLD_FinalDataset_224_spit/train/ALLOCARIDARA_ATTACK/to_label_1140.jpg,ALLOCARIDARA_ATTACK,1492,train
DLD_FinalDataset_224_spit/train/ALLOCARIDARA_ATTACK/to_label_1141.jpg,ALLOCARIDARA_ATTACK,1493,test
DLD_FinalDataset_224_spit/train/ALLOCARIDARA_ATTACK/to_label_1142.jpg,ALLOCARIDARA_ATTACK,1494,train
DLD_FinalDataset_224_spit/train/ALLOCARIDARA_ATTACK/to_label_1144.jpg,ALLOCARIDARA_ATTACK,1495,train
DLD_FinalDataset_224_spit/train/ALLOCARIDARA_ATTACK/to_label_1145.jpg,ALLOCARIDARA_ATTACK,1496,train
DLD_FinalDataset_224_spit/train/ALLOCARIDARA_ATTACK/to_label_1148.jpg,ALLOCARIDARA_ATTACK,1497,train
DLD_FinalDataset_224_spit/train/ALLOCARIDARA_ATTACK/to_label_1150.jpg,ALLOCARIDARA_ATTACK,1498,train
DLD_FinalDataset_224_spit/train/ALLOCARIDARA_ATTACK/to_label_1152.jpg,ALLOCARIDARA_ATTACK,1499,test
DLD_FinalDataset_224_spit/train/ALLOCARIDARA_ATTACK/to_label_1153.jpg,ALLOCARIDARA_ATTACK,1500,train
DLD_FinalDataset_224_spit/train/ALLOCARIDARA_ATTACK/to_label_1154.jpg,ALLOCARIDARA_ATTACK,1501,train
DLD_FinalDataset_224_spit/train/ALLOCARIDARA_ATTACK/to_label_1155.jpg,ALLOCARIDARA_ATTACK,1502,train
DLD_FinalDataset_224_spit/train/ALLOCARIDARA_ATTACK/to_label_1156.jpg,ALLOCARIDARA_ATTACK,1503,train
DLD_FinalDataset_224_spit/train/ALLOCARIDARA_ATTACK/to_label_1157.jpg,ALLOCARIDARA_ATTACK,1504,train
DLD_FinalDataset_224_spit/train/ALLOCARIDARA_ATTACK/to_label_1159.jpg,ALLOCARIDARA_ATTACK,1505,test
DLD_FinalDataset_224_spit/train/ALLOCARIDARA_ATTACK/to_label_1160.jpg,ALLOCARIDARA_ATTACK,1506,train
DLD_FinalDataset_224_spit/train/ALLOCARIDARA_ATTACK/to_label_1161.jpg,ALLOCARIDARA_ATTACK,1507,train
DLD_FinalDataset_224_spit/train/ALLOCARIDARA_ATTACK/to_label_1162.jpg,ALLOCARIDARA_ATTACK,1508,train
DLD_FinalDataset_224_spit/train/ALLOCARIDARA_ATTACK/to_label_1163.jpg,ALLOCARIDARA_ATTACK,1509,train
DLD_FinalDataset_224_spit/train/ALLOCARIDARA_ATTACK/to_label_1164.jpg,ALLOCARIDARA_ATTACK,1510,train
DLD_FinalDataset_224_spit/train/ALLOCARIDARA_ATTACK/to_label_1166.jpg,ALLOCARIDARA_ATTACK,1511,train
DLD_FinalDataset_224_spit/train/ALLOCARIDARA_ATTACK/to_label_1167.jpg,ALLOCARIDARA_ATTACK,1512,train
DLD_FinalDataset_224_spit/train/ALLOCARIDARA_ATTACK/to_label_1169.jpg,ALLOCARIDARA_ATTACK,1513,train
DLD_FinalDataset_224_spit/train/ALLOCARIDARA_ATTACK/to_label_1170.jpg,ALLOCARIDARA_ATTACK,1514,train
DLD_FinalDataset_224_spit/train/ALLOCARIDARA_ATTACK/to_label_1171.jpg,ALLOCARIDARA_ATTACK,1515,val
DLD_FinalDataset_224_spit/train/ALLOCARIDARA_ATTACK/to_label_1172.jpg,ALLOCARIDARA_ATTACK,1516,val
DLD_FinalDataset_224_spit/train/ALLOCARIDARA_ATTACK/to_label_1173.jpg,ALLOCARIDARA_ATTACK,1517,test
DLD_FinalDataset_224_spit/train/ALLOCARIDARA_ATTACK/to_label_1174.jpg,ALLOCARIDARA_ATTACK,1518,test
DLD_FinalDataset_224_spit/train/ALLOCARIDARA_ATTACK/to_label_1176.jpg,ALLOCARIDARA_ATTACK,1519,train
DLD_FinalDataset_224_spit/train/ALLOCARIDARA_ATTACK/to_label_1177.jpg,ALLOCARIDARA_ATTACK,1520,val
DLD_FinalDataset_224_spit/train/ALLOCARIDARA_ATTACK/to_label_1179.jpg,ALLOCARIDARA_ATTACK,1521,train
DLD_FinalDataset_224_spit/train/ALLOCARIDARA_ATTACK/to_label_1180.jpg,ALLOCARIDARA_ATTACK,1522,train
DLD_FinalDataset_224_spit/train/ALLOCARIDARA_ATTACK/to_label_1181.jpg,ALLOCARIDARA_ATTACK,1523,train
DLD_FinalDataset_224_spit/train/ALLOCARIDARA_ATTACK/to_label_1182.jpg,ALLOCARIDARA_ATTACK,1524,train
DLD_FinalDataset_224_spit/train/ALLOCARIDARA_ATTACK/to_label_1183.jpg,ALLOCARIDARA_ATTACK,1525,train
DLD_FinalDataset_224_spit/train/ALLOCARIDARA_ATTACK/to_label_1185.jpg,ALLOCARIDARA_ATTACK,1526,train
DLD_FinalDataset_224_spit/train/ALLOCARIDARA_ATTACK/to_label_1186.jpg,ALLOCARIDARA_ATTACK,1527,val
DLD_FinalDataset_224_spit/train/ALLOCARIDARA_ATTACK/to_label_1187.jpg,ALLOCARIDARA_ATTACK,1528,val
DLD_FinalDataset_224_spit/train/ALLOCARIDARA_ATTACK/to_label_1188.jpg,ALLOCARIDARA_ATTACK,1529,train
DLD_FinalDataset_224_spit/train/ALLOCARIDARA_ATTACK/to_label_1189.jpg,ALLOCARIDARA_ATTACK,1530,train
DLD_FinalDataset_224_spit/train/ALLOCARIDARA_ATTACK/to_label_1190.jpg,ALLOCARIDARA_ATTACK,1531,train
DLD_FinalDataset_224_spit/train/ALLOCARIDARA_ATTACK/to_label_1191.jpg,ALLOCARIDARA_ATTACK,1532,train
DLD_FinalDataset_224_spit/train/ALLOCARIDARA_ATTACK/to_label_1192.jpg,ALLOCARIDARA_ATTACK,1533,train
DLD_FinalDataset_224_spit/train/ALLOCARIDARA_ATTACK/to_label_1193.jpg,ALLOCARIDARA_ATTACK,1534,train
DLD_FinalDataset_224_spit/train/ALLOCARIDARA_ATTACK/to_label_1194.jpg,ALLOCARIDARA_ATTACK,1535,train
DLD_FinalDataset_224_spit/train/ALLOCARIDARA_ATTACK/to_label_1195.jpg,ALLOCARIDARA_ATTACK,1536,val
DLD_FinalDataset_224_spit/train/ALLOCARIDARA_ATTACK/to_label_1196.jpg,ALLOCARIDARA_ATTACK,1537,train
DLD_FinalDataset_224_spit/train/ALLOCARIDARA_ATTACK/to_label_1197.jpg,ALLOCARIDARA_ATTACK,1538,train
DLD_FinalDataset_224_spit/train/ALLOCARIDARA_ATTACK/to_label_1198.jpg,ALLOCARIDARA_ATTACK,1539,train
DLD_FinalDataset_224_spit/train/ALLOCARIDARA_ATTACK/to_label_1199.jpg,ALLOCARIDARA_ATTACK,1540,train
DLD_FinalDataset_224_spit/train/ALLOCARIDARA_ATTACK/to_label_1200.jpg,ALLOCARIDARA_ATTACK,1541,train
DLD_FinalDataset_224_spit/train/ALLOCARIDARA_ATTACK/to_label_1201.jpg,ALLOCARIDARA_ATTACK,1542,train
DLD_FinalDataset_224_spit/train/ALLOCARIDARA_ATTACK/to_label_1203.jpg,ALLOCARIDARA_ATTACK,1543,train
DLD_FinalDataset_224_spit/train/ALLOCARIDARA_ATTACK/to_label_1204.jpg,ALLOCARIDARA_ATTACK,1544,test
DLD_FinalDataset_224_spit/train/ALLOCARIDARA_ATTACK/to_label_1205.jpg,ALLOCARIDARA_ATTACK,1545,test
DLD_FinalDataset_224_spit/train/ALLOCARIDARA_ATTACK/to_label_1207.jpg,ALLOCARIDARA_ATTACK,1546,test
DLD_FinalDataset_224_spit/train/ALLOCARIDARA_ATTACK/to_label_1210.jpg,ALLOCARIDARA_ATTACK,1547,train
DLD_FinalDataset_224_spit/train/ALLOCARIDARA_ATTACK/to_label_1211.jpg,ALLOCARIDARA_ATTACK,1548,train
DLD_FinalDataset_224_spit/train/ALLOCARIDARA_ATTACK/to_label_1212.jpg,ALLOCARIDARA_ATTACK,1549,train
DLD_FinalDataset_224_spit/train/ALLOCARIDARA_ATTACK/to_label_1213.jpg,ALLOCARIDARA_ATTACK,1550,test
DLD_FinalDataset_224_spit/train/ALLOCARIDARA_ATTACK/to_label_1215.jpg,ALLOCARIDARA_ATTACK,1551,train
DLD_FinalDataset_224_spit/train/ALLOCARIDARA_ATTACK/to_label_1216.jpg,ALLOCARIDARA_ATTACK,1552,train
DLD_FinalDataset_224_spit/train/ALLOCARIDARA_ATTACK/to_label_1217.jpg,ALLOCARIDARA_ATTACK,1553,train
DLD_FinalDataset_224_spit/train/ALLOCARIDARA_ATTACK/to_label_1224.jpg,ALLOCARIDARA_ATTACK,1554,train
DLD_FinalDataset_224_spit/train/ALLOCARIDARA_ATTACK/to_label_1226.jpg,ALLOCARIDARA_ATTACK,1555,train
DLD_FinalDataset_224_spit/train/ALLOCARIDARA_ATTACK/to_label_1227.jpg,ALLOCARIDARA_ATTACK,1556,train
DLD_FinalDataset_224_spit/train/ALLOCARIDARA_ATTACK/to_label_1229.jpg,ALLOCARIDARA_ATTACK,1557,train
DLD_FinalDataset_224_spit/train/ALLOCARIDARA_ATTACK/to_label_1230.jpg,ALLOCARIDARA_ATTACK,1558,train
DLD_FinalDataset_224_spit/train/ALLOCARIDARA_ATTACK/to_label_1231.jpg,ALLOCARIDARA_ATTACK,1559,train
DLD_FinalDataset_224_spit/train/ALLOCARIDARA_ATTACK/to_label_1232.jpg,ALLOCARIDARA_ATTACK,1560,train
DLD_FinalDataset_224_spit/train/ALLOCARIDARA_ATTACK/to_label_1233.jpg,ALLOCARIDARA_ATTACK,1561,train
DLD_FinalDataset_224_spit/train/ALLOCARIDARA_ATTACK/to_label_1234.jpg,ALLOCARIDARA_ATTACK,1562,test
DLD_FinalDataset_224_spit/train/ALLOCARIDARA_ATTACK/to_label_1235.jpg,ALLOCARIDARA_ATTACK,1563,test
DLD_FinalDataset_224_spit/train/ALLOCARIDARA_ATTACK/to_label_1236.jpg,ALLOCARIDARA_ATTACK,1564,train
DLD_FinalDataset_224_spit/train/ALLOCARIDARA_ATTACK/to_label_1238.jpg,ALLOCARIDARA_ATTACK,1565,train
DLD_FinalDataset_224_spit/train/ALLOCARIDARA_ATTACK/to_label_1239.jpg,ALLOCARIDARA_ATTACK,1566,train
DLD_FinalDataset_224_spit/train/ALLOCARIDARA_ATTACK/to_label_1240.jpg,ALLOCARIDARA_ATTACK,1567,train
DLD_FinalDataset_224_spit/train/ALLOCARIDARA_ATTACK/to_label_1242.jpg,ALLOCARIDARA_ATTACK,1568,train
DLD_FinalDataset_224_spit/train/ALLOCARIDARA_ATTACK/to_label_1243.jpg,ALLOCARIDARA_ATTACK,1569,val
DLD_FinalDataset_224_spit/train/ALLOCARIDARA_ATTACK/to_label_1244.jpg,ALLOCARIDARA_ATTACK,1570,train
DLD_FinalDataset_224_spit/train/ALLOCARIDARA_ATTACK/to_label_1246.jpg,ALLOCARIDARA_ATTACK,1571,val
DLD_FinalDataset_224_spit/train/ALLOCARIDARA_ATTACK/to_label_1247.jpg,ALLOCARIDARA_ATTACK,1572,train
DLD_FinalDataset_224_spit/train/ALLOCARIDARA_ATTACK/to_label_1248.jpg,ALLOCARIDARA_ATTACK,1573,test
DLD_FinalDataset_224_spit/train/ALLOCARIDARA_ATTACK/to_label_1250.jpg,ALLOCARIDARA_ATTACK,1574,train
DLD_FinalDataset_224_spit/train/ALLOCARIDARA_ATTACK/to_label_1251.jpg,ALLOCARIDARA_ATTACK,1575,test
DLD_FinalDataset_224_spit/train/ALLOCARIDARA_ATTACK/to_label_1252.jpg,ALLOCARIDARA_ATTACK,1576,test
DLD_FinalDataset_224_spit/train/ALLOCARIDARA_ATTACK/to_label_1253.jpg,ALLOCARIDARA_ATTACK,1577,test
DLD_FinalDataset_224_spit/train/ALLOCARIDARA_ATTACK/to_label_1255.jpg,ALLOCARIDARA_ATTACK,1578,train
DLD_FinalDataset_224_spit/train/ALLOCARIDARA_ATTACK/to_label_1257.jpg,ALLOCARIDARA_ATTACK,1579,val
DLD_FinalDataset_224_spit/train/ALLOCARIDARA_ATTACK/to_label_1259.jpg,ALLOCARIDARA_ATTACK,1580,val
DLD_FinalDataset_224_spit/train/ALLOCARIDARA_ATTACK/to_label_1260.jpg,ALLOCARIDARA_ATTACK,1581,train
DLD_FinalDataset_224_spit/train/ALLOCARIDARA_ATTACK/to_label_1262.jpg,ALLOCARIDARA_ATTACK,1582,train
DLD_FinalDataset_224_spit/train/ALLOCARIDARA_ATTACK/to_label_1263.jpg,ALLOCARIDARA_ATTACK,1583,train
DLD_FinalDataset_224_spit/train/ALLOCARIDARA_ATTACK/to_label_1264.jpg,ALLOCARIDARA_ATTACK,1584,val
DLD_FinalDataset_224_spit/train/ALLOCARIDARA_ATTACK/to_label_1266.jpg,ALLOCARIDARA_ATTACK,1585,test
DLD_FinalDataset_224_spit/train/ALLOCARIDARA_ATTACK/to_label_1267.jpg,ALLOCARIDARA_ATTACK,1586,train
DLD_FinalDataset_224_spit/train/ALLOCARIDARA_ATTACK/to_label_1268.jpg,ALLOCARIDARA_ATTACK,1587,train
DLD_FinalDataset_224_spit/train/ALLOCARIDARA_ATTACK/to_label_1269.jpg,ALLOCARIDARA_ATTACK,1588,train
DLD_FinalDataset_224_spit/train/ALLOCARIDARA_ATTACK/to_label_1272.jpg,ALLOCARIDARA_ATTACK,1589,test
DLD_FinalDataset_224_spit/train/ALLOCARIDARA_ATTACK/to_label_1273.jpg,ALLOCARIDARA_ATTACK,1590,test
DLD_FinalDataset_224_spit/train/ALLOCARIDARA_ATTACK/to_label_1274.jpg,ALLOCARIDARA_ATTACK,1591,train
DLD_FinalDataset_224_spit/train/ALLOCARIDARA_ATTACK/to_label_1275.jpg,ALLOCARIDARA_ATTACK,1592,test
DLD_FinalDataset_224_spit/train/ALLOCARIDARA_ATTACK/to_label_1278.jpg,ALLOCARIDARA_ATTACK,1593,train
DLD_FinalDataset_224_spit/train/ALLOCARIDARA_ATTACK/to_label_1279.jpg,ALLOCARIDARA_ATTACK,1594,test
DLD_FinalDataset_224_spit/train/ALLOCARIDARA_ATTACK/to_label_1280.jpg,ALLOCARIDARA_ATTACK,1595,train
DLD_FinalDataset_224_spit/train/ALLOCARIDARA_ATTACK/to_label_1281.jpg,ALLOCARIDARA_ATTACK,1596,train
DLD_FinalDataset_224_spit/train/ALLOCARIDARA_ATTACK/to_label_1282.jpg,ALLOCARIDARA_ATTACK,1597,train
DLD_FinalDataset_224_spit/train/ALLOCARIDARA_ATTACK/to_label_1283.jpg,ALLOCARIDARA_ATTACK,1598,train
DLD_FinalDataset_224_spit/train/ALLOCARIDARA_ATTACK/to_label_1284.jpg,ALLOCARIDARA_ATTACK,1599,train
DLD_FinalDataset_224_spit/train/ALLOCARIDARA_ATTACK/to_label_1285.jpg,ALLOCARIDARA_ATTACK,1600,train
DLD_FinalDataset_224_spit/train/ALLOCARIDARA_ATTACK/to_label_1287.jpg,ALLOCARIDARA_ATTACK,1601,val
DLD_FinalDataset_224_spit/train/ALLOCARIDARA_ATTACK/to_label_1288.jpg,ALLOCARIDARA_ATTACK,1602,train
DLD_FinalDataset_224_spit/train/ALLOCARIDARA_ATTACK/to_label_1289.jpg,ALLOCARIDARA_ATTACK,1603,train
DLD_FinalDataset_224_spit/train/ALLOCARIDARA_ATTACK/to_label_1290.jpg,ALLOCARIDARA_ATTACK,1604,train
DLD_FinalDataset_224_spit/train/ALLOCARIDARA_ATTACK/to_label_1293.jpg,ALLOCARIDARA_ATTACK,1605,val
DLD_FinalDataset_224_spit/train/ALLOCARIDARA_ATTACK/to_label_1294.jpg,ALLOCARIDARA_ATTACK,1606,train
DLD_FinalDataset_224_spit/train/ALLOCARIDARA_ATTACK/to_label_1295.jpg,ALLOCARIDARA_ATTACK,1607,train
DLD_FinalDataset_224_spit/train/ALLOCARIDARA_ATTACK/to_label_1296.jpg,ALLOCARIDARA_ATTACK,1608,val
DLD_FinalDataset_224_spit/train/ALLOCARIDARA_ATTACK/to_label_1298.jpg,ALLOCARIDARA_ATTACK,1609,train
DLD_FinalDataset_224_spit/train/ALLOCARIDARA_ATTACK/to_label_1299.jpg,ALLOCARIDARA_ATTACK,1610,train
DLD_FinalDataset_224_spit/train/ALLOCARIDARA_ATTACK/to_label_1300.jpg,ALLOCARIDARA_ATTACK,1611,train
DLD_FinalDataset_224_spit/train/ALLOCARIDARA_ATTACK/to_label_1302.jpg,ALLOCARIDARA_ATTACK,1612,test
DLD_FinalDataset_224_spit/train/ALLOCARIDARA_ATTACK/to_label_1304.jpg,ALLOCARIDARA_ATTACK,1613,test
DLD_FinalDataset_224_spit/train/ALLOCARIDARA_ATTACK/to_label_1306.jpg,ALLOCARIDARA_ATTACK,1614,train
DLD_FinalDataset_224_spit/train/ALLOCARIDARA_ATTACK/to_label_1308.jpg,ALLOCARIDARA_ATTACK,1615,test
DLD_FinalDataset_224_spit/train/ALLOCARIDARA_ATTACK/to_label_1312.jpg,ALLOCARIDARA_ATTACK,1616,val
DLD_FinalDataset_224_spit/train/ALLOCARIDARA_ATTACK/to_label_1313.jpg,ALLOCARIDARA_ATTACK,1617,test
DLD_FinalDataset_224_spit/train/ALLOCARIDARA_ATTACK/to_label_1314.jpg,ALLOCARIDARA_ATTACK,1618,train
DLD_FinalDataset_224_spit/train/ALLOCARIDARA_ATTACK/to_label_1315.jpg,ALLOCARIDARA_ATTACK,1619,test
DLD_FinalDataset_224_spit/train/ALLOCARIDARA_ATTACK/to_label_1316.jpg,ALLOCARIDARA_ATTACK,1620,train
DLD_FinalDataset_224_spit/train/ALLOCARIDARA_ATTACK/to_label_1318.jpg,ALLOCARIDARA_ATTACK,1621,train
DLD_FinalDataset_224_spit/train/ALLOCARIDARA_ATTACK/to_label_1319.jpg,ALLOCARIDARA_ATTACK,1622,train
DLD_FinalDataset_224_spit/train/ALLOCARIDARA_ATTACK/to_label_1321.jpg,ALLOCARIDARA_ATTACK,1623,train
DLD_FinalDataset_224_spit/train/ALLOCARIDARA_ATTACK/to_label_1324.jpg,ALLOCARIDARA_ATTACK,1624,train
DLD_FinalDataset_224_spit/train/ALLOCARIDARA_ATTACK/to_label_1326.jpg,ALLOCARIDARA_ATTACK,1625,train
DLD_FinalDataset_224_spit/train/ALLOCARIDARA_ATTACK/to_label_1328.jpg,ALLOCARIDARA_ATTACK,1626,test
DLD_FinalDataset_224_spit/train/ALLOCARIDARA_ATTACK/to_label_1329.jpg,ALLOCARIDARA_ATTACK,1627,test
DLD_FinalDataset_224_spit/train/ALLOCARIDARA_ATTACK/to_label_1331.jpg,ALLOCARIDARA_ATTACK,1628,train
DLD_FinalDataset_224_spit/train/ALLOCARIDARA_ATTACK/to_label_1333.jpg,ALLOCARIDARA_ATTACK,1629,train
DLD_FinalDataset_224_spit/train/ALLOCARIDARA_ATTACK/to_label_1335.jpg,ALLOCARIDARA_ATTACK,1630,train
DLD_FinalDataset_224_spit/train/ALLOCARIDARA_ATTACK/to_label_1336.jpg,ALLOCARIDARA_ATTACK,1631,train
DLD_FinalDataset_224_spit/train/ALLOCARIDARA_ATTACK/to_label_1337.jpg,ALLOCARIDARA_ATTACK,1632,test
DLD_FinalDataset_224_spit/train/ALLOCARIDARA_ATTACK/to_label_1340.jpg,ALLOCARIDARA_ATTACK,1633,train
DLD_FinalDataset_224_spit/train/ALLOCARIDARA_ATTACK/to_label_1341.jpg,ALLOCARIDARA_ATTACK,1634,train
DLD_FinalDataset_224_spit/train/ALLOCARIDARA_ATTACK/to_label_1345.jpg,ALLOCARIDARA_ATTACK,1635,train
DLD_FinalDataset_224_spit/train/ALLOCARIDARA_ATTACK/to_label_1346.jpg,ALLOCARIDARA_ATTACK,1636,test
DLD_FinalDataset_224_spit/train/ALLOCARIDARA_ATTACK/to_label_1347.jpg,ALLOCARIDARA_ATTACK,1637,train
DLD_FinalDataset_224_spit/train/ALLOCARIDARA_ATTACK/to_label_1348.jpg,ALLOCARIDARA_ATTACK,1638,train
DLD_FinalDataset_224_spit/train/ALLOCARIDARA_ATTACK/to_label_1350.jpg,ALLOCARIDARA_ATTACK,1639,train
DLD_FinalDataset_224_spit/train/ALLOCARIDARA_ATTACK/to_label_1351.jpg,ALLOCARIDARA_ATTACK,1640,val
DLD_FinalDataset_224_spit/train/ALLOCARIDARA_ATTACK/to_label_1352.jpg,ALLOCARIDARA_ATTACK,1641,train
DLD_FinalDataset_224_spit/train/ALLOCARIDARA_ATTACK/to_label_1354.jpg,ALLOCARIDARA_ATTACK,1642,train
DLD_FinalDataset_224_spit/train/ALLOCARIDARA_ATTACK/to_label_1355.jpg,ALLOCARIDARA_ATTACK,1643,train
DLD_FinalDataset_224_spit/train/ALLOCARIDARA_ATTACK/to_label_1356.jpg,ALLOCARIDARA_ATTACK,1644,train
DLD_FinalDataset_224_spit/train/ALLOCARIDARA_ATTACK/to_label_1358.jpg,ALLOCARIDARA_ATTACK,1645,train
DLD_FinalDataset_224_spit/train/ALLOCARIDARA_ATTACK/to_label_1359.jpg,ALLOCARIDARA_ATTACK,1646,train
DLD_FinalDataset_224_spit/train/ALLOCARIDARA_ATTACK/to_label_1360.jpg,ALLOCARIDARA_ATTACK,1647,test
DLD_FinalDataset_224_spit/train/ALLOCARIDARA_ATTACK/to_label_1363.jpg,ALLOCARIDARA_ATTACK,1648,val
DLD_FinalDataset_224_spit/train/ALLOCARIDARA_ATTACK/to_label_1364.jpg,ALLOCARIDARA_ATTACK,1649,train
DLD_FinalDataset_224_spit/train/ALLOCARIDARA_ATTACK/to_label_1365.jpg,ALLOCARIDARA_ATTACK,1650,train
DLD_FinalDataset_224_spit/train/ALLOCARIDARA_ATTACK/to_label_1367.jpg,ALLOCARIDARA_ATTACK,1651,train
DLD_FinalDataset_224_spit/train/ALLOCARIDARA_ATTACK/to_label_1369.jpg,ALLOCARIDARA_ATTACK,1652,train
DLD_FinalDataset_224_spit/train/ALLOCARIDARA_ATTACK/to_label_1371.jpg,ALLOCARIDARA_ATTACK,1653,train
DLD_FinalDataset_224_spit/train/ALLOCARIDARA_ATTACK/to_label_1375.jpg,ALLOCARIDARA_ATTACK,1654,train
DLD_FinalDataset_224_spit/train/ALLOCARIDARA_ATTACK/to_label_1376.jpg,ALLOCARIDARA_ATTACK,1655,train
DLD_FinalDataset_224_spit/train/ALLOCARIDARA_ATTACK/to_label_1377.jpg,ALLOCARIDARA_ATTACK,1656,train
DLD_FinalDataset_224_spit/train/ALLOCARIDARA_ATTACK/to_label_1381.jpg,ALLOCARIDARA_ATTACK,1657,train
DLD_FinalDataset_224_spit/train/ALLOCARIDARA_ATTACK/to_label_1383.jpg,ALLOCARIDARA_ATTACK,1658,test
DLD_FinalDataset_224_spit/train/ALLOCARIDARA_ATTACK/to_label_1384.jpg,ALLOCARIDARA_ATTACK,1659,train
DLD_FinalDataset_224_spit/train/ALLOCARIDARA_ATTACK/to_label_1385.jpg,ALLOCARIDARA_ATTACK,1660,train
DLD_FinalDataset_224_spit/train/ALLOCARIDARA_ATTACK/to_label_1386.jpg,ALLOCARIDARA_ATTACK,1661,train
DLD_FinalDataset_224_spit/train/ALLOCARIDARA_ATTACK/to_label_1388.jpg,ALLOCARIDARA_ATTACK,1662,train
DLD_FinalDataset_224_spit/train/ALLOCARIDARA_ATTACK/to_label_1390.jpg,ALLOCARIDARA_ATTACK,1663,train
DLD_FinalDataset_224_spit/train/ALLOCARIDARA_ATTACK/to_label_1391.jpg,ALLOCARIDARA_ATTACK,1664,val
DLD_FinalDataset_224_spit/train/ALLOCARIDARA_ATTACK/to_label_1394.jpg,ALLOCARIDARA_ATTACK,1665,train
DLD_FinalDataset_224_spit/train/ALLOCARIDARA_ATTACK/to_label_1395.jpg,ALLOCARIDARA_ATTACK,1666,train
DLD_FinalDataset_224_spit/train/ALLOCARIDARA_ATTACK/to_label_1396.jpg,ALLOCARIDARA_ATTACK,1667,train
DLD_FinalDataset_224_spit/train/ALLOCARIDARA_ATTACK/to_label_1397.jpg,ALLOCARIDARA_ATTACK,1668,train
DLD_FinalDataset_224_spit/train/ALLOCARIDARA_ATTACK/to_label_1398.jpg,ALLOCARIDARA_ATTACK,1669,val
DLD_FinalDataset_224_spit/train/ALLOCARIDARA_ATTACK/to_label_1399.jpg,ALLOCARIDARA_ATTACK,1670,test
DLD_FinalDataset_224_spit/train/ALLOCARIDARA_ATTACK/to_label_1402.jpg,ALLOCARIDARA_ATTACK,1671,train
DLD_FinalDataset_224_spit/train/ALLOCARIDARA_ATTACK/to_label_1404.jpg,ALLOCARIDARA_ATTACK,1672,test
DLD_FinalDataset_224_spit/train/ALLOCARIDARA_ATTACK/to_label_1405.jpg,ALLOCARIDARA_ATTACK,1673,test
DLD_FinalDataset_224_spit/train/ALLOCARIDARA_ATTACK/to_label_1406.jpg,ALLOCARIDARA_ATTACK,1674,train
DLD_FinalDataset_224_spit/train/ALLOCARIDARA_ATTACK/to_label_1408.jpg,ALLOCARIDARA_ATTACK,1675,train
DLD_FinalDataset_224_spit/train/ALLOCARIDARA_ATTACK/to_label_1409.jpg,ALLOCARIDARA_ATTACK,1676,train
DLD_FinalDataset_224_spit/train/ALLOCARIDARA_ATTACK/to_label_1410.jpg,ALLOCARIDARA_ATTACK,1677,train
DLD_FinalDataset_224_spit/train/ALLOCARIDARA_ATTACK/to_label_1412.jpg,ALLOCARIDARA_ATTACK,1678,test
DLD_FinalDataset_224_spit/train/ALLOCARIDARA_ATTACK/to_label_1413.jpg,ALLOCARIDARA_ATTACK,1679,test
DLD_FinalDataset_224_spit/train/ALLOCARIDARA_ATTACK/to_label_1414.jpg,ALLOCARIDARA_ATTACK,1680,test
DLD_FinalDataset_224_spit/train/ALLOCARIDARA_ATTACK/to_label_1415.jpg,ALLOCARIDARA_ATTACK,1681,train
DLD_FinalDataset_224_spit/train/ALLOCARIDARA_ATTACK/to_label_1416.jpg,ALLOCARIDARA_ATTACK,1682,val
DLD_FinalDataset_224_spit/train/ALLOCARIDARA_ATTACK/to_label_1417.jpg,ALLOCARIDARA_ATTACK,1683,train
DLD_FinalDataset_224_spit/train/ALLOCARIDARA_ATTACK/to_label_1419.jpg,ALLOCARIDARA_ATTACK,1684,test
DLD_FinalDataset_224_spit/train/ALLOCARIDARA_ATTACK/to_label_1420.jpg,ALLOCARIDARA_ATTACK,1685,train
DLD_FinalDataset_224_spit/train/ALLOCARIDARA_ATTACK/to_label_1423.jpg,ALLOCARIDARA_ATTACK,1686,train
DLD_FinalDataset_224_spit/train/ALLOCARIDARA_ATTACK/to_label_1426.jpg,ALLOCARIDARA_ATTACK,1687,train
DLD_FinalDataset_224_spit/train/ALLOCARIDARA_ATTACK/to_label_1427.jpg,ALLOCARIDARA_ATTACK,1688,train
DLD_FinalDataset_224_spit/train/ALLOCARIDARA_ATTACK/to_label_1428.jpg,ALLOCARIDARA_ATTACK,1689,train
DLD_FinalDataset_224_spit/train/ALLOCARIDARA_ATTACK/to_label_1431.jpg,ALLOCARIDARA_ATTACK,1690,train
DLD_FinalDataset_224_spit/train/ALLOCARIDARA_ATTACK/to_label_1432.jpg,ALLOCARIDARA_ATTACK,1691,train
DLD_FinalDataset_224_spit/train/ALLOCARIDARA_ATTACK/to_label_1434.jpg,ALLOCARIDARA_ATTACK,1692,train
DLD_FinalDataset_224_spit/train/ALLOCARIDARA_ATTACK/to_label_1436.jpg,ALLOCARIDARA_ATTACK,1693,train
DLD_FinalDataset_224_spit/train/ALLOCARIDARA_ATTACK/to_label_1439.jpg,ALLOCARIDARA_ATTACK,1694,train
DLD_FinalDataset_224_spit/train/ALLOCARIDARA_ATTACK/to_label_1440.jpg,ALLOCARIDARA_ATTACK,1695,train
DLD_FinalDataset_224_spit/train/ALLOCARIDARA_ATTACK/to_label_1443.jpg,ALLOCARIDARA_ATTACK,1696,test
DLD_FinalDataset_224_spit/train/ALLOCARIDARA_ATTACK/to_label_1444.jpg,ALLOCARIDARA_ATTACK,1697,train
DLD_FinalDataset_224_spit/train/ALLOCARIDARA_ATTACK/to_label_1445.jpg,ALLOCARIDARA_ATTACK,1698,train
DLD_FinalDataset_224_spit/train/ALLOCARIDARA_ATTACK/to_label_1447.jpg,ALLOCARIDARA_ATTACK,1699,train
DLD_FinalDataset_224_spit/train/ALLOCARIDARA_ATTACK/to_label_1448.jpg,ALLOCARIDARA_ATTACK,1700,train
DLD_FinalDataset_224_spit/train/ALLOCARIDARA_ATTACK/to_label_1449.jpg,ALLOCARIDARA_ATTACK,1701,val
DLD_FinalDataset_224_spit/train/ALLOCARIDARA_ATTACK/to_label_1450.jpg,ALLOCARIDARA_ATTACK,1702,test
DLD_FinalDataset_224_spit/train/ALLOCARIDARA_ATTACK/to_label_1451.jpg,ALLOCARIDARA_ATTACK,1703,test
DLD_FinalDataset_224_spit/train/ALLOCARIDARA_ATTACK/to_label_1454.jpg,ALLOCARIDARA_ATTACK,1704,test
DLD_FinalDataset_224_spit/train/ALLOCARIDARA_ATTACK/to_label_1456.jpg,ALLOCARIDARA_ATTACK,1705,train
DLD_FinalDataset_224_spit/train/ALLOCARIDARA_ATTACK/to_label_1459.jpg,ALLOCARIDARA_ATTACK,1706,train
DLD_FinalDataset_224_spit/train/ALLOCARIDARA_ATTACK/to_label_1460.jpg,ALLOCARIDARA_ATTACK,1707,train
DLD_FinalDataset_224_spit/train/ALLOCARIDARA_ATTACK/to_label_1461.jpg,ALLOCARIDARA_ATTACK,1708,test
DLD_FinalDataset_224_spit/train/ALLOCARIDARA_ATTACK/to_label_1463.jpg,ALLOCARIDARA_ATTACK,1709,train
DLD_FinalDataset_224_spit/train/ALLOCARIDARA_ATTACK/to_label_1465.jpg,ALLOCARIDARA_ATTACK,1710,train
DLD_FinalDataset_224_spit/train/ALLOCARIDARA_ATTACK/to_label_1467.jpg,ALLOCARIDARA_ATTACK,1711,test
DLD_FinalDataset_224_spit/train/ALLOCARIDARA_ATTACK/to_label_1468.jpg,ALLOCARIDARA_ATTACK,1712,train
DLD_FinalDataset_224_spit/train/ALLOCARIDARA_ATTACK/to_label_1469.jpg,ALLOCARIDARA_ATTACK,1713,train
DLD_FinalDataset_224_spit/train/ALLOCARIDARA_ATTACK/to_label_1471.jpg,ALLOCARIDARA_ATTACK,1714,train
DLD_FinalDataset_224_spit/train/ALLOCARIDARA_ATTACK/to_label_1472.jpg,ALLOCARIDARA_ATTACK,1715,val
DLD_FinalDataset_224_spit/train/ALLOCARIDARA_ATTACK/to_label_1473.jpg,ALLOCARIDARA_ATTACK,1716,train
DLD_FinalDataset_224_spit/train/ALLOCARIDARA_ATTACK/to_label_1474.jpg,ALLOCARIDARA_ATTACK,1717,train
DLD_FinalDataset_224_spit/train/ALLOCARIDARA_ATTACK/to_label_1476.jpg,ALLOCARIDARA_ATTACK,1718,test
DLD_FinalDataset_224_spit/train/ALLOCARIDARA_ATTACK/to_label_1477.jpg,ALLOCARIDARA_ATTACK,1719,train
DLD_FinalDataset_224_spit/train/ALLOCARIDARA_ATTACK/to_label_1478.jpg,ALLOCARIDARA_ATTACK,1720,train
DLD_FinalDataset_224_spit/train/ALLOCARIDARA_ATTACK/to_label_1479.jpg,ALLOCARIDARA_ATTACK,1721,train
DLD_FinalDataset_224_spit/train/ALLOCARIDARA_ATTACK/to_label_1482.jpg,ALLOCARIDARA_ATTACK,1722,test
DLD_FinalDataset_224_spit/train/ALLOCARIDARA_ATTACK/to_label_1483.jpg,ALLOCARIDARA_ATTACK,1723,train
DLD_FinalDataset_224_spit/train/ALLOCARIDARA_ATTACK/to_label_1484.jpg,ALLOCARIDARA_ATTACK,1724,train
DLD_FinalDataset_224_spit/train/ALLOCARIDARA_ATTACK/to_label_1485.jpg,ALLOCARIDARA_ATTACK,1725,val
DLD_FinalDataset_224_spit/train/ALLOCARIDARA_ATTACK/to_label_1486.jpg,ALLOCARIDARA_ATTACK,1726,val
DLD_FinalDataset_224_spit/train/ALLOCARIDARA_ATTACK/to_label_1487.jpg,ALLOCARIDARA_ATTACK,1727,train
DLD_FinalDataset_224_spit/train/ALLOCARIDARA_ATTACK/to_label_1488.jpg,ALLOCARIDARA_ATTACK,1728,train
DLD_FinalDataset_224_spit/train/ALLOCARIDARA_ATTACK/to_label_1489.jpg,ALLOCARIDARA_ATTACK,1729,train
DLD_FinalDataset_224_spit/train/ALLOCARIDARA_ATTACK/to_label_1491.jpg,ALLOCARIDARA_ATTACK,1730,train
DLD_FinalDataset_224_spit/train/ALLOCARIDARA_ATTACK/to_label_1492.jpg,ALLOCARIDARA_ATTACK,1731,train
DLD_FinalDataset_224_spit/train/ALLOCARIDARA_ATTACK/to_label_1493.jpg,ALLOCARIDARA_ATTACK,1732,train
DLD_FinalDataset_224_spit/train/ALLOCARIDARA_ATTACK/to_label_1494.jpg,ALLOCARIDARA_ATTACK,1733,train
DLD_FinalDataset_224_spit/train/ALLOCARIDARA_ATTACK/to_label_1497.jpg,ALLOCARIDARA_ATTACK,1734,test
DLD_FinalDataset_224_spit/train/ALLOCARIDARA_ATTACK/to_label_1501.jpg,ALLOCARIDARA_ATTACK,1735,train
DLD_FinalDataset_224_spit/train/ALLOCARIDARA_ATTACK/to_label_1502.jpg,ALLOCARIDARA_ATTACK,1736,train
DLD_FinalDataset_224_spit/train/ALLOCARIDARA_ATTACK/to_label_1503.jpg,ALLOCARIDARA_ATTACK,1737,val
DLD_FinalDataset_224_spit/train/ALLOCARIDARA_ATTACK/to_label_1504.jpg,ALLOCARIDARA_ATTACK,1738,val
DLD_FinalDataset_224_spit/train/ALLOCARIDARA_ATTACK/to_label_1505.jpg,ALLOCARIDARA_ATTACK,1739,train
DLD_FinalDataset_224_spit/train/ALLOCARIDARA_ATTACK/to_label_1506.jpg,ALLOCARIDARA_ATTACK,1740,train
DLD_FinalDataset_224_spit/train/ALLOCARIDARA_ATTACK/to_label_1507.jpg,ALLOCARIDARA_ATTACK,1741,test
DLD_FinalDataset_224_spit/train/ALLOCARIDARA_ATTACK/to_label_1508.jpg,ALLOCARIDARA_ATTACK,1742,train
DLD_FinalDataset_224_spit/train/ALLOCARIDARA_ATTACK/to_label_1510.jpg,ALLOCARIDARA_ATTACK,1743,test
DLD_FinalDataset_224_spit/train/ALLOCARIDARA_ATTACK/to_label_1512.jpg,ALLOCARIDARA_ATTACK,1744,train
DLD_FinalDataset_224_spit/train/ALLOCARIDARA_ATTACK/to_label_1514.jpg,ALLOCARIDARA_ATTACK,1745,train
DLD_FinalDataset_224_spit/train/ALLOCARIDARA_ATTACK/to_label_1516.jpg,ALLOCARIDARA_ATTACK,1746,train
DLD_FinalDataset_224_spit/train/ALLOCARIDARA_ATTACK/to_label_1517.jpg,ALLOCARIDARA_ATTACK,1747,train
DLD_FinalDataset_224_spit/train/ALLOCARIDARA_ATTACK/to_label_1518.jpg,ALLOCARIDARA_ATTACK,1748,train
DLD_FinalDataset_224_spit/train/ALLOCARIDARA_ATTACK/to_label_1519.jpg,ALLOCARIDARA_ATTACK,1749,val
DLD_FinalDataset_224_spit/train/ALLOCARIDARA_ATTACK/to_label_1522.jpg,ALLOCARIDARA_ATTACK,1750,train
DLD_FinalDataset_224_spit/train/ALLOCARIDARA_ATTACK/to_label_1523.jpg,ALLOCARIDARA_ATTACK,1751,test
DLD_FinalDataset_224_spit/train/ALLOCARIDARA_ATTACK/to_label_1524.jpg,ALLOCARIDARA_ATTACK,1752,train
DLD_FinalDataset_224_spit/train/ALLOCARIDARA_ATTACK/to_label_1525.jpg,ALLOCARIDARA_ATTACK,1753,test
DLD_FinalDataset_224_spit/train/ALLOCARIDARA_ATTACK/to_label_1527.jpg,ALLOCARIDARA_ATTACK,1754,train
DLD_FinalDataset_224_spit/train/ALLOCARIDARA_ATTACK/to_label_1528.jpg,ALLOCARIDARA_ATTACK,1755,train
DLD_FinalDataset_224_spit/train/ALLOCARIDARA_ATTACK/to_label_1529.jpg,ALLOCARIDARA_ATTACK,1756,train
DLD_FinalDataset_224_spit/train/ALLOCARIDARA_ATTACK/to_label_1531.jpg,ALLOCARIDARA_ATTACK,1757,train
DLD_FinalDataset_224_spit/train/ALLOCARIDARA_ATTACK/to_label_1533.jpg,ALLOCARIDARA_ATTACK,1758,train
DLD_FinalDataset_224_spit/train/ALLOCARIDARA_ATTACK/to_label_1534.jpg,ALLOCARIDARA_ATTACK,1759,train
DLD_FinalDataset_224_spit/train/ALLOCARIDARA_ATTACK/to_label_1537.jpg,ALLOCARIDARA_ATTACK,1760,test
DLD_FinalDataset_224_spit/train/ALLOCARIDARA_ATTACK/to_label_1538.jpg,ALLOCARIDARA_ATTACK,1761,train
DLD_FinalDataset_224_spit/train/ALLOCARIDARA_ATTACK/to_label_1540.jpg,ALLOCARIDARA_ATTACK,1762,train
DLD_FinalDataset_224_spit/train/ALLOCARIDARA_ATTACK/to_label_1542.jpg,ALLOCARIDARA_ATTACK,1763,train
DLD_FinalDataset_224_spit/train/ALLOCARIDARA_ATTACK/to_label_1543.jpg,ALLOCARIDARA_ATTACK,1764,train
DLD_FinalDataset_224_spit/train/ALLOCARIDARA_ATTACK/to_label_1544.jpg,ALLOCARIDARA_ATTACK,1765,test
DLD_FinalDataset_224_spit/train/ALLOCARIDARA_ATTACK/to_label_1545.jpg,ALLOCARIDARA_ATTACK,1766,train
DLD_FinalDataset_224_spit/train/ALLOCARIDARA_ATTACK/to_label_1547.jpg,ALLOCARIDARA_ATTACK,1767,train
DLD_FinalDataset_224_spit/train/ALLOCARIDARA_ATTACK/to_label_1548.jpg,ALLOCARIDARA_ATTACK,1768,val
DLD_FinalDataset_224_spit/train/ALLOCARIDARA_ATTACK/to_label_1550.jpg,ALLOCARIDARA_ATTACK,1769,test
DLD_FinalDataset_224_spit/train/ALLOCARIDARA_ATTACK/to_label_1551.jpg,ALLOCARIDARA_ATTACK,1770,val
DLD_FinalDataset_224_spit/train/ALLOCARIDARA_ATTACK/to_label_1552.jpg,ALLOCARIDARA_ATTACK,1771,train
DLD_FinalDataset_224_spit/train/ALLOCARIDARA_ATTACK/to_label_1554.jpg,ALLOCARIDARA_ATTACK,1772,test
DLD_FinalDataset_224_spit/train/ALLOCARIDARA_ATTACK/to_label_1555.jpg,ALLOCARIDARA_ATTACK,1773,train
DLD_FinalDataset_224_spit/train/ALLOCARIDARA_ATTACK/to_label_1557.jpg,ALLOCARIDARA_ATTACK,1774,train
DLD_FinalDataset_224_spit/train/ALLOCARIDARA_ATTACK/to_label_1560.jpg,ALLOCARIDARA_ATTACK,1775,train
DLD_FinalDataset_224_spit/train/ALLOCARIDARA_ATTACK/to_label_1561.jpg,ALLOCARIDARA_ATTACK,1776,train
DLD_FinalDataset_224_spit/train/ALLOCARIDARA_ATTACK/to_label_1564.jpg,ALLOCARIDARA_ATTACK,1777,train
DLD_FinalDataset_224_spit/train/ALLOCARIDARA_ATTACK/to_label_1567.jpg,ALLOCARIDARA_ATTACK,1778,train
DLD_FinalDataset_224_spit/train/ALLOCARIDARA_ATTACK/to_label_1569.jpg,ALLOCARIDARA_ATTACK,1779,train
DLD_FinalDataset_224_spit/train/ALLOCARIDARA_ATTACK/to_label_1570.jpg,ALLOCARIDARA_ATTACK,1780,train
DLD_FinalDataset_224_spit/train/ALLOCARIDARA_ATTACK/to_label_1571.jpg,ALLOCARIDARA_ATTACK,1781,test
DLD_FinalDataset_224_spit/train/ALLOCARIDARA_ATTACK/to_label_1572.jpg,ALLOCARIDARA_ATTACK,1782,train
DLD_FinalDataset_224_spit/train/ALLOCARIDARA_ATTACK/to_label_1574.jpg,ALLOCARIDARA_ATTACK,1783,train
DLD_FinalDataset_224_spit/train/ALLOCARIDARA_ATTACK/to_label_1575.jpg,ALLOCARIDARA_ATTACK,1784,test
DLD_FinalDataset_224_spit/train/ALLOCARIDARA_ATTACK/to_label_1576.jpg,ALLOCARIDARA_ATTACK,1785,train
DLD_FinalDataset_224_spit/train/ALLOCARIDARA_ATTACK/to_label_1577.jpg,ALLOCARIDARA_ATTACK,1786,train
DLD_FinalDataset_224_spit/train/ALLOCARIDARA_ATTACK/to_label_1578.jpg,ALLOCARIDARA_ATTACK,1787,train
DLD_FinalDataset_224_spit/train/ALLOCARIDARA_ATTACK/to_label_1579.jpg,ALLOCARIDARA_ATTACK,1788,val
DLD_FinalDataset_224_spit/train/ALLOCARIDARA_ATTACK/to_label_1580.jpg,ALLOCARIDARA_ATTACK,1789,train
DLD_FinalDataset_224_spit/train/ALLOCARIDARA_ATTACK/to_label_1581.jpg,ALLOCARIDARA_ATTACK,1790,train
DLD_FinalDataset_224_spit/train/ALLOCARIDARA_ATTACK/to_label_1582.jpg,ALLOCARIDARA_ATTACK,1791,train
DLD_FinalDataset_224_spit/train/ALLOCARIDARA_ATTACK/to_label_1583.jpg,ALLOCARIDARA_ATTACK,1792,train
DLD_FinalDataset_224_spit/train/ALLOCARIDARA_ATTACK/to_label_1585.jpg,ALLOCARIDARA_ATTACK,1793,train
DLD_FinalDataset_224_spit/train/ALLOCARIDARA_ATTACK/to_label_1586.jpg,ALLOCARIDARA_ATTACK,1794,train
DLD_FinalDataset_224_spit/train/ALLOCARIDARA_ATTACK/to_label_1587.jpg,ALLOCARIDARA_ATTACK,1795,train
DLD_FinalDataset_224_spit/train/ALLOCARIDARA_ATTACK/to_label_1588.jpg,ALLOCARIDARA_ATTACK,1796,train
DLD_FinalDataset_224_spit/train/ALLOCARIDARA_ATTACK/to_label_1590.jpg,ALLOCARIDARA_ATTACK,1797,train
DLD_FinalDataset_224_spit/train/ALLOCARIDARA_ATTACK/to_label_1591.jpg,ALLOCARIDARA_ATTACK,1798,train
DLD_FinalDataset_224_spit/train/ALLOCARIDARA_ATTACK/to_label_1593.jpg,ALLOCARIDARA_ATTACK,1799,train
DLD_FinalDataset_224_spit/train/ALLOCARIDARA_ATTACK/to_label_1594.jpg,ALLOCARIDARA_ATTACK,1800,val
DLD_FinalDataset_224_spit/train/ALLOCARIDARA_ATTACK/to_label_1597.jpg,ALLOCARIDARA_ATTACK,1801,train
DLD_FinalDataset_224_spit/train/ALLOCARIDARA_ATTACK/to_label_1598.jpg,ALLOCARIDARA_ATTACK,1802,val
DLD_FinalDataset_224_spit/train/ALLOCARIDARA_ATTACK/to_label_1599.jpg,ALLOCARIDARA_ATTACK,1803,val
DLD_FinalDataset_224_spit/train/ALLOCARIDARA_ATTACK/to_label_1600.jpg,ALLOCARIDARA_ATTACK,1804,test
DLD_FinalDataset_224_spit/train/ALLOCARIDARA_ATTACK/to_label_1601.jpg,ALLOCARIDARA_ATTACK,1805,train
DLD_FinalDataset_224_spit/train/ALLOCARIDARA_ATTACK/to_label_1606.jpg,ALLOCARIDARA_ATTACK,1806,val
DLD_FinalDataset_224_spit/train/ALLOCARIDARA_ATTACK/to_label_1607.jpg,ALLOCARIDARA_ATTACK,1807,test
DLD_FinalDataset_224_spit/train/ALLOCARIDARA_ATTACK/to_label_1613.jpg,ALLOCARIDARA_ATTACK,1808,train
DLD_FinalDataset_224_spit/train/ALLOCARIDARA_ATTACK/to_label_1614.jpg,ALLOCARIDARA_ATTACK,1809,train
DLD_FinalDataset_224_spit/train/ALLOCARIDARA_ATTACK/to_label_1615.jpg,ALLOCARIDARA_ATTACK,1810,train
DLD_FinalDataset_224_spit/train/ALLOCARIDARA_ATTACK/to_label_1616.jpg,ALLOCARIDARA_ATTACK,1811,train
DLD_FinalDataset_224_spit/train/ALLOCARIDARA_ATTACK/to_label_1617.jpg,ALLOCARIDARA_ATTACK,1812,train
DLD_FinalDataset_224_spit/train/ALLOCARIDARA_ATTACK/to_label_1620.jpg,ALLOCARIDARA_ATTACK,1813,train
DLD_FinalDataset_224_spit/train/ALLOCARIDARA_ATTACK/to_label_1621.jpg,ALLOCARIDARA_ATTACK,1814,train
DLD_FinalDataset_224_spit/train/ALLOCARIDARA_ATTACK/to_label_1622.jpg,ALLOCARIDARA_ATTACK,1815,train
DLD_FinalDataset_224_spit/train/ALLOCARIDARA_ATTACK/to_label_1623.jpg,ALLOCARIDARA_ATTACK,1816,train
DLD_FinalDataset_224_spit/train/ALLOCARIDARA_ATTACK/to_label_1624.jpg,ALLOCARIDARA_ATTACK,1817,val
DLD_FinalDataset_224_spit/train/ALLOCARIDARA_ATTACK/to_label_1625.jpg,ALLOCARIDARA_ATTACK,1818,train
DLD_FinalDataset_224_spit/train/ALLOCARIDARA_ATTACK/to_label_1626.jpg,ALLOCARIDARA_ATTACK,1819,train
DLD_FinalDataset_224_spit/train/ALLOCARIDARA_ATTACK/to_label_1628.jpg,ALLOCARIDARA_ATTACK,1820,train
DLD_FinalDataset_224_spit/train/ALLOCARIDARA_ATTACK/to_label_1629.jpg,ALLOCARIDARA_ATTACK,1821,train
DLD_FinalDataset_224_spit/train/ALLOCARIDARA_ATTACK/to_label_1630.jpg,ALLOCARIDARA_ATTACK,1822,train
DLD_FinalDataset_224_spit/train/ALLOCARIDARA_ATTACK/to_label_1631.jpg,ALLOCARIDARA_ATTACK,1823,train
DLD_FinalDataset_224_spit/train/ALLOCARIDARA_ATTACK/to_label_1632.jpg,ALLOCARIDARA_ATTACK,1824,test
DLD_FinalDataset_224_spit/train/ALLOCARIDARA_ATTACK/to_label_1633.jpg,ALLOCARIDARA_ATTACK,1825,test
DLD_FinalDataset_224_spit/train/ALLOCARIDARA_ATTACK/to_label_1636.jpg,ALLOCARIDARA_ATTACK,1826,train
DLD_FinalDataset_224_spit/train/ALLOCARIDARA_ATTACK/to_label_1637.jpg,ALLOCARIDARA_ATTACK,1827,train
DLD_FinalDataset_224_spit/train/ALLOCARIDARA_ATTACK/to_label_1638.jpg,ALLOCARIDARA_ATTACK,1828,train
DLD_FinalDataset_224_spit/train/ALLOCARIDARA_ATTACK/to_label_1639.jpg,ALLOCARIDARA_ATTACK,1829,test
DLD_FinalDataset_224_spit/train/ALLOCARIDARA_ATTACK/to_label_1640.jpg,ALLOCARIDARA_ATTACK,1830,train
DLD_FinalDataset_224_spit/train/ALLOCARIDARA_ATTACK/to_label_1641.jpg,ALLOCARIDARA_ATTACK,1831,test
DLD_FinalDataset_224_spit/train/ALLOCARIDARA_ATTACK/to_label_1642.jpg,ALLOCARIDARA_ATTACK,1832,test
DLD_FinalDataset_224_spit/train/ALLOCARIDARA_ATTACK/to_label_1646.jpg,ALLOCARIDARA_ATTACK,1833,train
DLD_FinalDataset_224_spit/train/ALLOCARIDARA_ATTACK/to_label_1647.jpg,ALLOCARIDARA_ATTACK,1834,test
DLD_FinalDataset_224_spit/train/ALLOCARIDARA_ATTACK/to_label_1648.jpg,ALLOCARIDARA_ATTACK,1835,train
DLD_FinalDataset_224_spit/train/ALLOCARIDARA_ATTACK/to_label_1650.jpg,ALLOCARIDARA_ATTACK,1836,train
DLD_FinalDataset_224_spit/train/ALLOCARIDARA_ATTACK/to_label_1651.jpg,ALLOCARIDARA_ATTACK,1837,test
DLD_FinalDataset_224_spit/train/ALLOCARIDARA_ATTACK/to_label_1653.jpg,ALLOCARIDARA_ATTACK,1838,train
DLD_FinalDataset_224_spit/train/ALLOCARIDARA_ATTACK/to_label_1654.jpg,ALLOCARIDARA_ATTACK,1839,test
DLD_FinalDataset_224_spit/train/ALLOCARIDARA_ATTACK/to_label_1655.jpg,ALLOCARIDARA_ATTACK,1840,train
DLD_FinalDataset_224_spit/train/ALLOCARIDARA_ATTACK/to_label_1656.jpg,ALLOCARIDARA_ATTACK,1841,train
DLD_FinalDataset_224_spit/train/ALLOCARIDARA_ATTACK/to_label_1657.jpg,ALLOCARIDARA_ATTACK,1842,train
DLD_FinalDataset_224_spit/train/ALLOCARIDARA_ATTACK/to_label_1658.jpg,ALLOCARIDARA_ATTACK,1843,train
DLD_FinalDataset_224_spit/train/ALLOCARIDARA_ATTACK/to_label_1659.jpg,ALLOCARIDARA_ATTACK,1844,train
DLD_FinalDataset_224_spit/train/ALLOCARIDARA_ATTACK/to_label_1660.jpg,ALLOCARIDARA_ATTACK,1845,train
DLD_FinalDataset_224_spit/train/ALLOCARIDARA_ATTACK/to_label_1661.jpg,ALLOCARIDARA_ATTACK,1846,val
DLD_FinalDataset_224_spit/train/ALLOCARIDARA_ATTACK/to_label_1662.jpg,ALLOCARIDARA_ATTACK,1847,train
DLD_FinalDataset_224_spit/train/ALLOCARIDARA_ATTACK/to_label_1663.jpg,ALLOCARIDARA_ATTACK,1848,train
DLD_FinalDataset_224_spit/train/ALLOCARIDARA_ATTACK/to_label_1665.jpg,ALLOCARIDARA_ATTACK,1849,train
DLD_FinalDataset_224_spit/train/ALLOCARIDARA_ATTACK/to_label_1668.jpg,ALLOCARIDARA_ATTACK,1850,test
DLD_FinalDataset_224_spit/train/ALLOCARIDARA_ATTACK/to_label_1669.jpg,ALLOCARIDARA_ATTACK,1851,test
DLD_FinalDataset_224_spit/train/ALLOCARIDARA_ATTACK/to_label_1671.jpg,ALLOCARIDARA_ATTACK,1852,train
DLD_FinalDataset_224_spit/train/ALLOCARIDARA_ATTACK/to_label_1672.jpg,ALLOCARIDARA_ATTACK,1853,train
DLD_FinalDataset_224_spit/train/ALLOCARIDARA_ATTACK/to_label_1673.jpg,ALLOCARIDARA_ATTACK,1854,test
DLD_FinalDataset_224_spit/train/ALLOCARIDARA_ATTACK/to_label_1675.jpg,ALLOCARIDARA_ATTACK,1855,test
DLD_FinalDataset_224_spit/train/ALLOCARIDARA_ATTACK/to_label_1676.jpg,ALLOCARIDARA_ATTACK,1856,train
DLD_FinalDataset_224_spit/train/ALLOCARIDARA_ATTACK/to_label_1677.jpg,ALLOCARIDARA_ATTACK,1857,train
DLD_FinalDataset_224_spit/train/ALLOCARIDARA_ATTACK/to_label_1678.jpg,ALLOCARIDARA_ATTACK,1858,train
DLD_FinalDataset_224_spit/train/ALLOCARIDARA_ATTACK/to_label_1682.jpg,ALLOCARIDARA_ATTACK,1859,train
DLD_FinalDataset_224_spit/train/ALLOCARIDARA_ATTACK/to_label_1683.jpg,ALLOCARIDARA_ATTACK,1860,train
DLD_FinalDataset_224_spit/train/ALLOCARIDARA_ATTACK/to_label_1685.jpg,ALLOCARIDARA_ATTACK,1861,train
DLD_FinalDataset_224_spit/train/ALLOCARIDARA_ATTACK/to_label_1688.jpg,ALLOCARIDARA_ATTACK,1862,train
DLD_FinalDataset_224_spit/train/ALLOCARIDARA_ATTACK/to_label_1689.jpg,ALLOCARIDARA_ATTACK,1863,test
DLD_FinalDataset_224_spit/train/ALLOCARIDARA_ATTACK/to_label_1690.jpg,ALLOCARIDARA_ATTACK,1864,train
DLD_FinalDataset_224_spit/train/ALLOCARIDARA_ATTACK/to_label_1691.jpg,ALLOCARIDARA_ATTACK,1865,train
DLD_FinalDataset_224_spit/train/ALLOCARIDARA_ATTACK/to_label_1692.jpg,ALLOCARIDARA_ATTACK,1866,train
DLD_FinalDataset_224_spit/train/ALLOCARIDARA_ATTACK/to_label_1693.jpg,ALLOCARIDARA_ATTACK,1867,train
DLD_FinalDataset_224_spit/train/ALLOCARIDARA_ATTACK/to_label_1694.jpg,ALLOCARIDARA_ATTACK,1868,train
DLD_FinalDataset_224_spit/train/ALLOCARIDARA_ATTACK/to_label_1695.jpg,ALLOCARIDARA_ATTACK,1869,train
DLD_FinalDataset_224_spit/train/ALLOCARIDARA_ATTACK/to_label_1697.jpg,ALLOCARIDARA_ATTACK,1870,test
DLD_FinalDataset_224_spit/train/ALLOCARIDARA_ATTACK/to_label_1698.jpg,ALLOCARIDARA_ATTACK,1871,train
DLD_FinalDataset_224_spit/train/ALLOCARIDARA_ATTACK/to_label_1699.jpg,ALLOCARIDARA_ATTACK,1872,val
DLD_FinalDataset_224_spit/train/ALLOCARIDARA_ATTACK/to_label_1700.jpg,ALLOCARIDARA_ATTACK,1873,train
DLD_FinalDataset_224_spit/train/ALLOCARIDARA_ATTACK/to_label_1701.jpg,ALLOCARIDARA_ATTACK,1874,train
DLD_FinalDataset_224_spit/train/ALLOCARIDARA_ATTACK/to_label_1702.jpg,ALLOCARIDARA_ATTACK,1875,val
DLD_FinalDataset_224_spit/train/ALLOCARIDARA_ATTACK/to_label_1704.jpg,ALLOCARIDARA_ATTACK,1876,test
DLD_FinalDataset_224_spit/train/ALLOCARIDARA_ATTACK/to_label_1705.jpg,ALLOCARIDARA_ATTACK,1877,test
DLD_FinalDataset_224_spit/train/ALLOCARIDARA_ATTACK/to_label_1706.jpg,ALLOCARIDARA_ATTACK,1878,train
DLD_FinalDataset_224_spit/train/ALLOCARIDARA_ATTACK/to_label_1707.jpg,ALLOCARIDARA_ATTACK,1879,train
DLD_FinalDataset_224_spit/train/ALLOCARIDARA_ATTACK/to_label_1708.jpg,ALLOCARIDARA_ATTACK,1880,train
DLD_FinalDataset_224_spit/train/ALLOCARIDARA_ATTACK/to_label_1709.jpg,ALLOCARIDARA_ATTACK,1881,train
DLD_FinalDataset_224_spit/train/ALLOCARIDARA_ATTACK/to_label_735.jpg,ALLOCARIDARA_ATTACK,1882,train
DLD_FinalDataset_224_spit/train/ALLOCARIDARA_ATTACK/to_label_736.jpg,ALLOCARIDARA_ATTACK,1883,train
DLD_FinalDataset_224_spit/train/ALLOCARIDARA_ATTACK/to_label_737.jpg,ALLOCARIDARA_ATTACK,1884,train
DLD_FinalDataset_224_spit/train/ALLOCARIDARA_ATTACK/to_label_738.jpg,ALLOCARIDARA_ATTACK,1885,val
DLD_FinalDataset_224_spit/train/ALLOCARIDARA_ATTACK/to_label_739.jpg,ALLOCARIDARA_ATTACK,1886,train
DLD_FinalDataset_224_spit/train/ALLOCARIDARA_ATTACK/to_label_740.jpg,ALLOCARIDARA_ATTACK,1887,train
DLD_FinalDataset_224_spit/train/ALLOCARIDARA_ATTACK/to_label_741.jpg,ALLOCARIDARA_ATTACK,1888,val
DLD_FinalDataset_224_spit/train/ALLOCARIDARA_ATTACK/to_label_742.jpg,ALLOCARIDARA_ATTACK,1889,test
DLD_FinalDataset_224_spit/train/ALLOCARIDARA_ATTACK/to_label_743.jpg,ALLOCARIDARA_ATTACK,1890,test
DLD_FinalDataset_224_spit/train/ALLOCARIDARA_ATTACK/to_label_745.jpg,ALLOCARIDARA_ATTACK,1891,train
DLD_FinalDataset_224_spit/train/ALLOCARIDARA_ATTACK/to_label_747.jpg,ALLOCARIDARA_ATTACK,1892,test
DLD_FinalDataset_224_spit/train/ALLOCARIDARA_ATTACK/to_label_751.jpg,ALLOCARIDARA_ATTACK,1893,test
DLD_FinalDataset_224_spit/train/ALLOCARIDARA_ATTACK/to_label_752.jpg,ALLOCARIDARA_ATTACK,1894,train
DLD_FinalDataset_224_spit/train/ALLOCARIDARA_ATTACK/to_label_753.jpg,ALLOCARIDARA_ATTACK,1895,train
DLD_FinalDataset_224_spit/train/ALLOCARIDARA_ATTACK/to_label_755.jpg,ALLOCARIDARA_ATTACK,1896,train
DLD_FinalDataset_224_spit/train/ALLOCARIDARA_ATTACK/to_label_756.jpg,ALLOCARIDARA_ATTACK,1897,train
DLD_FinalDataset_224_spit/train/ALLOCARIDARA_ATTACK/to_label_757.jpg,ALLOCARIDARA_ATTACK,1898,train
DLD_FinalDataset_224_spit/train/ALLOCARIDARA_ATTACK/to_label_760.jpg,ALLOCARIDARA_ATTACK,1899,train
DLD_FinalDataset_224_spit/train/ALLOCARIDARA_ATTACK/to_label_761.jpg,ALLOCARIDARA_ATTACK,1900,train
DLD_FinalDataset_224_spit/train/ALLOCARIDARA_ATTACK/to_label_763.jpg,ALLOCARIDARA_ATTACK,1901,train
DLD_FinalDataset_224_spit/train/ALLOCARIDARA_ATTACK/to_label_764.jpg,ALLOCARIDARA_ATTACK,1902,train
DLD_FinalDataset_224_spit/train/ALLOCARIDARA_ATTACK/to_label_766.jpg,ALLOCARIDARA_ATTACK,1903,train
DLD_FinalDataset_224_spit/train/ALLOCARIDARA_ATTACK/to_label_767.jpg,ALLOCARIDARA_ATTACK,1904,train
DLD_FinalDataset_224_spit/train/ALLOCARIDARA_ATTACK/to_label_769.jpg,ALLOCARIDARA_ATTACK,1905,train
DLD_FinalDataset_224_spit/train/ALLOCARIDARA_ATTACK/to_label_770.jpg,ALLOCARIDARA_ATTACK,1906,train
DLD_FinalDataset_224_spit/train/ALLOCARIDARA_ATTACK/to_label_771.jpg,ALLOCARIDARA_ATTACK,1907,train
DLD_FinalDataset_224_spit/train/ALLOCARIDARA_ATTACK/to_label_772.jpg,ALLOCARIDARA_ATTACK,1908,train
DLD_FinalDataset_224_spit/train/ALLOCARIDARA_ATTACK/to_label_773.jpg,ALLOCARIDARA_ATTACK,1909,train
DLD_FinalDataset_224_spit/train/ALLOCARIDARA_ATTACK/to_label_775.jpg,ALLOCARIDARA_ATTACK,1910,test
DLD_FinalDataset_224_spit/train/ALLOCARIDARA_ATTACK/to_label_776.jpg,ALLOCARIDARA_ATTACK,1911,train
DLD_FinalDataset_224_spit/train/ALLOCARIDARA_ATTACK/to_label_778.jpg,ALLOCARIDARA_ATTACK,1912,val
DLD_FinalDataset_224_spit/train/ALLOCARIDARA_ATTACK/to_label_779.jpg,ALLOCARIDARA_ATTACK,1913,train
DLD_FinalDataset_224_spit/train/ALLOCARIDARA_ATTACK/to_label_780.jpg,ALLOCARIDARA_ATTACK,1914,train
DLD_FinalDataset_224_spit/train/ALLOCARIDARA_ATTACK/to_label_781.jpg,ALLOCARIDARA_ATTACK,1915,val
DLD_FinalDataset_224_spit/train/ALLOCARIDARA_ATTACK/to_label_782.jpg,ALLOCARIDARA_ATTACK,1916,train
DLD_FinalDataset_224_spit/train/ALLOCARIDARA_ATTACK/to_label_784.jpg,ALLOCARIDARA_ATTACK,1917,train
DLD_FinalDataset_224_spit/train/ALLOCARIDARA_ATTACK/to_label_785.jpg,ALLOCARIDARA_ATTACK,1918,train
DLD_FinalDataset_224_spit/train/ALLOCARIDARA_ATTACK/to_label_788.jpg,ALLOCARIDARA_ATTACK,1919,train
DLD_FinalDataset_224_spit/train/ALLOCARIDARA_ATTACK/to_label_789.jpg,ALLOCARIDARA_ATTACK,1920,train
DLD_FinalDataset_224_spit/train/ALLOCARIDARA_ATTACK/to_label_790.jpg,ALLOCARIDARA_ATTACK,1921,train
DLD_FinalDataset_224_spit/train/ALLOCARIDARA_ATTACK/to_label_791.jpg,ALLOCARIDARA_ATTACK,1922,train
DLD_FinalDataset_224_spit/train/ALLOCARIDARA_ATTACK/to_label_792.jpg,ALLOCARIDARA_ATTACK,1923,test
DLD_FinalDataset_224_spit/train/ALLOCARIDARA_ATTACK/to_label_793.jpg,ALLOCARIDARA_ATTACK,1924,train
DLD_FinalDataset_224_spit/train/ALLOCARIDARA_ATTACK/to_label_794.jpg,ALLOCARIDARA_ATTACK,1925,train
DLD_FinalDataset_224_spit/train/ALLOCARIDARA_ATTACK/to_label_795.jpg,ALLOCARIDARA_ATTACK,1926,test
DLD_FinalDataset_224_spit/train/ALLOCARIDARA_ATTACK/to_label_796.jpg,ALLOCARIDARA_ATTACK,1927,train
DLD_FinalDataset_224_spit/train/ALLOCARIDARA_ATTACK/to_label_797.jpg,ALLOCARIDARA_ATTACK,1928,train
DLD_FinalDataset_224_spit/train/ALLOCARIDARA_ATTACK/to_label_801.jpg,ALLOCARIDARA_ATTACK,1929,train
DLD_FinalDataset_224_spit/train/ALLOCARIDARA_ATTACK/to_label_802.jpg,ALLOCARIDARA_ATTACK,1930,train
DLD_FinalDataset_224_spit/train/ALLOCARIDARA_ATTACK/to_label_803.jpg,ALLOCARIDARA_ATTACK,1931,train
DLD_FinalDataset_224_spit/train/ALLOCARIDARA_ATTACK/to_label_804.jpg,ALLOCARIDARA_ATTACK,1932,train
DLD_FinalDataset_224_spit/train/ALLOCARIDARA_ATTACK/to_label_805.jpg,ALLOCARIDARA_ATTACK,1933,val
DLD_FinalDataset_224_spit/train/ALLOCARIDARA_ATTACK/to_label_806.jpg,ALLOCARIDARA_ATTACK,1934,val
DLD_FinalDataset_224_spit/train/ALLOCARIDARA_ATTACK/to_label_807.jpg,ALLOCARIDARA_ATTACK,1935,test
DLD_FinalDataset_224_spit/train/ALLOCARIDARA_ATTACK/to_label_808.jpg,ALLOCARIDARA_ATTACK,1936,val
DLD_FinalDataset_224_spit/train/ALLOCARIDARA_ATTACK/to_label_809.jpg,ALLOCARIDARA_ATTACK,1937,train
DLD_FinalDataset_224_spit/train/ALLOCARIDARA_ATTACK/to_label_812.jpg,ALLOCARIDARA_ATTACK,1938,train
DLD_FinalDataset_224_spit/train/ALLOCARIDARA_ATTACK/to_label_815.jpg,ALLOCARIDARA_ATTACK,1939,train
DLD_FinalDataset_224_spit/train/ALLOCARIDARA_ATTACK/to_label_823.jpg,ALLOCARIDARA_ATTACK,1940,val
DLD_FinalDataset_224_spit/train/ALLOCARIDARA_ATTACK/to_label_828.jpg,ALLOCARIDARA_ATTACK,1941,train
DLD_FinalDataset_224_spit/train/ALLOCARIDARA_ATTACK/to_label_829.jpg,ALLOCARIDARA_ATTACK,1942,train
DLD_FinalDataset_224_spit/train/ALLOCARIDARA_ATTACK/to_label_830.jpg,ALLOCARIDARA_ATTACK,1943,train
DLD_FinalDataset_224_spit/train/ALLOCARIDARA_ATTACK/to_label_834.jpg,ALLOCARIDARA_ATTACK,1944,train
DLD_FinalDataset_224_spit/train/ALLOCARIDARA_ATTACK/to_label_836.jpg,ALLOCARIDARA_ATTACK,1945,train
DLD_FinalDataset_224_spit/train/ALLOCARIDARA_ATTACK/to_label_837.jpg,ALLOCARIDARA_ATTACK,1946,train
DLD_FinalDataset_224_spit/train/ALLOCARIDARA_ATTACK/to_label_839.jpg,ALLOCARIDARA_ATTACK,1947,train
DLD_FinalDataset_224_spit/train/ALLOCARIDARA_ATTACK/to_label_840.jpg,ALLOCARIDARA_ATTACK,1948,train
DLD_FinalDataset_224_spit/train/ALLOCARIDARA_ATTACK/to_label_841.jpg,ALLOCARIDARA_ATTACK,1949,test
DLD_FinalDataset_224_spit/train/ALLOCARIDARA_ATTACK/to_label_851.jpg,ALLOCARIDARA_ATTACK,1950,test
DLD_FinalDataset_224_spit/train/ALLOCARIDARA_ATTACK/to_label_852.jpg,ALLOCARIDARA_ATTACK,1951,train
DLD_FinalDataset_224_spit/train/ALLOCARIDARA_ATTACK/to_label_853.jpg,ALLOCARIDARA_ATTACK,1952,train
DLD_FinalDataset_224_spit/train/ALLOCARIDARA_ATTACK/to_label_854.jpg,ALLOCARIDARA_ATTACK,1953,train
DLD_FinalDataset_224_spit/train/ALLOCARIDARA_ATTACK/to_label_855.jpg,ALLOCARIDARA_ATTACK,1954,train
DLD_FinalDataset_224_spit/train/ALLOCARIDARA_ATTACK/to_label_857.jpg,ALLOCARIDARA_ATTACK,1955,train
DLD_FinalDataset_224_spit/train/ALLOCARIDARA_ATTACK/to_label_863.jpg,ALLOCARIDARA_ATTACK,1956,train
DLD_FinalDataset_224_spit/train/ALLOCARIDARA_ATTACK/to_label_864.jpg,ALLOCARIDARA_ATTACK,1957,train
DLD_FinalDataset_224_spit/train/ALLOCARIDARA_ATTACK/to_label_868.jpg,ALLOCARIDARA_ATTACK,1958,val
DLD_FinalDataset_224_spit/train/ALLOCARIDARA_ATTACK/to_label_869.jpg,ALLOCARIDARA_ATTACK,1959,train
DLD_FinalDataset_224_spit/train/ALLOCARIDARA_ATTACK/to_label_874.jpg,ALLOCARIDARA_ATTACK,1960,train
DLD_FinalDataset_224_spit/train/ALLOCARIDARA_ATTACK/to_label_876.jpg,ALLOCARIDARA_ATTACK,1961,test
DLD_FinalDataset_224_spit/train/ALLOCARIDARA_ATTACK/to_label_877.jpg,ALLOCARIDARA_ATTACK,1962,train
DLD_FinalDataset_224_spit/train/ALLOCARIDARA_ATTACK/to_label_879.jpg,ALLOCARIDARA_ATTACK,1963,train
DLD_FinalDataset_224_spit/train/ALLOCARIDARA_ATTACK/to_label_885.jpg,ALLOCARIDARA_ATTACK,1964,train
DLD_FinalDataset_224_spit/train/ALLOCARIDARA_ATTACK/to_label_887.jpg,ALLOCARIDARA_ATTACK,1965,val
DLD_FinalDataset_224_spit/train/ALLOCARIDARA_ATTACK/to_label_890.jpg,ALLOCARIDARA_ATTACK,1966,train
DLD_FinalDataset_224_spit/train/ALLOCARIDARA_ATTACK/to_label_891.jpg,ALLOCARIDARA_ATTACK,1967,train
DLD_FinalDataset_224_spit/train/ALLOCARIDARA_ATTACK/to_label_892.jpg,ALLOCARIDARA_ATTACK,1968,test
DLD_FinalDataset_224_spit/train/ALLOCARIDARA_ATTACK/to_label_893.jpg,ALLOCARIDARA_ATTACK,1969,train
DLD_FinalDataset_224_spit/train/ALLOCARIDARA_ATTACK/to_label_894.jpg,ALLOCARIDARA_ATTACK,1970,test
DLD_FinalDataset_224_spit/train/ALLOCARIDARA_ATTACK/to_label_896.jpg,ALLOCARIDARA_ATTACK,1971,train
DLD_FinalDataset_224_spit/train/ALLOCARIDARA_ATTACK/to_label_897.jpg,ALLOCARIDARA_ATTACK,1972,train
DLD_FinalDataset_224_spit/train/ALLOCARIDARA_ATTACK/to_label_899.jpg,ALLOCARIDARA_ATTACK,1973,train
DLD_FinalDataset_224_spit/train/ALLOCARIDARA_ATTACK/to_label_900.jpg,ALLOCARIDARA_ATTACK,1974,train
DLD_FinalDataset_224_spit/train/ALLOCARIDARA_ATTACK/to_label_902.jpg,ALLOCARIDARA_ATTACK,1975,train
DLD_FinalDataset_224_spit/train/ALLOCARIDARA_ATTACK/to_label_903.jpg,ALLOCARIDARA_ATTACK,1976,train
DLD_FinalDataset_224_spit/train/ALLOCARIDARA_ATTACK/to_label_905.jpg,ALLOCARIDARA_ATTACK,1977,test
DLD_FinalDataset_224_spit/train/ALLOCARIDARA_ATTACK/to_label_907.jpg,ALLOCARIDARA_ATTACK,1978,train
DLD_FinalDataset_224_spit/train/ALLOCARIDARA_ATTACK/to_label_908.jpg,ALLOCARIDARA_ATTACK,1979,train
DLD_FinalDataset_224_spit/train/ALLOCARIDARA_ATTACK/to_label_909.jpg,ALLOCARIDARA_ATTACK,1980,train
DLD_FinalDataset_224_spit/train/ALLOCARIDARA_ATTACK/to_label_913.jpg,ALLOCARIDARA_ATTACK,1981,train
DLD_FinalDataset_224_spit/train/ALLOCARIDARA_ATTACK/to_label_915.jpg,ALLOCARIDARA_ATTACK,1982,test
DLD_FinalDataset_224_spit/train/ALLOCARIDARA_ATTACK/to_label_916.jpg,ALLOCARIDARA_ATTACK,1983,train
DLD_FinalDataset_224_spit/train/ALLOCARIDARA_ATTACK/to_label_917.jpg,ALLOCARIDARA_ATTACK,1984,val
DLD_FinalDataset_224_spit/train/ALLOCARIDARA_ATTACK/to_label_918.jpg,ALLOCARIDARA_ATTACK,1985,train
DLD_FinalDataset_224_spit/train/ALLOCARIDARA_ATTACK/to_label_919.jpg,ALLOCARIDARA_ATTACK,1986,train
DLD_FinalDataset_224_spit/train/ALLOCARIDARA_ATTACK/to_label_920.jpg,ALLOCARIDARA_ATTACK,1987,train
DLD_FinalDataset_224_spit/train/ALLOCARIDARA_ATTACK/to_label_921.jpg,ALLOCARIDARA_ATTACK,1980,train
DLD_FinalDataset_224_spit/train/ALLOCARIDARA_ATTACK/to_label_922.jpg,ALLOCARIDARA_ATTACK,1988,val
DLD_FinalDataset_224_spit/train/ALLOCARIDARA_ATTACK/to_label_923.jpg,ALLOCARIDARA_ATTACK,1989,val
DLD_FinalDataset_224_spit/train/ALLOCARIDARA_ATTACK/to_label_924.jpg,ALLOCARIDARA_ATTACK,1990,train
DLD_FinalDataset_224_spit/train/ALLOCARIDARA_ATTACK/to_label_925.jpg,ALLOCARIDARA_ATTACK,1991,train
DLD_FinalDataset_224_spit/train/ALLOCARIDARA_ATTACK/to_label_927.jpg,ALLOCARIDARA_ATTACK,1992,train
DLD_FinalDataset_224_spit/train/ALLOCARIDARA_ATTACK/to_label_928.jpg,ALLOCARIDARA_ATTACK,1993,train
DLD_FinalDataset_224_spit/train/ALLOCARIDARA_ATTACK/to_label_930.jpg,ALLOCARIDARA_ATTACK,1994,train
DLD_FinalDataset_224_spit/train/ALLOCARIDARA_ATTACK/to_label_931.jpg,ALLOCARIDARA_ATTACK,1995,train
DLD_FinalDataset_224_spit/train/ALLOCARIDARA_ATTACK/to_label_933.jpg,ALLOCARIDARA_ATTACK,1996,train
DLD_FinalDataset_224_spit/train/ALLOCARIDARA_ATTACK/to_label_934.jpg,ALLOCARIDARA_ATTACK,1997,train
DLD_FinalDataset_224_spit/train/ALLOCARIDARA_ATTACK/to_label_935.jpg,ALLOCARIDARA_ATTACK,1998,val
DLD_FinalDataset_224_spit/train/ALLOCARIDARA_ATTACK/to_label_939.jpg,ALLOCARIDARA_ATTACK,1999,train
DLD_FinalDataset_224_spit/train/ALLOCARIDARA_ATTACK/to_label_941.jpg,ALLOCARIDARA_ATTACK,2000,train
DLD_FinalDataset_224_spit/train/ALLOCARIDARA_ATTACK/to_label_942.jpg,ALLOCARIDARA_ATTACK,2001,train
DLD_FinalDataset_224_spit/train/ALLOCARIDARA_ATTACK/to_label_943.jpg,ALLOCARIDARA_ATTACK,2002,val
DLD_FinalDataset_224_spit/train/ALLOCARIDARA_ATTACK/to_label_944.jpg,ALLOCARIDARA_ATTACK,2003,train
DLD_FinalDataset_224_spit/train/ALLOCARIDARA_ATTACK/to_label_945.jpg,ALLOCARIDARA_ATTACK,2004,train
DLD_FinalDataset_224_spit/train/ALLOCARIDARA_ATTACK/to_label_946.jpg,ALLOCARIDARA_ATTACK,2005,train
DLD_FinalDataset_224_spit/train/ALLOCARIDARA_ATTACK/to_label_947.jpg,ALLOCARIDARA_ATTACK,2006,train
DLD_FinalDataset_224_spit/train/ALLOCARIDARA_ATTACK/to_label_952.jpg,ALLOCARIDARA_ATTACK,2007,test
DLD_FinalDataset_224_spit/train/ALLOCARIDARA_ATTACK/to_label_953.jpg,ALLOCARIDARA_ATTACK,2008,train
DLD_FinalDataset_224_spit/train/ALLOCARIDARA_ATTACK/to_label_954.jpg,ALLOCARIDARA_ATTACK,2009,train
DLD_FinalDataset_224_spit/train/ALLOCARIDARA_ATTACK/to_label_957.jpg,ALLOCARIDARA_ATTACK,2010,train
DLD_FinalDataset_224_spit/train/ALLOCARIDARA_ATTACK/to_label_958.jpg,ALLOCARIDARA_ATTACK,2011,train
DLD_FinalDataset_224_spit/train/ALLOCARIDARA_ATTACK/to_label_959.jpg,ALLOCARIDARA_ATTACK,2012,train
DLD_FinalDataset_224_spit/train/ALLOCARIDARA_ATTACK/to_label_961.jpg,ALLOCARIDARA_ATTACK,2013,train
DLD_FinalDataset_224_spit/train/ALLOCARIDARA_ATTACK/to_label_962.jpg,ALLOCARIDARA_ATTACK,2014,train
DLD_FinalDataset_224_spit/train/ALLOCARIDARA_ATTACK/to_label_964.jpg,ALLOCARIDARA_ATTACK,2015,train
DLD_FinalDataset_224_spit/train/ALLOCARIDARA_ATTACK/to_label_965.jpg,ALLOCARIDARA_ATTACK,2016,val
DLD_FinalDataset_224_spit/train/ALLOCARIDARA_ATTACK/to_label_966.jpg,ALLOCARIDARA_ATTACK,2017,test
DLD_FinalDataset_224_spit/train/ALLOCARIDARA_ATTACK/to_label_967.jpg,ALLOCARIDARA_ATTACK,2018,train
DLD_FinalDataset_224_spit/train/ALLOCARIDARA_ATTACK/to_label_968.jpg,ALLOCARIDARA_ATTACK,2019,train
DLD_FinalDataset_224_spit/train/ALLOCARIDARA_ATTACK/to_label_969.jpg,ALLOCARIDARA_ATTACK,2020,test
DLD_FinalDataset_224_spit/train/ALLOCARIDARA_ATTACK/to_label_970.jpg,ALLOCARIDARA_ATTACK,2021,val
DLD_FinalDataset_224_spit/train/ALLOCARIDARA_ATTACK/to_label_971.jpg,ALLOCARIDARA_ATTACK,2022,test
DLD_FinalDataset_224_spit/train/ALLOCARIDARA_ATTACK/to_label_972.jpg,ALLOCARIDARA_ATTACK,2023,train
DLD_FinalDataset_224_spit/train/ALLOCARIDARA_ATTACK/to_label_973.jpg,ALLOCARIDARA_ATTACK,2024,val
DLD_FinalDataset_224_spit/train/ALLOCARIDARA_ATTACK/to_label_976.jpg,ALLOCARIDARA_ATTACK,2025,test
DLD_FinalDataset_224_spit/train/ALLOCARIDARA_ATTACK/to_label_980.jpg,ALLOCARIDARA_ATTACK,2026,train
DLD_FinalDataset_224_spit/train/ALLOCARIDARA_ATTACK/to_label_981.jpg,ALLOCARIDARA_ATTACK,2027,train
DLD_FinalDataset_224_spit/train/ALLOCARIDARA_ATTACK/to_label_982.jpg,ALLOCARIDARA_ATTACK,2028,test
DLD_FinalDataset_224_spit/train/ALLOCARIDARA_ATTACK/to_label_983.jpg,ALLOCARIDARA_ATTACK,2029,test
DLD_FinalDataset_224_spit/train/ALLOCARIDARA_ATTACK/to_label_984.jpg,ALLOCARIDARA_ATTACK,2030,train
DLD_FinalDataset_224_spit/train/ALLOCARIDARA_ATTACK/to_label_987.jpg,ALLOCARIDARA_ATTACK,2031,train
DLD_FinalDataset_224_spit/train/ALLOCARIDARA_ATTACK/to_label_988.jpg,ALLOCARIDARA_ATTACK,2032,train
DLD_FinalDataset_224_spit/train/ALLOCARIDARA_ATTACK/to_label_990.jpg,ALLOCARIDARA_ATTACK,2033,train
DLD_FinalDataset_224_spit/train/ALLOCARIDARA_ATTACK/to_label_991.jpg,ALLOCARIDARA_ATTACK,2034,train
DLD_FinalDataset_224_spit/train/ALLOCARIDARA_ATTACK/to_label_992.jpg,ALLOCARIDARA_ATTACK,2035,test
DLD_FinalDataset_224_spit/train/ALLOCARIDARA_ATTACK/to_label_996.jpg,ALLOCARIDARA_ATTACK,2036,val
DLD_FinalDataset_224_spit/train/ALLOCARIDARA_ATTACK/to_label_997.jpg,ALLOCARIDARA_ATTACK,2037,train
DLD_FinalDataset_224_spit/train/ALLOCARIDARA_ATTACK/to_label_999.jpg,ALLOCARIDARA_ATTACK,2038,train
DLD_FinalDataset_224_spit/train/HEALTHY_LEAF/to_label_1710.jpg,HEALTHY_LEAF,2039,train
DLD_FinalDataset_224_spit/train/HEALTHY_LEAF/to_label_1711.jpg,HEALTHY_LEAF,2040,train
DLD_FinalDataset_224_spit/train/HEALTHY_LEAF/to_label_1713.jpg,HEALTHY_LEAF,2041,train
DLD_FinalDataset_224_spit/train/HEALTHY_LEAF/to_label_1714.jpg,HEALTHY_LEAF,2042,train
DLD_FinalDataset_224_spit/train/HEALTHY_LEAF/to_label_1716.jpg,HEALTHY_LEAF,2043,train
DLD_FinalDataset_224_spit/train/HEALTHY_LEAF/to_label_1718.jpg,HEALTHY_LEAF,2044,train
DLD_FinalDataset_224_spit/train/HEALTHY_LEAF/to_label_1719.jpg,HEALTHY_LEAF,2045,train
DLD_FinalDataset_224_spit/train/HEALTHY_LEAF/to_label_1721.jpg,HEALTHY_LEAF,2046,train
DLD_FinalDataset_224_spit/train/HEALTHY_LEAF/to_label_1722.jpg,HEALTHY_LEAF,2047,train
DLD_FinalDataset_224_spit/train/HEALTHY_LEAF/to_label_1723.jpg,HEALTHY_LEAF,2048,val
DLD_FinalDataset_224_spit/train/HEALTHY_LEAF/to_label_1724.jpg,HEALTHY_LEAF,2049,train
DLD_FinalDataset_224_spit/train/HEALTHY_LEAF/to_label_1725.jpg,HEALTHY_LEAF,2050,val
DLD_FinalDataset_224_spit/train/HEALTHY_LEAF/to_label_1726.jpg,HEALTHY_LEAF,2051,train
DLD_FinalDataset_224_spit/train/HEALTHY_LEAF/to_label_1727.jpg,HEALTHY_LEAF,2052,train
DLD_FinalDataset_224_spit/train/HEALTHY_LEAF/to_label_1728.jpg,HEALTHY_LEAF,2053,test
DLD_FinalDataset_224_spit/train/HEALTHY_LEAF/to_label_1729.jpg,HEALTHY_LEAF,2054,train
DLD_FinalDataset_224_spit/train/HEALTHY_LEAF/to_label_1730.jpg,HEALTHY_LEAF,2055,train
DLD_FinalDataset_224_spit/train/HEALTHY_LEAF/to_label_1731.jpg,HEALTHY_LEAF,2056,train
DLD_FinalDataset_224_spit/train/HEALTHY_LEAF/to_label_1732.jpg,HEALTHY_LEAF,2057,train
DLD_FinalDataset_224_spit/train/HEALTHY_LEAF/to_label_1734.jpg,HEALTHY_LEAF,2058,train
DLD_FinalDataset_224_spit/train/HEALTHY_LEAF/to_label_1736.jpg,HEALTHY_LEAF,2059,test
DLD_FinalDataset_224_spit/train/HEALTHY_LEAF/to_label_1737.jpg,HEALTHY_LEAF,2060,train
DLD_FinalDataset_224_spit/train/HEALTHY_LEAF/to_label_1738.jpg,HEALTHY_LEAF,2061,test
DLD_FinalDataset_224_spit/train/HEALTHY_LEAF/to_label_1742.jpg,HEALTHY_LEAF,2062,train
DLD_FinalDataset_224_spit/train/HEALTHY_LEAF/to_label_1744.jpg,HEALTHY_LEAF,2063,test
DLD_FinalDataset_224_spit/train/HEALTHY_LEAF/to_label_1745.jpg,HEALTHY_LEAF,2064,test
DLD_FinalDataset_224_spit/train/HEALTHY_LEAF/to_label_1746.jpg,HEALTHY_LEAF,2065,train
DLD_FinalDataset_224_spit/train/HEALTHY_LEAF/to_label_1747.jpg,HEALTHY_LEAF,2066,train
DLD_FinalDataset_224_spit/train/HEALTHY_LEAF/to_label_1748.jpg,HEALTHY_LEAF,2067,train
DLD_FinalDataset_224_spit/train/HEALTHY_LEAF/to_label_1750.jpg,HEALTHY_LEAF,2068,train
DLD_FinalDataset_224_spit/train/HEALTHY_LEAF/to_label_1751.jpg,HEALTHY_LEAF,2069,train
DLD_FinalDataset_224_spit/train/HEALTHY_LEAF/to_label_1752.jpg,HEALTHY_LEAF,2070,train
DLD_FinalDataset_224_spit/train/HEALTHY_LEAF/to_label_1753.jpg,HEALTHY_LEAF,2071,train
DLD_FinalDataset_224_spit/train/HEALTHY_LEAF/to_label_1755.jpg,HEALTHY_LEAF,2072,val
DLD_FinalDataset_224_spit/train/HEALTHY_LEAF/to_label_1756.jpg,HEALTHY_LEAF,2073,train
DLD_FinalDataset_224_spit/train/HEALTHY_LEAF/to_label_1757.jpg,HEALTHY_LEAF,2074,val
DLD_FinalDataset_224_spit/train/HEALTHY_LEAF/to_label_1758.jpg,HEALTHY_LEAF,2075,test
DLD_FinalDataset_224_spit/train/HEALTHY_LEAF/to_label_1760.jpg,HEALTHY_LEAF,2076,test
DLD_FinalDataset_224_spit/train/HEALTHY_LEAF/to_label_1761.jpg,HEALTHY_LEAF,2077,train
DLD_FinalDataset_224_spit/train/HEALTHY_LEAF/to_label_1762.jpg,HEALTHY_LEAF,2078,train
DLD_FinalDataset_224_spit/train/HEALTHY_LEAF/to_label_1763.jpg,HEALTHY_LEAF,2079,test
DLD_FinalDataset_224_spit/train/HEALTHY_LEAF/to_label_1766.jpg,HEALTHY_LEAF,2080,train
DLD_FinalDataset_224_spit/train/HEALTHY_LEAF/to_label_1767.jpg,HEALTHY_LEAF,2081,test
DLD_FinalDataset_224_spit/train/HEALTHY_LEAF/to_label_1768.jpg,HEALTHY_LEAF,2082,train
DLD_FinalDataset_224_spit/train/HEALTHY_LEAF/to_label_1771.jpg,HEALTHY_LEAF,2083,train
DLD_FinalDataset_224_spit/train/HEALTHY_LEAF/to_label_1772.jpg,HEALTHY_LEAF,2084,train
DLD_FinalDataset_224_spit/train/HEALTHY_LEAF/to_label_1774.jpg,HEALTHY_LEAF,2085,train
DLD_FinalDataset_224_spit/train/HEALTHY_LEAF/to_label_1778.jpg,HEALTHY_LEAF,2086,train
DLD_FinalDataset_224_spit/train/HEALTHY_LEAF/to_label_1779.jpg,HEALTHY_LEAF,2087,train
DLD_FinalDataset_224_spit/train/HEALTHY_LEAF/to_label_1781.jpg,HEALTHY_LEAF,2088,test
DLD_FinalDataset_224_spit/train/HEALTHY_LEAF/to_label_1783.jpg,HEALTHY_LEAF,2089,train
DLD_FinalDataset_224_spit/train/HEALTHY_LEAF/to_label_1784.jpg,HEALTHY_LEAF,2090,train
DLD_FinalDataset_224_spit/train/HEALTHY_LEAF/to_label_1785.jpg,HEALTHY_LEAF,2091,test
DLD_FinalDataset_224_spit/train/HEALTHY_LEAF/to_label_1789.jpg,HEALTHY_LEAF,2092,train
DLD_FinalDataset_224_spit/train/HEALTHY_LEAF/to_label_1790.jpg,HEALTHY_LEAF,2093,train
DLD_FinalDataset_224_spit/train/HEALTHY_LEAF/to_label_1793.jpg,HEALTHY_LEAF,2094,train
DLD_FinalDataset_224_spit/train/HEALTHY_LEAF/to_label_1795.jpg,HEALTHY_LEAF,2095,train
DLD_FinalDataset_224_spit/train/HEALTHY_LEAF/to_label_1797.jpg,HEALTHY_LEAF,2096,test
DLD_FinalDataset_224_spit/train/HEALTHY_LEAF/to_label_1799.jpg,HEALTHY_LEAF,2097,test
DLD_FinalDataset_224_spit/train/HEALTHY_LEAF/to_label_1800.jpg,HEALTHY_LEAF,2098,train
DLD_FinalDataset_224_spit/train/HEALTHY_LEAF/to_label_1801.jpg,HEALTHY_LEAF,2099,train
DLD_FinalDataset_224_spit/train/HEALTHY_LEAF/to_label_1802.jpg,HEALTHY_LEAF,2100,train
DLD_FinalDataset_224_spit/train/HEALTHY_LEAF/to_label_1803.jpg,HEALTHY_LEAF,2101,train
DLD_FinalDataset_224_spit/train/HEALTHY_LEAF/to_label_1804.jpg,HEALTHY_LEAF,2102,train
DLD_FinalDataset_224_spit/train/HEALTHY_LEAF/to_label_1805.jpg,HEALTHY_LEAF,2103,test
DLD_FinalDataset_224_spit/train/HEALTHY_LEAF/to_label_1808.jpg,HEALTHY_LEAF,2104,train
DLD_FinalDataset_224_spit/train/HEALTHY_LEAF/to_label_1809.jpg,HEALTHY_LEAF,2105,test
DLD_FinalDataset_224_spit/train/HEALTHY_LEAF/to_label_1810.jpg,HEALTHY_LEAF,2106,train
DLD_FinalDataset_224_spit/train/HEALTHY_LEAF/to_label_1812.jpg,HEALTHY_LEAF,2107,test
DLD_FinalDataset_224_spit/train/HEALTHY_LEAF/to_label_1813.jpg,HEALTHY_LEAF,2108,val
DLD_FinalDataset_224_spit/train/HEALTHY_LEAF/to_label_1814.jpg,HEALTHY_LEAF,2109,train
DLD_FinalDataset_224_spit/train/HEALTHY_LEAF/to_label_1815.jpg,HEALTHY_LEAF,2110,train
DLD_FinalDataset_224_spit/train/HEALTHY_LEAF/to_label_1816.jpg,HEALTHY_LEAF,2111,train
DLD_FinalDataset_224_spit/train/HEALTHY_LEAF/to_label_1818.jpg,HEALTHY_LEAF,2112,train
DLD_FinalDataset_224_spit/train/HEALTHY_LEAF/to_label_1821.jpg,HEALTHY_LEAF,2113,test
DLD_FinalDataset_224_spit/train/HEALTHY_LEAF/to_label_1822.jpg,HEALTHY_LEAF,2114,test
DLD_FinalDataset_224_spit/train/HEALTHY_LEAF/to_label_1823.jpg,HEALTHY_LEAF,2115,test
DLD_FinalDataset_224_spit/train/HEALTHY_LEAF/to_label_1824.jpg,HEALTHY_LEAF,2116,test
DLD_FinalDataset_224_spit/train/HEALTHY_LEAF/to_label_1825.jpg,HEALTHY_LEAF,2117,train
DLD_FinalDataset_224_spit/train/HEALTHY_LEAF/to_label_1826.jpg,HEALTHY_LEAF,2118,train
DLD_FinalDataset_224_spit/train/HEALTHY_LEAF/to_label_1827.jpg,HEALTHY_LEAF,2119,train
DLD_FinalDataset_224_spit/train/HEALTHY_LEAF/to_label_1829.jpg,HEALTHY_LEAF,2120,train
DLD_FinalDataset_224_spit/train/HEALTHY_LEAF/to_label_1831.jpg,HEALTHY_LEAF,2121,train
DLD_FinalDataset_224_spit/train/HEALTHY_LEAF/to_label_1832.jpg,HEALTHY_LEAF,2122,train
DLD_FinalDataset_224_spit/train/HEALTHY_LEAF/to_label_1833.jpg,HEALTHY_LEAF,2123,train
DLD_FinalDataset_224_spit/train/HEALTHY_LEAF/to_label_1834.jpg,HEALTHY_LEAF,2124,test
DLD_FinalDataset_224_spit/train/HEALTHY_LEAF/to_label_1835.jpg,HEALTHY_LEAF,2125,train
DLD_FinalDataset_224_spit/train/HEALTHY_LEAF/to_label_1836.jpg,HEALTHY_LEAF,2126,test
DLD_FinalDataset_224_spit/train/HEALTHY_LEAF/to_label_1837.jpg,HEALTHY_LEAF,2127,train
DLD_FinalDataset_224_spit/train/HEALTHY_LEAF/to_label_1838.jpg,HEALTHY_LEAF,2128,train
DLD_FinalDataset_224_spit/train/HEALTHY_LEAF/to_label_1839.jpg,HEALTHY_LEAF,2129,val
DLD_FinalDataset_224_spit/train/HEALTHY_LEAF/to_label_1840.jpg,HEALTHY_LEAF,2130,train
DLD_FinalDataset_224_spit/train/HEALTHY_LEAF/to_label_1841.jpg,HEALTHY_LEAF,2131,train
DLD_FinalDataset_224_spit/train/HEALTHY_LEAF/to_label_1842.jpg,HEALTHY_LEAF,2132,test
DLD_FinalDataset_224_spit/train/HEALTHY_LEAF/to_label_1843.jpg,HEALTHY_LEAF,2133,test
DLD_FinalDataset_224_spit/train/HEALTHY_LEAF/to_label_1844.jpg,HEALTHY_LEAF,2134,train
DLD_FinalDataset_224_spit/train/HEALTHY_LEAF/to_label_1845.jpg,HEALTHY_LEAF,2135,train
DLD_FinalDataset_224_spit/train/HEALTHY_LEAF/to_label_1848.jpg,HEALTHY_LEAF,2136,train
DLD_FinalDataset_224_spit/train/HEALTHY_LEAF/to_label_1850.jpg,HEALTHY_LEAF,2137,train
DLD_FinalDataset_224_spit/train/HEALTHY_LEAF/to_label_1852.jpg,HEALTHY_LEAF,2138,train
DLD_FinalDataset_224_spit/train/HEALTHY_LEAF/to_label_1853.jpg,HEALTHY_LEAF,2139,train
DLD_FinalDataset_224_spit/train/HEALTHY_LEAF/to_label_1854.jpg,HEALTHY_LEAF,2140,val
DLD_FinalDataset_224_spit/train/HEALTHY_LEAF/to_label_1855.jpg,HEALTHY_LEAF,2141,train
DLD_FinalDataset_224_spit/train/HEALTHY_LEAF/to_label_1856.jpg,HEALTHY_LEAF,2142,train
DLD_FinalDataset_224_spit/train/HEALTHY_LEAF/to_label_1857.jpg,HEALTHY_LEAF,2143,train
DLD_FinalDataset_224_spit/train/HEALTHY_LEAF/to_label_1858.jpg,HEALTHY_LEAF,2144,test
DLD_FinalDataset_224_spit/train/HEALTHY_LEAF/to_label_1859.jpg,HEALTHY_LEAF,2145,train
DLD_FinalDataset_224_spit/train/HEALTHY_LEAF/to_label_1860.jpg,HEALTHY_LEAF,2146,val
DLD_FinalDataset_224_spit/train/HEALTHY_LEAF/to_label_1861.jpg,HEALTHY_LEAF,2147,test
DLD_FinalDataset_224_spit/train/HEALTHY_LEAF/to_label_1862.jpg,HEALTHY_LEAF,2148,test
DLD_FinalDataset_224_spit/train/HEALTHY_LEAF/to_label_1863.jpg,HEALTHY_LEAF,2149,val
DLD_FinalDataset_224_spit/train/HEALTHY_LEAF/to_label_1864.jpg,HEALTHY_LEAF,2150,train
DLD_FinalDataset_224_spit/train/HEALTHY_LEAF/to_label_1866.jpg,HEALTHY_LEAF,2151,train
DLD_FinalDataset_224_spit/train/HEALTHY_LEAF/to_label_1867.jpg,HEALTHY_LEAF,2152,test
DLD_FinalDataset_224_spit/train/HEALTHY_LEAF/to_label_1869.jpg,HEALTHY_LEAF,2153,train
DLD_FinalDataset_224_spit/train/HEALTHY_LEAF/to_label_1870.jpg,HEALTHY_LEAF,2154,train
DLD_FinalDataset_224_spit/train/HEALTHY_LEAF/to_label_1871.jpg,HEALTHY_LEAF,2155,train
DLD_FinalDataset_224_spit/train/HEALTHY_LEAF/to_label_1872.jpg,HEALTHY_LEAF,2156,train
DLD_FinalDataset_224_spit/train/HEALTHY_LEAF/to_label_1873.jpg,HEALTHY_LEAF,2157,train
DLD_FinalDataset_224_spit/train/HEALTHY_LEAF/to_label_1874.jpg,HEALTHY_LEAF,2158,train
DLD_FinalDataset_224_spit/train/HEALTHY_LEAF/to_label_1876.jpg,HEALTHY_LEAF,2159,train
DLD_FinalDataset_224_spit/train/HEALTHY_LEAF/to_label_1877.jpg,HEALTHY_LEAF,2160,train
DLD_FinalDataset_224_spit/train/HEALTHY_LEAF/to_label_1879.jpg,HEALTHY_LEAF,2161,train
DLD_FinalDataset_224_spit/train/HEALTHY_LEAF/to_label_1880.jpg,HEALTHY_LEAF,2162,train
DLD_FinalDataset_224_spit/train/HEALTHY_LEAF/to_label_1881.jpg,HEALTHY_LEAF,2163,train
DLD_FinalDataset_224_spit/train/HEALTHY_LEAF/to_label_1882.jpg,HEALTHY_LEAF,2164,train
DLD_FinalDataset_224_spit/train/HEALTHY_LEAF/to_label_1883.jpg,HEALTHY_LEAF,2165,val
DLD_FinalDataset_224_spit/train/HEALTHY_LEAF/to_label_1885.jpg,HEALTHY_LEAF,2166,train
DLD_FinalDataset_224_spit/train/HEALTHY_LEAF/to_label_1886.jpg,HEALTHY_LEAF,2167,train
DLD_FinalDataset_224_spit/train/HEALTHY_LEAF/to_label_1887.jpg,HEALTHY_LEAF,2168,train
DLD_FinalDataset_224_spit/train/HEALTHY_LEAF/to_label_1888.jpg,HEALTHY_LEAF,2169,train
DLD_FinalDataset_224_spit/train/HEALTHY_LEAF/to_label_1889.jpg,HEALTHY_LEAF,2170,val
DLD_FinalDataset_224_spit/train/HEALTHY_LEAF/to_label_1890.jpg,HEALTHY_LEAF,2171,train
DLD_FinalDataset_224_spit/train/HEALTHY_LEAF/to_label_1891.jpg,HEALTHY_LEAF,2172,train
DLD_FinalDataset_224_spit/train/HEALTHY_LEAF/to_label_1892.jpg,HEALTHY_LEAF,2173,test
DLD_FinalDataset_224_spit/train/HEALTHY_LEAF/to_label_1893.jpg,HEALTHY_LEAF,2174,train
DLD_FinalDataset_224_spit/train/HEALTHY_LEAF/to_label_1895.jpg,HEALTHY_LEAF,2175,train
DLD_FinalDataset_224_spit/train/HEALTHY_LEAF/to_label_1896.jpg,HEALTHY_LEAF,2176,train
DLD_FinalDataset_224_spit/train/HEALTHY_LEAF/to_label_1897.jpg,HEALTHY_LEAF,2177,train
DLD_FinalDataset_224_spit/train/HEALTHY_LEAF/to_label_1898.jpg,HEALTHY_LEAF,2178,train
DLD_FinalDataset_224_spit/train/HEALTHY_LEAF/to_label_1899.jpg,HEALTHY_LEAF,2179,train
DLD_FinalDataset_224_spit/train/HEALTHY_LEAF/to_label_1900.jpg,HEALTHY_LEAF,2180,test
DLD_FinalDataset_224_spit/train/HEALTHY_LEAF/to_label_1901.jpg,HEALTHY_LEAF,2181,train
DLD_FinalDataset_224_spit/train/HEALTHY_LEAF/to_label_1903.jpg,HEALTHY_LEAF,2182,train
DLD_FinalDataset_224_spit/train/HEALTHY_LEAF/to_label_1904.jpg,HEALTHY_LEAF,2183,val
DLD_FinalDataset_224_spit/train/HEALTHY_LEAF/to_label_1905.jpg,HEALTHY_LEAF,2184,train
DLD_FinalDataset_224_spit/train/HEALTHY_LEAF/to_label_1907.jpg,HEALTHY_LEAF,2185,test
DLD_FinalDataset_224_spit/train/HEALTHY_LEAF/to_label_1910.jpg,HEALTHY_LEAF,2186,val
DLD_FinalDataset_224_spit/train/HEALTHY_LEAF/to_label_1911.jpg,HEALTHY_LEAF,2187,train
DLD_FinalDataset_224_spit/train/HEALTHY_LEAF/to_label_1912.jpg,HEALTHY_LEAF,2188,train
DLD_FinalDataset_224_spit/train/HEALTHY_LEAF/to_label_1913.jpg,HEALTHY_LEAF,2189,train
DLD_FinalDataset_224_spit/train/HEALTHY_LEAF/to_label_1915.jpg,HEALTHY_LEAF,2190,train
DLD_FinalDataset_224_spit/train/HEALTHY_LEAF/to_label_1916.jpg,HEALTHY_LEAF,2191,train
DLD_FinalDataset_224_spit/train/HEALTHY_LEAF/to_label_1917.jpg,HEALTHY_LEAF,2192,train
DLD_FinalDataset_224_spit/train/HEALTHY_LEAF/to_label_1922.jpg,HEALTHY_LEAF,2193,train
DLD_FinalDataset_224_spit/train/HEALTHY_LEAF/to_label_1924.jpg,HEALTHY_LEAF,2194,train
DLD_FinalDataset_224_spit/train/HEALTHY_LEAF/to_label_1926.jpg,HEALTHY_LEAF,2195,train
DLD_FinalDataset_224_spit/train/HEALTHY_LEAF/to_label_1927.jpg,HEALTHY_LEAF,2196,val
DLD_FinalDataset_224_spit/train/HEALTHY_LEAF/to_label_1929.jpg,HEALTHY_LEAF,2197,test
DLD_FinalDataset_224_spit/train/HEALTHY_LEAF/to_label_1930.jpg,HEALTHY_LEAF,2198,train
DLD_FinalDataset_224_spit/train/HEALTHY_LEAF/to_label_1931.jpg,HEALTHY_LEAF,2199,train
DLD_FinalDataset_224_spit/train/HEALTHY_LEAF/to_label_1932.jpg,HEALTHY_LEAF,2200,test
DLD_FinalDataset_224_spit/train/HEALTHY_LEAF/to_label_1933.jpg,HEALTHY_LEAF,2201,train
DLD_FinalDataset_224_spit/train/HEALTHY_LEAF/to_label_1934.jpg,HEALTHY_LEAF,2202,train
DLD_FinalDataset_224_spit/train/HEALTHY_LEAF/to_label_1935.jpg,HEALTHY_LEAF,2203,train
DLD_FinalDataset_224_spit/train/HEALTHY_LEAF/to_label_1936.jpg,HEALTHY_LEAF,2204,train
DLD_FinalDataset_224_spit/train/HEALTHY_LEAF/to_label_1938.jpg,HEALTHY_LEAF,2205,test
DLD_FinalDataset_224_spit/train/HEALTHY_LEAF/to_label_1939.jpg,HEALTHY_LEAF,2206,train
DLD_FinalDataset_224_spit/train/HEALTHY_LEAF/to_label_1940.jpg,HEALTHY_LEAF,2207,train
DLD_FinalDataset_224_spit/train/HEALTHY_LEAF/to_label_1942.jpg,HEALTHY_LEAF,2208,train
DLD_FinalDataset_224_spit/train/HEALTHY_LEAF/to_label_1943.jpg,HEALTHY_LEAF,2209,test
DLD_FinalDataset_224_spit/train/HEALTHY_LEAF/to_label_1944.jpg,HEALTHY_LEAF,2210,train
DLD_FinalDataset_224_spit/train/HEALTHY_LEAF/to_label_1946.jpg,HEALTHY_LEAF,2211,train
DLD_FinalDataset_224_spit/train/HEALTHY_LEAF/to_label_1948.jpg,HEALTHY_LEAF,2212,test
DLD_FinalDataset_224_spit/train/HEALTHY_LEAF/to_label_1950.jpg,HEALTHY_LEAF,2213,train
DLD_FinalDataset_224_spit/train/HEALTHY_LEAF/to_label_1951.jpg,HEALTHY_LEAF,2214,test
DLD_FinalDataset_224_spit/train/HEALTHY_LEAF/to_label_1952.jpg,HEALTHY_LEAF,2215,train
DLD_FinalDataset_224_spit/train/HEALTHY_LEAF/to_label_1953.jpg,HEALTHY_LEAF,2216,test
DLD_FinalDataset_224_spit/train/HEALTHY_LEAF/to_label_1955.jpg,HEALTHY_LEAF,2217,test
DLD_FinalDataset_224_spit/train/HEALTHY_LEAF/to_label_1956.jpg,HEALTHY_LEAF,2218,train
DLD_FinalDataset_224_spit/train/HEALTHY_LEAF/to_label_1958.jpg,HEALTHY_LEAF,2219,val
DLD_FinalDataset_224_spit/train/HEALTHY_LEAF/to_label_1959.jpg,HEALTHY_LEAF,2220,train
DLD_FinalDataset_224_spit/train/HEALTHY_LEAF/to_label_1961.jpg,HEALTHY_LEAF,2221,train
DLD_FinalDataset_224_spit/train/HEALTHY_LEAF/to_label_1962.jpg,HEALTHY_LEAF,2222,train
DLD_FinalDataset_224_spit/train/HEALTHY_LEAF/to_label_1963.jpg,HEALTHY_LEAF,2223,train
DLD_FinalDataset_224_spit/train/HEALTHY_LEAF/to_label_1965.jpg,HEALTHY_LEAF,2224,train
DLD_FinalDataset_224_spit/train/HEALTHY_LEAF/to_label_1966.jpg,HEALTHY_LEAF,2225,val
DLD_FinalDataset_224_spit/train/HEALTHY_LEAF/to_label_1967.jpg,HEALTHY_LEAF,2226,train
DLD_FinalDataset_224_spit/train/HEALTHY_LEAF/to_label_1968.jpg,HEALTHY_LEAF,2227,train
DLD_FinalDataset_224_spit/train/HEALTHY_LEAF/to_label_1972.jpg,HEALTHY_LEAF,2228,test
DLD_FinalDataset_224_spit/train/HEALTHY_LEAF/to_label_1973.jpg,HEALTHY_LEAF,2229,train
DLD_FinalDataset_224_spit/train/HEALTHY_LEAF/to_label_1974.jpg,HEALTHY_LEAF,2230,train
DLD_FinalDataset_224_spit/train/HEALTHY_LEAF/to_label_1977.jpg,HEALTHY_LEAF,2231,train
DLD_FinalDataset_224_spit/train/HEALTHY_LEAF/to_label_1978.jpg,HEALTHY_LEAF,2232,train
DLD_FinalDataset_224_spit/train/HEALTHY_LEAF/to_label_1979.jpg,HEALTHY_LEAF,2233,train
DLD_FinalDataset_224_spit/train/HEALTHY_LEAF/to_label_1980.jpg,HEALTHY_LEAF,2234,train
DLD_FinalDataset_224_spit/train/HEALTHY_LEAF/to_label_1981.jpg,HEALTHY_LEAF,2235,train
DLD_FinalDataset_224_spit/train/HEALTHY_LEAF/to_label_1982.jpg,HEALTHY_LEAF,2236,train
DLD_FinalDataset_224_spit/train/HEALTHY_LEAF/to_label_1983.jpg,HEALTHY_LEAF,2237,train
DLD_FinalDataset_224_spit/train/HEALTHY_LEAF/to_label_1984.jpg,HEALTHY_LEAF,2238,train
DLD_FinalDataset_224_spit/train/HEALTHY_LEAF/to_label_1986.jpg,HEALTHY_LEAF,2239,train
DLD_FinalDataset_224_spit/train/HEALTHY_LEAF/to_label_1988.jpg,HEALTHY_LEAF,2240,train
DLD_FinalDataset_224_spit/train/HEALTHY_LEAF/to_label_1989.jpg,HEALTHY_LEAF,2241,val
DLD_FinalDataset_224_spit/train/HEALTHY_LEAF/to_label_1992.jpg,HEALTHY_LEAF,2242,val
DLD_FinalDataset_224_spit/train/HEALTHY_LEAF/to_label_1993.jpg,HEALTHY_LEAF,2243,train
DLD_FinalDataset_224_spit/train/HEALTHY_LEAF/to_label_1994.jpg,HEALTHY_LEAF,2244,train
DLD_FinalDataset_224_spit/train/HEALTHY_LEAF/to_label_1995.jpg,HEALTHY_LEAF,2245,train
DLD_FinalDataset_224_spit/train/HEALTHY_LEAF/to_label_1997.jpg,HEALTHY_LEAF,2246,test
DLD_FinalDataset_224_spit/train/HEALTHY_LEAF/to_label_1998.jpg,HEALTHY_LEAF,2247,train
DLD_FinalDataset_224_spit/train/HEALTHY_LEAF/to_label_1999.jpg,HEALTHY_LEAF,2248,train
DLD_FinalDataset_224_spit/train/HEALTHY_LEAF/to_label_2001.jpg,HEALTHY_LEAF,2249,train
DLD_FinalDataset_224_spit/train/HEALTHY_LEAF/to_label_2003.jpg,HEALTHY_LEAF,2250,test
DLD_FinalDataset_224_spit/train/HEALTHY_LEAF/to_label_2005.jpg,HEALTHY_LEAF,2251,train
DLD_FinalDataset_224_spit/train/HEALTHY_LEAF/to_label_2007.jpg,HEALTHY_LEAF,2252,test
DLD_FinalDataset_224_spit/train/HEALTHY_LEAF/to_label_2010.jpg,HEALTHY_LEAF,2253,val
DLD_FinalDataset_224_spit/train/HEALTHY_LEAF/to_label_2011.jpg,HEALTHY_LEAF,2254,test
DLD_FinalDataset_224_spit/train/HEALTHY_LEAF/to_label_2012.jpg,HEALTHY_LEAF,2255,train
DLD_FinalDataset_224_spit/train/HEALTHY_LEAF/to_label_2013.jpg,HEALTHY_LEAF,2256,test
DLD_FinalDataset_224_spit/train/HEALTHY_LEAF/to_label_2014.jpg,HEALTHY_LEAF,2257,train
DLD_FinalDataset_224_spit/train/HEALTHY_LEAF/to_label_2017.jpg,HEALTHY_LEAF,2258,test
DLD_FinalDataset_224_spit/train/HEALTHY_LEAF/to_label_2018.jpg,HEALTHY_LEAF,2259,train
DLD_FinalDataset_224_spit/train/HEALTHY_LEAF/to_label_2021.jpg,HEALTHY_LEAF,2260,train
DLD_FinalDataset_224_spit/train/HEALTHY_LEAF/to_label_2023.jpg,HEALTHY_LEAF,2261,train
DLD_FinalDataset_224_spit/train/HEALTHY_LEAF/to_label_2025.jpg,HEALTHY_LEAF,2262,train
DLD_FinalDataset_224_spit/train/HEALTHY_LEAF/to_label_2027.jpg,HEALTHY_LEAF,2263,val
DLD_FinalDataset_224_spit/train/HEALTHY_LEAF/to_label_2030.jpg,HEALTHY_LEAF,2264,train
DLD_FinalDataset_224_spit/train/HEALTHY_LEAF/to_label_2032.jpg,HEALTHY_LEAF,2265,train
DLD_FinalDataset_224_spit/train/HEALTHY_LEAF/to_label_2033.jpg,HEALTHY_LEAF,2266,train
DLD_FinalDataset_224_spit/train/HEALTHY_LEAF/to_label_2034.jpg,HEALTHY_LEAF,2267,train
DLD_FinalDataset_224_spit/train/HEALTHY_LEAF/to_label_2035.jpg,HEALTHY_LEAF,2268,train
DLD_FinalDataset_224_spit/train/HEALTHY_LEAF/to_label_2036.jpg,HEALTHY_LEAF,2269,train
DLD_FinalDataset_224_spit/train/HEALTHY_LEAF/to_label_2039.jpg,HEALTHY_LEAF,2270,test
DLD_FinalDataset_224_spit/train/HEALTHY_LEAF/to_label_2040.jpg,HEALTHY_LEAF,2271,val
DLD_FinalDataset_224_spit/train/HEALTHY_LEAF/to_label_2041.jpg,HEALTHY_LEAF,2272,train
DLD_FinalDataset_224_spit/train/HEALTHY_LEAF/to_label_2045.jpg,HEALTHY_LEAF,2273,train
DLD_FinalDataset_224_spit/train/HEALTHY_LEAF/to_label_2046.jpg,HEALTHY_LEAF,2274,train
DLD_FinalDataset_224_spit/train/HEALTHY_LEAF/to_label_2047.jpg,HEALTHY_LEAF,2275,train
DLD_FinalDataset_224_spit/train/HEALTHY_LEAF/to_label_2048.jpg,HEALTHY_LEAF,2276,train
DLD_FinalDataset_224_spit/train/HEALTHY_LEAF/to_label_2049.jpg,HEALTHY_LEAF,2277,test
DLD_FinalDataset_224_spit/train/HEALTHY_LEAF/to_label_2050.jpg,HEALTHY_LEAF,2278,test
DLD_FinalDataset_224_spit/train/HEALTHY_LEAF/to_label_2051.jpg,HEALTHY_LEAF,2279,train
DLD_FinalDataset_224_spit/train/HEALTHY_LEAF/to_label_2053.jpg,HEALTHY_LEAF,2280,train
DLD_FinalDataset_224_spit/train/HEALTHY_LEAF/to_label_2055.jpg,HEALTHY_LEAF,2281,train
DLD_FinalDataset_224_spit/train/HEALTHY_LEAF/to_label_2057.jpg,HEALTHY_LEAF,2282,test
DLD_FinalDataset_224_spit/train/HEALTHY_LEAF/to_label_2058.jpg,HEALTHY_LEAF,2283,val
DLD_FinalDataset_224_spit/train/HEALTHY_LEAF/to_label_2059.jpg,HEALTHY_LEAF,2284,train
DLD_FinalDataset_224_spit/train/HEALTHY_LEAF/to_label_2060.jpg,HEALTHY_LEAF,2285,train
DLD_FinalDataset_224_spit/train/HEALTHY_LEAF/to_label_2063.jpg,HEALTHY_LEAF,2286,train
DLD_FinalDataset_224_spit/train/HEALTHY_LEAF/to_label_2064.jpg,HEALTHY_LEAF,2287,test
DLD_FinalDataset_224_spit/train/HEALTHY_LEAF/to_label_2066.jpg,HEALTHY_LEAF,2288,train
DLD_FinalDataset_224_spit/train/HEALTHY_LEAF/to_label_2068.jpg,HEALTHY_LEAF,2289,test
DLD_FinalDataset_224_spit/train/HEALTHY_LEAF/to_label_2070.jpg,HEALTHY_LEAF,2290,test
DLD_FinalDataset_224_spit/train/HEALTHY_LEAF/to_label_2074.jpg,HEALTHY_LEAF,2291,train
DLD_FinalDataset_224_spit/train/HEALTHY_LEAF/to_label_2076.jpg,HEALTHY_LEAF,2292,train
DLD_FinalDataset_224_spit/train/HEALTHY_LEAF/to_label_2077.jpg,HEALTHY_LEAF,2293,val
DLD_FinalDataset_224_spit/train/HEALTHY_LEAF/to_label_2078.jpg,HEALTHY_LEAF,2294,train
DLD_FinalDataset_224_spit/train/HEALTHY_LEAF/to_label_2079.jpg,HEALTHY_LEAF,2295,test
DLD_FinalDataset_224_spit/train/HEALTHY_LEAF/to_label_2082.jpg,HEALTHY_LEAF,2296,train
DLD_FinalDataset_224_spit/train/HEALTHY_LEAF/to_label_2083.jpg,HEALTHY_LEAF,2297,train
DLD_FinalDataset_224_spit/train/HEALTHY_LEAF/to_label_2084.jpg,HEALTHY_LEAF,2298,test
DLD_FinalDataset_224_spit/train/HEALTHY_LEAF/to_label_2085.jpg,HEALTHY_LEAF,2299,train
DLD_FinalDataset_224_spit/train/HEALTHY_LEAF/to_label_2086.jpg,HEALTHY_LEAF,2300,test
DLD_FinalDataset_224_spit/train/HEALTHY_LEAF/to_label_2088.jpg,HEALTHY_LEAF,2301,val
DLD_FinalDataset_224_spit/train/HEALTHY_LEAF/to_label_2089.jpg,HEALTHY_LEAF,2302,train
DLD_FinalDataset_224_spit/train/HEALTHY_LEAF/to_label_2090.jpg,HEALTHY_LEAF,2303,train
DLD_FinalDataset_224_spit/train/HEALTHY_LEAF/to_label_2091.jpg,HEALTHY_LEAF,2304,train
DLD_FinalDataset_224_spit/train/HEALTHY_LEAF/to_label_2092.jpg,HEALTHY_LEAF,2305,train
DLD_FinalDataset_224_spit/train/HEALTHY_LEAF/to_label_2093.jpg,HEALTHY_LEAF,2306,val
DLD_FinalDataset_224_spit/train/HEALTHY_LEAF/to_label_2094.jpg,HEALTHY_LEAF,2307,train
DLD_FinalDataset_224_spit/train/HEALTHY_LEAF/to_label_2095.jpg,HEALTHY_LEAF,2308,train
DLD_FinalDataset_224_spit/train/HEALTHY_LEAF/to_label_2096.jpg,HEALTHY_LEAF,2309,test
DLD_FinalDataset_224_spit/train/HEALTHY_LEAF/to_label_2097.jpg,HEALTHY_LEAF,2310,train
DLD_FinalDataset_224_spit/train/HEALTHY_LEAF/to_label_2099.jpg,HEALTHY_LEAF,2311,train
DLD_FinalDataset_224_spit/train/HEALTHY_LEAF/to_label_2100.jpg,HEALTHY_LEAF,2312,train
DLD_FinalDataset_224_spit/train/HEALTHY_LEAF/to_label_2101.jpg,HEALTHY_LEAF,2313,train
DLD_FinalDataset_224_spit/train/HEALTHY_LEAF/to_label_2102.jpg,HEALTHY_LEAF,2314,train
DLD_FinalDataset_224_spit/train/HEALTHY_LEAF/to_label_2103.jpg,HEALTHY_LEAF,2315,train
DLD_FinalDataset_224_spit/train/HEALTHY_LEAF/to_label_2104.jpg,HEALTHY_LEAF,2316,test
DLD_FinalDataset_224_spit/train/HEALTHY_LEAF/to_label_2105.jpg,HEALTHY_LEAF,2317,train
DLD_FinalDataset_224_spit/train/HEALTHY_LEAF/to_label_2106.jpg,HEALTHY_LEAF,2318,train
DLD_FinalDataset_224_spit/train/HEALTHY_LEAF/to_label_2107.jpg,HEALTHY_LEAF,2319,test
DLD_FinalDataset_224_spit/train/HEALTHY_LEAF/to_label_2108.jpg,HEALTHY_LEAF,2320,train
DLD_FinalDataset_224_spit/train/HEALTHY_LEAF/to_label_2109.jpg,HEALTHY_LEAF,2321,val
DLD_FinalDataset_224_spit/train/HEALTHY_LEAF/to_label_2110.jpg,HEALTHY_LEAF,2322,train
DLD_FinalDataset_224_spit/train/HEALTHY_LEAF/to_label_2111.jpg,HEALTHY_LEAF,2323,train
DLD_FinalDataset_224_spit/train/HEALTHY_LEAF/to_label_2112.jpg,HEALTHY_LEAF,2324,test
DLD_FinalDataset_224_spit/train/HEALTHY_LEAF/to_label_2113.jpg,HEALTHY_LEAF,2325,train
DLD_FinalDataset_224_spit/train/HEALTHY_LEAF/to_label_2116.jpg,HEALTHY_LEAF,2326,train
DLD_FinalDataset_224_spit/train/HEALTHY_LEAF/to_label_2117.jpg,HEALTHY_LEAF,2327,test
DLD_FinalDataset_224_spit/train/HEALTHY_LEAF/to_label_2119.jpg,HEALTHY_LEAF,2328,train
DLD_FinalDataset_224_spit/train/HEALTHY_LEAF/to_label_2120.jpg,HEALTHY_LEAF,2329,train
DLD_FinalDataset_224_spit/train/HEALTHY_LEAF/to_label_2121.jpg,HEALTHY_LEAF,2330,train
DLD_FinalDataset_224_spit/train/HEALTHY_LEAF/to_label_2122.jpg,HEALTHY_LEAF,2331,train
DLD_FinalDataset_224_spit/train/HEALTHY_LEAF/to_label_2123.jpg,HEALTHY_LEAF,2332,train
DLD_FinalDataset_224_spit/train/HEALTHY_LEAF/to_label_2124.jpg,HEALTHY_LEAF,2333,val
DLD_FinalDataset_224_spit/train/HEALTHY_LEAF/to_label_2125.jpg,HEALTHY_LEAF,2334,test
DLD_FinalDataset_224_spit/train/HEALTHY_LEAF/to_label_2126.jpg,HEALTHY_LEAF,2335,train
DLD_FinalDataset_224_spit/train/HEALTHY_LEAF/to_label_2127.jpg,HEALTHY_LEAF,2336,test
DLD_FinalDataset_224_spit/train/HEALTHY_LEAF/to_label_2128.jpg,HEALTHY_LEAF,2337,test
DLD_FinalDataset_224_spit/train/HEALTHY_LEAF/to_label_2129.jpg,HEALTHY_LEAF,2338,train
DLD_FinalDataset_224_spit/train/HEALTHY_LEAF/to_label_2130.jpg,HEALTHY_LEAF,2339,train
DLD_FinalDataset_224_spit/train/HEALTHY_LEAF/to_label_2131.jpg,HEALTHY_LEAF,2340,train
DLD_FinalDataset_224_spit/train/HEALTHY_LEAF/to_label_2132.jpg,HEALTHY_LEAF,2341,train
DLD_FinalDataset_224_spit/train/HEALTHY_LEAF/to_label_2134.jpg,HEALTHY_LEAF,2342,val
DLD_FinalDataset_224_spit/train/HEALTHY_LEAF/to_label_2136.jpg,HEALTHY_LEAF,2343,train
DLD_FinalDataset_224_spit/train/HEALTHY_LEAF/to_label_2137.jpg,HEALTHY_LEAF,2344,test
DLD_FinalDataset_224_spit/train/HEALTHY_LEAF/to_label_2140.jpg,HEALTHY_LEAF,2345,test
DLD_FinalDataset_224_spit/train/HEALTHY_LEAF/to_label_2141.jpg,HEALTHY_LEAF,2346,val
DLD_FinalDataset_224_spit/train/HEALTHY_LEAF/to_label_2144.jpg,HEALTHY_LEAF,2347,train
DLD_FinalDataset_224_spit/train/HEALTHY_LEAF/to_label_2145.jpg,HEALTHY_LEAF,2348,train
DLD_FinalDataset_224_spit/train/HEALTHY_LEAF/to_label_2147.jpg,HEALTHY_LEAF,2349,train
DLD_FinalDataset_224_spit/train/HEALTHY_LEAF/to_label_2148.jpg,HEALTHY_LEAF,2350,test
DLD_FinalDataset_224_spit/train/HEALTHY_LEAF/to_label_2151.jpg,HEALTHY_LEAF,2351,train
DLD_FinalDataset_224_spit/train/HEALTHY_LEAF/to_label_2153.jpg,HEALTHY_LEAF,2352,train
DLD_FinalDataset_224_spit/train/HEALTHY_LEAF/to_label_2154.jpg,HEALTHY_LEAF,2353,train
DLD_FinalDataset_224_spit/train/HEALTHY_LEAF/to_label_2156.jpg,HEALTHY_LEAF,2354,train
DLD_FinalDataset_224_spit/train/HEALTHY_LEAF/to_label_2158.jpg,HEALTHY_LEAF,2355,train
DLD_FinalDataset_224_spit/train/HEALTHY_LEAF/to_label_2160.jpg,HEALTHY_LEAF,2356,val
DLD_FinalDataset_224_spit/train/HEALTHY_LEAF/to_label_2161.jpg,HEALTHY_LEAF,2357,train
DLD_FinalDataset_224_spit/train/HEALTHY_LEAF/to_label_2162.jpg,HEALTHY_LEAF,2358,train
DLD_FinalDataset_224_spit/train/HEALTHY_LEAF/to_label_2164.jpg,HEALTHY_LEAF,2359,val
DLD_FinalDataset_224_spit/train/HEALTHY_LEAF/to_label_2165.jpg,HEALTHY_LEAF,2360,train
DLD_FinalDataset_224_spit/train/HEALTHY_LEAF/to_label_2166.jpg,HEALTHY_LEAF,2361,train
DLD_FinalDataset_224_spit/train/HEALTHY_LEAF/to_label_2168.jpg,HEALTHY_LEAF,2362,test
DLD_FinalDataset_224_spit/train/HEALTHY_LEAF/to_label_2169.jpg,HEALTHY_LEAF,2363,train
DLD_FinalDataset_224_spit/train/HEALTHY_LEAF/to_label_2170.jpg,HEALTHY_LEAF,2364,train
DLD_FinalDataset_224_spit/train/HEALTHY_LEAF/to_label_2171.jpg,HEALTHY_LEAF,2365,train
DLD_FinalDataset_224_spit/train/HEALTHY_LEAF/to_label_2172.jpg,HEALTHY_LEAF,2366,test
DLD_FinalDataset_224_spit/train/HEALTHY_LEAF/to_label_2173.jpg,HEALTHY_LEAF,2367,train
DLD_FinalDataset_224_spit/train/HEALTHY_LEAF/to_label_2174.jpg,HEALTHY_LEAF,2368,val
DLD_FinalDataset_224_spit/train/HEALTHY_LEAF/to_label_2175.jpg,HEALTHY_LEAF,2369,train
DLD_FinalDataset_224_spit/train/HEALTHY_LEAF/to_label_2176.jpg,HEALTHY_LEAF,2370,train
DLD_FinalDataset_224_spit/train/HEALTHY_LEAF/to_label_2179.jpg,HEALTHY_LEAF,2371,test
DLD_FinalDataset_224_spit/train/HEALTHY_LEAF/to_label_2180.jpg,HEALTHY_LEAF,2372,train
DLD_FinalDataset_224_spit/train/HEALTHY_LEAF/to_label_2181.jpg,HEALTHY_LEAF,2373,test
DLD_FinalDataset_224_spit/train/HEALTHY_LEAF/to_label_2182.jpg,HEALTHY_LEAF,2374,train
DLD_FinalDataset_224_spit/train/HEALTHY_LEAF/to_label_2183.jpg,HEALTHY_LEAF,2375,train
DLD_FinalDataset_224_spit/train/HEALTHY_LEAF/to_label_2184.jpg,HEALTHY_LEAF,2376,train
DLD_FinalDataset_224_spit/train/HEALTHY_LEAF/to_label_2185.jpg,HEALTHY_LEAF,2377,train
DLD_FinalDataset_224_spit/train/HEALTHY_LEAF/to_label_2186.jpg,HEALTHY_LEAF,2378,test
DLD_FinalDataset_224_spit/train/HEALTHY_LEAF/to_label_2189.jpg,HEALTHY_LEAF,2379,train
DLD_FinalDataset_224_spit/train/HEALTHY_LEAF/to_label_2190.jpg,HEALTHY_LEAF,2380,train
DLD_FinalDataset_224_spit/train/HEALTHY_LEAF/to_label_2194.jpg,HEALTHY_LEAF,2381,train
DLD_FinalDataset_224_spit/train/HEALTHY_LEAF/to_label_2197.jpg,HEALTHY_LEAF,2382,train
DLD_FinalDataset_224_spit/train/HEALTHY_LEAF/to_label_2198.jpg,HEALTHY_LEAF,2383,test
DLD_FinalDataset_224_spit/train/HEALTHY_LEAF/to_label_2199.jpg,HEALTHY_LEAF,2384,train
DLD_FinalDataset_224_spit/train/HEALTHY_LEAF/to_label_2200.jpg,HEALTHY_LEAF,2385,train
DLD_FinalDataset_224_spit/train/HEALTHY_LEAF/to_label_2201.jpg,HEALTHY_LEAF,2386,train
DLD_FinalDataset_224_spit/train/HEALTHY_LEAF/to_label_2202.jpg,HEALTHY_LEAF,2387,train
DLD_FinalDataset_224_spit/train/HEALTHY_LEAF/to_label_2204.jpg,HEALTHY_LEAF,2388,train
DLD_FinalDataset_224_spit/train/HEALTHY_LEAF/to_label_2205.jpg,HEALTHY_LEAF,2389,train
DLD_FinalDataset_224_spit/train/HEALTHY_LEAF/to_label_2206.jpg,HEALTHY_LEAF,2390,test
DLD_FinalDataset_224_spit/train/HEALTHY_LEAF/to_label_2208.jpg,HEALTHY_LEAF,2391,test
DLD_FinalDataset_224_spit/train/HEALTHY_LEAF/to_label_2209.jpg,HEALTHY_LEAF,2392,train
DLD_FinalDataset_224_spit/train/HEALTHY_LEAF/to_label_2212.jpg,HEALTHY_LEAF,2393,train
DLD_FinalDataset_224_spit/train/HEALTHY_LEAF/to_label_2213.jpg,HEALTHY_LEAF,2394,val
DLD_FinalDataset_224_spit/train/HEALTHY_LEAF/to_label_2214.jpg,HEALTHY_LEAF,2395,train
DLD_FinalDataset_224_spit/train/HEALTHY_LEAF/to_label_2215.jpg,HEALTHY_LEAF,2396,test
DLD_FinalDataset_224_spit/train/HEALTHY_LEAF/to_label_2218.jpg,HEALTHY_LEAF,2397,train
DLD_FinalDataset_224_spit/train/HEALTHY_LEAF/to_label_2219.jpg,HEALTHY_LEAF,2398,val
DLD_FinalDataset_224_spit/train/HEALTHY_LEAF/to_label_2220.jpg,HEALTHY_LEAF,2399,train
DLD_FinalDataset_224_spit/train/HEALTHY_LEAF/to_label_2221.jpg,HEALTHY_LEAF,2400,test
DLD_FinalDataset_224_spit/train/HEALTHY_LEAF/to_label_2222.jpg,HEALTHY_LEAF,2401,train
DLD_FinalDataset_224_spit/train/HEALTHY_LEAF/to_label_2225.jpg,HEALTHY_LEAF,2402,train
DLD_FinalDataset_224_spit/train/HEALTHY_LEAF/to_label_2227.jpg,HEALTHY_LEAF,2403,train
DLD_FinalDataset_224_spit/train/HEALTHY_LEAF/to_label_2228.jpg,HEALTHY_LEAF,2404,train
DLD_FinalDataset_224_spit/train/HEALTHY_LEAF/to_label_2229.jpg,HEALTHY_LEAF,2405,train
DLD_FinalDataset_224_spit/train/HEALTHY_LEAF/to_label_2230.jpg,HEALTHY_LEAF,2406,test
DLD_FinalDataset_224_spit/train/HEALTHY_LEAF/to_label_2234.jpg,HEALTHY_LEAF,2407,train
DLD_FinalDataset_224_spit/train/HEALTHY_LEAF/to_label_2235.jpg,HEALTHY_LEAF,2408,train
DLD_FinalDataset_224_spit/train/HEALTHY_LEAF/to_label_2236.jpg,HEALTHY_LEAF,2409,train
DLD_FinalDataset_224_spit/train/HEALTHY_LEAF/to_label_2242.jpg,HEALTHY_LEAF,2410,val
DLD_FinalDataset_224_spit/train/HEALTHY_LEAF/to_label_2243.jpg,HEALTHY_LEAF,2411,test
DLD_FinalDataset_224_spit/train/HEALTHY_LEAF/to_label_2244.jpg,HEALTHY_LEAF,2412,train
DLD_FinalDataset_224_spit/train/HEALTHY_LEAF/to_label_2247.jpg,HEALTHY_LEAF,2413,train
DLD_FinalDataset_224_spit/train/HEALTHY_LEAF/to_label_2248.jpg,HEALTHY_LEAF,2414,train
DLD_FinalDataset_224_spit/train/HEALTHY_LEAF/to_label_2250.jpg,HEALTHY_LEAF,2415,train
DLD_FinalDataset_224_spit/train/HEALTHY_LEAF/to_label_2255.jpg,HEALTHY_LEAF,2416,train
DLD_FinalDataset_224_spit/train/HEALTHY_LEAF/to_label_2256.jpg,HEALTHY_LEAF,2417,test
DLD_FinalDataset_224_spit/train/HEALTHY_LEAF/to_label_2257.jpg,HEALTHY_LEAF,2418,train
DLD_FinalDataset_224_spit/train/HEALTHY_LEAF/to_label_2259.jpg,HEALTHY_LEAF,2419,val
DLD_FinalDataset_224_spit/train/HEALTHY_LEAF/to_label_2260.jpg,HEALTHY_LEAF,2420,train
DLD_FinalDataset_224_spit/train/HEALTHY_LEAF/to_label_2261.jpg,HEALTHY_LEAF,2421,val
DLD_FinalDataset_224_spit/train/HEALTHY_LEAF/to_label_2263.jpg,HEALTHY_LEAF,2422,train
DLD_FinalDataset_224_spit/train/HEALTHY_LEAF/to_label_2265.jpg,HEALTHY_LEAF,2423,train
DLD_FinalDataset_224_spit/train/HEALTHY_LEAF/to_label_2266.jpg,HEALTHY_LEAF,2424,train
DLD_FinalDataset_224_spit/train/HEALTHY_LEAF/to_label_2269.jpg,HEALTHY_LEAF,2425,train
DLD_FinalDataset_224_spit/train/HEALTHY_LEAF/to_label_2270.jpg,HEALTHY_LEAF,2426,val
DLD_FinalDataset_224_spit/train/HEALTHY_LEAF/to_label_2271.jpg,HEALTHY_LEAF,2427,test
DLD_FinalDataset_224_spit/train/HEALTHY_LEAF/to_label_2272.jpg,HEALTHY_LEAF,2428,train
DLD_FinalDataset_224_spit/train/HEALTHY_LEAF/to_label_2273.jpg,HEALTHY_LEAF,2429,train
DLD_FinalDataset_224_spit/train/HEALTHY_LEAF/to_label_2274.jpg,HEALTHY_LEAF,2430,train
DLD_FinalDataset_224_spit/train/HEALTHY_LEAF/to_label_2275.jpg,HEALTHY_LEAF,2431,train
DLD_FinalDataset_224_spit/train/HEALTHY_LEAF/to_label_2276.jpg,HEALTHY_LEAF,2432,train
DLD_FinalDataset_224_spit/train/HEALTHY_LEAF/to_label_2277.jpg,HEALTHY_LEAF,2433,test
DLD_FinalDataset_224_spit/train/HEALTHY_LEAF/to_label_2278.jpg,HEALTHY_LEAF,2434,train
DLD_FinalDataset_224_spit/train/HEALTHY_LEAF/to_label_2279.jpg,HEALTHY_LEAF,2435,train
DLD_FinalDataset_224_spit/train/HEALTHY_LEAF/to_label_2281.jpg,HEALTHY_LEAF,2436,train
DLD_FinalDataset_224_spit/train/HEALTHY_LEAF/to_label_2282.jpg,HEALTHY_LEAF,2437,test
DLD_FinalDataset_224_spit/train/HEALTHY_LEAF/to_label_2283.jpg,HEALTHY_LEAF,2438,test
DLD_FinalDataset_224_spit/train/HEALTHY_LEAF/to_label_2284.jpg,HEALTHY_LEAF,2439,val
DLD_FinalDataset_224_spit/train/HEALTHY_LEAF/to_label_2285.jpg,HEALTHY_LEAF,2440,train
DLD_FinalDataset_224_spit/train/HEALTHY_LEAF/to_label_2287.jpg,HEALTHY_LEAF,2441,val
DLD_FinalDataset_224_spit/train/HEALTHY_LEAF/to_label_2288.jpg,HEALTHY_LEAF,2442,train
DLD_FinalDataset_224_spit/train/HEALTHY_LEAF/to_label_2289.jpg,HEALTHY_LEAF,2443,train
DLD_FinalDataset_224_spit/train/HEALTHY_LEAF/to_label_2290.jpg,HEALTHY_LEAF,2444,train
DLD_FinalDataset_224_spit/train/HEALTHY_LEAF/to_label_2294.jpg,HEALTHY_LEAF,2445,test
DLD_FinalDataset_224_spit/train/HEALTHY_LEAF/to_label_2295.jpg,HEALTHY_LEAF,2446,test
DLD_FinalDataset_224_spit/train/HEALTHY_LEAF/to_label_2296.jpg,HEALTHY_LEAF,2447,train
DLD_FinalDataset_224_spit/train/HEALTHY_LEAF/to_label_2299.jpg,HEALTHY_LEAF,2448,test
DLD_FinalDataset_224_spit/train/HEALTHY_LEAF/to_label_2302.jpg,HEALTHY_LEAF,2449,train
DLD_FinalDataset_224_spit/train/HEALTHY_LEAF/to_label_2303.jpg,HEALTHY_LEAF,2450,train
DLD_FinalDataset_224_spit/train/HEALTHY_LEAF/to_label_2305.jpg,HEALTHY_LEAF,2451,train
DLD_FinalDataset_224_spit/train/HEALTHY_LEAF/to_label_2306.jpg,HEALTHY_LEAF,2452,test
DLD_FinalDataset_224_spit/train/HEALTHY_LEAF/to_label_2307.jpg,HEALTHY_LEAF,2453,train
DLD_FinalDataset_224_spit/train/HEALTHY_LEAF/to_label_2310.jpg,HEALTHY_LEAF,2454,train
DLD_FinalDataset_224_spit/train/HEALTHY_LEAF/to_label_2311.jpg,HEALTHY_LEAF,2455,test
DLD_FinalDataset_224_spit/train/HEALTHY_LEAF/to_label_2312.jpg,HEALTHY_LEAF,2456,train
DLD_FinalDataset_224_spit/train/HEALTHY_LEAF/to_label_2313.jpg,HEALTHY_LEAF,2457,test
DLD_FinalDataset_224_spit/train/HEALTHY_LEAF/to_label_2314.jpg,HEALTHY_LEAF,2458,val
DLD_FinalDataset_224_spit/train/HEALTHY_LEAF/to_label_2316.jpg,HEALTHY_LEAF,2459,train
DLD_FinalDataset_224_spit/train/HEALTHY_LEAF/to_label_2317.jpg,HEALTHY_LEAF,2460,train
DLD_FinalDataset_224_spit/train/HEALTHY_LEAF/to_label_2318.jpg,HEALTHY_LEAF,2461,train
DLD_FinalDataset_224_spit/train/HEALTHY_LEAF/to_label_2319.jpg,HEALTHY_LEAF,2462,val
DLD_FinalDataset_224_spit/train/HEALTHY_LEAF/to_label_2320.jpg,HEALTHY_LEAF,2463,train
DLD_FinalDataset_224_spit/train/HEALTHY_LEAF/to_label_2321.jpg,HEALTHY_LEAF,2464,train
DLD_FinalDataset_224_spit/train/HEALTHY_LEAF/to_label_2322.jpg,HEALTHY_LEAF,2465,train
DLD_FinalDataset_224_spit/train/HEALTHY_LEAF/to_label_2323.jpg,HEALTHY_LEAF,2466,train
DLD_FinalDataset_224_spit/train/HEALTHY_LEAF/to_label_2324.jpg,HEALTHY_LEAF,2467,train
DLD_FinalDataset_224_spit/train/HEALTHY_LEAF/to_label_2325.jpg,HEALTHY_LEAF,2468,train
DLD_FinalDataset_224_spit/train/HEALTHY_LEAF/to_label_2326.jpg,HEALTHY_LEAF,2469,train
DLD_FinalDataset_224_spit/train/HEALTHY_LEAF/to_label_2327.jpg,HEALTHY_LEAF,2470,test
DLD_FinalDataset_224_spit/train/HEALTHY_LEAF/to_label_2328.jpg,HEALTHY_LEAF,2471,train
DLD_FinalDataset_224_spit/train/HEALTHY_LEAF/to_label_2329.jpg,HEALTHY_LEAF,2472,test
DLD_FinalDataset_224_spit/train/HEALTHY_LEAF/to_label_2330.jpg,HEALTHY_LEAF,2473,val
DLD_FinalDataset_224_spit/train/HEALTHY_LEAF/to_label_2333.jpg,HEALTHY_LEAF,2474,train
DLD_FinalDataset_224_spit/train/HEALTHY_LEAF/to_label_2334.jpg,HEALTHY_LEAF,2475,test
DLD_FinalDataset_224_spit/train/HEALTHY_LEAF/to_label_2337.jpg,HEALTHY_LEAF,2476,train
DLD_FinalDataset_224_spit/train/HEALTHY_LEAF/to_label_2342.jpg,HEALTHY_LEAF,2477,test
DLD_FinalDataset_224_spit/train/HEALTHY_LEAF/to_label_2343.jpg,HEALTHY_LEAF,2478,train
DLD_FinalDataset_224_spit/train/HEALTHY_LEAF/to_label_2347.jpg,HEALTHY_LEAF,2479,train
DLD_FinalDataset_224_spit/train/HEALTHY_LEAF/to_label_2349.jpg,HEALTHY_LEAF,2480,test
DLD_FinalDataset_224_spit/train/HEALTHY_LEAF/to_label_2350.jpg,HEALTHY_LEAF,2481,train
DLD_FinalDataset_224_spit/train/HEALTHY_LEAF/to_label_2351.jpg,HEALTHY_LEAF,2482,train
DLD_FinalDataset_224_spit/train/HEALTHY_LEAF/to_label_2352.jpg,HEALTHY_LEAF,2483,train
DLD_FinalDataset_224_spit/train/HEALTHY_LEAF/to_label_2353.jpg,HEALTHY_LEAF,2484,train
DLD_FinalDataset_224_spit/train/HEALTHY_LEAF/to_label_2355.jpg,HEALTHY_LEAF,2485,train
DLD_FinalDataset_224_spit/train/HEALTHY_LEAF/to_label_2356.jpg,HEALTHY_LEAF,2486,val
DLD_FinalDataset_224_spit/train/HEALTHY_LEAF/to_label_2357.jpg,HEALTHY_LEAF,2487,test
DLD_FinalDataset_224_spit/train/HEALTHY_LEAF/to_label_2358.jpg,HEALTHY_LEAF,2488,train
DLD_FinalDataset_224_spit/train/HEALTHY_LEAF/to_label_2360.jpg,HEALTHY_LEAF,2489,train
DLD_FinalDataset_224_spit/train/HEALTHY_LEAF/to_label_2361.jpg,HEALTHY_LEAF,2490,test
DLD_FinalDataset_224_spit/train/HEALTHY_LEAF/to_label_2362.jpg,HEALTHY_LEAF,2491,train
DLD_FinalDataset_224_spit/train/HEALTHY_LEAF/to_label_2363.jpg,HEALTHY_LEAF,2492,train
DLD_FinalDataset_224_spit/train/HEALTHY_LEAF/to_label_2364.jpg,HEALTHY_LEAF,2493,train
DLD_FinalDataset_224_spit/train/HEALTHY_LEAF/to_label_2367.jpg,HEALTHY_LEAF,2494,train
DLD_FinalDataset_224_spit/train/HEALTHY_LEAF/to_label_2368.jpg,HEALTHY_LEAF,2495,train
DLD_FinalDataset_224_spit/train/HEALTHY_LEAF/to_label_2369.jpg,HEALTHY_LEAF,2496,train
DLD_FinalDataset_224_spit/train/HEALTHY_LEAF/to_label_2370.jpg,HEALTHY_LEAF,2497,val
DLD_FinalDataset_224_spit/train/HEALTHY_LEAF/to_label_2371.jpg,HEALTHY_LEAF,2498,train
DLD_FinalDataset_224_spit/train/HEALTHY_LEAF/to_label_2373.jpg,HEALTHY_LEAF,2499,val
DLD_FinalDataset_224_spit/train/HEALTHY_LEAF/to_label_2374.jpg,HEALTHY_LEAF,2500,train
DLD_FinalDataset_224_spit/train/HEALTHY_LEAF/to_label_2375.jpg,HEALTHY_LEAF,2501,train
DLD_FinalDataset_224_spit/train/HEALTHY_LEAF/to_label_2376.jpg,HEALTHY_LEAF,2502,train
DLD_FinalDataset_224_spit/train/HEALTHY_LEAF/to_label_2377.jpg,HEALTHY_LEAF,2503,train
DLD_FinalDataset_224_spit/train/HEALTHY_LEAF/to_label_2378.jpg,HEALTHY_LEAF,2504,train
DLD_FinalDataset_224_spit/train/HEALTHY_LEAF/to_label_2379.jpg,HEALTHY_LEAF,2505,train
DLD_FinalDataset_224_spit/train/HEALTHY_LEAF/to_label_2380.jpg,HEALTHY_LEAF,2506,test
DLD_FinalDataset_224_spit/train/HEALTHY_LEAF/to_label_2381.jpg,HEALTHY_LEAF,2507,train
DLD_FinalDataset_224_spit/train/HEALTHY_LEAF/to_label_2382.jpg,HEALTHY_LEAF,2508,train
DLD_FinalDataset_224_spit/train/HEALTHY_LEAF/to_label_2384.jpg,HEALTHY_LEAF,2509,test
DLD_FinalDataset_224_spit/train/HEALTHY_LEAF/to_label_2385.jpg,HEALTHY_LEAF,2510,val
DLD_FinalDataset_224_spit/train/HEALTHY_LEAF/to_label_2386.jpg,HEALTHY_LEAF,2511,train
DLD_FinalDataset_224_spit/train/HEALTHY_LEAF/to_label_2387.jpg,HEALTHY_LEAF,2512,test
DLD_FinalDataset_224_spit/train/HEALTHY_LEAF/to_label_2388.jpg,HEALTHY_LEAF,2513,train
DLD_FinalDataset_224_spit/train/HEALTHY_LEAF/to_label_2391.jpg,HEALTHY_LEAF,2514,train
DLD_FinalDataset_224_spit/train/HEALTHY_LEAF/to_label_2393.jpg,HEALTHY_LEAF,2515,train
DLD_FinalDataset_224_spit/train/HEALTHY_LEAF/to_label_2394.jpg,HEALTHY_LEAF,2516,train
DLD_FinalDataset_224_spit/train/HEALTHY_LEAF/to_label_2396.jpg,HEALTHY_LEAF,2517,train
DLD_FinalDataset_224_spit/train/HEALTHY_LEAF/to_label_2397.jpg,HEALTHY_LEAF,2518,train
DLD_FinalDataset_224_spit/train/HEALTHY_LEAF/to_label_2398.jpg,HEALTHY_LEAF,2519,test
DLD_FinalDataset_224_spit/train/HEALTHY_LEAF/to_label_2400.jpg,HEALTHY_LEAF,2520,train
DLD_FinalDataset_224_spit/train/HEALTHY_LEAF/to_label_2401.jpg,HEALTHY_LEAF,2521,train
DLD_FinalDataset_224_spit/train/HEALTHY_LEAF/to_label_2403.jpg,HEALTHY_LEAF,2522,test
DLD_FinalDataset_224_spit/train/HEALTHY_LEAF/to_label_2405.jpg,HEALTHY_LEAF,2523,train
DLD_FinalDataset_224_spit/train/HEALTHY_LEAF/to_label_2406.jpg,HEALTHY_LEAF,2524,test
DLD_FinalDataset_224_spit/train/HEALTHY_LEAF/to_label_2408.jpg,HEALTHY_LEAF,2525,train
DLD_FinalDataset_224_spit/train/HEALTHY_LEAF/to_label_2409.jpg,HEALTHY_LEAF,2526,val
DLD_FinalDataset_224_spit/train/HEALTHY_LEAF/to_label_2410.jpg,HEALTHY_LEAF,2527,test
DLD_FinalDataset_224_spit/train/HEALTHY_LEAF/to_label_2411.jpg,HEALTHY_LEAF,2528,train
DLD_FinalDataset_224_spit/train/HEALTHY_LEAF/to_label_2412.jpg,HEALTHY_LEAF,2529,test
DLD_FinalDataset_224_spit/train/HEALTHY_LEAF/to_label_2413.jpg,HEALTHY_LEAF,2530,train
DLD_FinalDataset_224_spit/train/HEALTHY_LEAF/to_label_2414.jpg,HEALTHY_LEAF,2531,train
DLD_FinalDataset_224_spit/train/HEALTHY_LEAF/to_label_2417.jpg,HEALTHY_LEAF,2532,train
DLD_FinalDataset_224_spit/train/HEALTHY_LEAF/to_label_2419.jpg,HEALTHY_LEAF,2533,test
DLD_FinalDataset_224_spit/train/HEALTHY_LEAF/to_label_2422.jpg,HEALTHY_LEAF,2534,train
DLD_FinalDataset_224_spit/train/HEALTHY_LEAF/to_label_2423.jpg,HEALTHY_LEAF,2535,train
DLD_FinalDataset_224_spit/train/HEALTHY_LEAF/to_label_2424.jpg,HEALTHY_LEAF,2536,test
DLD_FinalDataset_224_spit/train/HEALTHY_LEAF/to_label_2425.jpg,HEALTHY_LEAF,2537,val
DLD_FinalDataset_224_spit/train/HEALTHY_LEAF/to_label_2426.jpg,HEALTHY_LEAF,2538,train
DLD_FinalDataset_224_spit/train/HEALTHY_LEAF/to_label_2427.jpg,HEALTHY_LEAF,2539,test
DLD_FinalDataset_224_spit/train/HEALTHY_LEAF/to_label_2428.jpg,HEALTHY_LEAF,2540,train
DLD_FinalDataset_224_spit/train/HEALTHY_LEAF/to_label_2429.jpg,HEALTHY_LEAF,2541,train
DLD_FinalDataset_224_spit/train/HEALTHY_LEAF/to_label_2432.jpg,HEALTHY_LEAF,2542,train
DLD_FinalDataset_224_spit/train/HEALTHY_LEAF/to_label_2434.jpg,HEALTHY_LEAF,2543,train
DLD_FinalDataset_224_spit/train/HEALTHY_LEAF/to_label_2435.jpg,HEALTHY_LEAF,2544,train
DLD_FinalDataset_224_spit/train/HEALTHY_LEAF/to_label_2436.jpg,HEALTHY_LEAF,2545,train
DLD_FinalDataset_224_spit/train/HEALTHY_LEAF/to_label_2437.jpg,HEALTHY_LEAF,2546,train
DLD_FinalDataset_224_spit/train/HEALTHY_LEAF/to_label_2438.jpg,HEALTHY_LEAF,2547,train
DLD_FinalDataset_224_spit/train/HEALTHY_LEAF/to_label_2439.jpg,HEALTHY_LEAF,2548,train
DLD_FinalDataset_224_spit/train/HEALTHY_LEAF/to_label_2442.jpg,HEALTHY_LEAF,2549,val
DLD_FinalDataset_224_spit/train/HEALTHY_LEAF/to_label_2443.jpg,HEALTHY_LEAF,2550,test
DLD_FinalDataset_224_spit/train/HEALTHY_LEAF/to_label_2444.jpg,HEALTHY_LEAF,2551,train
DLD_FinalDataset_224_spit/train/HEALTHY_LEAF/to_label_2445.jpg,HEALTHY_LEAF,2552,train
DLD_FinalDataset_224_spit/train/HEALTHY_LEAF/to_label_2446.jpg,HEALTHY_LEAF,2553,train
DLD_FinalDataset_224_spit/train/HEALTHY_LEAF/to_label_2447.jpg,HEALTHY_LEAF,2554,train
DLD_FinalDataset_224_spit/train/HEALTHY_LEAF/to_label_2448.jpg,HEALTHY_LEAF,2555,val
DLD_FinalDataset_224_spit/train/HEALTHY_LEAF/to_label_2450.jpg,HEALTHY_LEAF,2556,train
DLD_FinalDataset_224_spit/train/HEALTHY_LEAF/to_label_2451.jpg,HEALTHY_LEAF,2557,train
DLD_FinalDataset_224_spit/train/HEALTHY_LEAF/to_label_2452.jpg,HEALTHY_LEAF,2558,train
DLD_FinalDataset_224_spit/train/HEALTHY_LEAF/to_label_2453.jpg,HEALTHY_LEAF,2559,train
DLD_FinalDataset_224_spit/train/HEALTHY_LEAF/to_label_2454.jpg,HEALTHY_LEAF,2560,train
DLD_FinalDataset_224_spit/train/HEALTHY_LEAF/to_label_2457.jpg,HEALTHY_LEAF,2561,val
DLD_FinalDataset_224_spit/train/HEALTHY_LEAF/to_label_2458.jpg,HEALTHY_LEAF,2562,train
DLD_FinalDataset_224_spit/train/HEALTHY_LEAF/to_label_2460.jpg,HEALTHY_LEAF,2563,test
DLD_FinalDataset_224_spit/train/HEALTHY_LEAF/to_label_2462.jpg,HEALTHY_LEAF,2564,train
DLD_FinalDataset_224_spit/train/HEALTHY_LEAF/to_label_2463.jpg,HEALTHY_LEAF,2565,train
DLD_FinalDataset_224_spit/train/HEALTHY_LEAF/to_label_2464.jpg,HEALTHY_LEAF,2566,train
DLD_FinalDataset_224_spit/train/HEALTHY_LEAF/to_label_2465.jpg,HEALTHY_LEAF,2567,train
DLD_FinalDataset_224_spit/train/HEALTHY_LEAF/to_label_2468.jpg,HEALTHY_LEAF,2568,train
DLD_FinalDataset_224_spit/train/HEALTHY_LEAF/to_label_2471.jpg,HEALTHY_LEAF,2569,train
DLD_FinalDataset_224_spit/train/HEALTHY_LEAF/to_label_2472.jpg,HEALTHY_LEAF,2570,train
DLD_FinalDataset_224_spit/train/HEALTHY_LEAF/to_label_2473.jpg,HEALTHY_LEAF,2571,train
DLD_FinalDataset_224_spit/train/HEALTHY_LEAF/to_label_2474.jpg,HEALTHY_LEAF,2572,train
DLD_FinalDataset_224_spit/train/HEALTHY_LEAF/to_label_2476.jpg,HEALTHY_LEAF,2573,train
DLD_FinalDataset_224_spit/train/HEALTHY_LEAF/to_label_2477.jpg,HEALTHY_LEAF,2574,train
DLD_FinalDataset_224_spit/train/HEALTHY_LEAF/to_label_2478.jpg,HEALTHY_LEAF,2575,test
DLD_FinalDataset_224_spit/train/HEALTHY_LEAF/to_label_2479.jpg,HEALTHY_LEAF,2576,train
DLD_FinalDataset_224_spit/train/HEALTHY_LEAF/to_label_2480.jpg,HEALTHY_LEAF,2577,test
DLD_FinalDataset_224_spit/train/HEALTHY_LEAF/to_label_2481.jpg,HEALTHY_LEAF,2578,train
DLD_FinalDataset_224_spit/train/HEALTHY_LEAF/to_label_2482.jpg,HEALTHY_LEAF,2579,test
DLD_FinalDataset_224_spit/train/HEALTHY_LEAF/to_label_2483.jpg,HEALTHY_LEAF,2580,train
DLD_FinalDataset_224_spit/train/HEALTHY_LEAF/to_label_2484.jpg,HEALTHY_LEAF,2581,train
DLD_FinalDataset_224_spit/train/HEALTHY_LEAF/to_label_2485.jpg,HEALTHY_LEAF,2582,test
DLD_FinalDataset_224_spit/train/HEALTHY_LEAF/to_label_2486.jpg,HEALTHY_LEAF,2583,train
DLD_FinalDataset_224_spit/train/HEALTHY_LEAF/to_label_2487.jpg,HEALTHY_LEAF,2584,train
DLD_FinalDataset_224_spit/train/HEALTHY_LEAF/to_label_2489.jpg,HEALTHY_LEAF,2585,test
DLD_FinalDataset_224_spit/train/HEALTHY_LEAF/to_label_2490.jpg,HEALTHY_LEAF,2586,test
DLD_FinalDataset_224_spit/train/HEALTHY_LEAF/to_label_2491.jpg,HEALTHY_LEAF,2587,train
DLD_FinalDataset_224_spit/train/HEALTHY_LEAF/to_label_2492.jpg,HEALTHY_LEAF,2588,val
DLD_FinalDataset_224_spit/train/HEALTHY_LEAF/to_label_2493.jpg,HEALTHY_LEAF,2589,train
DLD_FinalDataset_224_spit/train/HEALTHY_LEAF/to_label_2494.jpg,HEALTHY_LEAF,2590,train
DLD_FinalDataset_224_spit/train/HEALTHY_LEAF/to_label_2496.jpg,HEALTHY_LEAF,2591,train
DLD_FinalDataset_224_spit/train/HEALTHY_LEAF/to_label_2497.jpg,HEALTHY_LEAF,2592,train
DLD_FinalDataset_224_spit/train/HEALTHY_LEAF/to_label_2498.jpg,HEALTHY_LEAF,2593,test
DLD_FinalDataset_224_spit/train/HEALTHY_LEAF/to_label_2499.jpg,HEALTHY_LEAF,2594,train
DLD_FinalDataset_224_spit/train/HEALTHY_LEAF/to_label_2500.jpg,HEALTHY_LEAF,2595,train
DLD_FinalDataset_224_spit/train/HEALTHY_LEAF/to_label_2501.jpg,HEALTHY_LEAF,2596,train
DLD_FinalDataset_224_spit/train/HEALTHY_LEAF/to_label_2502.jpg,HEALTHY_LEAF,2597,train
DLD_FinalDataset_224_spit/train/HEALTHY_LEAF/to_label_2504.jpg,HEALTHY_LEAF,2598,train
DLD_FinalDataset_224_spit/train/HEALTHY_LEAF/to_label_2508.jpg,HEALTHY_LEAF,2599,test
DLD_FinalDataset_224_spit/train/HEALTHY_LEAF/to_label_2509.jpg,HEALTHY_LEAF,2600,val
DLD_FinalDataset_224_spit/train/HEALTHY_LEAF/to_label_2511.jpg,HEALTHY_LEAF,2601,train
DLD_FinalDataset_224_spit/train/HEALTHY_LEAF/to_label_2512.jpg,HEALTHY_LEAF,2602,train
DLD_FinalDataset_224_spit/train/HEALTHY_LEAF/to_label_2513.jpg,HEALTHY_LEAF,2603,train
DLD_FinalDataset_224_spit/train/HEALTHY_LEAF/to_label_2514.jpg,HEALTHY_LEAF,2604,train
DLD_FinalDataset_224_spit/train/HEALTHY_LEAF/to_label_2515.jpg,HEALTHY_LEAF,2605,train
DLD_FinalDataset_224_spit/train/HEALTHY_LEAF/to_label_2518.jpg,HEALTHY_LEAF,2606,train
DLD_FinalDataset_224_spit/train/HEALTHY_LEAF/to_label_2519.jpg,HEALTHY_LEAF,2607,val
DLD_FinalDataset_224_spit/train/HEALTHY_LEAF/to_label_2520.jpg,HEALTHY_LEAF,2608,train
DLD_FinalDataset_224_spit/train/HEALTHY_LEAF/to_label_2521.jpg,HEALTHY_LEAF,2609,train
DLD_FinalDataset_224_spit/train/HEALTHY_LEAF/to_label_2522.jpg,HEALTHY_LEAF,2610,train
DLD_FinalDataset_224_spit/train/HEALTHY_LEAF/to_label_2523.jpg,HEALTHY_LEAF,2611,train
DLD_FinalDataset_224_spit/train/HEALTHY_LEAF/to_label_2524.jpg,HEALTHY_LEAF,2612,train
DLD_FinalDataset_224_spit/train/HEALTHY_LEAF/to_label_2525.jpg,HEALTHY_LEAF,2613,train
DLD_FinalDataset_224_spit/train/HEALTHY_LEAF/to_label_2526.jpg,HEALTHY_LEAF,2614,test
DLD_FinalDataset_224_spit/train/HEALTHY_LEAF/to_label_2527.jpg,HEALTHY_LEAF,2615,test
DLD_FinalDataset_224_spit/train/HEALTHY_LEAF/to_label_2528.jpg,HEALTHY_LEAF,2616,test
DLD_FinalDataset_224_spit/train/HEALTHY_LEAF/to_label_2529.jpg,HEALTHY_LEAF,2617,train
DLD_FinalDataset_224_spit/train/HEALTHY_LEAF/to_label_2530.jpg,HEALTHY_LEAF,2618,train
DLD_FinalDataset_224_spit/train/HEALTHY_LEAF/to_label_2531.jpg,HEALTHY_LEAF,2619,train
DLD_FinalDataset_224_spit/train/HEALTHY_LEAF/to_label_2532.jpg,HEALTHY_LEAF,2620,train
DLD_FinalDataset_224_spit/train/HEALTHY_LEAF/to_label_2533.jpg,HEALTHY_LEAF,2621,train
DLD_FinalDataset_224_spit/train/HEALTHY_LEAF/to_label_2536.jpg,HEALTHY_LEAF,2622,val
DLD_FinalDataset_224_spit/train/HEALTHY_LEAF/to_label_2537.jpg,HEALTHY_LEAF,2623,train
DLD_FinalDataset_224_spit/train/HEALTHY_LEAF/to_label_2538.jpg,HEALTHY_LEAF,2624,test
DLD_FinalDataset_224_spit/train/HEALTHY_LEAF/to_label_2540.jpg,HEALTHY_LEAF,2625,train
DLD_FinalDataset_224_spit/train/HEALTHY_LEAF/to_label_2541.jpg,HEALTHY_LEAF,2626,train
DLD_FinalDataset_224_spit/train/HEALTHY_LEAF/to_label_2542.jpg,HEALTHY_LEAF,2627,test
DLD_FinalDataset_224_spit/train/HEALTHY_LEAF/to_label_2543.jpg,HEALTHY_LEAF,2628,train
DLD_FinalDataset_224_spit/train/HEALTHY_LEAF/to_label_2544.jpg,HEALTHY_LEAF,2629,train
DLD_FinalDataset_224_spit/train/HEALTHY_LEAF/to_label_2546.jpg,HEALTHY_LEAF,2630,val
DLD_FinalDataset_224_spit/train/HEALTHY_LEAF/to_label_2547.jpg,HEALTHY_LEAF,2631,train
DLD_FinalDataset_224_spit/train/HEALTHY_LEAF/to_label_2548.jpg,HEALTHY_LEAF,2632,train
DLD_FinalDataset_224_spit/train/HEALTHY_LEAF/to_label_2550.jpg,HEALTHY_LEAF,2633,test
DLD_FinalDataset_224_spit/train/HEALTHY_LEAF/to_label_2553.jpg,HEALTHY_LEAF,2634,train
DLD_FinalDataset_224_spit/train/HEALTHY_LEAF/to_label_2554.jpg,HEALTHY_LEAF,2635,train
DLD_FinalDataset_224_spit/train/HEALTHY_LEAF/to_label_2555.jpg,HEALTHY_LEAF,2636,train
DLD_FinalDataset_224_spit/train/HEALTHY_LEAF/to_label_2558.jpg,HEALTHY_LEAF,2637,train
DLD_FinalDataset_224_spit/train/HEALTHY_LEAF/to_label_2562.jpg,HEALTHY_LEAF,2638,train
DLD_FinalDataset_224_spit/train/HEALTHY_LEAF/to_label_2563.jpg,HEALTHY_LEAF,2639,train
DLD_FinalDataset_224_spit/train/HEALTHY_LEAF/to_label_2564.jpg,HEALTHY_LEAF,2640,train
DLD_FinalDataset_224_spit/train/HEALTHY_LEAF/to_label_2565.jpg,HEALTHY_LEAF,2641,train
DLD_FinalDataset_224_spit/train/HEALTHY_LEAF/to_label_2566.jpg,HEALTHY_LEAF,2642,test
DLD_FinalDataset_224_spit/train/HEALTHY_LEAF/to_label_2568.jpg,HEALTHY_LEAF,2643,train
DLD_FinalDataset_224_spit/train/HEALTHY_LEAF/to_label_2569.jpg,HEALTHY_LEAF,2644,train
DLD_FinalDataset_224_spit/train/HEALTHY_LEAF/to_label_2570.jpg,HEALTHY_LEAF,2645,train
DLD_FinalDataset_224_spit/train/HEALTHY_LEAF/to_label_2572.jpg,HEALTHY_LEAF,2646,train
DLD_FinalDataset_224_spit/train/HEALTHY_LEAF/to_label_2573.jpg,HEALTHY_LEAF,2647,train
DLD_FinalDataset_224_spit/train/HEALTHY_LEAF/to_label_2575.jpg,HEALTHY_LEAF,2648,train
DLD_FinalDataset_224_spit/train/HEALTHY_LEAF/to_label_2576.jpg,HEALTHY_LEAF,2649,train
DLD_FinalDataset_224_spit/train/HEALTHY_LEAF/to_label_2577.jpg,HEALTHY_LEAF,2650,train
DLD_FinalDataset_224_spit/train/HEALTHY_LEAF/to_label_2578.jpg,HEALTHY_LEAF,2651,test
DLD_FinalDataset_224_spit/train/HEALTHY_LEAF/to_label_2581.jpg,HEALTHY_LEAF,2652,train
DLD_FinalDataset_224_spit/train/HEALTHY_LEAF/to_label_2582.jpg,HEALTHY_LEAF,2653,train
DLD_FinalDataset_224_spit/train/HEALTHY_LEAF/to_label_2583.jpg,HEALTHY_LEAF,2654,train
DLD_FinalDataset_224_spit/train/HEALTHY_LEAF/to_label_2584.jpg,HEALTHY_LEAF,2655,train
DLD_FinalDataset_224_spit/train/HEALTHY_LEAF/to_label_2585.jpg,HEALTHY_LEAF,2656,val
DLD_FinalDataset_224_spit/train/HEALTHY_LEAF/to_label_2587.jpg,HEALTHY_LEAF,2657,val
DLD_FinalDataset_224_spit/train/HEALTHY_LEAF/to_label_2590.jpg,HEALTHY_LEAF,2658,train
DLD_FinalDataset_224_spit/train/HEALTHY_LEAF/to_label_2592.jpg,HEALTHY_LEAF,2659,train
DLD_FinalDataset_224_spit/train/HEALTHY_LEAF/to_label_2595.jpg,HEALTHY_LEAF,2660,train
DLD_FinalDataset_224_spit/train/HEALTHY_LEAF/to_label_2596.jpg,HEALTHY_LEAF,2661,train
DLD_FinalDataset_224_spit/train/HEALTHY_LEAF/to_label_2597.jpg,HEALTHY_LEAF,2662,train
DLD_FinalDataset_224_spit/train/HEALTHY_LEAF/to_label_2599.jpg,HEALTHY_LEAF,2663,train
DLD_FinalDataset_224_spit/train/HEALTHY_LEAF/to_label_2600.jpg,HEALTHY_LEAF,2664,train
DLD_FinalDataset_224_spit/train/HEALTHY_LEAF/to_label_2602.jpg,HEALTHY_LEAF,2665,val
DLD_FinalDataset_224_spit/train/HEALTHY_LEAF/to_label_2606.jpg,HEALTHY_LEAF,2666,train
DLD_FinalDataset_224_spit/train/HEALTHY_LEAF/to_label_2607.jpg,HEALTHY_LEAF,2667,train
DLD_FinalDataset_224_spit/train/HEALTHY_LEAF/to_label_2608.jpg,HEALTHY_LEAF,2668,train
DLD_FinalDataset_224_spit/train/HEALTHY_LEAF/to_label_2609.jpg,HEALTHY_LEAF,2669,train
DLD_FinalDataset_224_spit/train/HEALTHY_LEAF/to_label_2610.jpg,HEALTHY_LEAF,2670,test
DLD_FinalDataset_224_spit/train/HEALTHY_LEAF/to_label_2611.jpg,HEALTHY_LEAF,2671,train
DLD_FinalDataset_224_spit/train/HEALTHY_LEAF/to_label_2613.jpg,HEALTHY_LEAF,2672,val
DLD_FinalDataset_224_spit/train/HEALTHY_LEAF/to_label_2614.jpg,HEALTHY_LEAF,2673,train
DLD_FinalDataset_224_spit/train/HEALTHY_LEAF/to_label_2615.jpg,HEALTHY_LEAF,2674,train
DLD_FinalDataset_224_spit/train/HEALTHY_LEAF/to_label_2616.jpg,HEALTHY_LEAF,2675,train
DLD_FinalDataset_224_spit/train/HEALTHY_LEAF/to_label_2617.jpg,HEALTHY_LEAF,2676,train
DLD_FinalDataset_224_spit/train/HEALTHY_LEAF/to_label_2618.jpg,HEALTHY_LEAF,2677,train
DLD_FinalDataset_224_spit/train/HEALTHY_LEAF/to_label_2619.jpg,HEALTHY_LEAF,2678,train
DLD_FinalDataset_224_spit/train/HEALTHY_LEAF/to_label_2620.jpg,HEALTHY_LEAF,2679,train
DLD_FinalDataset_224_spit/train/HEALTHY_LEAF/to_label_2623.jpg,HEALTHY_LEAF,2680,train
DLD_FinalDataset_224_spit/train/HEALTHY_LEAF/to_label_2624.jpg,HEALTHY_LEAF,2681,train
DLD_FinalDataset_224_spit/train/HEALTHY_LEAF/to_label_2626.jpg,HEALTHY_LEAF,2682,train
DLD_FinalDataset_224_spit/train/HEALTHY_LEAF/to_label_2627.jpg,HEALTHY_LEAF,2683,val
DLD_FinalDataset_224_spit/train/HEALTHY_LEAF/to_label_2629.jpg,HEALTHY_LEAF,2684,val
DLD_FinalDataset_224_spit/train/HEALTHY_LEAF/to_label_2630.jpg,HEALTHY_LEAF,2685,test
DLD_FinalDataset_224_spit/train/HEALTHY_LEAF/to_label_2631.jpg,HEALTHY_LEAF,2686,train
DLD_FinalDataset_224_spit/train/HEALTHY_LEAF/to_label_2632.jpg,HEALTHY_LEAF,2687,test
DLD_FinalDataset_224_spit/train/HEALTHY_LEAF/to_label_2633.jpg,HEALTHY_LEAF,2688,train
DLD_FinalDataset_224_spit/train/HEALTHY_LEAF/to_label_2637.jpg,HEALTHY_LEAF,2689,train
DLD_FinalDataset_224_spit/train/HEALTHY_LEAF/to_label_2638.jpg,HEALTHY_LEAF,2690,train
DLD_FinalDataset_224_spit/train/HEALTHY_LEAF/to_label_2639.jpg,HEALTHY_LEAF,2691,train
DLD_FinalDataset_224_spit/train/HEALTHY_LEAF/to_label_2640.jpg,HEALTHY_LEAF,2692,train
DLD_FinalDataset_224_spit/train/HEALTHY_LEAF/to_label_2642.jpg,HEALTHY_LEAF,2693,train
DLD_FinalDataset_224_spit/train/HEALTHY_LEAF/to_label_2643.jpg,HEALTHY_LEAF,2694,val
DLD_FinalDataset_224_spit/train/HEALTHY_LEAF/to_label_2644.jpg,HEALTHY_LEAF,2695,train
DLD_FinalDataset_224_spit/train/HEALTHY_LEAF/to_label_2645.jpg,HEALTHY_LEAF,2696,train
DLD_FinalDataset_224_spit/train/HEALTHY_LEAF/to_label_2647.jpg,HEALTHY_LEAF,2697,train
DLD_FinalDataset_224_spit/train/HEALTHY_LEAF/to_label_2649.jpg,HEALTHY_LEAF,2698,val
DLD_FinalDataset_224_spit/train/HEALTHY_LEAF/to_label_2650.jpg,HEALTHY_LEAF,2699,train
DLD_FinalDataset_224_spit/train/HEALTHY_LEAF/to_label_2651.jpg,HEALTHY_LEAF,2700,train
DLD_FinalDataset_224_spit/train/HEALTHY_LEAF/to_label_2652.jpg,HEALTHY_LEAF,2701,test
DLD_FinalDataset_224_spit/train/HEALTHY_LEAF/to_label_2653.jpg,HEALTHY_LEAF,2702,train
DLD_FinalDataset_224_spit/train/HEALTHY_LEAF/to_label_2654.jpg,HEALTHY_LEAF,2703,train
DLD_FinalDataset_224_spit/train/HEALTHY_LEAF/to_label_2655.jpg,HEALTHY_LEAF,2704,train
DLD_FinalDataset_224_spit/train/HEALTHY_LEAF/to_label_2656.jpg,HEALTHY_LEAF,2705,test
DLD_FinalDataset_224_spit/train/HEALTHY_LEAF/to_label_2657.jpg,HEALTHY_LEAF,2706,test
DLD_FinalDataset_224_spit/train/HEALTHY_LEAF/to_label_2658.jpg,HEALTHY_LEAF,2707,test
DLD_FinalDataset_224_spit/train/HEALTHY_LEAF/to_label_2662.jpg,HEALTHY_LEAF,2708,train
DLD_FinalDataset_224_spit/train/HEALTHY_LEAF/to_label_2666.jpg,HEALTHY_LEAF,2709,train
DLD_FinalDataset_224_spit/train/HEALTHY_LEAF/to_label_2667.jpg,HEALTHY_LEAF,2710,train
DLD_FinalDataset_224_spit/train/HEALTHY_LEAF/to_label_2668.jpg,HEALTHY_LEAF,2711,train
DLD_FinalDataset_224_spit/train/HEALTHY_LEAF/to_label_2669.jpg,HEALTHY_LEAF,2712,train
DLD_FinalDataset_224_spit/train/HEALTHY_LEAF/to_label_2670.jpg,HEALTHY_LEAF,2713,train
DLD_FinalDataset_224_spit/train/HEALTHY_LEAF/to_label_2672.jpg,HEALTHY_LEAF,2714,train
DLD_FinalDataset_224_spit/train/HEALTHY_LEAF/to_label_2673.jpg,HEALTHY_LEAF,2715,train
DLD_FinalDataset_224_spit/train/HEALTHY_LEAF/to_label_2674.jpg,HEALTHY_LEAF,2716,train
DLD_FinalDataset_224_spit/train/HEALTHY_LEAF/to_label_2676.jpg,HEALTHY_LEAF,2717,train
DLD_FinalDataset_224_spit/train/HEALTHY_LEAF/to_label_2678.jpg,HEALTHY_LEAF,2718,train
DLD_FinalDataset_224_spit/train/HEALTHY_LEAF/to_label_2682.jpg,HEALTHY_LEAF,517,test
DLD_FinalDataset_224_spit/train/HEALTHY_LEAF/to_label_2683.jpg,HEALTHY_LEAF,517,test
DLD_FinalDataset_224_spit/train/HEALTHY_LEAF/to_label_2685.jpg,HEALTHY_LEAF,2719,test
DLD_FinalDataset_224_spit/train/LEAF_BLIGHT/to_label_2686.jpg,LEAF_BLIGHT,2720,train
DLD_FinalDataset_224_spit/train/LEAF_BLIGHT/to_label_2687.jpg,LEAF_BLIGHT,2721,train
DLD_FinalDataset_224_spit/train/LEAF_BLIGHT/to_label_2689.jpg,LEAF_BLIGHT,2722,test
DLD_FinalDataset_224_spit/train/LEAF_BLIGHT/to_label_2690.jpg,LEAF_BLIGHT,2723,test
DLD_FinalDataset_224_spit/train/LEAF_BLIGHT/to_label_2692.jpg,LEAF_BLIGHT,2724,train
DLD_FinalDataset_224_spit/train/LEAF_BLIGHT/to_label_2694.jpg,LEAF_BLIGHT,2725,test
DLD_FinalDataset_224_spit/train/LEAF_BLIGHT/to_label_2695.jpg,LEAF_BLIGHT,2726,train
DLD_FinalDataset_224_spit/train/LEAF_BLIGHT/to_label_2697.jpg,LEAF_BLIGHT,2727,train
DLD_FinalDataset_224_spit/train/LEAF_BLIGHT/to_label_2698.jpg,LEAF_BLIGHT,2728,train
DLD_FinalDataset_224_spit/train/LEAF_BLIGHT/to_label_2699.jpg,LEAF_BLIGHT,2729,train
DLD_FinalDataset_224_spit/train/LEAF_BLIGHT/to_label_2700.jpg,LEAF_BLIGHT,2730,train
DLD_FinalDataset_224_spit/train/LEAF_BLIGHT/to_label_2701.jpg,LEAF_BLIGHT,2731,train
DLD_FinalDataset_224_spit/train/LEAF_BLIGHT/to_label_2702.jpg,LEAF_BLIGHT,2732,train
DLD_FinalDataset_224_spit/train/LEAF_BLIGHT/to_label_2703.jpg,LEAF_BLIGHT,2733,test
DLD_FinalDataset_224_spit/train/LEAF_BLIGHT/to_label_2704.jpg,LEAF_BLIGHT,2734,test
DLD_FinalDataset_224_spit/train/LEAF_BLIGHT/to_label_2705.jpg,LEAF_BLIGHT,2735,train
DLD_FinalDataset_224_spit/train/LEAF_BLIGHT/to_label_2706.jpg,LEAF_BLIGHT,2736,train
DLD_FinalDataset_224_spit/train/LEAF_BLIGHT/to_label_2707.jpg,LEAF_BLIGHT,2737,train
DLD_FinalDataset_224_spit/train/LEAF_BLIGHT/to_label_2708.jpg,LEAF_BLIGHT,2738,train
DLD_FinalDataset_224_spit/train/LEAF_BLIGHT/to_label_2710.jpg,LEAF_BLIGHT,2739,val
DLD_FinalDataset_224_spit/train/LEAF_BLIGHT/to_label_2712.jpg,LEAF_BLIGHT,2740,test
DLD_FinalDataset_224_spit/train/LEAF_BLIGHT/to_label_2713.jpg,LEAF_BLIGHT,2741,test
DLD_FinalDataset_224_spit/train/LEAF_BLIGHT/to_label_2714.jpg,LEAF_BLIGHT,2742,test
DLD_FinalDataset_224_spit/train/LEAF_BLIGHT/to_label_2718.jpg,LEAF_BLIGHT,2743,train
DLD_FinalDataset_224_spit/train/LEAF_BLIGHT/to_label_2720.jpg,LEAF_BLIGHT,2744,train
DLD_FinalDataset_224_spit/train/LEAF_BLIGHT/to_label_2721.jpg,LEAF_BLIGHT,2745,train
DLD_FinalDataset_224_spit/train/LEAF_BLIGHT/to_label_2722.jpg,LEAF_BLIGHT,2746,train
DLD_FinalDataset_224_spit/train/LEAF_BLIGHT/to_label_2723.jpg,LEAF_BLIGHT,2747,train
DLD_FinalDataset_224_spit/train/LEAF_BLIGHT/to_label_2724.jpg,LEAF_BLIGHT,2748,train
DLD_FinalDataset_224_spit/train/LEAF_BLIGHT/to_label_2726.jpg,LEAF_BLIGHT,2749,train
DLD_FinalDataset_224_spit/train/LEAF_BLIGHT/to_label_2727.jpg,LEAF_BLIGHT,2750,val
DLD_FinalDataset_224_spit/train/LEAF_BLIGHT/to_label_2728.jpg,LEAF_BLIGHT,2751,test
DLD_FinalDataset_224_spit/train/LEAF_BLIGHT/to_label_2729.jpg,LEAF_BLIGHT,2752,train
DLD_FinalDataset_224_spit/train/LEAF_BLIGHT/to_label_2731.jpg,LEAF_BLIGHT,2753,test
DLD_FinalDataset_224_spit/train/LEAF_BLIGHT/to_label_2732.jpg,LEAF_BLIGHT,2754,train
DLD_FinalDataset_224_spit/train/LEAF_BLIGHT/to_label_2733.jpg,LEAF_BLIGHT,2755,train
DLD_FinalDataset_224_spit/train/LEAF_BLIGHT/to_label_2734.jpg,LEAF_BLIGHT,2756,train
DLD_FinalDataset_224_spit/train/LEAF_BLIGHT/to_label_2736.jpg,LEAF_BLIGHT,2757,train
DLD_FinalDataset_224_spit/train/LEAF_BLIGHT/to_label_2737.jpg,LEAF_BLIGHT,2758,train
DLD_FinalDataset_224_spit/train/LEAF_BLIGHT/to_label_2738.jpg,LEAF_BLIGHT,2759,train
DLD_FinalDataset_224_spit/train/LEAF_BLIGHT/to_label_2739.jpg,LEAF_BLIGHT,2760,train
DLD_FinalDataset_224_spit/train/LEAF_BLIGHT/to_label_2742.jpg,LEAF_BLIGHT,2761,train
DLD_FinalDataset_224_spit/train/LEAF_BLIGHT/to_label_2743.jpg,LEAF_BLIGHT,2762,train
DLD_FinalDataset_224_spit/train/LEAF_BLIGHT/to_label_2744.jpg,LEAF_BLIGHT,2763,test
DLD_FinalDataset_224_spit/train/LEAF_BLIGHT/to_label_2747.jpg,LEAF_BLIGHT,2764,train
DLD_FinalDataset_224_spit/train/LEAF_BLIGHT/to_label_2748.jpg,LEAF_BLIGHT,2765,train
DLD_FinalDataset_224_spit/train/LEAF_BLIGHT/to_label_2750.jpg,LEAF_BLIGHT,2766,val
DLD_FinalDataset_224_spit/train/LEAF_BLIGHT/to_label_2754.jpg,LEAF_BLIGHT,2767,train
DLD_FinalDataset_224_spit/train/LEAF_BLIGHT/to_label_2755.jpg,LEAF_BLIGHT,2768,train
DLD_FinalDataset_224_spit/train/LEAF_BLIGHT/to_label_2757.jpg,LEAF_BLIGHT,2769,test
DLD_FinalDataset_224_spit/train/LEAF_BLIGHT/to_label_2759.jpg,LEAF_BLIGHT,2770,train
DLD_FinalDataset_224_spit/train/LEAF_BLIGHT/to_label_2760.jpg,LEAF_BLIGHT,2771,train
DLD_FinalDataset_224_spit/train/LEAF_BLIGHT/to_label_2761.jpg,LEAF_BLIGHT,2772,train
DLD_FinalDataset_224_spit/train/LEAF_BLIGHT/to_label_2766.jpg,LEAF_BLIGHT,2773,test
DLD_FinalDataset_224_spit/train/LEAF_BLIGHT/to_label_2769.jpg,LEAF_BLIGHT,2774,test
DLD_FinalDataset_224_spit/train/LEAF_BLIGHT/to_label_2771.jpg,LEAF_BLIGHT,2775,train
DLD_FinalDataset_224_spit/train/LEAF_BLIGHT/to_label_2773.jpg,LEAF_BLIGHT,2776,train
DLD_FinalDataset_224_spit/train/LEAF_BLIGHT/to_label_2774.jpg,LEAF_BLIGHT,2777,test
DLD_FinalDataset_224_spit/train/LEAF_BLIGHT/to_label_2775.jpg,LEAF_BLIGHT,2778,train
DLD_FinalDataset_224_spit/train/LEAF_BLIGHT/to_label_2776.jpg,LEAF_BLIGHT,2779,train
DLD_FinalDataset_224_spit/train/LEAF_BLIGHT/to_label_2777.jpg,LEAF_BLIGHT,2780,train
DLD_FinalDataset_224_spit/train/LEAF_BLIGHT/to_label_2778.jpg,LEAF_BLIGHT,2781,train
DLD_FinalDataset_224_spit/train/LEAF_BLIGHT/to_label_2779.jpg,LEAF_BLIGHT,2782,train
DLD_FinalDataset_224_spit/train/LEAF_BLIGHT/to_label_2780.jpg,LEAF_BLIGHT,2783,val
DLD_FinalDataset_224_spit/train/LEAF_BLIGHT/to_label_2781.jpg,LEAF_BLIGHT,2784,test
DLD_FinalDataset_224_spit/train/LEAF_BLIGHT/to_label_2784.jpg,LEAF_BLIGHT,2785,train
DLD_FinalDataset_224_spit/train/LEAF_BLIGHT/to_label_2785.jpg,LEAF_BLIGHT,2786,train
DLD_FinalDataset_224_spit/train/LEAF_BLIGHT/to_label_2786.jpg,LEAF_BLIGHT,2787,val
DLD_FinalDataset_224_spit/train/LEAF_BLIGHT/to_label_2788.jpg,LEAF_BLIGHT,2788,train
DLD_FinalDataset_224_spit/train/LEAF_BLIGHT/to_label_2789.jpg,LEAF_BLIGHT,2789,test
DLD_FinalDataset_224_spit/train/LEAF_BLIGHT/to_label_2790.jpg,LEAF_BLIGHT,2790,test
DLD_FinalDataset_224_spit/train/LEAF_BLIGHT/to_label_2791.jpg,LEAF_BLIGHT,2791,train
DLD_FinalDataset_224_spit/train/LEAF_BLIGHT/to_label_2792.jpg,LEAF_BLIGHT,2792,train
DLD_FinalDataset_224_spit/train/LEAF_BLIGHT/to_label_2794.jpg,LEAF_BLIGHT,2793,train
DLD_FinalDataset_224_spit/train/LEAF_BLIGHT/to_label_2797.jpg,LEAF_BLIGHT,2794,train
DLD_FinalDataset_224_spit/train/LEAF_BLIGHT/to_label_2798.jpg,LEAF_BLIGHT,2795,train
DLD_FinalDataset_224_spit/train/LEAF_BLIGHT/to_label_2799.jpg,LEAF_BLIGHT,2796,train
DLD_FinalDataset_224_spit/train/LEAF_BLIGHT/to_label_2800.jpg,LEAF_BLIGHT,2797,train
DLD_FinalDataset_224_spit/train/LEAF_BLIGHT/to_label_2801.jpg,LEAF_BLIGHT,2798,train
DLD_FinalDataset_224_spit/train/LEAF_BLIGHT/to_label_2802.jpg,LEAF_BLIGHT,2799,train
DLD_FinalDataset_224_spit/train/LEAF_BLIGHT/to_label_2803.jpg,LEAF_BLIGHT,2800,train
DLD_FinalDataset_224_spit/train/LEAF_BLIGHT/to_label_2805.jpg,LEAF_BLIGHT,2801,train
DLD_FinalDataset_224_spit/train/LEAF_BLIGHT/to_label_2807.jpg,LEAF_BLIGHT,2802,train
DLD_FinalDataset_224_spit/train/LEAF_BLIGHT/to_label_2808.jpg,LEAF_BLIGHT,2803,train
DLD_FinalDataset_224_spit/train/LEAF_BLIGHT/to_label_2809.jpg,LEAF_BLIGHT,2804,train
DLD_FinalDataset_224_spit/train/LEAF_BLIGHT/to_label_2810.jpg,LEAF_BLIGHT,2805,train
DLD_FinalDataset_224_spit/train/LEAF_BLIGHT/to_label_2811.jpg,LEAF_BLIGHT,2806,train
DLD_FinalDataset_224_spit/train/LEAF_BLIGHT/to_label_2812.jpg,LEAF_BLIGHT,2807,train
DLD_FinalDataset_224_spit/train/LEAF_BLIGHT/to_label_2813.jpg,LEAF_BLIGHT,2808,train
DLD_FinalDataset_224_spit/train/LEAF_BLIGHT/to_label_2814.jpg,LEAF_BLIGHT,2809,train
DLD_FinalDataset_224_spit/train/LEAF_BLIGHT/to_label_2815.jpg,LEAF_BLIGHT,2810,train
DLD_FinalDataset_224_spit/train/LEAF_BLIGHT/to_label_2816.jpg,LEAF_BLIGHT,2811,train
DLD_FinalDataset_224_spit/train/LEAF_BLIGHT/to_label_2817.jpg,LEAF_BLIGHT,2812,train
DLD_FinalDataset_224_spit/train/LEAF_BLIGHT/to_label_2818.jpg,LEAF_BLIGHT,2813,train
DLD_FinalDataset_224_spit/train/LEAF_BLIGHT/to_label_2820.jpg,LEAF_BLIGHT,2814,train
DLD_FinalDataset_224_spit/train/LEAF_BLIGHT/to_label_2821.jpg,LEAF_BLIGHT,2815,train
DLD_FinalDataset_224_spit/train/LEAF_BLIGHT/to_label_2824.jpg,LEAF_BLIGHT,2816,train
DLD_FinalDataset_224_spit/train/LEAF_BLIGHT/to_label_2826.jpg,LEAF_BLIGHT,2817,val
DLD_FinalDataset_224_spit/train/LEAF_BLIGHT/to_label_2828.jpg,LEAF_BLIGHT,2818,train
DLD_FinalDataset_224_spit/train/LEAF_BLIGHT/to_label_2829.jpg,LEAF_BLIGHT,2819,train
DLD_FinalDataset_224_spit/train/LEAF_BLIGHT/to_label_2830.jpg,LEAF_BLIGHT,2820,train
DLD_FinalDataset_224_spit/train/LEAF_BLIGHT/to_label_2831.jpg,LEAF_BLIGHT,2821,train
DLD_FinalDataset_224_spit/train/LEAF_BLIGHT/to_label_2832.jpg,LEAF_BLIGHT,2822,train
DLD_FinalDataset_224_spit/train/LEAF_BLIGHT/to_label_2833.jpg,LEAF_BLIGHT,2823,train
DLD_FinalDataset_224_spit/train/LEAF_BLIGHT/to_label_2835.jpg,LEAF_BLIGHT,2824,train
DLD_FinalDataset_224_spit/train/LEAF_BLIGHT/to_label_2836.jpg,LEAF_BLIGHT,2825,val
DLD_FinalDataset_224_spit/train/LEAF_BLIGHT/to_label_2837.jpg,LEAF_BLIGHT,2826,train
DLD_FinalDataset_224_spit/train/LEAF_BLIGHT/to_label_2838.jpg,LEAF_BLIGHT,2827,val
DLD_FinalDataset_224_spit/train/LEAF_BLIGHT/to_label_2839.jpg,LEAF_BLIGHT,2828,test
DLD_FinalDataset_224_spit/train/LEAF_BLIGHT/to_label_2840.jpg,LEAF_BLIGHT,2829,train
DLD_FinalDataset_224_spit/train/LEAF_BLIGHT/to_label_2842.jpg,LEAF_BLIGHT,2830,train
DLD_FinalDataset_224_spit/train/LEAF_BLIGHT/to_label_2843.jpg,LEAF_BLIGHT,2831,train
DLD_FinalDataset_224_spit/train/LEAF_BLIGHT/to_label_2845.jpg,LEAF_BLIGHT,2832,train
DLD_FinalDataset_224_spit/train/LEAF_BLIGHT/to_label_2846.jpg,LEAF_BLIGHT,2833,train
DLD_FinalDataset_224_spit/train/LEAF_BLIGHT/to_label_2847.jpg,LEAF_BLIGHT,2834,test
DLD_FinalDataset_224_spit/train/LEAF_BLIGHT/to_label_2848.jpg,LEAF_BLIGHT,2835,test
DLD_FinalDataset_224_spit/train/LEAF_BLIGHT/to_label_2849.jpg,LEAF_BLIGHT,2836,train
DLD_FinalDataset_224_spit/train/LEAF_BLIGHT/to_label_2850.jpg,LEAF_BLIGHT,2837,train
DLD_FinalDataset_224_spit/train/LEAF_BLIGHT/to_label_2852.jpg,LEAF_BLIGHT,2838,train
DLD_FinalDataset_224_spit/train/LEAF_BLIGHT/to_label_2853.jpg,LEAF_BLIGHT,2839,train
DLD_FinalDataset_224_spit/train/LEAF_BLIGHT/to_label_2855.jpg,LEAF_BLIGHT,2840,test
DLD_FinalDataset_224_spit/train/LEAF_BLIGHT/to_label_2856.jpg,LEAF_BLIGHT,2841,train
DLD_FinalDataset_224_spit/train/LEAF_BLIGHT/to_label_2857.jpg,LEAF_BLIGHT,2842,train
DLD_FinalDataset_224_spit/train/LEAF_BLIGHT/to_label_2858.jpg,LEAF_BLIGHT,2843,test
DLD_FinalDataset_224_spit/train/LEAF_BLIGHT/to_label_2859.jpg,LEAF_BLIGHT,2844,train
DLD_FinalDataset_224_spit/train/LEAF_BLIGHT/to_label_2861.jpg,LEAF_BLIGHT,2845,test
DLD_FinalDataset_224_spit/train/LEAF_BLIGHT/to_label_2862.jpg,LEAF_BLIGHT,2846,test
DLD_FinalDataset_224_spit/train/LEAF_BLIGHT/to_label_2863.jpg,LEAF_BLIGHT,2847,train
DLD_FinalDataset_224_spit/train/LEAF_BLIGHT/to_label_2864.jpg,LEAF_BLIGHT,2848,val
DLD_FinalDataset_224_spit/train/LEAF_BLIGHT/to_label_2865.jpg,LEAF_BLIGHT,2849,test
DLD_FinalDataset_224_spit/train/LEAF_BLIGHT/to_label_2866.jpg,LEAF_BLIGHT,2850,train
DLD_FinalDataset_224_spit/train/LEAF_BLIGHT/to_label_2867.jpg,LEAF_BLIGHT,2851,train
DLD_FinalDataset_224_spit/train/LEAF_BLIGHT/to_label_2868.jpg,LEAF_BLIGHT,2852,train
DLD_FinalDataset_224_spit/train/LEAF_BLIGHT/to_label_2869.jpg,LEAF_BLIGHT,2853,train
DLD_FinalDataset_224_spit/train/LEAF_BLIGHT/to_label_2870.jpg,LEAF_BLIGHT,2854,val
DLD_FinalDataset_224_spit/train/LEAF_BLIGHT/to_label_2871.jpg,LEAF_BLIGHT,2855,test
DLD_FinalDataset_224_spit/train/LEAF_BLIGHT/to_label_2872.jpg,LEAF_BLIGHT,2856,train
DLD_FinalDataset_224_spit/train/LEAF_BLIGHT/to_label_2873.jpg,LEAF_BLIGHT,2857,val
DLD_FinalDataset_224_spit/train/LEAF_BLIGHT/to_label_2874.jpg,LEAF_BLIGHT,2858,train
DLD_FinalDataset_224_spit/train/LEAF_BLIGHT/to_label_2875.jpg,LEAF_BLIGHT,2859,val
DLD_FinalDataset_224_spit/train/LEAF_BLIGHT/to_label_2876.jpg,LEAF_BLIGHT,2860,train
DLD_FinalDataset_224_spit/train/LEAF_BLIGHT/to_label_2877.jpg,LEAF_BLIGHT,2861,train
DLD_FinalDataset_224_spit/train/LEAF_BLIGHT/to_label_2879.jpg,LEAF_BLIGHT,2862,train
DLD_FinalDataset_224_spit/train/LEAF_BLIGHT/to_label_2880.jpg,LEAF_BLIGHT,2863,train
DLD_FinalDataset_224_spit/train/LEAF_BLIGHT/to_label_2881.jpg,LEAF_BLIGHT,2864,train
DLD_FinalDataset_224_spit/train/LEAF_BLIGHT/to_label_2883.jpg,LEAF_BLIGHT,2865,test
DLD_FinalDataset_224_spit/train/LEAF_BLIGHT/to_label_2886.jpg,LEAF_BLIGHT,2866,train
DLD_FinalDataset_224_spit/train/LEAF_BLIGHT/to_label_2887.jpg,LEAF_BLIGHT,2867,train
DLD_FinalDataset_224_spit/train/LEAF_BLIGHT/to_label_2888.jpg,LEAF_BLIGHT,2868,test
DLD_FinalDataset_224_spit/train/LEAF_BLIGHT/to_label_2889.jpg,LEAF_BLIGHT,2869,test
DLD_FinalDataset_224_spit/train/LEAF_BLIGHT/to_label_2891.jpg,LEAF_BLIGHT,2870,train
DLD_FinalDataset_224_spit/train/LEAF_BLIGHT/to_label_2892.jpg,LEAF_BLIGHT,2871,train
DLD_FinalDataset_224_spit/train/LEAF_BLIGHT/to_label_2893.jpg,LEAF_BLIGHT,2872,train
DLD_FinalDataset_224_spit/train/LEAF_BLIGHT/to_label_2900.jpg,LEAF_BLIGHT,2873,train
DLD_FinalDataset_224_spit/train/LEAF_BLIGHT/to_label_2902.jpg,LEAF_BLIGHT,2874,train
DLD_FinalDataset_224_spit/train/LEAF_BLIGHT/to_label_2903.jpg,LEAF_BLIGHT,2875,train
DLD_FinalDataset_224_spit/train/LEAF_BLIGHT/to_label_2905.jpg,LEAF_BLIGHT,2876,test
DLD_FinalDataset_224_spit/train/LEAF_BLIGHT/to_label_2906.jpg,LEAF_BLIGHT,2877,train
DLD_FinalDataset_224_spit/train/LEAF_BLIGHT/to_label_2907.jpg,LEAF_BLIGHT,2878,test
DLD_FinalDataset_224_spit/train/LEAF_BLIGHT/to_label_2908.jpg,LEAF_BLIGHT,2879,train
DLD_FinalDataset_224_spit/train/LEAF_BLIGHT/to_label_2909.jpg,LEAF_BLIGHT,2880,train
DLD_FinalDataset_224_spit/train/LEAF_BLIGHT/to_label_2910.jpg,LEAF_BLIGHT,2881,val
DLD_FinalDataset_224_spit/train/LEAF_BLIGHT/to_label_2911.jpg,LEAF_BLIGHT,2882,val
DLD_FinalDataset_224_spit/train/LEAF_BLIGHT/to_label_2912.jpg,LEAF_BLIGHT,2883,train
DLD_FinalDataset_224_spit/train/LEAF_BLIGHT/to_label_2915.jpg,LEAF_BLIGHT,2884,train
DLD_FinalDataset_224_spit/train/LEAF_BLIGHT/to_label_2916.jpg,LEAF_BLIGHT,2885,train
DLD_FinalDataset_224_spit/train/LEAF_BLIGHT/to_label_2918.jpg,LEAF_BLIGHT,2886,test
DLD_FinalDataset_224_spit/train/LEAF_BLIGHT/to_label_2919.jpg,LEAF_BLIGHT,2887,test
DLD_FinalDataset_224_spit/train/LEAF_BLIGHT/to_label_2920.jpg,LEAF_BLIGHT,2888,train
DLD_FinalDataset_224_spit/train/LEAF_BLIGHT/to_label_2922.jpg,LEAF_BLIGHT,2889,train
DLD_FinalDataset_224_spit/train/LEAF_BLIGHT/to_label_2923.jpg,LEAF_BLIGHT,2890,test
DLD_FinalDataset_224_spit/train/LEAF_BLIGHT/to_label_2924.jpg,LEAF_BLIGHT,2891,train
DLD_FinalDataset_224_spit/train/LEAF_BLIGHT/to_label_2926.jpg,LEAF_BLIGHT,2892,train
DLD_FinalDataset_224_spit/train/LEAF_BLIGHT/to_label_2927.jpg,LEAF_BLIGHT,2893,train
DLD_FinalDataset_224_spit/train/LEAF_BLIGHT/to_label_2928.jpg,LEAF_BLIGHT,2894,test
DLD_FinalDataset_224_spit/train/LEAF_BLIGHT/to_label_2929.jpg,LEAF_BLIGHT,2895,train
DLD_FinalDataset_224_spit/train/LEAF_BLIGHT/to_label_2931.jpg,LEAF_BLIGHT,2896,train
DLD_FinalDataset_224_spit/train/LEAF_BLIGHT/to_label_2932.jpg,LEAF_BLIGHT,2897,train
DLD_FinalDataset_224_spit/train/LEAF_BLIGHT/to_label_2934.jpg,LEAF_BLIGHT,2898,train
DLD_FinalDataset_224_spit/train/LEAF_BLIGHT/to_label_2935.jpg,LEAF_BLIGHT,2899,test
DLD_FinalDataset_224_spit/train/LEAF_BLIGHT/to_label_2937.jpg,LEAF_BLIGHT,2900,test
DLD_FinalDataset_224_spit/train/LEAF_BLIGHT/to_label_2938.jpg,LEAF_BLIGHT,2901,test
DLD_FinalDataset_224_spit/train/LEAF_BLIGHT/to_label_2939.jpg,LEAF_BLIGHT,2902,test
DLD_FinalDataset_224_spit/train/LEAF_BLIGHT/to_label_2941.jpg,LEAF_BLIGHT,2903,train
DLD_FinalDataset_224_spit/train/LEAF_BLIGHT/to_label_2942.jpg,LEAF_BLIGHT,2904,test
DLD_FinalDataset_224_spit/train/LEAF_BLIGHT/to_label_2943.jpg,LEAF_BLIGHT,2905,val
DLD_FinalDataset_224_spit/train/LEAF_BLIGHT/to_label_2944.jpg,LEAF_BLIGHT,2906,train
DLD_FinalDataset_224_spit/train/LEAF_BLIGHT/to_label_2948.jpg,LEAF_BLIGHT,2907,train
DLD_FinalDataset_224_spit/train/LEAF_BLIGHT/to_label_2949.jpg,LEAF_BLIGHT,2908,train
DLD_FinalDataset_224_spit/train/LEAF_BLIGHT/to_label_2950.jpg,LEAF_BLIGHT,2909,train
DLD_FinalDataset_224_spit/train/LEAF_BLIGHT/to_label_2953.jpg,LEAF_BLIGHT,2910,test
DLD_FinalDataset_224_spit/train/LEAF_BLIGHT/to_label_2954.jpg,LEAF_BLIGHT,2911,test
DLD_FinalDataset_224_spit/train/LEAF_BLIGHT/to_label_2955.jpg,LEAF_BLIGHT,2912,test
DLD_FinalDataset_224_spit/train/LEAF_BLIGHT/to_label_2956.jpg,LEAF_BLIGHT,2913,train
DLD_FinalDataset_224_spit/train/LEAF_BLIGHT/to_label_2957.jpg,LEAF_BLIGHT,2914,train
DLD_FinalDataset_224_spit/train/LEAF_BLIGHT/to_label_2958.jpg,LEAF_BLIGHT,2915,train
DLD_FinalDataset_224_spit/train/LEAF_BLIGHT/to_label_2959.jpg,LEAF_BLIGHT,2916,train
DLD_FinalDataset_224_spit/train/LEAF_BLIGHT/to_label_2960.jpg,LEAF_BLIGHT,2917,train
DLD_FinalDataset_224_spit/train/LEAF_BLIGHT/to_label_2962.jpg,LEAF_BLIGHT,2918,val
DLD_FinalDataset_224_spit/train/LEAF_BLIGHT/to_label_2963.jpg,LEAF_BLIGHT,2919,train
DLD_FinalDataset_224_spit/train/LEAF_BLIGHT/to_label_2964.jpg,LEAF_BLIGHT,2920,train
DLD_FinalDataset_224_spit/train/LEAF_BLIGHT/to_label_2965.jpg,LEAF_BLIGHT,2921,train
DLD_FinalDataset_224_spit/train/LEAF_BLIGHT/to_label_2968.jpg,LEAF_BLIGHT,2922,train
DLD_FinalDataset_224_spit/train/LEAF_BLIGHT/to_label_2969.jpg,LEAF_BLIGHT,2923,train
DLD_FinalDataset_224_spit/train/LEAF_BLIGHT/to_label_2970.jpg,LEAF_BLIGHT,2924,train
DLD_FinalDataset_224_spit/train/LEAF_BLIGHT/to_label_2971.jpg,LEAF_BLIGHT,2925,train
DLD_FinalDataset_224_spit/train/LEAF_BLIGHT/to_label_2973.jpg,LEAF_BLIGHT,2926,train
DLD_FinalDataset_224_spit/train/LEAF_BLIGHT/to_label_2974.jpg,LEAF_BLIGHT,2927,train
DLD_FinalDataset_224_spit/train/LEAF_BLIGHT/to_label_2975.jpg,LEAF_BLIGHT,2928,train
DLD_FinalDataset_224_spit/train/LEAF_BLIGHT/to_label_2977.jpg,LEAF_BLIGHT,2929,train
DLD_FinalDataset_224_spit/train/LEAF_BLIGHT/to_label_2979.jpg,LEAF_BLIGHT,2930,train
DLD_FinalDataset_224_spit/train/LEAF_BLIGHT/to_label_2981.jpg,LEAF_BLIGHT,2931,test
DLD_FinalDataset_224_spit/train/LEAF_BLIGHT/to_label_2983.jpg,LEAF_BLIGHT,2932,test
DLD_FinalDataset_224_spit/train/LEAF_BLIGHT/to_label_2986.jpg,LEAF_BLIGHT,2933,val
DLD_FinalDataset_224_spit/train/LEAF_BLIGHT/to_label_2987.jpg,LEAF_BLIGHT,2934,test
DLD_FinalDataset_224_spit/train/LEAF_BLIGHT/to_label_2989.jpg,LEAF_BLIGHT,2935,train
DLD_FinalDataset_224_spit/train/LEAF_BLIGHT/to_label_2990.jpg,LEAF_BLIGHT,2936,train
DLD_FinalDataset_224_spit/train/LEAF_BLIGHT/to_label_2994.jpg,LEAF_BLIGHT,2937,train
DLD_FinalDataset_224_spit/train/LEAF_BLIGHT/to_label_2999.jpg,LEAF_BLIGHT,2938,train
DLD_FinalDataset_224_spit/train/LEAF_BLIGHT/to_label_3001.jpg,LEAF_BLIGHT,2939,train
DLD_FinalDataset_224_spit/train/LEAF_BLIGHT/to_label_3003.jpg,LEAF_BLIGHT,2940,train
DLD_FinalDataset_224_spit/train/LEAF_BLIGHT/to_label_3006.jpg,LEAF_BLIGHT,2941,val
DLD_FinalDataset_224_spit/train/LEAF_BLIGHT/to_label_3008.jpg,LEAF_BLIGHT,2942,train
DLD_FinalDataset_224_spit/train/LEAF_BLIGHT/to_label_3010.jpg,LEAF_BLIGHT,2943,val
DLD_FinalDataset_224_spit/train/LEAF_BLIGHT/to_label_3011.jpg,LEAF_BLIGHT,2944,train
DLD_FinalDataset_224_spit/train/LEAF_BLIGHT/to_label_3015.jpg,LEAF_BLIGHT,2945,test
DLD_FinalDataset_224_spit/train/LEAF_BLIGHT/to_label_3016.jpg,LEAF_BLIGHT,2946,train
DLD_FinalDataset_224_spit/train/LEAF_BLIGHT/to_label_3018.jpg,LEAF_BLIGHT,2947,train
DLD_FinalDataset_224_spit/train/LEAF_BLIGHT/to_label_3021.jpg,LEAF_BLIGHT,2948,train
DLD_FinalDataset_224_spit/train/LEAF_BLIGHT/to_label_3022.jpg,LEAF_BLIGHT,2949,train
DLD_FinalDataset_224_spit/train/LEAF_BLIGHT/to_label_3023.jpg,LEAF_BLIGHT,2950,train
DLD_FinalDataset_224_spit/train/LEAF_BLIGHT/to_label_3024.jpg,LEAF_BLIGHT,2951,train
DLD_FinalDataset_224_spit/train/LEAF_BLIGHT/to_label_3025.jpg,LEAF_BLIGHT,2952,train
DLD_FinalDataset_224_spit/train/LEAF_BLIGHT/to_label_3026.jpg,LEAF_BLIGHT,2953,train
DLD_FinalDataset_224_spit/train/LEAF_BLIGHT/to_label_3027.jpg,LEAF_BLIGHT,2954,train
DLD_FinalDataset_224_spit/train/LEAF_BLIGHT/to_label_3029.jpg,LEAF_BLIGHT,2955,train
DLD_FinalDataset_224_spit/train/LEAF_BLIGHT/to_label_3031.jpg,LEAF_BLIGHT,2956,test
DLD_FinalDataset_224_spit/train/LEAF_BLIGHT/to_label_3032.jpg,LEAF_BLIGHT,2957,train
DLD_FinalDataset_224_spit/train/LEAF_BLIGHT/to_label_3033.jpg,LEAF_BLIGHT,2958,test
DLD_FinalDataset_224_spit/train/LEAF_BLIGHT/to_label_3034.jpg,LEAF_BLIGHT,2959,test
DLD_FinalDataset_224_spit/train/LEAF_BLIGHT/to_label_3035.jpg,LEAF_BLIGHT,2960,train
DLD_FinalDataset_224_spit/train/LEAF_BLIGHT/to_label_3039.jpg,LEAF_BLIGHT,2961,train
DLD_FinalDataset_224_spit/train/LEAF_BLIGHT/to_label_3040.jpg,LEAF_BLIGHT,2962,val
DLD_FinalDataset_224_spit/train/LEAF_BLIGHT/to_label_3042.jpg,LEAF_BLIGHT,2963,train
DLD_FinalDataset_224_spit/train/LEAF_BLIGHT/to_label_3043.jpg,LEAF_BLIGHT,2964,train
DLD_FinalDataset_224_spit/train/LEAF_BLIGHT/to_label_3044.jpg,LEAF_BLIGHT,2965,val
DLD_FinalDataset_224_spit/train/LEAF_BLIGHT/to_label_3046.jpg,LEAF_BLIGHT,2966,val
DLD_FinalDataset_224_spit/train/LEAF_BLIGHT/to_label_3050.jpg,LEAF_BLIGHT,2967,train
DLD_FinalDataset_224_spit/train/LEAF_BLIGHT/to_label_3051.jpg,LEAF_BLIGHT,2968,train
DLD_FinalDataset_224_spit/train/LEAF_BLIGHT/to_label_3052.jpg,LEAF_BLIGHT,2969,test
DLD_FinalDataset_224_spit/train/LEAF_BLIGHT/to_label_3053.jpg,LEAF_BLIGHT,2970,train
DLD_FinalDataset_224_spit/train/LEAF_BLIGHT/to_label_3054.jpg,LEAF_BLIGHT,2971,test
DLD_FinalDataset_224_spit/train/LEAF_BLIGHT/to_label_3055.jpg,LEAF_BLIGHT,2972,train
DLD_FinalDataset_224_spit/train/LEAF_BLIGHT/to_label_3058.jpg,LEAF_BLIGHT,2973,train
DLD_FinalDataset_224_spit/train/LEAF_BLIGHT/to_label_3059.jpg,LEAF_BLIGHT,2974,val
DLD_FinalDataset_224_spit/train/LEAF_BLIGHT/to_label_3060.jpg,LEAF_BLIGHT,2975,test
DLD_FinalDataset_224_spit/train/LEAF_BLIGHT/to_label_3061.jpg,LEAF_BLIGHT,2976,train
DLD_FinalDataset_224_spit/train/LEAF_BLIGHT/to_label_3062.jpg,LEAF_BLIGHT,2977,train
DLD_FinalDataset_224_spit/train/LEAF_BLIGHT/to_label_3064.jpg,LEAF_BLIGHT,2978,train
DLD_FinalDataset_224_spit/train/LEAF_BLIGHT/to_label_3065.jpg,LEAF_BLIGHT,2979,val
DLD_FinalDataset_224_spit/train/LEAF_BLIGHT/to_label_3066.jpg,LEAF_BLIGHT,2980,train
DLD_FinalDataset_224_spit/train/LEAF_BLIGHT/to_label_3067.jpg,LEAF_BLIGHT,2981,train
DLD_FinalDataset_224_spit/train/LEAF_BLIGHT/to_label_3069.jpg,LEAF_BLIGHT,2982,train
DLD_FinalDataset_224_spit/train/LEAF_BLIGHT/to_label_3070.jpg,LEAF_BLIGHT,2983,train
DLD_FinalDataset_224_spit/train/LEAF_BLIGHT/to_label_3071.jpg,LEAF_BLIGHT,2984,train
DLD_FinalDataset_224_spit/train/LEAF_BLIGHT/to_label_3072.jpg,LEAF_BLIGHT,2985,train
DLD_FinalDataset_224_spit/train/LEAF_BLIGHT/to_label_3073.jpg,LEAF_BLIGHT,2986,train
DLD_FinalDataset_224_spit/train/LEAF_BLIGHT/to_label_3074.jpg,LEAF_BLIGHT,2987,train
DLD_FinalDataset_224_spit/train/LEAF_BLIGHT/to_label_3075.jpg,LEAF_BLIGHT,2988,train
DLD_FinalDataset_224_spit/train/LEAF_BLIGHT/to_label_3076.jpg,LEAF_BLIGHT,2989,test
DLD_FinalDataset_224_spit/train/LEAF_BLIGHT/to_label_3077.jpg,LEAF_BLIGHT,2990,train
DLD_FinalDataset_224_spit/train/LEAF_BLIGHT/to_label_3078.jpg,LEAF_BLIGHT,2991,train
DLD_FinalDataset_224_spit/train/LEAF_BLIGHT/to_label_3079.jpg,LEAF_BLIGHT,2992,train
DLD_FinalDataset_224_spit/train/LEAF_BLIGHT/to_label_3081.jpg,LEAF_BLIGHT,2993,train
DLD_FinalDataset_224_spit/train/LEAF_BLIGHT/to_label_3082.jpg,LEAF_BLIGHT,2994,train
DLD_FinalDataset_224_spit/train/LEAF_BLIGHT/to_label_3083.jpg,LEAF_BLIGHT,2995,train
DLD_FinalDataset_224_spit/train/LEAF_BLIGHT/to_label_3085.jpg,LEAF_BLIGHT,2996,train
DLD_FinalDataset_224_spit/train/LEAF_BLIGHT/to_label_3086.jpg,LEAF_BLIGHT,2997,train
DLD_FinalDataset_224_spit/train/LEAF_BLIGHT/to_label_3087.jpg,LEAF_BLIGHT,2998,train
DLD_FinalDataset_224_spit/train/LEAF_BLIGHT/to_label_3088.jpg,LEAF_BLIGHT,2999,train
DLD_FinalDataset_224_spit/train/LEAF_BLIGHT/to_label_3089.jpg,LEAF_BLIGHT,3000,test
DLD_FinalDataset_224_spit/train/LEAF_BLIGHT/to_label_3090.jpg,LEAF_BLIGHT,3001,train
DLD_FinalDataset_224_spit/train/LEAF_BLIGHT/to_label_3091.jpg,LEAF_BLIGHT,3002,train
DLD_FinalDataset_224_spit/train/LEAF_BLIGHT/to_label_3092.jpg,LEAF_BLIGHT,3003,train
DLD_FinalDataset_224_spit/train/LEAF_BLIGHT/to_label_3093.jpg,LEAF_BLIGHT,3004,train
DLD_FinalDataset_224_spit/train/LEAF_BLIGHT/to_label_3096.jpg,LEAF_BLIGHT,3005,train
DLD_FinalDataset_224_spit/train/LEAF_BLIGHT/to_label_3099.jpg,LEAF_BLIGHT,3006,train
DLD_FinalDataset_224_spit/train/LEAF_BLIGHT/to_label_3100.jpg,LEAF_BLIGHT,3007,train
DLD_FinalDataset_224_spit/train/LEAF_BLIGHT/to_label_3101.jpg,LEAF_BLIGHT,3008,train
DLD_FinalDataset_224_spit/train/LEAF_BLIGHT/to_label_3102.jpg,LEAF_BLIGHT,3009,val
DLD_FinalDataset_224_spit/train/LEAF_BLIGHT/to_label_3104.jpg,LEAF_BLIGHT,3010,train
DLD_FinalDataset_224_spit/train/LEAF_BLIGHT/to_label_3105.jpg,LEAF_BLIGHT,3011,test
DLD_FinalDataset_224_spit/train/LEAF_BLIGHT/to_label_3107.jpg,LEAF_BLIGHT,3012,train
DLD_FinalDataset_224_spit/train/LEAF_BLIGHT/to_label_3108.jpg,LEAF_BLIGHT,3013,train
DLD_FinalDataset_224_spit/train/LEAF_BLIGHT/to_label_3111.jpg,LEAF_BLIGHT,3014,test
DLD_FinalDataset_224_spit/train/LEAF_BLIGHT/to_label_3113.jpg,LEAF_BLIGHT,3015,train
DLD_FinalDataset_224_spit/train/LEAF_BLIGHT/to_label_3114.jpg,LEAF_BLIGHT,3016,val
DLD_FinalDataset_224_spit/train/LEAF_BLIGHT/to_label_3117.jpg,LEAF_BLIGHT,3017,train
DLD_FinalDataset_224_spit/train/LEAF_BLIGHT/to_label_3120.jpg,LEAF_BLIGHT,3018,train
DLD_FinalDataset_224_spit/train/LEAF_BLIGHT/to_label_3121.jpg,LEAF_BLIGHT,3019,train
DLD_FinalDataset_224_spit/train/LEAF_BLIGHT/to_label_3123.jpg,LEAF_BLIGHT,3020,train
DLD_FinalDataset_224_spit/train/LEAF_BLIGHT/to_label_3124.jpg,LEAF_BLIGHT,3021,test
DLD_FinalDataset_224_spit/train/LEAF_BLIGHT/to_label_3126.jpg,LEAF_BLIGHT,3022,train
DLD_FinalDataset_224_spit/train/LEAF_BLIGHT/to_label_3127.jpg,LEAF_BLIGHT,3023,test
DLD_FinalDataset_224_spit/train/LEAF_BLIGHT/to_label_3129.jpg,LEAF_BLIGHT,3024,train
DLD_FinalDataset_224_spit/train/LEAF_BLIGHT/to_label_3131.jpg,LEAF_BLIGHT,3025,test
DLD_FinalDataset_224_spit/train/LEAF_BLIGHT/to_label_3132.jpg,LEAF_BLIGHT,3026,train
DLD_FinalDataset_224_spit/train/LEAF_BLIGHT/to_label_3134.jpg,LEAF_BLIGHT,3027,test
DLD_FinalDataset_224_spit/train/LEAF_BLIGHT/to_label_3135.jpg,LEAF_BLIGHT,3028,test
DLD_FinalDataset_224_spit/train/LEAF_BLIGHT/to_label_3136.jpg,LEAF_BLIGHT,3029,train
DLD_FinalDataset_224_spit/train/LEAF_BLIGHT/to_label_3138.jpg,LEAF_BLIGHT,3030,train
DLD_FinalDataset_224_spit/train/LEAF_BLIGHT/to_label_3140.jpg,LEAF_BLIGHT,3031,train
DLD_FinalDataset_224_spit/train/LEAF_BLIGHT/to_label_3141.jpg,LEAF_BLIGHT,3032,test
DLD_FinalDataset_224_spit/train/LEAF_BLIGHT/to_label_3144.jpg,LEAF_BLIGHT,3033,train
DLD_FinalDataset_224_spit/train/LEAF_BLIGHT/to_label_3145.jpg,LEAF_BLIGHT,3034,train
DLD_FinalDataset_224_spit/train/LEAF_BLIGHT/to_label_3146.jpg,LEAF_BLIGHT,3035,train
DLD_FinalDataset_224_spit/train/LEAF_BLIGHT/to_label_3147.jpg,LEAF_BLIGHT,3036,train
DLD_FinalDataset_224_spit/train/LEAF_BLIGHT/to_label_3149.jpg,LEAF_BLIGHT,3037,train
DLD_FinalDataset_224_spit/train/LEAF_BLIGHT/to_label_3151.jpg,LEAF_BLIGHT,3038,test
DLD_FinalDataset_224_spit/train/LEAF_BLIGHT/to_label_3152.jpg,LEAF_BLIGHT,3039,val
DLD_FinalDataset_224_spit/train/LEAF_BLIGHT/to_label_3155.jpg,LEAF_BLIGHT,3040,train
DLD_FinalDataset_224_spit/train/LEAF_BLIGHT/to_label_3156.jpg,LEAF_BLIGHT,3041,test
DLD_FinalDataset_224_spit/train/LEAF_BLIGHT/to_label_3157.jpg,LEAF_BLIGHT,3042,test
DLD_FinalDataset_224_spit/train/LEAF_BLIGHT/to_label_3158.jpg,LEAF_BLIGHT,3043,train
DLD_FinalDataset_224_spit/train/LEAF_BLIGHT/to_label_3159.jpg,LEAF_BLIGHT,3044,test
DLD_FinalDataset_224_spit/train/LEAF_BLIGHT/to_label_3160.jpg,LEAF_BLIGHT,3045,test
DLD_FinalDataset_224_spit/train/LEAF_BLIGHT/to_label_3161.jpg,LEAF_BLIGHT,3046,train
DLD_FinalDataset_224_spit/train/LEAF_BLIGHT/to_label_3162.jpg,LEAF_BLIGHT,3047,test
DLD_FinalDataset_224_spit/train/LEAF_BLIGHT/to_label_3163.jpg,LEAF_BLIGHT,3048,train
DLD_FinalDataset_224_spit/train/LEAF_BLIGHT/to_label_3165.jpg,LEAF_BLIGHT,3049,val
DLD_FinalDataset_224_spit/train/LEAF_BLIGHT/to_label_3166.jpg,LEAF_BLIGHT,3050,train
DLD_FinalDataset_224_spit/train/LEAF_BLIGHT/to_label_3167.jpg,LEAF_BLIGHT,3051,val
DLD_FinalDataset_224_spit/train/LEAF_BLIGHT/to_label_3170.jpg,LEAF_BLIGHT,3052,train
DLD_FinalDataset_224_spit/train/LEAF_BLIGHT/to_label_3172.jpg,LEAF_BLIGHT,3053,train
DLD_FinalDataset_224_spit/train/LEAF_BLIGHT/to_label_3173.jpg,LEAF_BLIGHT,3054,train
DLD_FinalDataset_224_spit/train/LEAF_BLIGHT/to_label_3174.jpg,LEAF_BLIGHT,3055,val
DLD_FinalDataset_224_spit/train/LEAF_BLIGHT/to_label_3175.jpg,LEAF_BLIGHT,3056,train
DLD_FinalDataset_224_spit/train/LEAF_BLIGHT/to_label_3177.jpg,LEAF_BLIGHT,3057,train
DLD_FinalDataset_224_spit/train/LEAF_BLIGHT/to_label_3178.jpg,LEAF_BLIGHT,3058,test
DLD_FinalDataset_224_spit/train/LEAF_BLIGHT/to_label_3179.jpg,LEAF_BLIGHT,3059,train
DLD_FinalDataset_224_spit/train/LEAF_BLIGHT/to_label_3182.jpg,LEAF_BLIGHT,3060,train
DLD_FinalDataset_224_spit/train/LEAF_BLIGHT/to_label_3183.jpg,LEAF_BLIGHT,3061,val
DLD_FinalDataset_224_spit/train/LEAF_BLIGHT/to_label_3184.jpg,LEAF_BLIGHT,3062,train
DLD_FinalDataset_224_spit/train/LEAF_BLIGHT/to_label_3185.jpg,LEAF_BLIGHT,3063,val
DLD_FinalDataset_224_spit/train/LEAF_BLIGHT/to_label_3186.jpg,LEAF_BLIGHT,3064,val
DLD_FinalDataset_224_spit/train/LEAF_BLIGHT/to_label_3187.jpg,LEAF_BLIGHT,3065,train
DLD_FinalDataset_224_spit/train/LEAF_BLIGHT/to_label_3188.jpg,LEAF_BLIGHT,3066,train
DLD_FinalDataset_224_spit/train/LEAF_BLIGHT/to_label_3189.jpg,LEAF_BLIGHT,3067,train
DLD_FinalDataset_224_spit/train/LEAF_BLIGHT/to_label_3190.jpg,LEAF_BLIGHT,3068,train
DLD_FinalDataset_224_spit/train/LEAF_BLIGHT/to_label_3191.jpg,LEAF_BLIGHT,3069,train
DLD_FinalDataset_224_spit/train/LEAF_BLIGHT/to_label_3192.jpg,LEAF_BLIGHT,3070,test
DLD_FinalDataset_224_spit/train/LEAF_BLIGHT/to_label_3194.jpg,LEAF_BLIGHT,3071,test
DLD_FinalDataset_224_spit/train/LEAF_BLIGHT/to_label_3195.jpg,LEAF_BLIGHT,3072,train
DLD_FinalDataset_224_spit/train/LEAF_BLIGHT/to_label_3196.jpg,LEAF_BLIGHT,3073,train
DLD_FinalDataset_224_spit/train/LEAF_BLIGHT/to_label_3197.jpg,LEAF_BLIGHT,3074,train
DLD_FinalDataset_224_spit/train/LEAF_BLIGHT/to_label_3198.jpg,LEAF_BLIGHT,3075,train
DLD_FinalDataset_224_spit/train/LEAF_BLIGHT/to_label_3200.jpg,LEAF_BLIGHT,3076,train
DLD_FinalDataset_224_spit/train/LEAF_BLIGHT/to_label_3201.jpg,LEAF_BLIGHT,3077,train
DLD_FinalDataset_224_spit/train/LEAF_BLIGHT/to_label_3203.jpg,LEAF_BLIGHT,3078,test
DLD_FinalDataset_224_spit/train/LEAF_BLIGHT/to_label_3205.jpg,LEAF_BLIGHT,3079,val
DLD_FinalDataset_224_spit/train/LEAF_BLIGHT/to_label_3206.jpg,LEAF_BLIGHT,3080,train
DLD_FinalDataset_224_spit/train/LEAF_BLIGHT/to_label_3207.jpg,LEAF_BLIGHT,3081,train
DLD_FinalDataset_224_spit/train/LEAF_BLIGHT/to_label_3209.jpg,LEAF_BLIGHT,3082,val
DLD_FinalDataset_224_spit/train/LEAF_BLIGHT/to_label_3210.jpg,LEAF_BLIGHT,3083,train
DLD_FinalDataset_224_spit/train/LEAF_BLIGHT/to_label_3211.jpg,LEAF_BLIGHT,3084,train
DLD_FinalDataset_224_spit/train/LEAF_BLIGHT/to_label_3215.jpg,LEAF_BLIGHT,3085,train
DLD_FinalDataset_224_spit/train/LEAF_BLIGHT/to_label_3216.jpg,LEAF_BLIGHT,3086,train
DLD_FinalDataset_224_spit/train/LEAF_BLIGHT/to_label_3219.jpg,LEAF_BLIGHT,3087,test
DLD_FinalDataset_224_spit/train/LEAF_BLIGHT/to_label_3221.jpg,LEAF_BLIGHT,3088,train
DLD_FinalDataset_224_spit/train/LEAF_BLIGHT/to_label_3223.jpg,LEAF_BLIGHT,3089,train
DLD_FinalDataset_224_spit/train/LEAF_BLIGHT/to_label_3224.jpg,LEAF_BLIGHT,3090,test
DLD_FinalDataset_224_spit/train/LEAF_BLIGHT/to_label_3225.jpg,LEAF_BLIGHT,3091,val
DLD_FinalDataset_224_spit/train/LEAF_BLIGHT/to_label_3226.jpg,LEAF_BLIGHT,3092,val
DLD_FinalDataset_224_spit/train/LEAF_BLIGHT/to_label_3229.jpg,LEAF_BLIGHT,3093,train
DLD_FinalDataset_224_spit/train/LEAF_BLIGHT/to_label_3230.jpg,LEAF_BLIGHT,3094,test
DLD_FinalDataset_224_spit/train/LEAF_BLIGHT/to_label_3231.jpg,LEAF_BLIGHT,3095,train
DLD_FinalDataset_224_spit/train/LEAF_BLIGHT/to_label_3232.jpg,LEAF_BLIGHT,3096,train
DLD_FinalDataset_224_spit/train/LEAF_BLIGHT/to_label_3235.jpg,LEAF_BLIGHT,3097,test
DLD_FinalDataset_224_spit/train/LEAF_BLIGHT/to_label_3236.jpg,LEAF_BLIGHT,3098,train
DLD_FinalDataset_224_spit/train/LEAF_BLIGHT/to_label_3237.jpg,LEAF_BLIGHT,3099,train
DLD_FinalDataset_224_spit/train/LEAF_BLIGHT/to_label_3238.jpg,LEAF_BLIGHT,3100,train
DLD_FinalDataset_224_spit/train/LEAF_BLIGHT/to_label_3239.jpg,LEAF_BLIGHT,3101,val
DLD_FinalDataset_224_spit/train/LEAF_BLIGHT/to_label_3240.jpg,LEAF_BLIGHT,3102,test
DLD_FinalDataset_224_spit/train/LEAF_BLIGHT/to_label_3241.jpg,LEAF_BLIGHT,3103,train
DLD_FinalDataset_224_spit/train/LEAF_BLIGHT/to_label_3242.jpg,LEAF_BLIGHT,3104,train
DLD_FinalDataset_224_spit/train/LEAF_BLIGHT/to_label_3244.jpg,LEAF_BLIGHT,3105,test
DLD_FinalDataset_224_spit/train/LEAF_BLIGHT/to_label_3246.jpg,LEAF_BLIGHT,3106,train
DLD_FinalDataset_224_spit/train/LEAF_BLIGHT/to_label_3247.jpg,LEAF_BLIGHT,3107,val
DLD_FinalDataset_224_spit/train/LEAF_BLIGHT/to_label_3248.jpg,LEAF_BLIGHT,3108,train
DLD_FinalDataset_224_spit/train/LEAF_BLIGHT/to_label_3249.jpg,LEAF_BLIGHT,3109,train
DLD_FinalDataset_224_spit/train/LEAF_BLIGHT/to_label_3250.jpg,LEAF_BLIGHT,3110,train
DLD_FinalDataset_224_spit/train/LEAF_BLIGHT/to_label_3251.jpg,LEAF_BLIGHT,3111,train
DLD_FinalDataset_224_spit/train/LEAF_BLIGHT/to_label_3252.jpg,LEAF_BLIGHT,3112,train
DLD_FinalDataset_224_spit/train/LEAF_BLIGHT/to_label_3253.jpg,LEAF_BLIGHT,3113,train
DLD_FinalDataset_224_spit/train/LEAF_BLIGHT/to_label_3254.jpg,LEAF_BLIGHT,3114,train
DLD_FinalDataset_224_spit/train/LEAF_BLIGHT/to_label_3255.jpg,LEAF_BLIGHT,3115,train
DLD_FinalDataset_224_spit/train/LEAF_BLIGHT/to_label_3257.jpg,LEAF_BLIGHT,3116,train
DLD_FinalDataset_224_spit/train/LEAF_BLIGHT/to_label_3258.jpg,LEAF_BLIGHT,3117,test
DLD_FinalDataset_224_spit/train/LEAF_BLIGHT/to_label_3259.jpg,LEAF_BLIGHT,3118,test
DLD_FinalDataset_224_spit/train/LEAF_BLIGHT/to_label_3260.jpg,LEAF_BLIGHT,3119,train
DLD_FinalDataset_224_spit/train/LEAF_BLIGHT/to_label_3262.jpg,LEAF_BLIGHT,3120,train
DLD_FinalDataset_224_spit/train/LEAF_BLIGHT/to_label_3263.jpg,LEAF_BLIGHT,3121,val
DLD_FinalDataset_224_spit/train/LEAF_BLIGHT/to_label_3264.jpg,LEAF_BLIGHT,3122,train
DLD_FinalDataset_224_spit/train/LEAF_BLIGHT/to_label_3265.jpg,LEAF_BLIGHT,3123,train
DLD_FinalDataset_224_spit/train/LEAF_BLIGHT/to_label_3266.jpg,LEAF_BLIGHT,3124,train
DLD_FinalDataset_224_spit/train/LEAF_BLIGHT/to_label_3269.jpg,LEAF_BLIGHT,3125,test
DLD_FinalDataset_224_spit/train/LEAF_BLIGHT/to_label_3271.jpg,LEAF_BLIGHT,3126,train
DLD_FinalDataset_224_spit/train/LEAF_BLIGHT/to_label_3272.jpg,LEAF_BLIGHT,3127,train
DLD_FinalDataset_224_spit/train/LEAF_BLIGHT/to_label_3274.jpg,LEAF_BLIGHT,3128,train
DLD_FinalDataset_224_spit/train/LEAF_BLIGHT/to_label_3276.jpg,LEAF_BLIGHT,3129,val
DLD_FinalDataset_224_spit/train/LEAF_BLIGHT/to_label_3277.jpg,LEAF_BLIGHT,3130,train
DLD_FinalDataset_224_spit/train/LEAF_BLIGHT/to_label_3278.jpg,LEAF_BLIGHT,3131,val
DLD_FinalDataset_224_spit/train/LEAF_BLIGHT/to_label_3280.jpg,LEAF_BLIGHT,3132,train
DLD_FinalDataset_224_spit/train/LEAF_BLIGHT/to_label_3284.jpg,LEAF_BLIGHT,3133,train
DLD_FinalDataset_224_spit/train/LEAF_BLIGHT/to_label_3286.jpg,LEAF_BLIGHT,3134,test
DLD_FinalDataset_224_spit/train/LEAF_BLIGHT/to_label_3289.jpg,LEAF_BLIGHT,3135,train
DLD_FinalDataset_224_spit/train/LEAF_BLIGHT/to_label_3290.jpg,LEAF_BLIGHT,3136,train
DLD_FinalDataset_224_spit/train/LEAF_BLIGHT/to_label_3291.jpg,LEAF_BLIGHT,3137,val
DLD_FinalDataset_224_spit/train/LEAF_BLIGHT/to_label_3293.jpg,LEAF_BLIGHT,3138,train
DLD_FinalDataset_224_spit/train/LEAF_BLIGHT/to_label_3294.jpg,LEAF_BLIGHT,3139,train
DLD_FinalDataset_224_spit/train/LEAF_BLIGHT/to_label_3295.jpg,LEAF_BLIGHT,3140,train
DLD_FinalDataset_224_spit/train/LEAF_BLIGHT/to_label_3296.jpg,LEAF_BLIGHT,3141,test
DLD_FinalDataset_224_spit/train/LEAF_BLIGHT/to_label_3298.jpg,LEAF_BLIGHT,3142,train
DLD_FinalDataset_224_spit/train/LEAF_BLIGHT/to_label_3299.jpg,LEAF_BLIGHT,3143,train
DLD_FinalDataset_224_spit/train/LEAF_BLIGHT/to_label_3300.jpg,LEAF_BLIGHT,3144,val
DLD_FinalDataset_224_spit/train/LEAF_BLIGHT/to_label_3303.jpg,LEAF_BLIGHT,3145,train
DLD_FinalDataset_224_spit/train/LEAF_BLIGHT/to_label_3305.jpg,LEAF_BLIGHT,3146,train
DLD_FinalDataset_224_spit/train/LEAF_BLIGHT/to_label_3307.jpg,LEAF_BLIGHT,3147,val
DLD_FinalDataset_224_spit/train/LEAF_BLIGHT/to_label_3308.jpg,LEAF_BLIGHT,3148,train
DLD_FinalDataset_224_spit/train/LEAF_BLIGHT/to_label_3309.jpg,LEAF_BLIGHT,3149,train
DLD_FinalDataset_224_spit/train/LEAF_BLIGHT/to_label_3310.jpg,LEAF_BLIGHT,3150,test
DLD_FinalDataset_224_spit/train/LEAF_BLIGHT/to_label_3311.jpg,LEAF_BLIGHT,3151,train
DLD_FinalDataset_224_spit/train/LEAF_BLIGHT/to_label_3313.jpg,LEAF_BLIGHT,3152,val
DLD_FinalDataset_224_spit/train/LEAF_BLIGHT/to_label_3315.jpg,LEAF_BLIGHT,3153,train
DLD_FinalDataset_224_spit/train/LEAF_BLIGHT/to_label_3316.jpg,LEAF_BLIGHT,3154,train
DLD_FinalDataset_224_spit/train/LEAF_BLIGHT/to_label_3317.jpg,LEAF_BLIGHT,3155,test
DLD_FinalDataset_224_spit/train/LEAF_BLIGHT/to_label_3318.jpg,LEAF_BLIGHT,3156,train
DLD_FinalDataset_224_spit/train/LEAF_BLIGHT/to_label_3321.jpg,LEAF_BLIGHT,3157,test
DLD_FinalDataset_224_spit/train/LEAF_BLIGHT/to_label_3322.jpg,LEAF_BLIGHT,3158,train
DLD_FinalDataset_224_spit/train/LEAF_BLIGHT/to_label_3323.jpg,LEAF_BLIGHT,3159,test
DLD_FinalDataset_224_spit/train/LEAF_BLIGHT/to_label_3324.jpg,LEAF_BLIGHT,3160,train
DLD_FinalDataset_224_spit/train/LEAF_BLIGHT/to_label_3325.jpg,LEAF_BLIGHT,3161,val
DLD_FinalDataset_224_spit/train/LEAF_BLIGHT/to_label_3326.jpg,LEAF_BLIGHT,3162,train
DLD_FinalDataset_224_spit/train/LEAF_BLIGHT/to_label_3327.jpg,LEAF_BLIGHT,3163,val
DLD_FinalDataset_224_spit/train/LEAF_BLIGHT/to_label_3328.jpg,LEAF_BLIGHT,3164,train
DLD_FinalDataset_224_spit/train/LEAF_BLIGHT/to_label_3330.jpg,LEAF_BLIGHT,3165,train
DLD_FinalDataset_224_spit/train/LEAF_BLIGHT/to_label_3331.jpg,LEAF_BLIGHT,3166,train
DLD_FinalDataset_224_spit/train/LEAF_BLIGHT/to_label_3332.jpg,LEAF_BLIGHT,3167,train
DLD_FinalDataset_224_spit/train/LEAF_BLIGHT/to_label_3333.jpg,LEAF_BLIGHT,3168,val
DLD_FinalDataset_224_spit/train/LEAF_BLIGHT/to_label_3334.jpg,LEAF_BLIGHT,3169,train
DLD_FinalDataset_224_spit/train/LEAF_BLIGHT/to_label_3335.jpg,LEAF_BLIGHT,3170,train
DLD_FinalDataset_224_spit/train/LEAF_BLIGHT/to_label_3338.jpg,LEAF_BLIGHT,3171,val
DLD_FinalDataset_224_spit/train/LEAF_BLIGHT/to_label_3339.jpg,LEAF_BLIGHT,3172,train
DLD_FinalDataset_224_spit/train/LEAF_BLIGHT/to_label_3340.jpg,LEAF_BLIGHT,3173,train
DLD_FinalDataset_224_spit/train/LEAF_BLIGHT/to_label_3341.jpg,LEAF_BLIGHT,3174,train
DLD_FinalDataset_224_spit/train/LEAF_BLIGHT/to_label_3343.jpg,LEAF_BLIGHT,3175,train
DLD_FinalDataset_224_spit/train/LEAF_BLIGHT/to_label_3345.jpg,LEAF_BLIGHT,3176,train
DLD_FinalDataset_224_spit/train/LEAF_BLIGHT/to_label_3346.jpg,LEAF_BLIGHT,3177,train
DLD_FinalDataset_224_spit/train/LEAF_BLIGHT/to_label_3347.jpg,LEAF_BLIGHT,3178,train
DLD_FinalDataset_224_spit/train/LEAF_BLIGHT/to_label_3348.jpg,LEAF_BLIGHT,3179,train
DLD_FinalDataset_224_spit/train/LEAF_BLIGHT/to_label_3349.jpg,LEAF_BLIGHT,3180,train
DLD_FinalDataset_224_spit/train/LEAF_BLIGHT/to_label_3350.jpg,LEAF_BLIGHT,3181,val
DLD_FinalDataset_224_spit/train/LEAF_BLIGHT/to_label_3351.jpg,LEAF_BLIGHT,3182,train
DLD_FinalDataset_224_spit/train/LEAF_BLIGHT/to_label_3354.jpg,LEAF_BLIGHT,3183,train
DLD_FinalDataset_224_spit/train/LEAF_BLIGHT/to_label_3357.jpg,LEAF_BLIGHT,3184,train
DLD_FinalDataset_224_spit/train/LEAF_BLIGHT/to_label_3358.jpg,LEAF_BLIGHT,3185,train
DLD_FinalDataset_224_spit/train/LEAF_BLIGHT/to_label_3359.jpg,LEAF_BLIGHT,3186,train
DLD_FinalDataset_224_spit/train/LEAF_BLIGHT/to_label_3360.jpg,LEAF_BLIGHT,3187,train
DLD_FinalDataset_224_spit/train/LEAF_BLIGHT/to_label_3361.jpg,LEAF_BLIGHT,3188,train
DLD_FinalDataset_224_spit/train/LEAF_BLIGHT/to_label_3362.jpg,LEAF_BLIGHT,3189,train
DLD_FinalDataset_224_spit/train/LEAF_BLIGHT/to_label_3363.jpg,LEAF_BLIGHT,3190,train
DLD_FinalDataset_224_spit/train/LEAF_BLIGHT/to_label_3364.jpg,LEAF_BLIGHT,3191,train
DLD_FinalDataset_224_spit/train/LEAF_BLIGHT/to_label_3367.jpg,LEAF_BLIGHT,3192,test
DLD_FinalDataset_224_spit/train/LEAF_BLIGHT/to_label_3369.jpg,LEAF_BLIGHT,3193,train
DLD_FinalDataset_224_spit/train/LEAF_BLIGHT/to_label_3370.jpg,LEAF_BLIGHT,3194,train
DLD_FinalDataset_224_spit/train/LEAF_BLIGHT/to_label_3372.jpg,LEAF_BLIGHT,3195,train
DLD_FinalDataset_224_spit/train/LEAF_BLIGHT/to_label_3373.jpg,LEAF_BLIGHT,3196,val
DLD_FinalDataset_224_spit/train/LEAF_BLIGHT/to_label_3375.jpg,LEAF_BLIGHT,3197,train
DLD_FinalDataset_224_spit/train/LEAF_BLIGHT/to_label_3376.jpg,LEAF_BLIGHT,3198,val
DLD_FinalDataset_224_spit/train/LEAF_BLIGHT/to_label_3377.jpg,LEAF_BLIGHT,3199,train
DLD_FinalDataset_224_spit/train/LEAF_BLIGHT/to_label_3379.jpg,LEAF_BLIGHT,3200,train
DLD_FinalDataset_224_spit/train/LEAF_BLIGHT/to_label_3380.jpg,LEAF_BLIGHT,3201,test
DLD_FinalDataset_224_spit/train/LEAF_BLIGHT/to_label_3381.jpg,LEAF_BLIGHT,3202,train
DLD_FinalDataset_224_spit/train/LEAF_BLIGHT/to_label_3382.jpg,LEAF_BLIGHT,3203,train
DLD_FinalDataset_224_spit/train/LEAF_BLIGHT/to_label_3384.jpg,LEAF_BLIGHT,3204,train
DLD_FinalDataset_224_spit/train/LEAF_BLIGHT/to_label_3385.jpg,LEAF_BLIGHT,3205,train
DLD_FinalDataset_224_spit/train/LEAF_BLIGHT/to_label_3386.jpg,LEAF_BLIGHT,3206,train
DLD_FinalDataset_224_spit/train/LEAF_BLIGHT/to_label_3387.jpg,LEAF_BLIGHT,3207,test
DLD_FinalDataset_224_spit/train/LEAF_BLIGHT/to_label_3388.jpg,LEAF_BLIGHT,3208,test
DLD_FinalDataset_224_spit/train/LEAF_BLIGHT/to_label_3390.jpg,LEAF_BLIGHT,3209,train
DLD_FinalDataset_224_spit/train/LEAF_BLIGHT/to_label_3391.jpg,LEAF_BLIGHT,3210,train
DLD_FinalDataset_224_spit/train/LEAF_BLIGHT/to_label_3392.jpg,LEAF_BLIGHT,3211,train
DLD_FinalDataset_224_spit/train/LEAF_BLIGHT/to_label_3394.jpg,LEAF_BLIGHT,3212,test
DLD_FinalDataset_224_spit/train/LEAF_BLIGHT/to_label_3395.jpg,LEAF_BLIGHT,3213,val
DLD_FinalDataset_224_spit/train/LEAF_BLIGHT/to_label_3396.jpg,LEAF_BLIGHT,3214,train
DLD_FinalDataset_224_spit/train/LEAF_BLIGHT/to_label_3397.jpg,LEAF_BLIGHT,3215,train
DLD_FinalDataset_224_spit/train/LEAF_BLIGHT/to_label_3398.jpg,LEAF_BLIGHT,3216,train
DLD_FinalDataset_224_spit/train/LEAF_BLIGHT/to_label_3399.jpg,LEAF_BLIGHT,3217,val
DLD_FinalDataset_224_spit/train/LEAF_BLIGHT/to_label_3401.jpg,LEAF_BLIGHT,3218,train
DLD_FinalDataset_224_spit/train/LEAF_BLIGHT/to_label_3403.jpg,LEAF_BLIGHT,3219,train
DLD_FinalDataset_224_spit/train/LEAF_BLIGHT/to_label_3404.jpg,LEAF_BLIGHT,3220,train
DLD_FinalDataset_224_spit/train/LEAF_BLIGHT/to_label_3405.jpg,LEAF_BLIGHT,3221,train
DLD_FinalDataset_224_spit/train/LEAF_BLIGHT/to_label_3406.jpg,LEAF_BLIGHT,3222,train
DLD_FinalDataset_224_spit/train/LEAF_BLIGHT/to_label_3407.jpg,LEAF_BLIGHT,3223,train
DLD_FinalDataset_224_spit/train/LEAF_BLIGHT/to_label_3408.jpg,LEAF_BLIGHT,3224,train
DLD_FinalDataset_224_spit/train/LEAF_BLIGHT/to_label_3410.jpg,LEAF_BLIGHT,3225,train
DLD_FinalDataset_224_spit/train/LEAF_BLIGHT/to_label_3411.jpg,LEAF_BLIGHT,3226,val
DLD_FinalDataset_224_spit/train/LEAF_BLIGHT/to_label_3412.jpg,LEAF_BLIGHT,3227,train
DLD_FinalDataset_224_spit/train/LEAF_BLIGHT/to_label_3413.jpg,LEAF_BLIGHT,3228,train
DLD_FinalDataset_224_spit/train/LEAF_BLIGHT/to_label_3415.jpg,LEAF_BLIGHT,3229,train
DLD_FinalDataset_224_spit/train/LEAF_BLIGHT/to_label_3417.jpg,LEAF_BLIGHT,3230,train
DLD_FinalDataset_224_spit/train/LEAF_BLIGHT/to_label_3418.jpg,LEAF_BLIGHT,3231,train
DLD_FinalDataset_224_spit/train/LEAF_BLIGHT/to_label_3419.jpg,LEAF_BLIGHT,3232,train
DLD_FinalDataset_224_spit/train/LEAF_BLIGHT/to_label_3420.jpg,LEAF_BLIGHT,3233,test
DLD_FinalDataset_224_spit/train/LEAF_BLIGHT/to_label_3421.jpg,LEAF_BLIGHT,3234,test
DLD_FinalDataset_224_spit/train/LEAF_BLIGHT/to_label_3423.jpg,LEAF_BLIGHT,3235,val
DLD_FinalDataset_224_spit/train/LEAF_BLIGHT/to_label_3424.jpg,LEAF_BLIGHT,3236,train
DLD_FinalDataset_224_spit/train/LEAF_BLIGHT/to_label_3425.jpg,LEAF_BLIGHT,3237,test
DLD_FinalDataset_224_spit/train/LEAF_BLIGHT/to_label_3426.jpg,LEAF_BLIGHT,3238,train
DLD_FinalDataset_224_spit/train/LEAF_BLIGHT/to_label_3428.jpg,LEAF_BLIGHT,3239,train
DLD_FinalDataset_224_spit/train/LEAF_BLIGHT/to_label_3430.jpg,LEAF_BLIGHT,3240,train
DLD_FinalDataset_224_spit/train/LEAF_BLIGHT/to_label_3432.jpg,LEAF_BLIGHT,3241,val
DLD_FinalDataset_224_spit/train/LEAF_BLIGHT/to_label_3433.jpg,LEAF_BLIGHT,3242,train
DLD_FinalDataset_224_spit/train/LEAF_BLIGHT/to_label_3434.jpg,LEAF_BLIGHT,3243,train
DLD_FinalDataset_224_spit/train/LEAF_BLIGHT/to_label_3437.jpg,LEAF_BLIGHT,3244,train
DLD_FinalDataset_224_spit/train/LEAF_BLIGHT/to_label_3439.jpg,LEAF_BLIGHT,3245,train
DLD_FinalDataset_224_spit/train/LEAF_BLIGHT/to_label_3440.jpg,LEAF_BLIGHT,3246,train
DLD_FinalDataset_224_spit/train/LEAF_BLIGHT/to_label_3441.jpg,LEAF_BLIGHT,3247,train
DLD_FinalDataset_224_spit/train/LEAF_BLIGHT/to_label_3442.jpg,LEAF_BLIGHT,3248,test
DLD_FinalDataset_224_spit/train/LEAF_BLIGHT/to_label_3443.jpg,LEAF_BLIGHT,3249,test
DLD_FinalDataset_224_spit/train/LEAF_BLIGHT/to_label_3445.jpg,LEAF_BLIGHT,3250,train
DLD_FinalDataset_224_spit/train/LEAF_BLIGHT/to_label_3447.jpg,LEAF_BLIGHT,3251,train
DLD_FinalDataset_224_spit/train/LEAF_BLIGHT/to_label_3449.jpg,LEAF_BLIGHT,3252,train
DLD_FinalDataset_224_spit/train/LEAF_BLIGHT/to_label_3450.jpg,LEAF_BLIGHT,3253,train
DLD_FinalDataset_224_spit/train/LEAF_BLIGHT/to_label_3451.jpg,LEAF_BLIGHT,3254,test
DLD_FinalDataset_224_spit/train/LEAF_BLIGHT/to_label_3452.jpg,LEAF_BLIGHT,3255,train
DLD_FinalDataset_224_spit/train/LEAF_BLIGHT/to_label_3454.jpg,LEAF_BLIGHT,3256,test
DLD_FinalDataset_224_spit/train/LEAF_BLIGHT/to_label_3455.jpg,LEAF_BLIGHT,3257,train
DLD_FinalDataset_224_spit/train/LEAF_BLIGHT/to_label_3456.jpg,LEAF_BLIGHT,3258,train
DLD_FinalDataset_224_spit/train/LEAF_BLIGHT/to_label_3457.jpg,LEAF_BLIGHT,3259,test
DLD_FinalDataset_224_spit/train/LEAF_BLIGHT/to_label_3458.jpg,LEAF_BLIGHT,3260,train
DLD_FinalDataset_224_spit/train/LEAF_BLIGHT/to_label_3461.jpg,LEAF_BLIGHT,3261,val
DLD_FinalDataset_224_spit/train/LEAF_BLIGHT/to_label_3462.jpg,LEAF_BLIGHT,3262,test
DLD_FinalDataset_224_spit/train/LEAF_BLIGHT/to_label_3463.jpg,LEAF_BLIGHT,3263,train
DLD_FinalDataset_224_spit/train/LEAF_BLIGHT/to_label_3464.jpg,LEAF_BLIGHT,3264,train
DLD_FinalDataset_224_spit/train/LEAF_BLIGHT/to_label_3465.jpg,LEAF_BLIGHT,3265,test
DLD_FinalDataset_224_spit/train/LEAF_BLIGHT/to_label_3466.jpg,LEAF_BLIGHT,3266,train
DLD_FinalDataset_224_spit/train/LEAF_BLIGHT/to_label_3467.jpg,LEAF_BLIGHT,3267,train
DLD_FinalDataset_224_spit/train/LEAF_BLIGHT/to_label_3468.jpg,LEAF_BLIGHT,3268,train
DLD_FinalDataset_224_spit/train/LEAF_BLIGHT/to_label_3469.jpg,LEAF_BLIGHT,3269,train
DLD_FinalDataset_224_spit/train/LEAF_BLIGHT/to_label_3470.jpg,LEAF_BLIGHT,3270,test
DLD_FinalDataset_224_spit/train/LEAF_BLIGHT/to_label_3471.jpg,LEAF_BLIGHT,3271,train
DLD_FinalDataset_224_spit/train/LEAF_BLIGHT/to_label_3472.jpg,LEAF_BLIGHT,3272,train
DLD_FinalDataset_224_spit/train/LEAF_BLIGHT/to_label_3474.jpg,LEAF_BLIGHT,3273,train
DLD_FinalDataset_224_spit/train/LEAF_BLIGHT/to_label_3475.jpg,LEAF_BLIGHT,3274,train
DLD_FinalDataset_224_spit/train/LEAF_BLIGHT/to_label_3477.jpg,LEAF_BLIGHT,3275,train
DLD_FinalDataset_224_spit/train/LEAF_BLIGHT/to_label_3478.jpg,LEAF_BLIGHT,3276,train
DLD_FinalDataset_224_spit/train/LEAF_BLIGHT/to_label_3479.jpg,LEAF_BLIGHT,3277,train
DLD_FinalDataset_224_spit/train/LEAF_BLIGHT/to_label_3480.jpg,LEAF_BLIGHT,3278,train
DLD_FinalDataset_224_spit/train/LEAF_BLIGHT/to_label_3481.jpg,LEAF_BLIGHT,3279,train
DLD_FinalDataset_224_spit/train/LEAF_BLIGHT/to_label_3482.jpg,LEAF_BLIGHT,3280,train
DLD_FinalDataset_224_spit/train/LEAF_BLIGHT/to_label_3483.jpg,LEAF_BLIGHT,3281,train
DLD_FinalDataset_224_spit/train/LEAF_BLIGHT/to_label_3484.jpg,LEAF_BLIGHT,3282,train
DLD_FinalDataset_224_spit/train/LEAF_BLIGHT/to_label_3485.jpg,LEAF_BLIGHT,3283,train
DLD_FinalDataset_224_spit/train/LEAF_BLIGHT/to_label_3487.jpg,LEAF_BLIGHT,3284,train
DLD_FinalDataset_224_spit/train/LEAF_BLIGHT/to_label_3488.jpg,LEAF_BLIGHT,3285,train
DLD_FinalDataset_224_spit/train/LEAF_BLIGHT/to_label_3491.jpg,LEAF_BLIGHT,3286,train
DLD_FinalDataset_224_spit/train/LEAF_BLIGHT/to_label_3494.jpg,LEAF_BLIGHT,3287,train
DLD_FinalDataset_224_spit/train/LEAF_BLIGHT/to_label_3496.jpg,LEAF_BLIGHT,3288,train
DLD_FinalDataset_224_spit/train/LEAF_BLIGHT/to_label_3498.jpg,LEAF_BLIGHT,3289,train
DLD_FinalDataset_224_spit/train/LEAF_BLIGHT/to_label_3499.jpg,LEAF_BLIGHT,3290,test
DLD_FinalDataset_224_spit/train/LEAF_BLIGHT/to_label_3500.jpg,LEAF_BLIGHT,3291,train
DLD_FinalDataset_224_spit/train/LEAF_BLIGHT/to_label_3501.jpg,LEAF_BLIGHT,3292,test
DLD_FinalDataset_224_spit/train/LEAF_BLIGHT/to_label_3503.jpg,LEAF_BLIGHT,3293,train
DLD_FinalDataset_224_spit/train/LEAF_BLIGHT/to_label_3504.jpg,LEAF_BLIGHT,3294,train
DLD_FinalDataset_224_spit/train/LEAF_BLIGHT/to_label_3506.jpg,LEAF_BLIGHT,3295,train
DLD_FinalDataset_224_spit/train/LEAF_BLIGHT/to_label_3507.jpg,LEAF_BLIGHT,3296,train
DLD_FinalDataset_224_spit/train/LEAF_BLIGHT/to_label_3508.jpg,LEAF_BLIGHT,3297,train
DLD_FinalDataset_224_spit/train/LEAF_BLIGHT/to_label_3510.jpg,LEAF_BLIGHT,3298,train
DLD_FinalDataset_224_spit/train/LEAF_BLIGHT/to_label_3512.jpg,LEAF_BLIGHT,3299,val
DLD_FinalDataset_224_spit/train/LEAF_BLIGHT/to_label_3513.jpg,LEAF_BLIGHT,3300,val
DLD_FinalDataset_224_spit/train/LEAF_BLIGHT/to_label_3514.jpg,LEAF_BLIGHT,3301,train
DLD_FinalDataset_224_spit/train/LEAF_BLIGHT/to_label_3515.jpg,LEAF_BLIGHT,3302,train
DLD_FinalDataset_224_spit/train/LEAF_BLIGHT/to_label_3516.jpg,LEAF_BLIGHT,3303,train
DLD_FinalDataset_224_spit/train/LEAF_BLIGHT/to_label_3517.jpg,LEAF_BLIGHT,3304,train
DLD_FinalDataset_224_spit/train/LEAF_BLIGHT/to_label_3522.jpg,LEAF_BLIGHT,3305,train
DLD_FinalDataset_224_spit/train/LEAF_BLIGHT/to_label_3523.jpg,LEAF_BLIGHT,3306,train
DLD_FinalDataset_224_spit/train/LEAF_BLIGHT/to_label_3524.jpg,LEAF_BLIGHT,3307,train
DLD_FinalDataset_224_spit/train/LEAF_BLIGHT/to_label_3525.jpg,LEAF_BLIGHT,3308,val
DLD_FinalDataset_224_spit/train/LEAF_BLIGHT/to_label_3526.jpg,LEAF_BLIGHT,3309,train
DLD_FinalDataset_224_spit/train/LEAF_BLIGHT/to_label_3527.jpg,LEAF_BLIGHT,3310,train
DLD_FinalDataset_224_spit/train/LEAF_BLIGHT/to_label_3529.jpg,LEAF_BLIGHT,3311,test
DLD_FinalDataset_224_spit/train/LEAF_BLIGHT/to_label_3531.jpg,LEAF_BLIGHT,3312,test
DLD_FinalDataset_224_spit/train/LEAF_BLIGHT/to_label_3532.jpg,LEAF_BLIGHT,3313,train
DLD_FinalDataset_224_spit/train/LEAF_BLIGHT/to_label_3534.jpg,LEAF_BLIGHT,3314,train
DLD_FinalDataset_224_spit/train/LEAF_BLIGHT/to_label_3535.jpg,LEAF_BLIGHT,3315,train
DLD_FinalDataset_224_spit/train/LEAF_BLIGHT/to_label_3538.jpg,LEAF_BLIGHT,3316,train
DLD_FinalDataset_224_spit/train/LEAF_BLIGHT/to_label_3539.jpg,LEAF_BLIGHT,3317,train
DLD_FinalDataset_224_spit/train/LEAF_BLIGHT/to_label_3540.jpg,LEAF_BLIGHT,3318,train
DLD_FinalDataset_224_spit/train/LEAF_BLIGHT/to_label_3541.jpg,LEAF_BLIGHT,3319,train
DLD_FinalDataset_224_spit/train/LEAF_BLIGHT/to_label_3542.jpg,LEAF_BLIGHT,3320,train
DLD_FinalDataset_224_spit/train/LEAF_BLIGHT/to_label_3543.jpg,LEAF_BLIGHT,3321,train
DLD_FinalDataset_224_spit/train/LEAF_BLIGHT/to_label_3544.jpg,LEAF_BLIGHT,3322,test
DLD_FinalDataset_224_spit/train/LEAF_BLIGHT/to_label_3545.jpg,LEAF_BLIGHT,3323,train
DLD_FinalDataset_224_spit/train/LEAF_BLIGHT/to_label_3546.jpg,LEAF_BLIGHT,3324,val
DLD_FinalDataset_224_spit/train/LEAF_BLIGHT/to_label_3547.jpg,LEAF_BLIGHT,3325,test
DLD_FinalDataset_224_spit/train/LEAF_BLIGHT/to_label_3550.jpg,LEAF_BLIGHT,3326,train
DLD_FinalDataset_224_spit/train/LEAF_BLIGHT/to_label_3552.jpg,LEAF_BLIGHT,3327,test
DLD_FinalDataset_224_spit/train/LEAF_BLIGHT/to_label_3553.jpg,LEAF_BLIGHT,3328,test
DLD_FinalDataset_224_spit/train/LEAF_BLIGHT/to_label_3554.jpg,LEAF_BLIGHT,3329,train
DLD_FinalDataset_224_spit/train/LEAF_BLIGHT/to_label_3555.jpg,LEAF_BLIGHT,3330,train
DLD_FinalDataset_224_spit/train/LEAF_BLIGHT/to_label_3556.jpg,LEAF_BLIGHT,3331,test
DLD_FinalDataset_224_spit/train/LEAF_BLIGHT/to_label_3557.jpg,LEAF_BLIGHT,3332,train
DLD_FinalDataset_224_spit/train/LEAF_BLIGHT/to_label_3561.jpg,LEAF_BLIGHT,3333,train
DLD_FinalDataset_224_spit/train/LEAF_BLIGHT/to_label_3563.jpg,LEAF_BLIGHT,3334,test
DLD_FinalDataset_224_spit/train/LEAF_BLIGHT/to_label_3566.jpg,LEAF_BLIGHT,3335,test
DLD_FinalDataset_224_spit/train/LEAF_BLIGHT/to_label_3567.jpg,LEAF_BLIGHT,3336,test
DLD_FinalDataset_224_spit/train/LEAF_BLIGHT/to_label_3568.jpg,LEAF_BLIGHT,3337,train
DLD_FinalDataset_224_spit/train/LEAF_BLIGHT/to_label_3569.jpg,LEAF_BLIGHT,3338,train
DLD_FinalDataset_224_spit/train/LEAF_BLIGHT/to_label_3571.jpg,LEAF_BLIGHT,3339,train
DLD_FinalDataset_224_spit/train/LEAF_BLIGHT/to_label_3574.jpg,LEAF_BLIGHT,3340,train
DLD_FinalDataset_224_spit/train/LEAF_BLIGHT/to_label_3575.jpg,LEAF_BLIGHT,3341,val
DLD_FinalDataset_224_spit/train/LEAF_BLIGHT/to_label_3576.jpg,LEAF_BLIGHT,3342,test
DLD_FinalDataset_224_spit/train/LEAF_BLIGHT/to_label_3577.jpg,LEAF_BLIGHT,3343,train
DLD_FinalDataset_224_spit/train/LEAF_BLIGHT/to_label_3581.jpg,LEAF_BLIGHT,3344,train
DLD_FinalDataset_224_spit/train/LEAF_BLIGHT/to_label_3582.jpg,LEAF_BLIGHT,3345,train
DLD_FinalDataset_224_spit/train/LEAF_BLIGHT/to_label_3587.jpg,LEAF_BLIGHT,3346,train
DLD_FinalDataset_224_spit/train/LEAF_BLIGHT/to_label_3588.jpg,LEAF_BLIGHT,3347,train
DLD_FinalDataset_224_spit/train/LEAF_BLIGHT/to_label_3589.jpg,LEAF_BLIGHT,3348,train
DLD_FinalDataset_224_spit/train/LEAF_BLIGHT/to_label_3590.jpg,LEAF_BLIGHT,3349,val
DLD_FinalDataset_224_spit/train/LEAF_BLIGHT/to_label_3591.jpg,LEAF_BLIGHT,3350,test
DLD_FinalDataset_224_spit/train/LEAF_BLIGHT/to_label_3592.jpg,LEAF_BLIGHT,3351,test
DLD_FinalDataset_224_spit/train/LEAF_BLIGHT/to_label_3593.jpg,LEAF_BLIGHT,3352,val
DLD_FinalDataset_224_spit/train/LEAF_BLIGHT/to_label_3594.jpg,LEAF_BLIGHT,3353,train
DLD_FinalDataset_224_spit/train/LEAF_BLIGHT/to_label_3595.jpg,LEAF_BLIGHT,3354,train
DLD_FinalDataset_224_spit/train/LEAF_BLIGHT/to_label_3596.jpg,LEAF_BLIGHT,3355,test
DLD_FinalDataset_224_spit/train/LEAF_BLIGHT/to_label_3599.jpg,LEAF_BLIGHT,3356,train
DLD_FinalDataset_224_spit/train/LEAF_BLIGHT/to_label_3600.jpg,LEAF_BLIGHT,3357,test
DLD_FinalDataset_224_spit/train/LEAF_BLIGHT/to_label_3602.jpg,LEAF_BLIGHT,3358,train
DLD_FinalDataset_224_spit/train/LEAF_BLIGHT/to_label_3603.jpg,LEAF_BLIGHT,3359,train
DLD_FinalDataset_224_spit/train/LEAF_BLIGHT/to_label_3604.jpg,LEAF_BLIGHT,3360,train
DLD_FinalDataset_224_spit/train/LEAF_BLIGHT/to_label_3605.jpg,LEAF_BLIGHT,3361,test
DLD_FinalDataset_224_spit/train/LEAF_BLIGHT/to_label_3606.jpg,LEAF_BLIGHT,3362,test
DLD_FinalDataset_224_spit/train/LEAF_BLIGHT/to_label_3607.jpg,LEAF_BLIGHT,3363,train
DLD_FinalDataset_224_spit/train/LEAF_BLIGHT/to_label_3609.jpg,LEAF_BLIGHT,3364,train
DLD_FinalDataset_224_spit/train/LEAF_BLIGHT/to_label_3610.jpg,LEAF_BLIGHT,3365,train
DLD_FinalDataset_224_spit/train/LEAF_BLIGHT/to_label_3611.jpg,LEAF_BLIGHT,3366,train
DLD_FinalDataset_224_spit/train/LEAF_BLIGHT/to_label_3612.jpg,LEAF_BLIGHT,3367,train
DLD_FinalDataset_224_spit/train/LEAF_BLIGHT/to_label_3613.jpg,LEAF_BLIGHT,3368,train
DLD_FinalDataset_224_spit/train/LEAF_BLIGHT/to_label_3614.jpg,LEAF_BLIGHT,3369,train
DLD_FinalDataset_224_spit/train/LEAF_BLIGHT/to_label_3615.jpg,LEAF_BLIGHT,3370,train
DLD_FinalDataset_224_spit/train/LEAF_BLIGHT/to_label_3616.jpg,LEAF_BLIGHT,3371,train
DLD_FinalDataset_224_spit/train/LEAF_BLIGHT/to_label_3619.jpg,LEAF_BLIGHT,3372,val
DLD_FinalDataset_224_spit/train/LEAF_BLIGHT/to_label_3620.jpg,LEAF_BLIGHT,3373,train
DLD_FinalDataset_224_spit/train/LEAF_BLIGHT/to_label_3622.jpg,LEAF_BLIGHT,3374,train
DLD_FinalDataset_224_spit/train/PHOMOPSIS_LEAF_SPOT/to_label_3623.jpg,PHOMOPSIS_LEAF_SPOT,3375,train
DLD_FinalDataset_224_spit/train/PHOMOPSIS_LEAF_SPOT/to_label_3624.jpg,PHOMOPSIS_LEAF_SPOT,3376,test
DLD_FinalDataset_224_spit/train/PHOMOPSIS_LEAF_SPOT/to_label_3626.jpg,PHOMOPSIS_LEAF_SPOT,3377,test
DLD_FinalDataset_224_spit/train/PHOMOPSIS_LEAF_SPOT/to_label_3627.jpg,PHOMOPSIS_LEAF_SPOT,3378,train
DLD_FinalDataset_224_spit/train/PHOMOPSIS_LEAF_SPOT/to_label_3629.jpg,PHOMOPSIS_LEAF_SPOT,3379,train
DLD_FinalDataset_224_spit/train/PHOMOPSIS_LEAF_SPOT/to_label_3631.jpg,PHOMOPSIS_LEAF_SPOT,3380,val
DLD_FinalDataset_224_spit/train/PHOMOPSIS_LEAF_SPOT/to_label_3632.jpg,PHOMOPSIS_LEAF_SPOT,3381,train
DLD_FinalDataset_224_spit/train/PHOMOPSIS_LEAF_SPOT/to_label_3634.jpg,PHOMOPSIS_LEAF_SPOT,3382,train
DLD_FinalDataset_224_spit/train/PHOMOPSIS_LEAF_SPOT/to_label_3635.jpg,PHOMOPSIS_LEAF_SPOT,3383,train
DLD_FinalDataset_224_spit/train/PHOMOPSIS_LEAF_SPOT/to_label_3636.jpg,PHOMOPSIS_LEAF_SPOT,3384,train
DLD_FinalDataset_224_spit/train/PHOMOPSIS_LEAF_SPOT/to_label_3637.jpg,PHOMOPSIS_LEAF_SPOT,3385,test
DLD_FinalDataset_224_spit/train/PHOMOPSIS_LEAF_SPOT/to_label_3638.jpg,PHOMOPSIS_LEAF_SPOT,3386,train
DLD_FinalDataset_224_spit/train/PHOMOPSIS_LEAF_SPOT/to_label_3639.jpg,PHOMOPSIS_LEAF_SPOT,3387,train
DLD_FinalDataset_224_spit/train/PHOMOPSIS_LEAF_SPOT/to_label_3640.jpg,PHOMOPSIS_LEAF_SPOT,3388,train
DLD_FinalDataset_224_spit/train/PHOMOPSIS_LEAF_SPOT/to_label_3641.jpg,PHOMOPSIS_LEAF_SPOT,3389,train
DLD_FinalDataset_224_spit/train/PHOMOPSIS_LEAF_SPOT/to_label_3642.jpg,PHOMOPSIS_LEAF_SPOT,3390,train
DLD_FinalDataset_224_spit/train/PHOMOPSIS_LEAF_SPOT/to_label_3643.jpg,PHOMOPSIS_LEAF_SPOT,3391,train
DLD_FinalDataset_224_spit/train/PHOMOPSIS_LEAF_SPOT/to_label_3644.jpg,PHOMOPSIS_LEAF_SPOT,3392,test
DLD_FinalDataset_224_spit/train/PHOMOPSIS_LEAF_SPOT/to_label_3645.jpg,PHOMOPSIS_LEAF_SPOT,3393,train
DLD_FinalDataset_224_spit/train/PHOMOPSIS_LEAF_SPOT/to_label_3647.jpg,PHOMOPSIS_LEAF_SPOT,3394,train
DLD_FinalDataset_224_spit/train/PHOMOPSIS_LEAF_SPOT/to_label_3649.jpg,PHOMOPSIS_LEAF_SPOT,3395,train
DLD_FinalDataset_224_spit/train/PHOMOPSIS_LEAF_SPOT/to_label_3650.jpg,PHOMOPSIS_LEAF_SPOT,3396,train
DLD_FinalDataset_224_spit/train/PHOMOPSIS_LEAF_SPOT/to_label_3651.jpg,PHOMOPSIS_LEAF_SPOT,3397,train
DLD_FinalDataset_224_spit/train/PHOMOPSIS_LEAF_SPOT/to_label_3655.jpg,PHOMOPSIS_LEAF_SPOT,3398,train
DLD_FinalDataset_224_spit/train/PHOMOPSIS_LEAF_SPOT/to_label_3657.jpg,PHOMOPSIS_LEAF_SPOT,3399,train
DLD_FinalDataset_224_spit/train/PHOMOPSIS_LEAF_SPOT/to_label_3658.jpg,PHOMOPSIS_LEAF_SPOT,3400,train
DLD_FinalDataset_224_spit/train/PHOMOPSIS_LEAF_SPOT/to_label_3659.jpg,PHOMOPSIS_LEAF_SPOT,3401,test
DLD_FinalDataset_224_spit/train/PHOMOPSIS_LEAF_SPOT/to_label_3660.jpg,PHOMOPSIS_LEAF_SPOT,3402,train
DLD_FinalDataset_224_spit/train/PHOMOPSIS_LEAF_SPOT/to_label_3661.jpg,PHOMOPSIS_LEAF_SPOT,3403,train
DLD_FinalDataset_224_spit/train/PHOMOPSIS_LEAF_SPOT/to_label_3663.jpg,PHOMOPSIS_LEAF_SPOT,3404,val
DLD_FinalDataset_224_spit/train/PHOMOPSIS_LEAF_SPOT/to_label_3664.jpg,PHOMOPSIS_LEAF_SPOT,3405,train
DLD_FinalDataset_224_spit/train/PHOMOPSIS_LEAF_SPOT/to_label_3665.jpg,PHOMOPSIS_LEAF_SPOT,3406,test
DLD_FinalDataset_224_spit/train/PHOMOPSIS_LEAF_SPOT/to_label_3666.jpg,PHOMOPSIS_LEAF_SPOT,3407,train
DLD_FinalDataset_224_spit/train/PHOMOPSIS_LEAF_SPOT/to_label_3668.jpg,PHOMOPSIS_LEAF_SPOT,3408,train
DLD_FinalDataset_224_spit/train/PHOMOPSIS_LEAF_SPOT/to_label_3669.jpg,PHOMOPSIS_LEAF_SPOT,3409,train
DLD_FinalDataset_224_spit/train/PHOMOPSIS_LEAF_SPOT/to_label_3670.jpg,PHOMOPSIS_LEAF_SPOT,3410,train
DLD_FinalDataset_224_spit/train/PHOMOPSIS_LEAF_SPOT/to_label_3671.jpg,PHOMOPSIS_LEAF_SPOT,3411,train
DLD_FinalDataset_224_spit/train/PHOMOPSIS_LEAF_SPOT/to_label_3673.jpg,PHOMOPSIS_LEAF_SPOT,3412,train
DLD_FinalDataset_224_spit/train/PHOMOPSIS_LEAF_SPOT/to_label_3674.jpg,PHOMOPSIS_LEAF_SPOT,3413,test
DLD_FinalDataset_224_spit/train/PHOMOPSIS_LEAF_SPOT/to_label_3675.jpg,PHOMOPSIS_LEAF_SPOT,3414,train
DLD_FinalDataset_224_spit/train/PHOMOPSIS_LEAF_SPOT/to_label_3676.jpg,PHOMOPSIS_LEAF_SPOT,3415,train
DLD_FinalDataset_224_spit/train/PHOMOPSIS_LEAF_SPOT/to_label_3679.jpg,PHOMOPSIS_LEAF_SPOT,3416,train
DLD_FinalDataset_224_spit/train/PHOMOPSIS_LEAF_SPOT/to_label_3680.jpg,PHOMOPSIS_LEAF_SPOT,3417,train
DLD_FinalDataset_224_spit/train/PHOMOPSIS_LEAF_SPOT/to_label_3681.jpg,PHOMOPSIS_LEAF_SPOT,3418,train
DLD_FinalDataset_224_spit/train/PHOMOPSIS_LEAF_SPOT/to_label_3682.jpg,PHOMOPSIS_LEAF_SPOT,3419,train
DLD_FinalDataset_224_spit/train/PHOMOPSIS_LEAF_SPOT/to_label_3684.jpg,PHOMOPSIS_LEAF_SPOT,3420,train
DLD_FinalDataset_224_spit/train/PHOMOPSIS_LEAF_SPOT/to_label_3685.jpg,PHOMOPSIS_LEAF_SPOT,3421,val
DLD_FinalDataset_224_spit/train/PHOMOPSIS_LEAF_SPOT/to_label_3687.jpg,PHOMOPSIS_LEAF_SPOT,3422,train
DLD_FinalDataset_224_spit/train/PHOMOPSIS_LEAF_SPOT/to_label_3691.jpg,PHOMOPSIS_LEAF_SPOT,3423,train
DLD_FinalDataset_224_spit/train/PHOMOPSIS_LEAF_SPOT/to_label_3692.jpg,PHOMOPSIS_LEAF_SPOT,3424,train
DLD_FinalDataset_224_spit/train/PHOMOPSIS_LEAF_SPOT/to_label_3694.jpg,PHOMOPSIS_LEAF_SPOT,3425,val
DLD_FinalDataset_224_spit/train/PHOMOPSIS_LEAF_SPOT/to_label_3696.jpg,PHOMOPSIS_LEAF_SPOT,3426,train
DLD_FinalDataset_224_spit/train/PHOMOPSIS_LEAF_SPOT/to_label_3697.jpg,PHOMOPSIS_LEAF_SPOT,3427,test
DLD_FinalDataset_224_spit/train/PHOMOPSIS_LEAF_SPOT/to_label_3698.jpg,PHOMOPSIS_LEAF_SPOT,3428,test
DLD_FinalDataset_224_spit/train/PHOMOPSIS_LEAF_SPOT/to_label_3703.jpg,PHOMOPSIS_LEAF_SPOT,3429,test
DLD_FinalDataset_224_spit/train/PHOMOPSIS_LEAF_SPOT/to_label_3706.jpg,PHOMOPSIS_LEAF_SPOT,3430,train
DLD_FinalDataset_224_spit/train/PHOMOPSIS_LEAF_SPOT/to_label_3708.jpg,PHOMOPSIS_LEAF_SPOT,3431,train
DLD_FinalDataset_224_spit/train/PHOMOPSIS_LEAF_SPOT/to_label_3710.jpg,PHOMOPSIS_LEAF_SPOT,3432,train
DLD_FinalDataset_224_spit/train/PHOMOPSIS_LEAF_SPOT/to_label_3711.jpg,PHOMOPSIS_LEAF_SPOT,3433,train
DLD_FinalDataset_224_spit/train/PHOMOPSIS_LEAF_SPOT/to_label_3712.jpg,PHOMOPSIS_LEAF_SPOT,3434,train
DLD_FinalDataset_224_spit/train/PHOMOPSIS_LEAF_SPOT/to_label_3713.jpg,PHOMOPSIS_LEAF_SPOT,3435,train
DLD_FinalDataset_224_spit/train/PHOMOPSIS_LEAF_SPOT/to_label_3714.jpg,PHOMOPSIS_LEAF_SPOT,3436,train
DLD_FinalDataset_224_spit/train/PHOMOPSIS_LEAF_SPOT/to_label_3715.jpg,PHOMOPSIS_LEAF_SPOT,3437,train
DLD_FinalDataset_224_spit/train/PHOMOPSIS_LEAF_SPOT/to_label_3716.jpg,PHOMOPSIS_LEAF_SPOT,3438,train
DLD_FinalDataset_224_spit/train/PHOMOPSIS_LEAF_SPOT/to_label_3717.jpg,PHOMOPSIS_LEAF_SPOT,3439,train
DLD_FinalDataset_224_spit/train/PHOMOPSIS_LEAF_SPOT/to_label_3718.jpg,PHOMOPSIS_LEAF_SPOT,3440,test
DLD_FinalDataset_224_spit/train/PHOMOPSIS_LEAF_SPOT/to_label_3721.jpg,PHOMOPSIS_LEAF_SPOT,3441,train
DLD_FinalDataset_224_spit/train/PHOMOPSIS_LEAF_SPOT/to_label_3722.jpg,PHOMOPSIS_LEAF_SPOT,3442,train
DLD_FinalDataset_224_spit/train/PHOMOPSIS_LEAF_SPOT/to_label_3723.jpg,PHOMOPSIS_LEAF_SPOT,3443,val
DLD_FinalDataset_224_spit/train/PHOMOPSIS_LEAF_SPOT/to_label_3725.jpg,PHOMOPSIS_LEAF_SPOT,3444,train
DLD_FinalDataset_224_spit/train/PHOMOPSIS_LEAF_SPOT/to_label_3726.jpg,PHOMOPSIS_LEAF_SPOT,3445,val
DLD_FinalDataset_224_spit/train/PHOMOPSIS_LEAF_SPOT/to_label_3727.jpg,PHOMOPSIS_LEAF_SPOT,3446,train
DLD_FinalDataset_224_spit/train/PHOMOPSIS_LEAF_SPOT/to_label_3728.jpg,PHOMOPSIS_LEAF_SPOT,3447,train
DLD_FinalDataset_224_spit/train/PHOMOPSIS_LEAF_SPOT/to_label_3729.jpg,PHOMOPSIS_LEAF_SPOT,3448,train
DLD_FinalDataset_224_spit/train/PHOMOPSIS_LEAF_SPOT/to_label_3730.jpg,PHOMOPSIS_LEAF_SPOT,3449,train
DLD_FinalDataset_224_spit/train/PHOMOPSIS_LEAF_SPOT/to_label_3731.jpg,PHOMOPSIS_LEAF_SPOT,3450,test
DLD_FinalDataset_224_spit/train/PHOMOPSIS_LEAF_SPOT/to_label_3734.jpg,PHOMOPSIS_LEAF_SPOT,3451,train
DLD_FinalDataset_224_spit/train/PHOMOPSIS_LEAF_SPOT/to_label_3735.jpg,PHOMOPSIS_LEAF_SPOT,3452,train
DLD_FinalDataset_224_spit/train/PHOMOPSIS_LEAF_SPOT/to_label_3736.jpg,PHOMOPSIS_LEAF_SPOT,3453,val
DLD_FinalDataset_224_spit/train/PHOMOPSIS_LEAF_SPOT/to_label_3737.jpg,PHOMOPSIS_LEAF_SPOT,3454,train
DLD_FinalDataset_224_spit/train/PHOMOPSIS_LEAF_SPOT/to_label_3738.jpg,PHOMOPSIS_LEAF_SPOT,3455,val
DLD_FinalDataset_224_spit/train/PHOMOPSIS_LEAF_SPOT/to_label_3739.jpg,PHOMOPSIS_LEAF_SPOT,3456,train
DLD_FinalDataset_224_spit/train/PHOMOPSIS_LEAF_SPOT/to_label_3740.jpg,PHOMOPSIS_LEAF_SPOT,3457,test
DLD_FinalDataset_224_spit/train/PHOMOPSIS_LEAF_SPOT/to_label_3742.jpg,PHOMOPSIS_LEAF_SPOT,3458,val
DLD_FinalDataset_224_spit/train/PHOMOPSIS_LEAF_SPOT/to_label_3744.jpg,PHOMOPSIS_LEAF_SPOT,3459,train
DLD_FinalDataset_224_spit/train/PHOMOPSIS_LEAF_SPOT/to_label_3745.jpg,PHOMOPSIS_LEAF_SPOT,3460,train
DLD_FinalDataset_224_spit/train/PHOMOPSIS_LEAF_SPOT/to_label_3746.jpg,PHOMOPSIS_LEAF_SPOT,3461,train
DLD_FinalDataset_224_spit/train/PHOMOPSIS_LEAF_SPOT/to_label_3747.jpg,PHOMOPSIS_LEAF_SPOT,3462,test
DLD_FinalDataset_224_spit/train/PHOMOPSIS_LEAF_SPOT/to_label_3748.jpg,PHOMOPSIS_LEAF_SPOT,3463,train
DLD_FinalDataset_224_spit/train/PHOMOPSIS_LEAF_SPOT/to_label_3749.jpg,PHOMOPSIS_LEAF_SPOT,3464,train
DLD_FinalDataset_224_spit/train/PHOMOPSIS_LEAF_SPOT/to_label_3750.jpg,PHOMOPSIS_LEAF_SPOT,3465,train
DLD_FinalDataset_224_spit/train/PHOMOPSIS_LEAF_SPOT/to_label_3751.jpg,PHOMOPSIS_LEAF_SPOT,3466,train
DLD_FinalDataset_224_spit/train/PHOMOPSIS_LEAF_SPOT/to_label_3752.jpg,PHOMOPSIS_LEAF_SPOT,3467,test
DLD_FinalDataset_224_spit/train/PHOMOPSIS_LEAF_SPOT/to_label_3753.jpg,PHOMOPSIS_LEAF_SPOT,3468,train
DLD_FinalDataset_224_spit/train/PHOMOPSIS_LEAF_SPOT/to_label_3754.jpg,PHOMOPSIS_LEAF_SPOT,3469,train
DLD_FinalDataset_224_spit/train/PHOMOPSIS_LEAF_SPOT/to_label_3755.jpg,PHOMOPSIS_LEAF_SPOT,3470,train
DLD_FinalDataset_224_spit/train/PHOMOPSIS_LEAF_SPOT/to_label_3757.jpg,PHOMOPSIS_LEAF_SPOT,3471,val
DLD_FinalDataset_224_spit/train/PHOMOPSIS_LEAF_SPOT/to_label_3758.jpg,PHOMOPSIS_LEAF_SPOT,3472,test
DLD_FinalDataset_224_spit/train/PHOMOPSIS_LEAF_SPOT/to_label_3761.jpg,PHOMOPSIS_LEAF_SPOT,3473,train
DLD_FinalDataset_224_spit/train/PHOMOPSIS_LEAF_SPOT/to_label_3763.jpg,PHOMOPSIS_LEAF_SPOT,3474,test
DLD_FinalDataset_224_spit/train/PHOMOPSIS_LEAF_SPOT/to_label_3764.jpg,PHOMOPSIS_LEAF_SPOT,3475,train
DLD_FinalDataset_224_spit/train/PHOMOPSIS_LEAF_SPOT/to_label_3765.jpg,PHOMOPSIS_LEAF_SPOT,3476,train
DLD_FinalDataset_224_spit/train/PHOMOPSIS_LEAF_SPOT/to_label_3766.jpg,PHOMOPSIS_LEAF_SPOT,3477,test
DLD_FinalDataset_224_spit/train/PHOMOPSIS_LEAF_SPOT/to_label_3767.jpg,PHOMOPSIS_LEAF_SPOT,3478,train
DLD_FinalDataset_224_spit/train/PHOMOPSIS_LEAF_SPOT/to_label_3768.jpg,PHOMOPSIS_LEAF_SPOT,3479,train
DLD_FinalDataset_224_spit/train/PHOMOPSIS_LEAF_SPOT/to_label_3769.jpg,PHOMOPSIS_LEAF_SPOT,3480,test
DLD_FinalDataset_224_spit/train/PHOMOPSIS_LEAF_SPOT/to_label_3770.jpg,PHOMOPSIS_LEAF_SPOT,3481,train
DLD_FinalDataset_224_spit/train/PHOMOPSIS_LEAF_SPOT/to_label_3772.jpg,PHOMOPSIS_LEAF_SPOT,3482,train
DLD_FinalDataset_224_spit/train/PHOMOPSIS_LEAF_SPOT/to_label_3773.jpg,PHOMOPSIS_LEAF_SPOT,3483,train
DLD_FinalDataset_224_spit/train/PHOMOPSIS_LEAF_SPOT/to_label_3774.jpg,PHOMOPSIS_LEAF_SPOT,3484,train
DLD_FinalDataset_224_spit/train/PHOMOPSIS_LEAF_SPOT/to_label_3775.jpg,PHOMOPSIS_LEAF_SPOT,3485,train
DLD_FinalDataset_224_spit/train/PHOMOPSIS_LEAF_SPOT/to_label_3776.jpg,PHOMOPSIS_LEAF_SPOT,3486,train
DLD_FinalDataset_224_spit/train/PHOMOPSIS_LEAF_SPOT/to_label_3777.jpg,PHOMOPSIS_LEAF_SPOT,3487,test
DLD_FinalDataset_224_spit/train/PHOMOPSIS_LEAF_SPOT/to_label_3779.jpg,PHOMOPSIS_LEAF_SPOT,3488,test
DLD_FinalDataset_224_spit/train/PHOMOPSIS_LEAF_SPOT/to_label_3780.jpg,PHOMOPSIS_LEAF_SPOT,3489,test
DLD_FinalDataset_224_spit/train/PHOMOPSIS_LEAF_SPOT/to_label_3782.jpg,PHOMOPSIS_LEAF_SPOT,3490,test
DLD_FinalDataset_224_spit/train/PHOMOPSIS_LEAF_SPOT/to_label_3783.jpg,PHOMOPSIS_LEAF_SPOT,3491,train
DLD_FinalDataset_224_spit/train/PHOMOPSIS_LEAF_SPOT/to_label_3784.jpg,PHOMOPSIS_LEAF_SPOT,3492,val
DLD_FinalDataset_224_spit/train/PHOMOPSIS_LEAF_SPOT/to_label_3785.jpg,PHOMOPSIS_LEAF_SPOT,3493,train
DLD_FinalDataset_224_spit/train/PHOMOPSIS_LEAF_SPOT/to_label_3786.jpg,PHOMOPSIS_LEAF_SPOT,3494,val
DLD_FinalDataset_224_spit/train/PHOMOPSIS_LEAF_SPOT/to_label_3787.jpg,PHOMOPSIS_LEAF_SPOT,3495,train
DLD_FinalDataset_224_spit/train/PHOMOPSIS_LEAF_SPOT/to_label_3789.jpg,PHOMOPSIS_LEAF_SPOT,3496,val
DLD_FinalDataset_224_spit/train/PHOMOPSIS_LEAF_SPOT/to_label_3790.jpg,PHOMOPSIS_LEAF_SPOT,3497,test
DLD_FinalDataset_224_spit/train/PHOMOPSIS_LEAF_SPOT/to_label_3792.jpg,PHOMOPSIS_LEAF_SPOT,3498,train
DLD_FinalDataset_224_spit/train/PHOMOPSIS_LEAF_SPOT/to_label_3793.jpg,PHOMOPSIS_LEAF_SPOT,3499,train
DLD_FinalDataset_224_spit/train/PHOMOPSIS_LEAF_SPOT/to_label_3794.jpg,PHOMOPSIS_LEAF_SPOT,3500,val
DLD_FinalDataset_224_spit/train/PHOMOPSIS_LEAF_SPOT/to_label_3796.jpg,PHOMOPSIS_LEAF_SPOT,3501,test
DLD_FinalDataset_224_spit/train/PHOMOPSIS_LEAF_SPOT/to_label_3798.jpg,PHOMOPSIS_LEAF_SPOT,3502,train
DLD_FinalDataset_224_spit/train/PHOMOPSIS_LEAF_SPOT/to_label_3799.jpg,PHOMOPSIS_LEAF_SPOT,3503,train
DLD_FinalDataset_224_spit/train/PHOMOPSIS_LEAF_SPOT/to_label_3800.jpg,PHOMOPSIS_LEAF_SPOT,3504,train
DLD_FinalDataset_224_spit/train/PHOMOPSIS_LEAF_SPOT/to_label_3801.jpg,PHOMOPSIS_LEAF_SPOT,3505,train
DLD_FinalDataset_224_spit/train/PHOMOPSIS_LEAF_SPOT/to_label_3802.jpg,PHOMOPSIS_LEAF_SPOT,3506,train
DLD_FinalDataset_224_spit/train/PHOMOPSIS_LEAF_SPOT/to_label_3803.jpg,PHOMOPSIS_LEAF_SPOT,3507,test
DLD_FinalDataset_224_spit/train/PHOMOPSIS_LEAF_SPOT/to_label_3804.jpg,PHOMOPSIS_LEAF_SPOT,3508,train
DLD_FinalDataset_224_spit/train/PHOMOPSIS_LEAF_SPOT/to_label_3805.jpg,PHOMOPSIS_LEAF_SPOT,3509,train
DLD_FinalDataset_224_spit/train/PHOMOPSIS_LEAF_SPOT/to_label_3806.jpg,PHOMOPSIS_LEAF_SPOT,3510,train
DLD_FinalDataset_224_spit/train/PHOMOPSIS_LEAF_SPOT/to_label_3807.jpg,PHOMOPSIS_LEAF_SPOT,3511,val
DLD_FinalDataset_224_spit/train/PHOMOPSIS_LEAF_SPOT/to_label_3808.jpg,PHOMOPSIS_LEAF_SPOT,3512,test
DLD_FinalDataset_224_spit/train/PHOMOPSIS_LEAF_SPOT/to_label_3809.jpg,PHOMOPSIS_LEAF_SPOT,3513,test
DLD_FinalDataset_224_spit/train/PHOMOPSIS_LEAF_SPOT/to_label_3810.jpg,PHOMOPSIS_LEAF_SPOT,3514,train
DLD_FinalDataset_224_spit/train/PHOMOPSIS_LEAF_SPOT/to_label_3811.jpg,PHOMOPSIS_LEAF_SPOT,3515,val
DLD_FinalDataset_224_spit/train/PHOMOPSIS_LEAF_SPOT/to_label_3812.jpg,PHOMOPSIS_LEAF_SPOT,3516,test
DLD_FinalDataset_224_spit/train/PHOMOPSIS_LEAF_SPOT/to_label_3813.jpg,PHOMOPSIS_LEAF_SPOT,3517,train
DLD_FinalDataset_224_spit/train/PHOMOPSIS_LEAF_SPOT/to_label_3814.jpg,PHOMOPSIS_LEAF_SPOT,3518,train
DLD_FinalDataset_224_spit/train/PHOMOPSIS_LEAF_SPOT/to_label_3816.jpg,PHOMOPSIS_LEAF_SPOT,3519,train
DLD_FinalDataset_224_spit/train/PHOMOPSIS_LEAF_SPOT/to_label_3817.jpg,PHOMOPSIS_LEAF_SPOT,3520,test
DLD_FinalDataset_224_spit/train/PHOMOPSIS_LEAF_SPOT/to_label_3818.jpg,PHOMOPSIS_LEAF_SPOT,3521,train
DLD_FinalDataset_224_spit/train/PHOMOPSIS_LEAF_SPOT/to_label_3820.jpg,PHOMOPSIS_LEAF_SPOT,3522,test
DLD_FinalDataset_224_spit/train/PHOMOPSIS_LEAF_SPOT/to_label_3823.jpg,PHOMOPSIS_LEAF_SPOT,3523,train
DLD_FinalDataset_224_spit/train/PHOMOPSIS_LEAF_SPOT/to_label_3824.jpg,PHOMOPSIS_LEAF_SPOT,3524,val
DLD_FinalDataset_224_spit/train/PHOMOPSIS_LEAF_SPOT/to_label_3825.jpg,PHOMOPSIS_LEAF_SPOT,3525,train
DLD_FinalDataset_224_spit/train/PHOMOPSIS_LEAF_SPOT/to_label_3826.jpg,PHOMOPSIS_LEAF_SPOT,3526,train
DLD_FinalDataset_224_spit/train/PHOMOPSIS_LEAF_SPOT/to_label_3828.jpg,PHOMOPSIS_LEAF_SPOT,3527,val
DLD_FinalDataset_224_spit/train/PHOMOPSIS_LEAF_SPOT/to_label_3829.jpg,PHOMOPSIS_LEAF_SPOT,3528,train
DLD_FinalDataset_224_spit/train/PHOMOPSIS_LEAF_SPOT/to_label_3830.jpg,PHOMOPSIS_LEAF_SPOT,3529,train
DLD_FinalDataset_224_spit/train/PHOMOPSIS_LEAF_SPOT/to_label_3837.jpg,PHOMOPSIS_LEAF_SPOT,3530,train
DLD_FinalDataset_224_spit/train/PHOMOPSIS_LEAF_SPOT/to_label_3839.jpg,PHOMOPSIS_LEAF_SPOT,3531,train
DLD_FinalDataset_224_spit/train/PHOMOPSIS_LEAF_SPOT/to_label_3840.jpg,PHOMOPSIS_LEAF_SPOT,3532,train
DLD_FinalDataset_224_spit/train/PHOMOPSIS_LEAF_SPOT/to_label_3842.jpg,PHOMOPSIS_LEAF_SPOT,3533,train
DLD_FinalDataset_224_spit/train/PHOMOPSIS_LEAF_SPOT/to_label_3843.jpg,PHOMOPSIS_LEAF_SPOT,3534,test
DLD_FinalDataset_224_spit/train/PHOMOPSIS_LEAF_SPOT/to_label_3844.jpg,PHOMOPSIS_LEAF_SPOT,3535,train
DLD_FinalDataset_224_spit/train/PHOMOPSIS_LEAF_SPOT/to_label_3845.jpg,PHOMOPSIS_LEAF_SPOT,3536,train
DLD_FinalDataset_224_spit/train/PHOMOPSIS_LEAF_SPOT/to_label_3846.jpg,PHOMOPSIS_LEAF_SPOT,3537,train
DLD_FinalDataset_224_spit/train/PHOMOPSIS_LEAF_SPOT/to_label_3847.jpg,PHOMOPSIS_LEAF_SPOT,3538,train
DLD_FinalDataset_224_spit/train/PHOMOPSIS_LEAF_SPOT/to_label_3848.jpg,PHOMOPSIS_LEAF_SPOT,3539,test
DLD_FinalDataset_224_spit/train/PHOMOPSIS_LEAF_SPOT/to_label_3849.jpg,PHOMOPSIS_LEAF_SPOT,3540,train
DLD_FinalDataset_224_spit/train/PHOMOPSIS_LEAF_SPOT/to_label_3851.jpg,PHOMOPSIS_LEAF_SPOT,3541,train
DLD_FinalDataset_224_spit/train/PHOMOPSIS_LEAF_SPOT/to_label_3852.jpg,PHOMOPSIS_LEAF_SPOT,3542,train
DLD_FinalDataset_224_spit/train/PHOMOPSIS_LEAF_SPOT/to_label_3853.jpg,PHOMOPSIS_LEAF_SPOT,3543,train
DLD_FinalDataset_224_spit/train/PHOMOPSIS_LEAF_SPOT/to_label_3855.jpg,PHOMOPSIS_LEAF_SPOT,3544,train
DLD_FinalDataset_224_spit/train/PHOMOPSIS_LEAF_SPOT/to_label_3856.jpg,PHOMOPSIS_LEAF_SPOT,3545,train
DLD_FinalDataset_224_spit/train/PHOMOPSIS_LEAF_SPOT/to_label_3857.jpg,PHOMOPSIS_LEAF_SPOT,3546,train
DLD_FinalDataset_224_spit/train/PHOMOPSIS_LEAF_SPOT/to_label_3859.jpg,PHOMOPSIS_LEAF_SPOT,3547,train
DLD_FinalDataset_224_spit/train/PHOMOPSIS_LEAF_SPOT/to_label_3860.jpg,PHOMOPSIS_LEAF_SPOT,3548,train
DLD_FinalDataset_224_spit/train/PHOMOPSIS_LEAF_SPOT/to_label_3861.jpg,PHOMOPSIS_LEAF_SPOT,3549,val
DLD_FinalDataset_224_spit/train/PHOMOPSIS_LEAF_SPOT/to_label_3863.jpg,PHOMOPSIS_LEAF_SPOT,3550,train
DLD_FinalDataset_224_spit/train/PHOMOPSIS_LEAF_SPOT/to_label_3864.jpg,PHOMOPSIS_LEAF_SPOT,3551,train
DLD_FinalDataset_224_spit/train/PHOMOPSIS_LEAF_SPOT/to_label_3865.jpg,PHOMOPSIS_LEAF_SPOT,3552,train
DLD_FinalDataset_224_spit/train/PHOMOPSIS_LEAF_SPOT/to_label_3866.jpg,PHOMOPSIS_LEAF_SPOT,3553,train
DLD_FinalDataset_224_spit/train/PHOMOPSIS_LEAF_SPOT/to_label_3868.jpg,PHOMOPSIS_LEAF_SPOT,3554,test
DLD_FinalDataset_224_spit/train/PHOMOPSIS_LEAF_SPOT/to_label_3869.jpg,PHOMOPSIS_LEAF_SPOT,3555,train
DLD_FinalDataset_224_spit/train/PHOMOPSIS_LEAF_SPOT/to_label_3871.jpg,PHOMOPSIS_LEAF_SPOT,3556,train
DLD_FinalDataset_224_spit/train/PHOMOPSIS_LEAF_SPOT/to_label_3872.jpg,PHOMOPSIS_LEAF_SPOT,3557,val
DLD_FinalDataset_224_spit/train/PHOMOPSIS_LEAF_SPOT/to_label_3874.jpg,PHOMOPSIS_LEAF_SPOT,3558,test
DLD_FinalDataset_224_spit/train/PHOMOPSIS_LEAF_SPOT/to_label_3875.jpg,PHOMOPSIS_LEAF_SPOT,3559,train
DLD_FinalDataset_224_spit/train/PHOMOPSIS_LEAF_SPOT/to_label_3876.jpg,PHOMOPSIS_LEAF_SPOT,3560,test
DLD_FinalDataset_224_spit/train/PHOMOPSIS_LEAF_SPOT/to_label_3878.jpg,PHOMOPSIS_LEAF_SPOT,3561,test
DLD_FinalDataset_224_spit/train/PHOMOPSIS_LEAF_SPOT/to_label_3879.jpg,PHOMOPSIS_LEAF_SPOT,3562,val
DLD_FinalDataset_224_spit/train/PHOMOPSIS_LEAF_SPOT/to_label_3880.jpg,PHOMOPSIS_LEAF_SPOT,3563,train
DLD_FinalDataset_224_spit/train/PHOMOPSIS_LEAF_SPOT/to_label_3881.jpg,PHOMOPSIS_LEAF_SPOT,3564,train
DLD_FinalDataset_224_spit/train/PHOMOPSIS_LEAF_SPOT/to_label_3884.jpg,PHOMOPSIS_LEAF_SPOT,3565,train
DLD_FinalDataset_224_spit/train/PHOMOPSIS_LEAF_SPOT/to_label_3885.jpg,PHOMOPSIS_LEAF_SPOT,3566,train
DLD_FinalDataset_224_spit/train/PHOMOPSIS_LEAF_SPOT/to_label_3886.jpg,PHOMOPSIS_LEAF_SPOT,3567,test
DLD_FinalDataset_224_spit/train/PHOMOPSIS_LEAF_SPOT/to_label_3887.jpg,PHOMOPSIS_LEAF_SPOT,3568,train
DLD_FinalDataset_224_spit/train/PHOMOPSIS_LEAF_SPOT/to_label_3890.jpg,PHOMOPSIS_LEAF_SPOT,3569,train
DLD_FinalDataset_224_spit/train/PHOMOPSIS_LEAF_SPOT/to_label_3891.jpg,PHOMOPSIS_LEAF_SPOT,3570,train
DLD_FinalDataset_224_spit/train/PHOMOPSIS_LEAF_SPOT/to_label_3892.jpg,PHOMOPSIS_LEAF_SPOT,3571,train
DLD_FinalDataset_224_spit/train/PHOMOPSIS_LEAF_SPOT/to_label_3893.jpg,PHOMOPSIS_LEAF_SPOT,3572,val
DLD_FinalDataset_224_spit/train/PHOMOPSIS_LEAF_SPOT/to_label_3894.jpg,PHOMOPSIS_LEAF_SPOT,3573,test
DLD_FinalDataset_224_spit/train/PHOMOPSIS_LEAF_SPOT/to_label_3895.jpg,PHOMOPSIS_LEAF_SPOT,3574,train
DLD_FinalDataset_224_spit/train/PHOMOPSIS_LEAF_SPOT/to_label_3896.jpg,PHOMOPSIS_LEAF_SPOT,3575,train
DLD_FinalDataset_224_spit/train/PHOMOPSIS_LEAF_SPOT/to_label_3897.jpg,PHOMOPSIS_LEAF_SPOT,3576,train
DLD_FinalDataset_224_spit/train/PHOMOPSIS_LEAF_SPOT/to_label_3899.jpg,PHOMOPSIS_LEAF_SPOT,3577,val
DLD_FinalDataset_224_spit/train/PHOMOPSIS_LEAF_SPOT/to_label_3900.jpg,PHOMOPSIS_LEAF_SPOT,3578,train
DLD_FinalDataset_224_spit/train/PHOMOPSIS_LEAF_SPOT/to_label_3901.jpg,PHOMOPSIS_LEAF_SPOT,3579,train
DLD_FinalDataset_224_spit/train/PHOMOPSIS_LEAF_SPOT/to_label_3902.jpg,PHOMOPSIS_LEAF_SPOT,3580,train
DLD_FinalDataset_224_spit/train/PHOMOPSIS_LEAF_SPOT/to_label_3905.jpg,PHOMOPSIS_LEAF_SPOT,3581,train
DLD_FinalDataset_224_spit/train/PHOMOPSIS_LEAF_SPOT/to_label_3906.jpg,PHOMOPSIS_LEAF_SPOT,3582,train
DLD_FinalDataset_224_spit/train/PHOMOPSIS_LEAF_SPOT/to_label_3907.jpg,PHOMOPSIS_LEAF_SPOT,3583,train
DLD_FinalDataset_224_spit/train/PHOMOPSIS_LEAF_SPOT/to_label_3908.jpg,PHOMOPSIS_LEAF_SPOT,3584,train
DLD_FinalDataset_224_spit/train/PHOMOPSIS_LEAF_SPOT/to_label_3910.jpg,PHOMOPSIS_LEAF_SPOT,3585,test
DLD_FinalDataset_224_spit/train/PHOMOPSIS_LEAF_SPOT/to_label_3911.jpg,PHOMOPSIS_LEAF_SPOT,3586,train
DLD_FinalDataset_224_spit/train/PHOMOPSIS_LEAF_SPOT/to_label_3912.jpg,PHOMOPSIS_LEAF_SPOT,3587,train
DLD_FinalDataset_224_spit/train/PHOMOPSIS_LEAF_SPOT/to_label_3916.jpg,PHOMOPSIS_LEAF_SPOT,3588,train
DLD_FinalDataset_224_spit/train/PHOMOPSIS_LEAF_SPOT/to_label_3918.jpg,PHOMOPSIS_LEAF_SPOT,3589,val
DLD_FinalDataset_224_spit/train/PHOMOPSIS_LEAF_SPOT/to_label_3920.jpg,PHOMOPSIS_LEAF_SPOT,3590,train
DLD_FinalDataset_224_spit/train/PHOMOPSIS_LEAF_SPOT/to_label_3924.jpg,PHOMOPSIS_LEAF_SPOT,3591,train
DLD_FinalDataset_224_spit/train/PHOMOPSIS_LEAF_SPOT/to_label_3926.jpg,PHOMOPSIS_LEAF_SPOT,3592,train
DLD_FinalDataset_224_spit/train/PHOMOPSIS_LEAF_SPOT/to_label_3927.jpg,PHOMOPSIS_LEAF_SPOT,3593,train
DLD_FinalDataset_224_spit/train/PHOMOPSIS_LEAF_SPOT/to_label_3930.jpg,PHOMOPSIS_LEAF_SPOT,3594,test
DLD_FinalDataset_224_spit/train/PHOMOPSIS_LEAF_SPOT/to_label_3931.jpg,PHOMOPSIS_LEAF_SPOT,3595,train
DLD_FinalDataset_224_spit/train/PHOMOPSIS_LEAF_SPOT/to_label_3932.jpg,PHOMOPSIS_LEAF_SPOT,3596,train
DLD_FinalDataset_224_spit/train/PHOMOPSIS_LEAF_SPOT/to_label_3933.jpg,PHOMOPSIS_LEAF_SPOT,3597,val
DLD_FinalDataset_224_spit/train/PHOMOPSIS_LEAF_SPOT/to_label_3934.jpg,PHOMOPSIS_LEAF_SPOT,3598,val
DLD_FinalDataset_224_spit/train/PHOMOPSIS_LEAF_SPOT/to_label_3936.jpg,PHOMOPSIS_LEAF_SPOT,3599,train
DLD_FinalDataset_224_spit/train/PHOMOPSIS_LEAF_SPOT/to_label_3938.jpg,PHOMOPSIS_LEAF_SPOT,3600,train
DLD_FinalDataset_224_spit/train/PHOMOPSIS_LEAF_SPOT/to_label_3940.jpg,PHOMOPSIS_LEAF_SPOT,3601,train
DLD_FinalDataset_224_spit/train/PHOMOPSIS_LEAF_SPOT/to_label_3941.jpg,PHOMOPSIS_LEAF_SPOT,3602,train
DLD_FinalDataset_224_spit/train/PHOMOPSIS_LEAF_SPOT/to_label_3943.jpg,PHOMOPSIS_LEAF_SPOT,3603,test
DLD_FinalDataset_224_spit/train/PHOMOPSIS_LEAF_SPOT/to_label_3944.jpg,PHOMOPSIS_LEAF_SPOT,3604,train
DLD_FinalDataset_224_spit/train/PHOMOPSIS_LEAF_SPOT/to_label_3945.jpg,PHOMOPSIS_LEAF_SPOT,3605,train
DLD_FinalDataset_224_spit/train/PHOMOPSIS_LEAF_SPOT/to_label_3947.jpg,PHOMOPSIS_LEAF_SPOT,3606,test
DLD_FinalDataset_224_spit/train/PHOMOPSIS_LEAF_SPOT/to_label_3948.jpg,PHOMOPSIS_LEAF_SPOT,3607,train
DLD_FinalDataset_224_spit/train/PHOMOPSIS_LEAF_SPOT/to_label_3949.jpg,PHOMOPSIS_LEAF_SPOT,3608,train
DLD_FinalDataset_224_spit/train/PHOMOPSIS_LEAF_SPOT/to_label_3952.jpg,PHOMOPSIS_LEAF_SPOT,3609,train
DLD_FinalDataset_224_spit/train/PHOMOPSIS_LEAF_SPOT/to_label_3953.jpg,PHOMOPSIS_LEAF_SPOT,3610,train
DLD_FinalDataset_224_spit/train/PHOMOPSIS_LEAF_SPOT/to_label_3957.jpg,PHOMOPSIS_LEAF_SPOT,3611,test
DLD_FinalDataset_224_spit/train/PHOMOPSIS_LEAF_SPOT/to_label_3958.jpg,PHOMOPSIS_LEAF_SPOT,3612,train
DLD_FinalDataset_224_spit/train/PHOMOPSIS_LEAF_SPOT/to_label_3959.jpg,PHOMOPSIS_LEAF_SPOT,3613,train
DLD_FinalDataset_224_spit/train/PHOMOPSIS_LEAF_SPOT/to_label_3960.jpg,PHOMOPSIS_LEAF_SPOT,3614,test
DLD_FinalDataset_224_spit/train/PHOMOPSIS_LEAF_SPOT/to_label_3961.jpg,PHOMOPSIS_LEAF_SPOT,3615,test
DLD_FinalDataset_224_spit/train/PHOMOPSIS_LEAF_SPOT/to_label_3962.jpg,PHOMOPSIS_LEAF_SPOT,3616,train
DLD_FinalDataset_224_spit/train/PHOMOPSIS_LEAF_SPOT/to_label_3963.jpg,PHOMOPSIS_LEAF_SPOT,3617,train
DLD_FinalDataset_224_spit/train/PHOMOPSIS_LEAF_SPOT/to_label_3964.jpg,PHOMOPSIS_LEAF_SPOT,3618,train
DLD_FinalDataset_224_spit/train/PHOMOPSIS_LEAF_SPOT/to_label_3966.jpg,PHOMOPSIS_LEAF_SPOT,3619,test
DLD_FinalDataset_224_spit/train/PHOMOPSIS_LEAF_SPOT/to_label_3968.jpg,PHOMOPSIS_LEAF_SPOT,3620,test
DLD_FinalDataset_224_spit/train/PHOMOPSIS_LEAF_SPOT/to_label_3970.jpg,PHOMOPSIS_LEAF_SPOT,3621,val
DLD_FinalDataset_224_spit/train/PHOMOPSIS_LEAF_SPOT/to_label_3971.jpg,PHOMOPSIS_LEAF_SPOT,3622,test
DLD_FinalDataset_224_spit/train/PHOMOPSIS_LEAF_SPOT/to_label_3972.jpg,PHOMOPSIS_LEAF_SPOT,3623,train
DLD_FinalDataset_224_spit/train/PHOMOPSIS_LEAF_SPOT/to_label_3976.jpg,PHOMOPSIS_LEAF_SPOT,3624,test
DLD_FinalDataset_224_spit/train/PHOMOPSIS_LEAF_SPOT/to_label_3977.jpg,PHOMOPSIS_LEAF_SPOT,3625,train
DLD_FinalDataset_224_spit/train/PHOMOPSIS_LEAF_SPOT/to_label_3978.jpg,PHOMOPSIS_LEAF_SPOT,3626,val
DLD_FinalDataset_224_spit/train/PHOMOPSIS_LEAF_SPOT/to_label_3979.jpg,PHOMOPSIS_LEAF_SPOT,3627,train
DLD_FinalDataset_224_spit/train/PHOMOPSIS_LEAF_SPOT/to_label_3980.jpg,PHOMOPSIS_LEAF_SPOT,3628,train
DLD_FinalDataset_224_spit/train/PHOMOPSIS_LEAF_SPOT/to_label_3981.jpg,PHOMOPSIS_LEAF_SPOT,3629,train
DLD_FinalDataset_224_spit/train/PHOMOPSIS_LEAF_SPOT/to_label_3983.jpg,PHOMOPSIS_LEAF_SPOT,3630,train
DLD_FinalDataset_224_spit/train/PHOMOPSIS_LEAF_SPOT/to_label_3987.jpg,PHOMOPSIS_LEAF_SPOT,3631,train
DLD_FinalDataset_224_spit/train/PHOMOPSIS_LEAF_SPOT/to_label_3989.jpg,PHOMOPSIS_LEAF_SPOT,3632,train
DLD_FinalDataset_224_spit/train/PHOMOPSIS_LEAF_SPOT/to_label_3991.jpg,PHOMOPSIS_LEAF_SPOT,3633,train
DLD_FinalDataset_224_spit/train/PHOMOPSIS_LEAF_SPOT/to_label_3992.jpg,PHOMOPSIS_LEAF_SPOT,3634,train
DLD_FinalDataset_224_spit/train/PHOMOPSIS_LEAF_SPOT/to_label_3993.jpg,PHOMOPSIS_LEAF_SPOT,3635,train
DLD_FinalDataset_224_spit/train/PHOMOPSIS_LEAF_SPOT/to_label_3994.jpg,PHOMOPSIS_LEAF_SPOT,3636,test
DLD_FinalDataset_224_spit/train/PHOMOPSIS_LEAF_SPOT/to_label_3995.jpg,PHOMOPSIS_LEAF_SPOT,3637,train
DLD_FinalDataset_224_spit/train/PHOMOPSIS_LEAF_SPOT/to_label_3996.jpg,PHOMOPSIS_LEAF_SPOT,3638,train
DLD_FinalDataset_224_spit/train/PHOMOPSIS_LEAF_SPOT/to_label_3997.jpg,PHOMOPSIS_LEAF_SPOT,3639,train
DLD_FinalDataset_224_spit/train/PHOMOPSIS_LEAF_SPOT/to_label_3998.jpg,PHOMOPSIS_LEAF_SPOT,3640,train
DLD_FinalDataset_224_spit/train/PHOMOPSIS_LEAF_SPOT/to_label_3999.jpg,PHOMOPSIS_LEAF_SPOT,3641,train
DLD_FinalDataset_224_spit/train/PHOMOPSIS_LEAF_SPOT/to_label_4000.jpg,PHOMOPSIS_LEAF_SPOT,3642,train
DLD_FinalDataset_224_spit/train/PHOMOPSIS_LEAF_SPOT/to_label_4001.jpg,PHOMOPSIS_LEAF_SPOT,3643,train
DLD_FinalDataset_224_spit/train/PHOMOPSIS_LEAF_SPOT/to_label_4002.jpg,PHOMOPSIS_LEAF_SPOT,3644,train
DLD_FinalDataset_224_spit/train/PHOMOPSIS_LEAF_SPOT/to_label_4007.jpg,PHOMOPSIS_LEAF_SPOT,3645,train
DLD_FinalDataset_224_spit/train/PHOMOPSIS_LEAF_SPOT/to_label_4008.jpg,PHOMOPSIS_LEAF_SPOT,3646,train
DLD_FinalDataset_224_spit/train/PHOMOPSIS_LEAF_SPOT/to_label_4009.jpg,PHOMOPSIS_LEAF_SPOT,3647,train
DLD_FinalDataset_224_spit/train/PHOMOPSIS_LEAF_SPOT/to_label_4010.jpg,PHOMOPSIS_LEAF_SPOT,3648,train
DLD_FinalDataset_224_spit/train/PHOMOPSIS_LEAF_SPOT/to_label_4011.jpg,PHOMOPSIS_LEAF_SPOT,3649,train
DLD_FinalDataset_224_spit/train/PHOMOPSIS_LEAF_SPOT/to_label_4012.jpg,PHOMOPSIS_LEAF_SPOT,3650,train
DLD_FinalDataset_224_spit/train/PHOMOPSIS_LEAF_SPOT/to_label_4014.jpg,PHOMOPSIS_LEAF_SPOT,3651,train
DLD_FinalDataset_224_spit/train/PHOMOPSIS_LEAF_SPOT/to_label_4015.jpg,PHOMOPSIS_LEAF_SPOT,3652,val
DLD_FinalDataset_224_spit/train/PHOMOPSIS_LEAF_SPOT/to_label_4017.jpg,PHOMOPSIS_LEAF_SPOT,3653,val
DLD_FinalDataset_224_spit/train/PHOMOPSIS_LEAF_SPOT/to_label_4018.jpg,PHOMOPSIS_LEAF_SPOT,3654,train
DLD_FinalDataset_224_spit/train/PHOMOPSIS_LEAF_SPOT/to_label_4020.jpg,PHOMOPSIS_LEAF_SPOT,3655,train
DLD_FinalDataset_224_spit/train/PHOMOPSIS_LEAF_SPOT/to_label_4021.jpg,PHOMOPSIS_LEAF_SPOT,3656,train
DLD_FinalDataset_224_spit/train/PHOMOPSIS_LEAF_SPOT/to_label_4022.jpg,PHOMOPSIS_LEAF_SPOT,3657,train
DLD_FinalDataset_224_spit/train/PHOMOPSIS_LEAF_SPOT/to_label_4023.jpg,PHOMOPSIS_LEAF_SPOT,3658,test
DLD_FinalDataset_224_spit/train/PHOMOPSIS_LEAF_SPOT/to_label_4024.jpg,PHOMOPSIS_LEAF_SPOT,3659,train
DLD_FinalDataset_224_spit/train/PHOMOPSIS_LEAF_SPOT/to_label_4025.jpg,PHOMOPSIS_LEAF_SPOT,3660,train
DLD_FinalDataset_224_spit/train/PHOMOPSIS_LEAF_SPOT/to_label_4026.jpg,PHOMOPSIS_LEAF_SPOT,3661,test
DLD_FinalDataset_224_spit/train/PHOMOPSIS_LEAF_SPOT/to_label_4027.jpg,PHOMOPSIS_LEAF_SPOT,3662,test
DLD_FinalDataset_224_spit/train/PHOMOPSIS_LEAF_SPOT/to_label_4028.jpg,PHOMOPSIS_LEAF_SPOT,3663,test
DLD_FinalDataset_224_spit/train/PHOMOPSIS_LEAF_SPOT/to_label_4029.jpg,PHOMOPSIS_LEAF_SPOT,3664,train
DLD_FinalDataset_224_spit/train/PHOMOPSIS_LEAF_SPOT/to_label_4030.jpg,PHOMOPSIS_LEAF_SPOT,3665,test
DLD_FinalDataset_224_spit/train/PHOMOPSIS_LEAF_SPOT/to_label_4033.jpg,PHOMOPSIS_LEAF_SPOT,3666,test
DLD_FinalDataset_224_spit/train/PHOMOPSIS_LEAF_SPOT/to_label_4036.jpg,PHOMOPSIS_LEAF_SPOT,3667,train
DLD_FinalDataset_224_spit/train/PHOMOPSIS_LEAF_SPOT/to_label_4037.jpg,PHOMOPSIS_LEAF_SPOT,3668,train
DLD_FinalDataset_224_spit/train/PHOMOPSIS_LEAF_SPOT/to_label_4038.jpg,PHOMOPSIS_LEAF_SPOT,3669,train
DLD_FinalDataset_224_spit/train/PHOMOPSIS_LEAF_SPOT/to_label_4041.jpg,PHOMOPSIS_LEAF_SPOT,3670,train
DLD_FinalDataset_224_spit/train/PHOMOPSIS_LEAF_SPOT/to_label_4042.jpg,PHOMOPSIS_LEAF_SPOT,3671,train
DLD_FinalDataset_224_spit/train/PHOMOPSIS_LEAF_SPOT/to_label_4043.jpg,PHOMOPSIS_LEAF_SPOT,3672,train
DLD_FinalDataset_224_spit/train/PHOMOPSIS_LEAF_SPOT/to_label_4044.jpg,PHOMOPSIS_LEAF_SPOT,3673,train
DLD_FinalDataset_224_spit/train/PHOMOPSIS_LEAF_SPOT/to_label_4046.jpg,PHOMOPSIS_LEAF_SPOT,3674,train
DLD_FinalDataset_224_spit/train/PHOMOPSIS_LEAF_SPOT/to_label_4047.jpg,PHOMOPSIS_LEAF_SPOT,3675,val
DLD_FinalDataset_224_spit/train/PHOMOPSIS_LEAF_SPOT/to_label_4048.jpg,PHOMOPSIS_LEAF_SPOT,3676,test
DLD_FinalDataset_224_spit/train/PHOMOPSIS_LEAF_SPOT/to_label_4050.jpg,PHOMOPSIS_LEAF_SPOT,3677,train
DLD_FinalDataset_224_spit/train/PHOMOPSIS_LEAF_SPOT/to_label_4058.jpg,PHOMOPSIS_LEAF_SPOT,3678,train
DLD_FinalDataset_224_spit/train/PHOMOPSIS_LEAF_SPOT/to_label_4059.jpg,PHOMOPSIS_LEAF_SPOT,3679,train
DLD_FinalDataset_224_spit/train/PHOMOPSIS_LEAF_SPOT/to_label_4060.jpg,PHOMOPSIS_LEAF_SPOT,3680,train
DLD_FinalDataset_224_spit/train/PHOMOPSIS_LEAF_SPOT/to_label_4061.jpg,PHOMOPSIS_LEAF_SPOT,3681,train
DLD_FinalDataset_224_spit/train/PHOMOPSIS_LEAF_SPOT/to_label_4062.jpg,PHOMOPSIS_LEAF_SPOT,3682,test
DLD_FinalDataset_224_spit/train/PHOMOPSIS_LEAF_SPOT/to_label_4064.jpg,PHOMOPSIS_LEAF_SPOT,3683,train
DLD_FinalDataset_224_spit/train/PHOMOPSIS_LEAF_SPOT/to_label_4065.jpg,PHOMOPSIS_LEAF_SPOT,3684,train
DLD_FinalDataset_224_spit/train/PHOMOPSIS_LEAF_SPOT/to_label_4066.jpg,PHOMOPSIS_LEAF_SPOT,3685,test
DLD_FinalDataset_224_spit/train/PHOMOPSIS_LEAF_SPOT/to_label_4068.jpg,PHOMOPSIS_LEAF_SPOT,3686,test
DLD_FinalDataset_224_spit/train/PHOMOPSIS_LEAF_SPOT/to_label_4069.jpg,PHOMOPSIS_LEAF_SPOT,3687,train
DLD_FinalDataset_224_spit/train/PHOMOPSIS_LEAF_SPOT/to_label_4072.jpg,PHOMOPSIS_LEAF_SPOT,3688,train
DLD_FinalDataset_224_spit/train/PHOMOPSIS_LEAF_SPOT/to_label_4074.jpg,PHOMOPSIS_LEAF_SPOT,3689,train
DLD_FinalDataset_224_spit/train/PHOMOPSIS_LEAF_SPOT/to_label_4075.jpg,PHOMOPSIS_LEAF_SPOT,3690,train
DLD_FinalDataset_224_spit/train/PHOMOPSIS_LEAF_SPOT/to_label_4077.jpg,PHOMOPSIS_LEAF_SPOT,3691,train
DLD_FinalDataset_224_spit/train/PHOMOPSIS_LEAF_SPOT/to_label_4078.jpg,PHOMOPSIS_LEAF_SPOT,3692,test
DLD_FinalDataset_224_spit/train/PHOMOPSIS_LEAF_SPOT/to_label_4079.jpg,PHOMOPSIS_LEAF_SPOT,3693,train
DLD_FinalDataset_224_spit/train/PHOMOPSIS_LEAF_SPOT/to_label_4080.jpg,PHOMOPSIS_LEAF_SPOT,3694,train
DLD_FinalDataset_224_spit/train/PHOMOPSIS_LEAF_SPOT/to_label_4081.jpg,PHOMOPSIS_LEAF_SPOT,3695,train
DLD_FinalDataset_224_spit/train/PHOMOPSIS_LEAF_SPOT/to_label_4082.jpg,PHOMOPSIS_LEAF_SPOT,3696,train
DLD_FinalDataset_224_spit/train/PHOMOPSIS_LEAF_SPOT/to_label_4083.jpg,PHOMOPSIS_LEAF_SPOT,3697,train
DLD_FinalDataset_224_spit/train/PHOMOPSIS_LEAF_SPOT/to_label_4084.jpg,PHOMOPSIS_LEAF_SPOT,3698,train
DLD_FinalDataset_224_spit/train/PHOMOPSIS_LEAF_SPOT/to_label_4086.jpg,PHOMOPSIS_LEAF_SPOT,3699,test
DLD_FinalDataset_224_spit/train/PHOMOPSIS_LEAF_SPOT/to_label_4089.jpg,PHOMOPSIS_LEAF_SPOT,3700,train
DLD_FinalDataset_224_spit/train/PHOMOPSIS_LEAF_SPOT/to_label_4091.jpg,PHOMOPSIS_LEAF_SPOT,3701,train
DLD_FinalDataset_224_spit/train/PHOMOPSIS_LEAF_SPOT/to_label_4092.jpg,PHOMOPSIS_LEAF_SPOT,3702,test
DLD_FinalDataset_224_spit/train/PHOMOPSIS_LEAF_SPOT/to_label_4093.jpg,PHOMOPSIS_LEAF_SPOT,3703,train
DLD_FinalDataset_224_spit/train/PHOMOPSIS_LEAF_SPOT/to_label_4094.jpg,PHOMOPSIS_LEAF_SPOT,3704,train
DLD_FinalDataset_224_spit/train/PHOMOPSIS_LEAF_SPOT/to_label_4095.jpg,PHOMOPSIS_LEAF_SPOT,3705,train
DLD_FinalDataset_224_spit/train/PHOMOPSIS_LEAF_SPOT/to_label_4096.jpg,PHOMOPSIS_LEAF_SPOT,3706,train
DLD_FinalDataset_224_spit/train/PHOMOPSIS_LEAF_SPOT/to_label_4097.jpg,PHOMOPSIS_LEAF_SPOT,3707,train
DLD_FinalDataset_224_spit/train/PHOMOPSIS_LEAF_SPOT/to_label_4098.jpg,PHOMOPSIS_LEAF_SPOT,3708,train
DLD_FinalDataset_224_spit/train/PHOMOPSIS_LEAF_SPOT/to_label_4099.jpg,PHOMOPSIS_LEAF_SPOT,3709,train
DLD_FinalDataset_224_spit/train/PHOMOPSIS_LEAF_SPOT/to_label_4101.jpg,PHOMOPSIS_LEAF_SPOT,3710,train
DLD_FinalDataset_224_spit/train/PHOMOPSIS_LEAF_SPOT/to_label_4102.jpg,PHOMOPSIS_LEAF_SPOT,3711,train
DLD_FinalDataset_224_spit/train/PHOMOPSIS_LEAF_SPOT/to_label_4103.jpg,PHOMOPSIS_LEAF_SPOT,3712,train
DLD_FinalDataset_224_spit/train/PHOMOPSIS_LEAF_SPOT/to_label_4107.jpg,PHOMOPSIS_LEAF_SPOT,3713,train
DLD_FinalDataset_224_spit/train/PHOMOPSIS_LEAF_SPOT/to_label_4108.jpg,PHOMOPSIS_LEAF_SPOT,3714,train
DLD_FinalDataset_224_spit/train/PHOMOPSIS_LEAF_SPOT/to_label_4109.jpg,PHOMOPSIS_LEAF_SPOT,3715,train
DLD_FinalDataset_224_spit/train/PHOMOPSIS_LEAF_SPOT/to_label_4111.jpg,PHOMOPSIS_LEAF_SPOT,3716,test
DLD_FinalDataset_224_spit/train/PHOMOPSIS_LEAF_SPOT/to_label_4112.jpg,PHOMOPSIS_LEAF_SPOT,3717,train
DLD_FinalDataset_224_spit/train/PHOMOPSIS_LEAF_SPOT/to_label_4113.jpg,PHOMOPSIS_LEAF_SPOT,3718,train
DLD_FinalDataset_224_spit/train/PHOMOPSIS_LEAF_SPOT/to_label_4114.jpg,PHOMOPSIS_LEAF_SPOT,3719,test
DLD_FinalDataset_224_spit/train/PHOMOPSIS_LEAF_SPOT/to_label_4115.jpg,PHOMOPSIS_LEAF_SPOT,3720,train
DLD_FinalDataset_224_spit/train/PHOMOPSIS_LEAF_SPOT/to_label_4116.jpg,PHOMOPSIS_LEAF_SPOT,3721,test
DLD_FinalDataset_224_spit/train/PHOMOPSIS_LEAF_SPOT/to_label_4118.jpg,PHOMOPSIS_LEAF_SPOT,3722,test
DLD_FinalDataset_224_spit/train/PHOMOPSIS_LEAF_SPOT/to_label_4119.jpg,PHOMOPSIS_LEAF_SPOT,3723,train
DLD_FinalDataset_224_spit/train/PHOMOPSIS_LEAF_SPOT/to_label_4121.jpg,PHOMOPSIS_LEAF_SPOT,3724,test
DLD_FinalDataset_224_spit/train/PHOMOPSIS_LEAF_SPOT/to_label_4123.jpg,PHOMOPSIS_LEAF_SPOT,3725,train
DLD_FinalDataset_224_spit/train/PHOMOPSIS_LEAF_SPOT/to_label_4125.jpg,PHOMOPSIS_LEAF_SPOT,3726,val
DLD_FinalDataset_224_spit/train/PHOMOPSIS_LEAF_SPOT/to_label_4126.jpg,PHOMOPSIS_LEAF_SPOT,3727,train
DLD_FinalDataset_224_spit/train/PHOMOPSIS_LEAF_SPOT/to_label_4127.jpg,PHOMOPSIS_LEAF_SPOT,3728,val
DLD_FinalDataset_224_spit/train/PHOMOPSIS_LEAF_SPOT/to_label_4128.jpg,PHOMOPSIS_LEAF_SPOT,3729,train
DLD_FinalDataset_224_spit/train/PHOMOPSIS_LEAF_SPOT/to_label_4129.jpg,PHOMOPSIS_LEAF_SPOT,3730,train
DLD_FinalDataset_224_spit/train/PHOMOPSIS_LEAF_SPOT/to_label_4131.jpg,PHOMOPSIS_LEAF_SPOT,3731,val
DLD_FinalDataset_224_spit/train/PHOMOPSIS_LEAF_SPOT/to_label_4132.jpg,PHOMOPSIS_LEAF_SPOT,3732,train
DLD_FinalDataset_224_spit/train/PHOMOPSIS_LEAF_SPOT/to_label_4133.jpg,PHOMOPSIS_LEAF_SPOT,3733,test
DLD_FinalDataset_224_spit/train/PHOMOPSIS_LEAF_SPOT/to_label_4134.jpg,PHOMOPSIS_LEAF_SPOT,3734,test
DLD_FinalDataset_224_spit/train/PHOMOPSIS_LEAF_SPOT/to_label_4135.jpg,PHOMOPSIS_LEAF_SPOT,3735,train
DLD_FinalDataset_224_spit/train/PHOMOPSIS_LEAF_SPOT/to_label_4138.jpg,PHOMOPSIS_LEAF_SPOT,3736,train
DLD_FinalDataset_224_spit/train/PHOMOPSIS_LEAF_SPOT/to_label_4140.jpg,PHOMOPSIS_LEAF_SPOT,3737,train
DLD_FinalDataset_224_spit/train/PHOMOPSIS_LEAF_SPOT/to_label_4142.jpg,PHOMOPSIS_LEAF_SPOT,3738,train
DLD_FinalDataset_224_spit/train/PHOMOPSIS_LEAF_SPOT/to_label_4143.jpg,PHOMOPSIS_LEAF_SPOT,3739,test
DLD_FinalDataset_224_spit/train/PHOMOPSIS_LEAF_SPOT/to_label_4144.jpg,PHOMOPSIS_LEAF_SPOT,3740,val
DLD_FinalDataset_224_spit/train/PHOMOPSIS_LEAF_SPOT/to_label_4145.jpg,PHOMOPSIS_LEAF_SPOT,3741,train
DLD_FinalDataset_224_spit/train/PHOMOPSIS_LEAF_SPOT/to_label_4147.jpg,PHOMOPSIS_LEAF_SPOT,3742,train
DLD_FinalDataset_224_spit/train/PHOMOPSIS_LEAF_SPOT/to_label_4148.jpg,PHOMOPSIS_LEAF_SPOT,3743,test
DLD_FinalDataset_224_spit/train/PHOMOPSIS_LEAF_SPOT/to_label_4150.jpg,PHOMOPSIS_LEAF_SPOT,3744,train
DLD_FinalDataset_224_spit/train/PHOMOPSIS_LEAF_SPOT/to_label_4151.jpg,PHOMOPSIS_LEAF_SPOT,3745,val
DLD_FinalDataset_224_spit/train/PHOMOPSIS_LEAF_SPOT/to_label_4154.jpg,PHOMOPSIS_LEAF_SPOT,3746,val
DLD_FinalDataset_224_spit/train/PHOMOPSIS_LEAF_SPOT/to_label_4157.jpg,PHOMOPSIS_LEAF_SPOT,3747,train
DLD_FinalDataset_224_spit/train/PHOMOPSIS_LEAF_SPOT/to_label_4160.jpg,PHOMOPSIS_LEAF_SPOT,3748,val
DLD_FinalDataset_224_spit/train/PHOMOPSIS_LEAF_SPOT/to_label_4161.jpg,PHOMOPSIS_LEAF_SPOT,3749,test
DLD_FinalDataset_224_spit/train/PHOMOPSIS_LEAF_SPOT/to_label_4162.jpg,PHOMOPSIS_LEAF_SPOT,3750,train
DLD_FinalDataset_224_spit/train/PHOMOPSIS_LEAF_SPOT/to_label_4163.jpg,PHOMOPSIS_LEAF_SPOT,3751,val
DLD_FinalDataset_224_spit/train/PHOMOPSIS_LEAF_SPOT/to_label_4164.jpg,PHOMOPSIS_LEAF_SPOT,3752,train
DLD_FinalDataset_224_spit/train/PHOMOPSIS_LEAF_SPOT/to_label_4165.jpg,PHOMOPSIS_LEAF_SPOT,3753,train
DLD_FinalDataset_224_spit/train/PHOMOPSIS_LEAF_SPOT/to_label_4166.jpg,PHOMOPSIS_LEAF_SPOT,3754,train
DLD_FinalDataset_224_spit/train/PHOMOPSIS_LEAF_SPOT/to_label_4167.jpg,PHOMOPSIS_LEAF_SPOT,3755,train
DLD_FinalDataset_224_spit/train/PHOMOPSIS_LEAF_SPOT/to_label_4169.jpg,PHOMOPSIS_LEAF_SPOT,3756,test
DLD_FinalDataset_224_spit/train/PHOMOPSIS_LEAF_SPOT/to_label_4171.jpg,PHOMOPSIS_LEAF_SPOT,3757,test
DLD_FinalDataset_224_spit/train/PHOMOPSIS_LEAF_SPOT/to_label_4172.jpg,PHOMOPSIS_LEAF_SPOT,3758,train
DLD_FinalDataset_224_spit/train/PHOMOPSIS_LEAF_SPOT/to_label_4173.jpg,PHOMOPSIS_LEAF_SPOT,3759,test
DLD_FinalDataset_224_spit/train/PHOMOPSIS_LEAF_SPOT/to_label_4176.jpg,PHOMOPSIS_LEAF_SPOT,3760,train
DLD_FinalDataset_224_spit/train/PHOMOPSIS_LEAF_SPOT/to_label_4178.jpg,PHOMOPSIS_LEAF_SPOT,3761,train
DLD_FinalDataset_224_spit/train/PHOMOPSIS_LEAF_SPOT/to_label_4179.jpg,PHOMOPSIS_LEAF_SPOT,3762,test
DLD_FinalDataset_224_spit/train/PHOMOPSIS_LEAF_SPOT/to_label_4180.jpg,PHOMOPSIS_LEAF_SPOT,3763,test
DLD_FinalDataset_224_spit/train/PHOMOPSIS_LEAF_SPOT/to_label_4182.jpg,PHOMOPSIS_LEAF_SPOT,3764,test
DLD_FinalDataset_224_spit/train/PHOMOPSIS_LEAF_SPOT/to_label_4183.jpg,PHOMOPSIS_LEAF_SPOT,3765,train
DLD_FinalDataset_224_spit/train/PHOMOPSIS_LEAF_SPOT/to_label_4184.jpg,PHOMOPSIS_LEAF_SPOT,3766,train
DLD_FinalDataset_224_spit/train/PHOMOPSIS_LEAF_SPOT/to_label_4185.jpg,PHOMOPSIS_LEAF_SPOT,3767,test
DLD_FinalDataset_224_spit/train/PHOMOPSIS_LEAF_SPOT/to_label_4186.jpg,PHOMOPSIS_LEAF_SPOT,3768,train
DLD_FinalDataset_224_spit/train/PHOMOPSIS_LEAF_SPOT/to_label_4187.jpg,PHOMOPSIS_LEAF_SPOT,3769,train
DLD_FinalDataset_224_spit/train/PHOMOPSIS_LEAF_SPOT/to_label_4188.jpg,PHOMOPSIS_LEAF_SPOT,3770,test
DLD_FinalDataset_224_spit/train/PHOMOPSIS_LEAF_SPOT/to_label_4189.jpg,PHOMOPSIS_LEAF_SPOT,3771,train
DLD_FinalDataset_224_spit/train/PHOMOPSIS_LEAF_SPOT/to_label_4190.jpg,PHOMOPSIS_LEAF_SPOT,3772,train
DLD_FinalDataset_224_spit/train/PHOMOPSIS_LEAF_SPOT/to_label_4191.jpg,PHOMOPSIS_LEAF_SPOT,3773,val
DLD_FinalDataset_224_spit/train/PHOMOPSIS_LEAF_SPOT/to_label_4194.jpg,PHOMOPSIS_LEAF_SPOT,3774,train
DLD_FinalDataset_224_spit/train/PHOMOPSIS_LEAF_SPOT/to_label_4196.jpg,PHOMOPSIS_LEAF_SPOT,3775,train
DLD_FinalDataset_224_spit/train/PHOMOPSIS_LEAF_SPOT/to_label_4197.jpg,PHOMOPSIS_LEAF_SPOT,3776,train
DLD_FinalDataset_224_spit/train/PHOMOPSIS_LEAF_SPOT/to_label_4200.jpg,PHOMOPSIS_LEAF_SPOT,3777,train
DLD_FinalDataset_224_spit/train/PHOMOPSIS_LEAF_SPOT/to_label_4201.jpg,PHOMOPSIS_LEAF_SPOT,3778,val
DLD_FinalDataset_224_spit/train/PHOMOPSIS_LEAF_SPOT/to_label_4202.jpg,PHOMOPSIS_LEAF_SPOT,3779,train
DLD_FinalDataset_224_spit/train/PHOMOPSIS_LEAF_SPOT/to_label_4203.jpg,PHOMOPSIS_LEAF_SPOT,3780,train
DLD_FinalDataset_224_spit/train/PHOMOPSIS_LEAF_SPOT/to_label_4206.jpg,PHOMOPSIS_LEAF_SPOT,3781,train
DLD_FinalDataset_224_spit/train/PHOMOPSIS_LEAF_SPOT/to_label_4207.jpg,PHOMOPSIS_LEAF_SPOT,3782,train
DLD_FinalDataset_224_spit/train/PHOMOPSIS_LEAF_SPOT/to_label_4209.jpg,PHOMOPSIS_LEAF_SPOT,3783,train
DLD_FinalDataset_224_spit/train/PHOMOPSIS_LEAF_SPOT/to_label_4210.jpg,PHOMOPSIS_LEAF_SPOT,3784,train
DLD_FinalDataset_224_spit/train/PHOMOPSIS_LEAF_SPOT/to_label_4214.jpg,PHOMOPSIS_LEAF_SPOT,3785,train
DLD_FinalDataset_224_spit/train/PHOMOPSIS_LEAF_SPOT/to_label_4215.jpg,PHOMOPSIS_LEAF_SPOT,3786,train
DLD_FinalDataset_224_spit/train/PHOMOPSIS_LEAF_SPOT/to_label_4216.jpg,PHOMOPSIS_LEAF_SPOT,3787,train
DLD_FinalDataset_224_spit/train/PHOMOPSIS_LEAF_SPOT/to_label_4217.jpg,PHOMOPSIS_LEAF_SPOT,3788,train
DLD_FinalDataset_224_spit/train/PHOMOPSIS_LEAF_SPOT/to_label_4219.jpg,PHOMOPSIS_LEAF_SPOT,3789,train
DLD_FinalDataset_224_spit/train/PHOMOPSIS_LEAF_SPOT/to_label_4220.jpg,PHOMOPSIS_LEAF_SPOT,3790,train
DLD_FinalDataset_224_spit/train/PHOMOPSIS_LEAF_SPOT/to_label_4221.jpg,PHOMOPSIS_LEAF_SPOT,3791,train
DLD_FinalDataset_224_spit/train/PHOMOPSIS_LEAF_SPOT/to_label_4222.jpg,PHOMOPSIS_LEAF_SPOT,3792,test
DLD_FinalDataset_224_spit/train/PHOMOPSIS_LEAF_SPOT/to_label_4223.jpg,PHOMOPSIS_LEAF_SPOT,3793,val
DLD_FinalDataset_224_spit/train/PHOMOPSIS_LEAF_SPOT/to_label_4226.jpg,PHOMOPSIS_LEAF_SPOT,3794,train
DLD_FinalDataset_224_spit/train/PHOMOPSIS_LEAF_SPOT/to_label_4227.jpg,PHOMOPSIS_LEAF_SPOT,3795,train
DLD_FinalDataset_224_spit/train/PHOMOPSIS_LEAF_SPOT/to_label_4228.jpg,PHOMOPSIS_LEAF_SPOT,3796,val
DLD_FinalDataset_224_spit/train/PHOMOPSIS_LEAF_SPOT/to_label_4229.jpg,PHOMOPSIS_LEAF_SPOT,3797,train
DLD_FinalDataset_224_spit/train/PHOMOPSIS_LEAF_SPOT/to_label_4230.jpg,PHOMOPSIS_LEAF_SPOT,3798,train
DLD_FinalDataset_224_spit/train/PHOMOPSIS_LEAF_SPOT/to_label_4231.jpg,PHOMOPSIS_LEAF_SPOT,3799,test
DLD_FinalDataset_224_spit/train/PHOMOPSIS_LEAF_SPOT/to_label_4232.jpg,PHOMOPSIS_LEAF_SPOT,3800,train
DLD_FinalDataset_224_spit/train/PHOMOPSIS_LEAF_SPOT/to_label_4233.jpg,PHOMOPSIS_LEAF_SPOT,3801,train
DLD_FinalDataset_224_spit/train/PHOMOPSIS_LEAF_SPOT/to_label_4235.jpg,PHOMOPSIS_LEAF_SPOT,3802,test
DLD_FinalDataset_224_spit/train/PHOMOPSIS_LEAF_SPOT/to_label_4236.jpg,PHOMOPSIS_LEAF_SPOT,3803,train
DLD_FinalDataset_224_spit/train/PHOMOPSIS_LEAF_SPOT/to_label_4237.jpg,PHOMOPSIS_LEAF_SPOT,3804,train
DLD_FinalDataset_224_spit/train/PHOMOPSIS_LEAF_SPOT/to_label_4242.jpg,PHOMOPSIS_LEAF_SPOT,3805,train
DLD_FinalDataset_224_spit/train/PHOMOPSIS_LEAF_SPOT/to_label_4243.jpg,PHOMOPSIS_LEAF_SPOT,3806,train
DLD_FinalDataset_224_spit/train/PHOMOPSIS_LEAF_SPOT/to_label_4244.jpg,PHOMOPSIS_LEAF_SPOT,3807,test
DLD_FinalDataset_224_spit/train/PHOMOPSIS_LEAF_SPOT/to_label_4245.jpg,PHOMOPSIS_LEAF_SPOT,3808,test
DLD_FinalDataset_224_spit/train/PHOMOPSIS_LEAF_SPOT/to_label_4247.jpg,PHOMOPSIS_LEAF_SPOT,3809,train
DLD_FinalDataset_224_spit/train/PHOMOPSIS_LEAF_SPOT/to_label_4248.jpg,PHOMOPSIS_LEAF_SPOT,3810,train
DLD_FinalDataset_224_spit/train/PHOMOPSIS_LEAF_SPOT/to_label_4249.jpg,PHOMOPSIS_LEAF_SPOT,3811,train
DLD_FinalDataset_224_spit/train/PHOMOPSIS_LEAF_SPOT/to_label_4250.jpg,PHOMOPSIS_LEAF_SPOT,3812,train
DLD_FinalDataset_224_spit/train/PHOMOPSIS_LEAF_SPOT/to_label_4252.jpg,PHOMOPSIS_LEAF_SPOT,3813,test
DLD_FinalDataset_224_spit/train/PHOMOPSIS_LEAF_SPOT/to_label_4253.jpg,PHOMOPSIS_LEAF_SPOT,3814,train
DLD_FinalDataset_224_spit/train/PHOMOPSIS_LEAF_SPOT/to_label_4254.jpg,PHOMOPSIS_LEAF_SPOT,3815,train
DLD_FinalDataset_224_spit/train/PHOMOPSIS_LEAF_SPOT/to_label_4255.jpg,PHOMOPSIS_LEAF_SPOT,3816,train
DLD_FinalDataset_224_spit/train/PHOMOPSIS_LEAF_SPOT/to_label_4256.jpg,PHOMOPSIS_LEAF_SPOT,3817,train
DLD_FinalDataset_224_spit/train/PHOMOPSIS_LEAF_SPOT/to_label_4258.jpg,PHOMOPSIS_LEAF_SPOT,3818,train
DLD_FinalDataset_224_spit/train/PHOMOPSIS_LEAF_SPOT/to_label_4259.jpg,PHOMOPSIS_LEAF_SPOT,3819,train
DLD_FinalDataset_224_spit/train/PHOMOPSIS_LEAF_SPOT/to_label_4260.jpg,PHOMOPSIS_LEAF_SPOT,3820,train
DLD_FinalDataset_224_spit/train/PHOMOPSIS_LEAF_SPOT/to_label_4262.jpg,PHOMOPSIS_LEAF_SPOT,3821,train
DLD_FinalDataset_224_spit/train/PHOMOPSIS_LEAF_SPOT/to_label_4263.jpg,PHOMOPSIS_LEAF_SPOT,3822,val
DLD_FinalDataset_224_spit/train/PHOMOPSIS_LEAF_SPOT/to_label_4264.jpg,PHOMOPSIS_LEAF_SPOT,3823,train
DLD_FinalDataset_224_spit/train/PHOMOPSIS_LEAF_SPOT/to_label_4265.jpg,PHOMOPSIS_LEAF_SPOT,3824,train
DLD_FinalDataset_224_spit/train/PHOMOPSIS_LEAF_SPOT/to_label_4268.jpg,PHOMOPSIS_LEAF_SPOT,3825,train
DLD_FinalDataset_224_spit/train/PHOMOPSIS_LEAF_SPOT/to_label_4269.jpg,PHOMOPSIS_LEAF_SPOT,3826,train
DLD_FinalDataset_224_spit/train/PHOMOPSIS_LEAF_SPOT/to_label_4270.jpg,PHOMOPSIS_LEAF_SPOT,3827,train
DLD_FinalDataset_224_spit/train/PHOMOPSIS_LEAF_SPOT/to_label_4271.jpg,PHOMOPSIS_LEAF_SPOT,3828,test
DLD_FinalDataset_224_spit/train/PHOMOPSIS_LEAF_SPOT/to_label_4272.jpg,PHOMOPSIS_LEAF_SPOT,3829,train
DLD_FinalDataset_224_spit/train/PHOMOPSIS_LEAF_SPOT/to_label_4274.jpg,PHOMOPSIS_LEAF_SPOT,3830,train
DLD_FinalDataset_224_spit/train/PHOMOPSIS_LEAF_SPOT/to_label_4275.jpg,PHOMOPSIS_LEAF_SPOT,3831,train
DLD_FinalDataset_224_spit/train/PHOMOPSIS_LEAF_SPOT/to_label_4276.jpg,PHOMOPSIS_LEAF_SPOT,3832,train
DLD_FinalDataset_224_spit/train/PHOMOPSIS_LEAF_SPOT/to_label_4277.jpg,PHOMOPSIS_LEAF_SPOT,3833,train
DLD_FinalDataset_224_spit/train/PHOMOPSIS_LEAF_SPOT/to_label_4278.jpg,PHOMOPSIS_LEAF_SPOT,3834,train
DLD_FinalDataset_224_spit/train/PHOMOPSIS_LEAF_SPOT/to_label_4279.jpg,PHOMOPSIS_LEAF_SPOT,3835,train
DLD_FinalDataset_224_spit/train/PHOMOPSIS_LEAF_SPOT/to_label_4281.jpg,PHOMOPSIS_LEAF_SPOT,3836,val
DLD_FinalDataset_224_spit/train/PHOMOPSIS_LEAF_SPOT/to_label_4284.jpg,PHOMOPSIS_LEAF_SPOT,3837,val
DLD_FinalDataset_224_spit/train/PHOMOPSIS_LEAF_SPOT/to_label_4286.jpg,PHOMOPSIS_LEAF_SPOT,3838,test
DLD_FinalDataset_224_spit/train/PHOMOPSIS_LEAF_SPOT/to_label_4288.jpg,PHOMOPSIS_LEAF_SPOT,3839,train
DLD_FinalDataset_224_spit/train/PHOMOPSIS_LEAF_SPOT/to_label_4289.jpg,PHOMOPSIS_LEAF_SPOT,3840,train
DLD_FinalDataset_224_spit/train/PHOMOPSIS_LEAF_SPOT/to_label_4290.jpg,PHOMOPSIS_LEAF_SPOT,3841,train
DLD_FinalDataset_224_spit/train/PHOMOPSIS_LEAF_SPOT/to_label_4293.jpg,PHOMOPSIS_LEAF_SPOT,3842,train
DLD_FinalDataset_224_spit/train/PHOMOPSIS_LEAF_SPOT/to_label_4294.jpg,PHOMOPSIS_LEAF_SPOT,3843,train
DLD_FinalDataset_224_spit/train/PHOMOPSIS_LEAF_SPOT/to_label_4295.jpg,PHOMOPSIS_LEAF_SPOT,3844,test
DLD_FinalDataset_224_spit/train/PHOMOPSIS_LEAF_SPOT/to_label_4297.jpg,PHOMOPSIS_LEAF_SPOT,3845,val
DLD_FinalDataset_224_spit/train/PHOMOPSIS_LEAF_SPOT/to_label_4298.jpg,PHOMOPSIS_LEAF_SPOT,3846,train
DLD_FinalDataset_224_spit/train/PHOMOPSIS_LEAF_SPOT/to_label_4299.jpg,PHOMOPSIS_LEAF_SPOT,3847,train
DLD_FinalDataset_224_spit/train/PHOMOPSIS_LEAF_SPOT/to_label_4300.jpg,PHOMOPSIS_LEAF_SPOT,3848,train
DLD_FinalDataset_224_spit/train/PHOMOPSIS_LEAF_SPOT/to_label_4302.jpg,PHOMOPSIS_LEAF_SPOT,3849,test
DLD_FinalDataset_224_spit/train/PHOMOPSIS_LEAF_SPOT/to_label_4304.jpg,PHOMOPSIS_LEAF_SPOT,3850,train
DLD_FinalDataset_224_spit/train/PHOMOPSIS_LEAF_SPOT/to_label_4305.jpg,PHOMOPSIS_LEAF_SPOT,3851,train
DLD_FinalDataset_224_spit/train/PHOMOPSIS_LEAF_SPOT/to_label_4306.jpg,PHOMOPSIS_LEAF_SPOT,3852,train
DLD_FinalDataset_224_spit/train/PHOMOPSIS_LEAF_SPOT/to_label_4309.jpg,PHOMOPSIS_LEAF_SPOT,3853,train
DLD_FinalDataset_224_spit/train/PHOMOPSIS_LEAF_SPOT/to_label_4310.jpg,PHOMOPSIS_LEAF_SPOT,3854,train
DLD_FinalDataset_224_spit/train/PHOMOPSIS_LEAF_SPOT/to_label_4311.jpg,PHOMOPSIS_LEAF_SPOT,3855,train
DLD_FinalDataset_224_spit/train/PHOMOPSIS_LEAF_SPOT/to_label_4312.jpg,PHOMOPSIS_LEAF_SPOT,3856,train
DLD_FinalDataset_224_spit/train/PHOMOPSIS_LEAF_SPOT/to_label_4313.jpg,PHOMOPSIS_LEAF_SPOT,3857,train
DLD_FinalDataset_224_spit/train/PHOMOPSIS_LEAF_SPOT/to_label_4314.jpg,PHOMOPSIS_LEAF_SPOT,3858,train
DLD_FinalDataset_224_spit/train/PHOMOPSIS_LEAF_SPOT/to_label_4315.jpg,PHOMOPSIS_LEAF_SPOT,3859,train
DLD_FinalDataset_224_spit/train/PHOMOPSIS_LEAF_SPOT/to_label_4316.jpg,PHOMOPSIS_LEAF_SPOT,3860,train
DLD_FinalDataset_224_spit/train/PHOMOPSIS_LEAF_SPOT/to_label_4318.jpg,PHOMOPSIS_LEAF_SPOT,3861,test
DLD_FinalDataset_224_spit/train/PHOMOPSIS_LEAF_SPOT/to_label_4320.jpg,PHOMOPSIS_LEAF_SPOT,3862,val
DLD_FinalDataset_224_spit/train/PHOMOPSIS_LEAF_SPOT/to_label_4321.jpg,PHOMOPSIS_LEAF_SPOT,3863,train
DLD_FinalDataset_224_spit/train/PHOMOPSIS_LEAF_SPOT/to_label_4322.jpg,PHOMOPSIS_LEAF_SPOT,3864,train
DLD_FinalDataset_224_spit/train/PHOMOPSIS_LEAF_SPOT/to_label_4323.jpg,PHOMOPSIS_LEAF_SPOT,3865,val
DLD_FinalDataset_224_spit/train/PHOMOPSIS_LEAF_SPOT/to_label_4324.jpg,PHOMOPSIS_LEAF_SPOT,3866,train
DLD_FinalDataset_224_spit/train/PHOMOPSIS_LEAF_SPOT/to_label_4325.jpg,PHOMOPSIS_LEAF_SPOT,3867,train
DLD_FinalDataset_224_spit/train/PHOMOPSIS_LEAF_SPOT/to_label_4328.jpg,PHOMOPSIS_LEAF_SPOT,3868,train
DLD_FinalDataset_224_spit/train/PHOMOPSIS_LEAF_SPOT/to_label_4329.jpg,PHOMOPSIS_LEAF_SPOT,3869,train
DLD_FinalDataset_224_spit/train/PHOMOPSIS_LEAF_SPOT/to_label_4330.jpg,PHOMOPSIS_LEAF_SPOT,3870,train
DLD_FinalDataset_224_spit/train/PHOMOPSIS_LEAF_SPOT/to_label_4332.jpg,PHOMOPSIS_LEAF_SPOT,3871,test
DLD_FinalDataset_224_spit/train/PHOMOPSIS_LEAF_SPOT/to_label_4334.jpg,PHOMOPSIS_LEAF_SPOT,3872,val
DLD_FinalDataset_224_spit/train/PHOMOPSIS_LEAF_SPOT/to_label_4335.jpg,PHOMOPSIS_LEAF_SPOT,3873,train
DLD_FinalDataset_224_spit/train/PHOMOPSIS_LEAF_SPOT/to_label_4337.jpg,PHOMOPSIS_LEAF_SPOT,3874,test
DLD_FinalDataset_224_spit/train/PHOMOPSIS_LEAF_SPOT/to_label_4341.jpg,PHOMOPSIS_LEAF_SPOT,3875,train
DLD_FinalDataset_224_spit/train/PHOMOPSIS_LEAF_SPOT/to_label_4342.jpg,PHOMOPSIS_LEAF_SPOT,3876,train
DLD_FinalDataset_224_spit/train/PHOMOPSIS_LEAF_SPOT/to_label_4344.jpg,PHOMOPSIS_LEAF_SPOT,3877,train
DLD_FinalDataset_224_spit/train/PHOMOPSIS_LEAF_SPOT/to_label_4345.jpg,PHOMOPSIS_LEAF_SPOT,3878,val
DLD_FinalDataset_224_spit/train/PHOMOPSIS_LEAF_SPOT/to_label_4347.jpg,PHOMOPSIS_LEAF_SPOT,3879,train
DLD_FinalDataset_224_spit/train/PHOMOPSIS_LEAF_SPOT/to_label_4348.jpg,PHOMOPSIS_LEAF_SPOT,3880,train
DLD_FinalDataset_224_spit/train/PHOMOPSIS_LEAF_SPOT/to_label_4349.jpg,PHOMOPSIS_LEAF_SPOT,3881,train
DLD_FinalDataset_224_spit/train/PHOMOPSIS_LEAF_SPOT/to_label_4350.jpg,PHOMOPSIS_LEAF_SPOT,3882,train
DLD_FinalDataset_224_spit/train/PHOMOPSIS_LEAF_SPOT/to_label_4352.jpg,PHOMOPSIS_LEAF_SPOT,3883,train
DLD_FinalDataset_224_spit/train/PHOMOPSIS_LEAF_SPOT/to_label_4353.jpg,PHOMOPSIS_LEAF_SPOT,3884,train
DLD_FinalDataset_224_spit/train/PHOMOPSIS_LEAF_SPOT/to_label_4354.jpg,PHOMOPSIS_LEAF_SPOT,3885,train
DLD_FinalDataset_224_spit/train/PHOMOPSIS_LEAF_SPOT/to_label_4355.jpg,PHOMOPSIS_LEAF_SPOT,3886,test
DLD_FinalDataset_224_spit/train/PHOMOPSIS_LEAF_SPOT/to_label_4356.jpg,PHOMOPSIS_LEAF_SPOT,3887,train
DLD_FinalDataset_224_spit/train/PHOMOPSIS_LEAF_SPOT/to_label_4357.jpg,PHOMOPSIS_LEAF_SPOT,3888,test
DLD_FinalDataset_224_spit/train/PHOMOPSIS_LEAF_SPOT/to_label_4358.jpg,PHOMOPSIS_LEAF_SPOT,3889,train
DLD_FinalDataset_224_spit/train/PHOMOPSIS_LEAF_SPOT/to_label_4360.jpg,PHOMOPSIS_LEAF_SPOT,3890,test
DLD_FinalDataset_224_spit/train/PHOMOPSIS_LEAF_SPOT/to_label_4361.jpg,PHOMOPSIS_LEAF_SPOT,3891,test
DLD_FinalDataset_224_spit/train/PHOMOPSIS_LEAF_SPOT/to_label_4364.jpg,PHOMOPSIS_LEAF_SPOT,3892,train
DLD_FinalDataset_224_spit/train/PHOMOPSIS_LEAF_SPOT/to_label_4365.jpg,PHOMOPSIS_LEAF_SPOT,3893,train
DLD_FinalDataset_224_spit/train/PHOMOPSIS_LEAF_SPOT/to_label_4366.jpg,PHOMOPSIS_LEAF_SPOT,3894,train
DLD_FinalDataset_224_spit/train/PHOMOPSIS_LEAF_SPOT/to_label_4367.jpg,PHOMOPSIS_LEAF_SPOT,3895,train
DLD_FinalDataset_224_spit/train/PHOMOPSIS_LEAF_SPOT/to_label_4368.jpg,PHOMOPSIS_LEAF_SPOT,3896,test
DLD_FinalDataset_224_spit/train/PHOMOPSIS_LEAF_SPOT/to_label_4369.jpg,PHOMOPSIS_LEAF_SPOT,3897,test
DLD_FinalDataset_224_spit/train/PHOMOPSIS_LEAF_SPOT/to_label_4370.jpg,PHOMOPSIS_LEAF_SPOT,3898,train
DLD_FinalDataset_224_spit/train/PHOMOPSIS_LEAF_SPOT/to_label_4371.jpg,PHOMOPSIS_LEAF_SPOT,3899,test
DLD_FinalDataset_224_spit/train/PHOMOPSIS_LEAF_SPOT/to_label_4372.jpg,PHOMOPSIS_LEAF_SPOT,3900,train
DLD_FinalDataset_224_spit/train/PHOMOPSIS_LEAF_SPOT/to_label_4373.jpg,PHOMOPSIS_LEAF_SPOT,3901,train
DLD_FinalDataset_224_spit/train/PHOMOPSIS_LEAF_SPOT/to_label_4375.jpg,PHOMOPSIS_LEAF_SPOT,3902,train
DLD_FinalDataset_224_spit/train/PHOMOPSIS_LEAF_SPOT/to_label_4376.jpg,PHOMOPSIS_LEAF_SPOT,3903,test
DLD_FinalDataset_224_spit/train/PHOMOPSIS_LEAF_SPOT/to_label_4377.jpg,PHOMOPSIS_LEAF_SPOT,3904,train
DLD_FinalDataset_224_spit/train/PHOMOPSIS_LEAF_SPOT/to_label_4378.jpg,PHOMOPSIS_LEAF_SPOT,3905,train
DLD_FinalDataset_224_spit/train/PHOMOPSIS_LEAF_SPOT/to_label_4379.jpg,PHOMOPSIS_LEAF_SPOT,3906,train
DLD_FinalDataset_224_spit/train/PHOMOPSIS_LEAF_SPOT/to_label_4380.jpg,PHOMOPSIS_LEAF_SPOT,3907,train
DLD_FinalDataset_224_spit/train/PHOMOPSIS_LEAF_SPOT/to_label_4381.jpg,PHOMOPSIS_LEAF_SPOT,3908,train
DLD_FinalDataset_224_spit/train/PHOMOPSIS_LEAF_SPOT/to_label_4382.jpg,PHOMOPSIS_LEAF_SPOT,3909,train
DLD_FinalDataset_224_spit/train/PHOMOPSIS_LEAF_SPOT/to_label_4383.jpg,PHOMOPSIS_LEAF_SPOT,3910,train
DLD_FinalDataset_224_spit/train/PHOMOPSIS_LEAF_SPOT/to_label_4385.jpg,PHOMOPSIS_LEAF_SPOT,3911,train
DLD_FinalDataset_224_spit/train/PHOMOPSIS_LEAF_SPOT/to_label_4386.jpg,PHOMOPSIS_LEAF_SPOT,3912,train
DLD_FinalDataset_224_spit/train/PHOMOPSIS_LEAF_SPOT/to_label_4387.jpg,PHOMOPSIS_LEAF_SPOT,3913,train
DLD_FinalDataset_224_spit/train/PHOMOPSIS_LEAF_SPOT/to_label_4388.jpg,PHOMOPSIS_LEAF_SPOT,3914,train
DLD_FinalDataset_224_spit/train/PHOMOPSIS_LEAF_SPOT/to_label_4391.jpg,PHOMOPSIS_LEAF_SPOT,3915,test
DLD_FinalDataset_224_spit/train/PHOMOPSIS_LEAF_SPOT/to_label_4392.jpg,PHOMOPSIS_LEAF_SPOT,3916,val
DLD_FinalDataset_224_spit/train/PHOMOPSIS_LEAF_SPOT/to_label_4394.jpg,PHOMOPSIS_LEAF_SPOT,3917,train
DLD_FinalDataset_224_spit/train/PHOMOPSIS_LEAF_SPOT/to_label_4398.jpg,PHOMOPSIS_LEAF_SPOT,3918,train
DLD_FinalDataset_224_spit/train/PHOMOPSIS_LEAF_SPOT/to_label_4399.jpg,PHOMOPSIS_LEAF_SPOT,3919,test
DLD_FinalDataset_224_spit/train/PHOMOPSIS_LEAF_SPOT/to_label_4400.jpg,PHOMOPSIS_LEAF_SPOT,3920,train
DLD_FinalDataset_224_spit/train/PHOMOPSIS_LEAF_SPOT/to_label_4401.jpg,PHOMOPSIS_LEAF_SPOT,3921,test
DLD_FinalDataset_224_spit/train/PHOMOPSIS_LEAF_SPOT/to_label_4402.jpg,PHOMOPSIS_LEAF_SPOT,3922,train
DLD_FinalDataset_224_spit/train/PHOMOPSIS_LEAF_SPOT/to_label_4404.jpg,PHOMOPSIS_LEAF_SPOT,3923,train
DLD_FinalDataset_224_spit/train/PHOMOPSIS_LEAF_SPOT/to_label_4405.jpg,PHOMOPSIS_LEAF_SPOT,3924,test
DLD_FinalDataset_224_spit/train/PHOMOPSIS_LEAF_SPOT/to_label_4406.jpg,PHOMOPSIS_LEAF_SPOT,3925,train
DLD_FinalDataset_224_spit/train/PHOMOPSIS_LEAF_SPOT/to_label_4407.jpg,PHOMOPSIS_LEAF_SPOT,3926,train
DLD_FinalDataset_224_spit/train/PHOMOPSIS_LEAF_SPOT/to_label_4409.jpg,PHOMOPSIS_LEAF_SPOT,3927,train
DLD_FinalDataset_224_spit/train/PHOMOPSIS_LEAF_SPOT/to_label_4410.jpg,PHOMOPSIS_LEAF_SPOT,3928,train
DLD_FinalDataset_224_spit/train/PHOMOPSIS_LEAF_SPOT/to_label_4411.jpg,PHOMOPSIS_LEAF_SPOT,3929,test
DLD_FinalDataset_224_spit/train/PHOMOPSIS_LEAF_SPOT/to_label_4415.jpg,PHOMOPSIS_LEAF_SPOT,3930,train
DLD_FinalDataset_224_spit/train/PHOMOPSIS_LEAF_SPOT/to_label_4418.jpg,PHOMOPSIS_LEAF_SPOT,3931,train
DLD_FinalDataset_224_spit/train/PHOMOPSIS_LEAF_SPOT/to_label_4419.jpg,PHOMOPSIS_LEAF_SPOT,3932,train
DLD_FinalDataset_224_spit/train/PHOMOPSIS_LEAF_SPOT/to_label_4420.jpg,PHOMOPSIS_LEAF_SPOT,3933,train
DLD_FinalDataset_224_spit/train/PHOMOPSIS_LEAF_SPOT/to_label_4421.jpg,PHOMOPSIS_LEAF_SPOT,3934,test
DLD_FinalDataset_224_spit/train/PHOMOPSIS_LEAF_SPOT/to_label_4422.jpg,PHOMOPSIS_LEAF_SPOT,3935,train
DLD_FinalDataset_224_spit/train/PHOMOPSIS_LEAF_SPOT/to_label_4424.jpg,PHOMOPSIS_LEAF_SPOT,3936,train
DLD_FinalDataset_224_spit/train/PHOMOPSIS_LEAF_SPOT/to_label_4426.jpg,PHOMOPSIS_LEAF_SPOT,3937,train
DLD_FinalDataset_224_spit/train/PHOMOPSIS_LEAF_SPOT/to_label_4427.jpg,PHOMOPSIS_LEAF_SPOT,3938,train
DLD_FinalDataset_224_spit/train/PHOMOPSIS_LEAF_SPOT/to_label_4428.jpg,PHOMOPSIS_LEAF_SPOT,3939,train
DLD_FinalDataset_224_spit/train/PHOMOPSIS_LEAF_SPOT/to_label_4429.jpg,PHOMOPSIS_LEAF_SPOT,3940,train
DLD_FinalDataset_224_spit/train/PHOMOPSIS_LEAF_SPOT/to_label_4430.jpg,PHOMOPSIS_LEAF_SPOT,3941,test
DLD_FinalDataset_224_spit/train/PHOMOPSIS_LEAF_SPOT/to_label_4435.jpg,PHOMOPSIS_LEAF_SPOT,3942,train
DLD_FinalDataset_224_spit/train/PHOMOPSIS_LEAF_SPOT/to_label_4436.jpg,PHOMOPSIS_LEAF_SPOT,3943,val
DLD_FinalDataset_224_spit/train/PHOMOPSIS_LEAF_SPOT/to_label_4438.jpg,PHOMOPSIS_LEAF_SPOT,3944,train
DLD_FinalDataset_224_spit/train/PHOMOPSIS_LEAF_SPOT/to_label_4439.jpg,PHOMOPSIS_LEAF_SPOT,3945,test
DLD_FinalDataset_224_spit/train/PHOMOPSIS_LEAF_SPOT/to_label_4440.jpg,PHOMOPSIS_LEAF_SPOT,3946,train
DLD_FinalDataset_224_spit/train/PHOMOPSIS_LEAF_SPOT/to_label_4441.jpg,PHOMOPSIS_LEAF_SPOT,3947,train
DLD_FinalDataset_224_spit/train/PHOMOPSIS_LEAF_SPOT/to_label_4442.jpg,PHOMOPSIS_LEAF_SPOT,3948,train
DLD_FinalDataset_224_spit/train/PHOMOPSIS_LEAF_SPOT/to_label_4444.jpg,PHOMOPSIS_LEAF_SPOT,3949,train
DLD_FinalDataset_224_spit/train/PHOMOPSIS_LEAF_SPOT/to_label_4446.jpg,PHOMOPSIS_LEAF_SPOT,3950,train
DLD_FinalDataset_224_spit/train/PHOMOPSIS_LEAF_SPOT/to_label_4448.jpg,PHOMOPSIS_LEAF_SPOT,3951,test
DLD_FinalDataset_224_spit/train/PHOMOPSIS_LEAF_SPOT/to_label_4450.jpg,PHOMOPSIS_LEAF_SPOT,3952,train
DLD_FinalDataset_224_spit/train/PHOMOPSIS_LEAF_SPOT/to_label_4451.jpg,PHOMOPSIS_LEAF_SPOT,3953,train
DLD_FinalDataset_224_spit/train/PHOMOPSIS_LEAF_SPOT/to_label_4452.jpg,PHOMOPSIS_LEAF_SPOT,3954,train
DLD_FinalDataset_224_spit/train/PHOMOPSIS_LEAF_SPOT/to_label_4455.jpg,PHOMOPSIS_LEAF_SPOT,3955,train
DLD_FinalDataset_224_spit/train/PHOMOPSIS_LEAF_SPOT/to_label_4457.jpg,PHOMOPSIS_LEAF_SPOT,3956,train
DLD_FinalDataset_224_spit/train/PHOMOPSIS_LEAF_SPOT/to_label_4458.jpg,PHOMOPSIS_LEAF_SPOT,3957,train
DLD_FinalDataset_224_spit/train/PHOMOPSIS_LEAF_SPOT/to_label_4460.jpg,PHOMOPSIS_LEAF_SPOT,3958,test
DLD_FinalDataset_224_spit/train/PHOMOPSIS_LEAF_SPOT/to_label_4461.jpg,PHOMOPSIS_LEAF_SPOT,3959,train
DLD_FinalDataset_224_spit/train/PHOMOPSIS_LEAF_SPOT/to_label_4462.jpg,PHOMOPSIS_LEAF_SPOT,3960,train
DLD_FinalDataset_224_spit/train/PHOMOPSIS_LEAF_SPOT/to_label_4465.jpg,PHOMOPSIS_LEAF_SPOT,3961,val
DLD_FinalDataset_224_spit/train/PHOMOPSIS_LEAF_SPOT/to_label_4466.jpg,PHOMOPSIS_LEAF_SPOT,3962,train
DLD_FinalDataset_224_spit/train/PHOMOPSIS_LEAF_SPOT/to_label_4467.jpg,PHOMOPSIS_LEAF_SPOT,3963,test
DLD_FinalDataset_224_spit/train/PHOMOPSIS_LEAF_SPOT/to_label_4468.jpg,PHOMOPSIS_LEAF_SPOT,3964,train
DLD_FinalDataset_224_spit/train/PHOMOPSIS_LEAF_SPOT/to_label_4469.jpg,PHOMOPSIS_LEAF_SPOT,3965,train
DLD_FinalDataset_224_spit/train/PHOMOPSIS_LEAF_SPOT/to_label_4470.jpg,PHOMOPSIS_LEAF_SPOT,3966,train
DLD_FinalDataset_224_spit/train/PHOMOPSIS_LEAF_SPOT/to_label_4471.jpg,PHOMOPSIS_LEAF_SPOT,3967,train
DLD_FinalDataset_224_spit/train/PHOMOPSIS_LEAF_SPOT/to_label_4472.jpg,PHOMOPSIS_LEAF_SPOT,3968,train
DLD_FinalDataset_224_spit/train/PHOMOPSIS_LEAF_SPOT/to_label_4473.jpg,PHOMOPSIS_LEAF_SPOT,3969,test
DLD_FinalDataset_224_spit/train/PHOMOPSIS_LEAF_SPOT/to_label_4474.jpg,PHOMOPSIS_LEAF_SPOT,3970,val
DLD_FinalDataset_224_spit/train/PHOMOPSIS_LEAF_SPOT/to_label_4475.jpg,PHOMOPSIS_LEAF_SPOT,3971,val
DLD_FinalDataset_224_spit/train/PHOMOPSIS_LEAF_SPOT/to_label_4476.jpg,PHOMOPSIS_LEAF_SPOT,3972,train
DLD_FinalDataset_224_spit/train/PHOMOPSIS_LEAF_SPOT/to_label_4478.jpg,PHOMOPSIS_LEAF_SPOT,3973,train
DLD_FinalDataset_224_spit/train/PHOMOPSIS_LEAF_SPOT/to_label_4479.jpg,PHOMOPSIS_LEAF_SPOT,3974,train
DLD_FinalDataset_224_spit/train/PHOMOPSIS_LEAF_SPOT/to_label_4482.jpg,PHOMOPSIS_LEAF_SPOT,3975,test
DLD_FinalDataset_224_spit/train/PHOMOPSIS_LEAF_SPOT/to_label_4483.jpg,PHOMOPSIS_LEAF_SPOT,3976,train
DLD_FinalDataset_224_spit/train/PHOMOPSIS_LEAF_SPOT/to_label_4484.jpg,PHOMOPSIS_LEAF_SPOT,3977,train
DLD_FinalDataset_224_spit/train/PHOMOPSIS_LEAF_SPOT/to_label_4485.jpg,PHOMOPSIS_LEAF_SPOT,3978,train
DLD_FinalDataset_224_spit/train/PHOMOPSIS_LEAF_SPOT/to_label_4488.jpg,PHOMOPSIS_LEAF_SPOT,3979,val
DLD_FinalDataset_224_spit/train/PHOMOPSIS_LEAF_SPOT/to_label_4489.jpg,PHOMOPSIS_LEAF_SPOT,3980,train
DLD_FinalDataset_224_spit/train/PHOMOPSIS_LEAF_SPOT/to_label_4491.jpg,PHOMOPSIS_LEAF_SPOT,3981,test
DLD_FinalDataset_224_spit/train/PHOMOPSIS_LEAF_SPOT/to_label_4492.jpg,PHOMOPSIS_LEAF_SPOT,3982,train
DLD_FinalDataset_224_spit/train/PHOMOPSIS_LEAF_SPOT/to_label_4493.jpg,PHOMOPSIS_LEAF_SPOT,3983,test
DLD_FinalDataset_224_spit/train/PHOMOPSIS_LEAF_SPOT/to_label_4494.jpg,PHOMOPSIS_LEAF_SPOT,3984,test
DLD_FinalDataset_224_spit/train/PHOMOPSIS_LEAF_SPOT/to_label_4497.jpg,PHOMOPSIS_LEAF_SPOT,3985,train
DLD_FinalDataset_224_spit/train/PHOMOPSIS_LEAF_SPOT/to_label_4498.jpg,PHOMOPSIS_LEAF_SPOT,3986,train
DLD_FinalDataset_224_spit/train/PHOMOPSIS_LEAF_SPOT/to_label_4499.jpg,PHOMOPSIS_LEAF_SPOT,3987,test
DLD_FinalDataset_224_spit/train/PHOMOPSIS_LEAF_SPOT/to_label_4500.jpg,PHOMOPSIS_LEAF_SPOT,3988,train
DLD_FinalDataset_224_spit/val/ALGAL_LEAF_SPOT/to_label_115.jpg,ALGAL_LEAF_SPOT,3989,train
DLD_FinalDataset_224_spit/val/ALGAL_LEAF_SPOT/to_label_120.jpg,ALGAL_LEAF_SPOT,3990,train
DLD_FinalDataset_224_spit/val/ALGAL_LEAF_SPOT/to_label_125.jpg,ALGAL_LEAF_SPOT,3991,train
DLD_FinalDataset_224_spit/val/ALGAL_LEAF_SPOT/to_label_129.jpg,ALGAL_LEAF_SPOT,3992,train
DLD_FinalDataset_224_spit/val/ALGAL_LEAF_SPOT/to_label_136.jpg,ALGAL_LEAF_SPOT,3993,train
DLD_FinalDataset_224_spit/val/ALGAL_LEAF_SPOT/to_label_143.jpg,ALGAL_LEAF_SPOT,3994,train
DLD_FinalDataset_224_spit/val/ALGAL_LEAF_SPOT/to_label_145.jpg,ALGAL_LEAF_SPOT,3995,train
DLD_FinalDataset_224_spit/val/ALGAL_LEAF_SPOT/to_label_149.jpg,ALGAL_LEAF_SPOT,3996,train
DLD_FinalDataset_224_spit/val/ALGAL_LEAF_SPOT/to_label_15.jpg,ALGAL_LEAF_SPOT,3997,train
DLD_FinalDataset_224_spit/val/ALGAL_LEAF_SPOT/to_label_153.jpg,ALGAL_LEAF_SPOT,3998,val
DLD_FinalDataset_224_spit/val/ALGAL_LEAF_SPOT/to_label_159.jpg,ALGAL_LEAF_SPOT,3999,train
DLD_FinalDataset_224_spit/val/ALGAL_LEAF_SPOT/to_label_175.jpg,ALGAL_LEAF_SPOT,4000,train
DLD_FinalDataset_224_spit/val/ALGAL_LEAF_SPOT/to_label_224.jpg,ALGAL_LEAF_SPOT,4001,test
DLD_FinalDataset_224_spit/val/ALGAL_LEAF_SPOT/to_label_23.jpg,ALGAL_LEAF_SPOT,4002,train
DLD_FinalDataset_224_spit/val/ALGAL_LEAF_SPOT/to_label_247.jpg,ALGAL_LEAF_SPOT,4003,test
DLD_FinalDataset_224_spit/val/ALGAL_LEAF_SPOT/to_label_248.jpg,ALGAL_LEAF_SPOT,4004,train
DLD_FinalDataset_224_spit/val/ALGAL_LEAF_SPOT/to_label_258.jpg,ALGAL_LEAF_SPOT,4005,train
DLD_FinalDataset_224_spit/val/ALGAL_LEAF_SPOT/to_label_276.jpg,ALGAL_LEAF_SPOT,4006,train
DLD_FinalDataset_224_spit/val/ALGAL_LEAF_SPOT/to_label_287.jpg,ALGAL_LEAF_SPOT,4007,train
DLD_FinalDataset_224_spit/val/ALGAL_LEAF_SPOT/to_label_288.jpg,ALGAL_LEAF_SPOT,4008,train
DLD_FinalDataset_224_spit/val/ALGAL_LEAF_SPOT/to_label_289.jpg,ALGAL_LEAF_SPOT,4009,train
DLD_FinalDataset_224_spit/val/ALGAL_LEAF_SPOT/to_label_29.jpg,ALGAL_LEAF_SPOT,4010,train
DLD_FinalDataset_224_spit/val/ALGAL_LEAF_SPOT/to_label_290.jpg,ALGAL_LEAF_SPOT,4011,val
DLD_FinalDataset_224_spit/val/ALGAL_LEAF_SPOT/to_label_291.jpg,ALGAL_LEAF_SPOT,4012,train
DLD_FinalDataset_224_spit/val/ALGAL_LEAF_SPOT/to_label_293.jpg,ALGAL_LEAF_SPOT,4013,train
DLD_FinalDataset_224_spit/val/ALGAL_LEAF_SPOT/to_label_30.jpg,ALGAL_LEAF_SPOT,4014,test
DLD_FinalDataset_224_spit/val/ALGAL_LEAF_SPOT/to_label_31.jpg,ALGAL_LEAF_SPOT,4015,train
DLD_FinalDataset_224_spit/val/ALGAL_LEAF_SPOT/to_label_310.jpg,ALGAL_LEAF_SPOT,4016,train
DLD_FinalDataset_224_spit/val/ALGAL_LEAF_SPOT/to_label_321.jpg,ALGAL_LEAF_SPOT,4017,val
DLD_FinalDataset_224_spit/val/ALGAL_LEAF_SPOT/to_label_324.jpg,ALGAL_LEAF_SPOT,4018,train
DLD_FinalDataset_224_spit/val/ALGAL_LEAF_SPOT/to_label_338.jpg,ALGAL_LEAF_SPOT,4019,train
DLD_FinalDataset_224_spit/val/ALGAL_LEAF_SPOT/to_label_364.jpg,ALGAL_LEAF_SPOT,4020,train
DLD_FinalDataset_224_spit/val/ALGAL_LEAF_SPOT/to_label_371.jpg,ALGAL_LEAF_SPOT,4021,test
DLD_FinalDataset_224_spit/val/ALGAL_LEAF_SPOT/to_label_375.jpg,ALGAL_LEAF_SPOT,4022,train
DLD_FinalDataset_224_spit/val/ALGAL_LEAF_SPOT/to_label_396.jpg,ALGAL_LEAF_SPOT,4023,train
DLD_FinalDataset_224_spit/val/ALGAL_LEAF_SPOT/to_label_405.jpg,ALGAL_LEAF_SPOT,4024,train
DLD_FinalDataset_224_spit/val/ALGAL_LEAF_SPOT/to_label_409.jpg,ALGAL_LEAF_SPOT,4025,train
DLD_FinalDataset_224_spit/val/ALGAL_LEAF_SPOT/to_label_433.jpg,ALGAL_LEAF_SPOT,4026,train
DLD_FinalDataset_224_spit/val/ALGAL_LEAF_SPOT/to_label_437.jpg,ALGAL_LEAF_SPOT,4027,val
DLD_FinalDataset_224_spit/val/ALGAL_LEAF_SPOT/to_label_439.jpg,ALGAL_LEAF_SPOT,4028,train
DLD_FinalDataset_224_spit/val/ALGAL_LEAF_SPOT/to_label_456.jpg,ALGAL_LEAF_SPOT,4029,train
DLD_FinalDataset_224_spit/val/ALGAL_LEAF_SPOT/to_label_464.jpg,ALGAL_LEAF_SPOT,4030,train
DLD_FinalDataset_224_spit/val/ALGAL_LEAF_SPOT/to_label_467.jpg,ALGAL_LEAF_SPOT,4031,val
DLD_FinalDataset_224_spit/val/ALGAL_LEAF_SPOT/to_label_475.jpg,ALGAL_LEAF_SPOT,4032,train
DLD_FinalDataset_224_spit/val/ALGAL_LEAF_SPOT/to_label_500.jpg,ALGAL_LEAF_SPOT,4033,train
DLD_FinalDataset_224_spit/val/ALGAL_LEAF_SPOT/to_label_501.jpg,ALGAL_LEAF_SPOT,4034,train
DLD_FinalDataset_224_spit/val/ALGAL_LEAF_SPOT/to_label_52.jpg,ALGAL_LEAF_SPOT,4035,train
DLD_FinalDataset_224_spit/val/ALGAL_LEAF_SPOT/to_label_520.jpg,ALGAL_LEAF_SPOT,4036,test
DLD_FinalDataset_224_spit/val/ALGAL_LEAF_SPOT/to_label_522.jpg,ALGAL_LEAF_SPOT,4037,train
DLD_FinalDataset_224_spit/val/ALGAL_LEAF_SPOT/to_label_530.jpg,ALGAL_LEAF_SPOT,4038,val
DLD_FinalDataset_224_spit/val/ALGAL_LEAF_SPOT/to_label_534.jpg,ALGAL_LEAF_SPOT,4039,train
DLD_FinalDataset_224_spit/val/ALGAL_LEAF_SPOT/to_label_545.jpg,ALGAL_LEAF_SPOT,4040,train
DLD_FinalDataset_224_spit/val/ALGAL_LEAF_SPOT/to_label_563.jpg,ALGAL_LEAF_SPOT,4041,train
DLD_FinalDataset_224_spit/val/ALGAL_LEAF_SPOT/to_label_564.jpg,ALGAL_LEAF_SPOT,4042,train
DLD_FinalDataset_224_spit/val/ALGAL_LEAF_SPOT/to_label_58.jpg,ALGAL_LEAF_SPOT,4043,train
DLD_FinalDataset_224_spit/val/ALGAL_LEAF_SPOT/to_label_581.jpg,ALGAL_LEAF_SPOT,4044,test
DLD_FinalDataset_224_spit/val/ALGAL_LEAF_SPOT/to_label_584.jpg,ALGAL_LEAF_SPOT,4045,test
DLD_FinalDataset_224_spit/val/ALGAL_LEAF_SPOT/to_label_601.jpg,ALGAL_LEAF_SPOT,4046,test
DLD_FinalDataset_224_spit/val/ALGAL_LEAF_SPOT/to_label_618.jpg,ALGAL_LEAF_SPOT,4047,val
DLD_FinalDataset_224_spit/val/ALGAL_LEAF_SPOT/to_label_621.jpg,ALGAL_LEAF_SPOT,4048,train
DLD_FinalDataset_224_spit/val/ALGAL_LEAF_SPOT/to_label_625.jpg,ALGAL_LEAF_SPOT,4049,train
DLD_FinalDataset_224_spit/val/ALGAL_LEAF_SPOT/to_label_639.jpg,ALGAL_LEAF_SPOT,4050,val
DLD_FinalDataset_224_spit/val/ALGAL_LEAF_SPOT/to_label_646.jpg,ALGAL_LEAF_SPOT,4051,val
DLD_FinalDataset_224_spit/val/ALGAL_LEAF_SPOT/to_label_666.jpg,ALGAL_LEAF_SPOT,4052,train
DLD_FinalDataset_224_spit/val/ALGAL_LEAF_SPOT/to_label_671.jpg,ALGAL_LEAF_SPOT,4053,train
DLD_FinalDataset_224_spit/val/ALGAL_LEAF_SPOT/to_label_704.jpg,ALGAL_LEAF_SPOT,4054,train
DLD_FinalDataset_224_spit/val/ALGAL_LEAF_SPOT/to_label_711.jpg,ALGAL_LEAF_SPOT,4055,train
DLD_FinalDataset_224_spit/val/ALGAL_LEAF_SPOT/to_label_713.jpg,ALGAL_LEAF_SPOT,4056,val
DLD_FinalDataset_224_spit/val/ALGAL_LEAF_SPOT/to_label_715.jpg,ALGAL_LEAF_SPOT,4057,train
DLD_FinalDataset_224_spit/val/ALGAL_LEAF_SPOT/to_label_723.jpg,ALGAL_LEAF_SPOT,4058,train
DLD_FinalDataset_224_spit/val/ALGAL_LEAF_SPOT/to_label_729.jpg,ALGAL_LEAF_SPOT,4059,train
DLD_FinalDataset_224_spit/val/ALGAL_LEAF_SPOT/to_label_95.jpg,ALGAL_LEAF_SPOT,4060,train
DLD_FinalDataset_224_spit/val/ALGAL_LEAF_SPOT/to_label_98.jpg,ALGAL_LEAF_SPOT,4061,train
DLD_FinalDataset_224_spit/val/ALLOCARIDARA_ATTACK/to_label_1002.jpg,ALLOCARIDARA_ATTACK,4062,val
DLD_FinalDataset_224_spit/val/ALLOCARIDARA_ATTACK/to_label_1005.jpg,ALLOCARIDARA_ATTACK,4063,train
DLD_FinalDataset_224_spit/val/ALLOCARIDARA_ATTACK/to_label_1024.jpg,ALLOCARIDARA_ATTACK,4064,test
DLD_FinalDataset_224_spit/val/ALLOCARIDARA_ATTACK/to_label_1030.jpg,ALLOCARIDARA_ATTACK,4065,train
DLD_FinalDataset_224_spit/val/ALLOCARIDARA_ATTACK/to_label_1034.jpg,ALLOCARIDARA_ATTACK,4066,train
DLD_FinalDataset_224_spit/val/ALLOCARIDARA_ATTACK/to_label_1058.jpg,ALLOCARIDARA_ATTACK,4067,test
DLD_FinalDataset_224_spit/val/ALLOCARIDARA_ATTACK/to_label_1069.jpg,ALLOCARIDARA_ATTACK,4068,train
DLD_FinalDataset_224_spit/val/ALLOCARIDARA_ATTACK/to_label_1072.jpg,ALLOCARIDARA_ATTACK,4069,train
DLD_FinalDataset_224_spit/val/ALLOCARIDARA_ATTACK/to_label_1085.jpg,ALLOCARIDARA_ATTACK,4070,test
DLD_FinalDataset_224_spit/val/ALLOCARIDARA_ATTACK/to_label_1086.jpg,ALLOCARIDARA_ATTACK,4071,test
DLD_FinalDataset_224_spit/val/ALLOCARIDARA_ATTACK/to_label_1087.jpg,ALLOCARIDARA_ATTACK,4072,test
DLD_FinalDataset_224_spit/val/ALLOCARIDARA_ATTACK/to_label_1090.jpg,ALLOCARIDARA_ATTACK,4073,train
DLD_FinalDataset_224_spit/val/ALLOCARIDARA_ATTACK/to_label_1091.jpg,ALLOCARIDARA_ATTACK,4074,train
DLD_FinalDataset_224_spit/val/ALLOCARIDARA_ATTACK/to_label_1105.jpg,ALLOCARIDARA_ATTACK,4075,train
DLD_FinalDataset_224_spit/val/ALLOCARIDARA_ATTACK/to_label_1116.jpg,ALLOCARIDARA_ATTACK,4076,test
DLD_FinalDataset_224_spit/val/ALLOCARIDARA_ATTACK/to_label_1119.jpg,ALLOCARIDARA_ATTACK,4077,train
DLD_FinalDataset_224_spit/val/ALLOCARIDARA_ATTACK/to_label_1129.jpg,ALLOCARIDARA_ATTACK,4078,train
DLD_FinalDataset_224_spit/val/ALLOCARIDARA_ATTACK/to_label_1143.jpg,ALLOCARIDARA_ATTACK,4079,train
DLD_FinalDataset_224_spit/val/ALLOCARIDARA_ATTACK/to_label_1168.jpg,ALLOCARIDARA_ATTACK,4080,test
DLD_FinalDataset_224_spit/val/ALLOCARIDARA_ATTACK/to_label_1178.jpg,ALLOCARIDARA_ATTACK,4081,test
DLD_FinalDataset_224_spit/val/ALLOCARIDARA_ATTACK/to_label_1184.jpg,ALLOCARIDARA_ATTACK,4082,train
DLD_FinalDataset_224_spit/val/ALLOCARIDARA_ATTACK/to_label_1237.jpg,ALLOCARIDARA_ATTACK,4083,train
DLD_FinalDataset_224_spit/val/ALLOCARIDARA_ATTACK/to_label_1241.jpg,ALLOCARIDARA_ATTACK,4084,test
DLD_FinalDataset_224_spit/val/ALLOCARIDARA_ATTACK/to_label_1258.jpg,ALLOCARIDARA_ATTACK,4085,train
DLD_FinalDataset_224_spit/val/ALLOCARIDARA_ATTACK/to_label_1270.jpg,ALLOCARIDARA_ATTACK,4086,train
DLD_FinalDataset_224_spit/val/ALLOCARIDARA_ATTACK/to_label_1277.jpg,ALLOCARIDARA_ATTACK,4087,train
DLD_FinalDataset_224_spit/val/ALLOCARIDARA_ATTACK/to_label_1286.jpg,ALLOCARIDARA_ATTACK,4088,train
DLD_FinalDataset_224_spit/val/ALLOCARIDARA_ATTACK/to_label_1291.jpg,ALLOCARIDARA_ATTACK,4089,train
DLD_FinalDataset_224_spit/val/ALLOCARIDARA_ATTACK/to_label_1303.jpg,ALLOCARIDARA_ATTACK,4090,test
DLD_FinalDataset_224_spit/val/ALLOCARIDARA_ATTACK/to_label_1307.jpg,ALLOCARIDARA_ATTACK,4091,train
DLD_FinalDataset_224_spit/val/ALLOCARIDARA_ATTACK/to_label_1311.jpg,ALLOCARIDARA_ATTACK,4092,test
DLD_FinalDataset_224_spit/val/ALLOCARIDARA_ATTACK/to_label_1322.jpg,ALLOCARIDARA_ATTACK,4093,test
DLD_FinalDataset_224_spit/val/ALLOCARIDARA_ATTACK/to_label_1325.jpg,ALLOCARIDARA_ATTACK,4094,train
DLD_FinalDataset_224_spit/val/ALLOCARIDARA_ATTACK/to_label_1327.jpg,ALLOCARIDARA_ATTACK,4095,train
DLD_FinalDataset_224_spit/val/ALLOCARIDARA_ATTACK/to_label_1330.jpg,ALLOCARIDARA_ATTACK,4096,test
DLD_FinalDataset_224_spit/val/ALLOCARIDARA_ATTACK/to_label_1339.jpg,ALLOCARIDARA_ATTACK,4097,train
DLD_FinalDataset_224_spit/val/ALLOCARIDARA_ATTACK/to_label_1342.jpg,ALLOCARIDARA_ATTACK,4098,train
DLD_FinalDataset_224_spit/val/ALLOCARIDARA_ATTACK/to_label_1349.jpg,ALLOCARIDARA_ATTACK,4099,train
DLD_FinalDataset_224_spit/val/ALLOCARIDARA_ATTACK/to_label_1357.jpg,ALLOCARIDARA_ATTACK,4100,test
DLD_FinalDataset_224_spit/val/ALLOCARIDARA_ATTACK/to_label_1362.jpg,ALLOCARIDARA_ATTACK,4101,test
DLD_FinalDataset_224_spit/val/ALLOCARIDARA_ATTACK/to_label_1368.jpg,ALLOCARIDARA_ATTACK,4102,test
DLD_FinalDataset_224_spit/val/ALLOCARIDARA_ATTACK/to_label_1370.jpg,ALLOCARIDARA_ATTACK,4103,train
DLD_FinalDataset_224_spit/val/ALLOCARIDARA_ATTACK/to_label_1374.jpg,ALLOCARIDARA_ATTACK,4104,train
DLD_FinalDataset_224_spit/val/ALLOCARIDARA_ATTACK/to_label_1393.jpg,ALLOCARIDARA_ATTACK,4105,test
DLD_FinalDataset_224_spit/val/ALLOCARIDARA_ATTACK/to_label_1400.jpg,ALLOCARIDARA_ATTACK,4106,test
DLD_FinalDataset_224_spit/val/ALLOCARIDARA_ATTACK/to_label_1418.jpg,ALLOCARIDARA_ATTACK,4107,train
DLD_FinalDataset_224_spit/val/ALLOCARIDARA_ATTACK/to_label_1435.jpg,ALLOCARIDARA_ATTACK,4108,test
DLD_FinalDataset_224_spit/val/ALLOCARIDARA_ATTACK/to_label_1441.jpg,ALLOCARIDARA_ATTACK,4109,test
DLD_FinalDataset_224_spit/val/ALLOCARIDARA_ATTACK/to_label_1446.jpg,ALLOCARIDARA_ATTACK,4110,train
DLD_FinalDataset_224_spit/val/ALLOCARIDARA_ATTACK/to_label_1452.jpg,ALLOCARIDARA_ATTACK,4111,test
DLD_FinalDataset_224_spit/val/ALLOCARIDARA_ATTACK/to_label_1457.jpg,ALLOCARIDARA_ATTACK,4112,train
DLD_FinalDataset_224_spit/val/ALLOCARIDARA_ATTACK/to_label_1458.jpg,ALLOCARIDARA_ATTACK,4113,val
DLD_FinalDataset_224_spit/val/ALLOCARIDARA_ATTACK/to_label_1462.jpg,ALLOCARIDARA_ATTACK,4114,train
DLD_FinalDataset_224_spit/val/ALLOCARIDARA_ATTACK/to_label_1464.jpg,ALLOCARIDARA_ATTACK,4115,train
DLD_FinalDataset_224_spit/val/ALLOCARIDARA_ATTACK/to_label_1466.jpg,ALLOCARIDARA_ATTACK,4116,train
DLD_FinalDataset_224_spit/val/ALLOCARIDARA_ATTACK/to_label_1470.jpg,ALLOCARIDARA_ATTACK,4117,train
DLD_FinalDataset_224_spit/val/ALLOCARIDARA_ATTACK/to_label_1475.jpg,ALLOCARIDARA_ATTACK,4118,val
DLD_FinalDataset_224_spit/val/ALLOCARIDARA_ATTACK/to_label_1481.jpg,ALLOCARIDARA_ATTACK,4119,test
DLD_FinalDataset_224_spit/val/ALLOCARIDARA_ATTACK/to_label_1490.jpg,ALLOCARIDARA_ATTACK,4120,train
DLD_FinalDataset_224_spit/val/ALLOCARIDARA_ATTACK/to_label_1495.jpg,ALLOCARIDARA_ATTACK,4121,train
DLD_FinalDataset_224_spit/val/ALLOCARIDARA_ATTACK/to_label_1511.jpg,ALLOCARIDARA_ATTACK,4122,train
DLD_FinalDataset_224_spit/val/ALLOCARIDARA_ATTACK/to_label_1520.jpg,ALLOCARIDARA_ATTACK,4123,test
DLD_FinalDataset_224_spit/val/ALLOCARIDARA_ATTACK/to_label_1536.jpg,ALLOCARIDARA_ATTACK,4124,train
DLD_FinalDataset_224_spit/val/ALLOCARIDARA_ATTACK/to_label_1553.jpg,ALLOCARIDARA_ATTACK,4125,train
DLD_FinalDataset_224_spit/val/ALLOCARIDARA_ATTACK/to_label_1558.jpg,ALLOCARIDARA_ATTACK,4126,train
DLD_FinalDataset_224_spit/val/ALLOCARIDARA_ATTACK/to_label_1559.jpg,ALLOCARIDARA_ATTACK,4127,val
DLD_FinalDataset_224_spit/val/ALLOCARIDARA_ATTACK/to_label_1565.jpg,ALLOCARIDARA_ATTACK,4128,train
DLD_FinalDataset_224_spit/val/ALLOCARIDARA_ATTACK/to_label_1584.jpg,ALLOCARIDARA_ATTACK,4129,test
DLD_FinalDataset_224_spit/val/ALLOCARIDARA_ATTACK/to_label_1602.jpg,ALLOCARIDARA_ATTACK,4130,train
DLD_FinalDataset_224_spit/val/ALLOCARIDARA_ATTACK/to_label_1605.jpg,ALLOCARIDARA_ATTACK,4131,test
DLD_FinalDataset_224_spit/val/ALLOCARIDARA_ATTACK/to_label_1609.jpg,ALLOCARIDARA_ATTACK,4132,train
DLD_FinalDataset_224_spit/val/ALLOCARIDARA_ATTACK/to_label_1618.jpg,ALLOCARIDARA_ATTACK,4133,train
DLD_FinalDataset_224_spit/val/ALLOCARIDARA_ATTACK/to_label_1635.jpg,ALLOCARIDARA_ATTACK,4134,train
DLD_FinalDataset_224_spit/val/ALLOCARIDARA_ATTACK/to_label_1664.jpg,ALLOCARIDARA_ATTACK,4135,test
DLD_FinalDataset_224_spit/val/ALLOCARIDARA_ATTACK/to_label_1666.jpg,ALLOCARIDARA_ATTACK,4136,train
DLD_FinalDataset_224_spit/val/ALLOCARIDARA_ATTACK/to_label_1681.jpg,ALLOCARIDARA_ATTACK,4137,train
DLD_FinalDataset_224_spit/val/ALLOCARIDARA_ATTACK/to_label_749.jpg,ALLOCARIDARA_ATTACK,4138,train
DLD_FinalDataset_224_spit/val/ALLOCARIDARA_ATTACK/to_label_754.jpg,ALLOCARIDARA_ATTACK,4139,train
DLD_FinalDataset_224_spit/val/ALLOCARIDARA_ATTACK/to_label_783.jpg,ALLOCARIDARA_ATTACK,4140,train
DLD_FinalDataset_224_spit/val/ALLOCARIDARA_ATTACK/to_label_787.jpg,ALLOCARIDARA_ATTACK,4141,val
DLD_FinalDataset_224_spit/val/ALLOCARIDARA_ATTACK/to_label_875.jpg,ALLOCARIDARA_ATTACK,4142,train
DLD_FinalDataset_224_spit/val/ALLOCARIDARA_ATTACK/to_label_895.jpg,ALLOCARIDARA_ATTACK,4143,train
DLD_FinalDataset_224_spit/val/ALLOCARIDARA_ATTACK/to_label_912.jpg,ALLOCARIDARA_ATTACK,4144,val
DLD_FinalDataset_224_spit/val/ALLOCARIDARA_ATTACK/to_label_929.jpg,ALLOCARIDARA_ATTACK,4145,test
DLD_FinalDataset_224_spit/val/ALLOCARIDARA_ATTACK/to_label_932.jpg,ALLOCARIDARA_ATTACK,4146,train
DLD_FinalDataset_224_spit/val/ALLOCARIDARA_ATTACK/to_label_938.jpg,ALLOCARIDARA_ATTACK,4147,train
DLD_FinalDataset_224_spit/val/ALLOCARIDARA_ATTACK/to_label_940.jpg,ALLOCARIDARA_ATTACK,4148,train
DLD_FinalDataset_224_spit/val/ALLOCARIDARA_ATTACK/to_label_948.jpg,ALLOCARIDARA_ATTACK,4149,train
DLD_FinalDataset_224_spit/val/ALLOCARIDARA_ATTACK/to_label_950.jpg,ALLOCARIDARA_ATTACK,4150,train
DLD_FinalDataset_224_spit/val/ALLOCARIDARA_ATTACK/to_label_977.jpg,ALLOCARIDARA_ATTACK,4151,train
DLD_FinalDataset_224_spit/val/ALLOCARIDARA_ATTACK/to_label_995.jpg,ALLOCARIDARA_ATTACK,4152,train
DLD_FinalDataset_224_spit/val/HEALTHY_LEAF/to_label_1712.jpg,HEALTHY_LEAF,4153,val
DLD_FinalDataset_224_spit/val/HEALTHY_LEAF/to_label_1741.jpg,HEALTHY_LEAF,4154,val
DLD_FinalDataset_224_spit/val/HEALTHY_LEAF/to_label_1743.jpg,HEALTHY_LEAF,4155,train
DLD_FinalDataset_224_spit/val/HEALTHY_LEAF/to_label_1749.jpg,HEALTHY_LEAF,4156,test
DLD_FinalDataset_224_spit/val/HEALTHY_LEAF/to_label_1759.jpg,HEALTHY_LEAF,4157,test
DLD_FinalDataset_224_spit/val/HEALTHY_LEAF/to_label_1765.jpg,HEALTHY_LEAF,4158,train
DLD_FinalDataset_224_spit/val/HEALTHY_LEAF/to_label_1770.jpg,HEALTHY_LEAF,4159,train
DLD_FinalDataset_224_spit/val/HEALTHY_LEAF/to_label_1782.jpg,HEALTHY_LEAF,4160,test
DLD_FinalDataset_224_spit/val/HEALTHY_LEAF/to_label_1794.jpg,HEALTHY_LEAF,4161,train
DLD_FinalDataset_224_spit/val/HEALTHY_LEAF/to_label_1796.jpg,HEALTHY_LEAF,4162,train
DLD_FinalDataset_224_spit/val/HEALTHY_LEAF/to_label_1798.jpg,HEALTHY_LEAF,4163,train
DLD_FinalDataset_224_spit/val/HEALTHY_LEAF/to_label_1806.jpg,HEALTHY_LEAF,4164,train
DLD_FinalDataset_224_spit/val/HEALTHY_LEAF/to_label_1807.jpg,HEALTHY_LEAF,4165,train
DLD_FinalDataset_224_spit/val/HEALTHY_LEAF/to_label_1830.jpg,HEALTHY_LEAF,4166,train
DLD_FinalDataset_224_spit/val/HEALTHY_LEAF/to_label_1847.jpg,HEALTHY_LEAF,4167,val
DLD_FinalDataset_224_spit/val/HEALTHY_LEAF/to_label_1878.jpg,HEALTHY_LEAF,4168,val
DLD_FinalDataset_224_spit/val/HEALTHY_LEAF/to_label_1902.jpg,HEALTHY_LEAF,4169,test
DLD_FinalDataset_224_spit/val/HEALTHY_LEAF/to_label_1914.jpg,HEALTHY_LEAF,4170,test
DLD_FinalDataset_224_spit/val/HEALTHY_LEAF/to_label_1921.jpg,HEALTHY_LEAF,4171,train
DLD_FinalDataset_224_spit/val/HEALTHY_LEAF/to_label_1923.jpg,HEALTHY_LEAF,4172,train
DLD_FinalDataset_224_spit/val/HEALTHY_LEAF/to_label_1925.jpg,HEALTHY_LEAF,4173,val
DLD_FinalDataset_224_spit/val/HEALTHY_LEAF/to_label_1941.jpg,HEALTHY_LEAF,4174,train
DLD_FinalDataset_224_spit/val/HEALTHY_LEAF/to_label_1957.jpg,HEALTHY_LEAF,4175,train
DLD_FinalDataset_224_spit/val/HEALTHY_LEAF/to_label_1960.jpg,HEALTHY_LEAF,4176,train
DLD_FinalDataset_224_spit/val/HEALTHY_LEAF/to_label_1964.jpg,HEALTHY_LEAF,4177,train
DLD_FinalDataset_224_spit/val/HEALTHY_LEAF/to_label_1970.jpg,HEALTHY_LEAF,4178,test
DLD_FinalDataset_224_spit/val/HEALTHY_LEAF/to_label_1971.jpg,HEALTHY_LEAF,4179,train
DLD_FinalDataset_224_spit/val/HEALTHY_LEAF/to_label_2009.jpg,HEALTHY_LEAF,4180,train
DLD_FinalDataset_224_spit/val/HEALTHY_LEAF/to_label_2015.jpg,HEALTHY_LEAF,4181,train
DLD_FinalDataset_224_spit/val/HEALTHY_LEAF/to_label_2016.jpg,HEALTHY_LEAF,4182,train
DLD_FinalDataset_224_spit/val/HEALTHY_LEAF/to_label_2019.jpg,HEALTHY_LEAF,4183,train
DLD_FinalDataset_224_spit/val/HEALTHY_LEAF/to_label_2029.jpg,HEALTHY_LEAF,4184,train
DLD_FinalDataset_224_spit/val/HEALTHY_LEAF/to_label_2037.jpg,HEALTHY_LEAF,4185,test
DLD_FinalDataset_224_spit/val/HEALTHY_LEAF/to_label_2042.jpg,HEALTHY_LEAF,4186,train
DLD_FinalDataset_224_spit/val/HEALTHY_LEAF/to_label_2043.jpg,HEALTHY_LEAF,4187,test
DLD_FinalDataset_224_spit/val/HEALTHY_LEAF/to_label_2054.jpg,HEALTHY_LEAF,4188,test
DLD_FinalDataset_224_spit/val/HEALTHY_LEAF/to_label_2056.jpg,HEALTHY_LEAF,4189,test
DLD_FinalDataset_224_spit/val/HEALTHY_LEAF/to_label_2062.jpg,HEALTHY_LEAF,4190,train
DLD_FinalDataset_224_spit/val/HEALTHY_LEAF/to_label_2069.jpg,HEALTHY_LEAF,4191,train
DLD_FinalDataset_224_spit/val/HEALTHY_LEAF/to_label_2072.jpg,HEALTHY_LEAF,4192,train
DLD_FinalDataset_224_spit/val/HEALTHY_LEAF/to_label_2073.jpg,HEALTHY_LEAF,4193,train
DLD_FinalDataset_224_spit/val/HEALTHY_LEAF/to_label_2075.jpg,HEALTHY_LEAF,4194,train
DLD_FinalDataset_224_spit/val/HEALTHY_LEAF/to_label_2098.jpg,HEALTHY_LEAF,4195,train
DLD_FinalDataset_224_spit/val/HEALTHY_LEAF/to_label_2115.jpg,HEALTHY_LEAF,4196,val
DLD_FinalDataset_224_spit/val/HEALTHY_LEAF/to_label_2133.jpg,HEALTHY_LEAF,4197,train
DLD_FinalDataset_224_spit/val/HEALTHY_LEAF/to_label_2138.jpg,HEALTHY_LEAF,4198,train
DLD_FinalDataset_224_spit/val/HEALTHY_LEAF/to_label_2150.jpg,HEALTHY_LEAF,4199,train
DLD_FinalDataset_224_spit/val/HEALTHY_LEAF/to_label_2152.jpg,HEALTHY_LEAF,4200,train
DLD_FinalDataset_224_spit/val/HEALTHY_LEAF/to_label_2167.jpg,HEALTHY_LEAF,4201,train
DLD_FinalDataset_224_spit/val/HEALTHY_LEAF/to_label_2178.jpg,HEALTHY_LEAF,4202,train
DLD_FinalDataset_224_spit/val/HEALTHY_LEAF/to_label_2187.jpg,HEALTHY_LEAF,4203,train
DLD_FinalDataset_224_spit/val/HEALTHY_LEAF/to_label_2193.jpg,HEALTHY_LEAF,4204,test
DLD_FinalDataset_224_spit/val/HEALTHY_LEAF/to_label_2195.jpg,HEALTHY_LEAF,4205,train
DLD_FinalDataset_224_spit/val/HEALTHY_LEAF/to_label_2196.jpg,HEALTHY_LEAF,4206,test
DLD_FinalDataset_224_spit/val/HEALTHY_LEAF/to_label_2207.jpg,HEALTHY_LEAF,4207,train
DLD_FinalDataset_224_spit/val/HEALTHY_LEAF/to_label_2211.jpg,HEALTHY_LEAF,4208,train
DLD_FinalDataset_224_spit/val/HEALTHY_LEAF/to_label_2226.jpg,HEALTHY_LEAF,4209,train
DLD_FinalDataset_224_spit/val/HEALTHY_LEAF/to_label_2245.jpg,HEALTHY_LEAF,4210,train
DLD_FinalDataset_224_spit/val/HEALTHY_LEAF/to_label_2246.jpg,HEALTHY_LEAF,4211,train
DLD_FinalDataset_224_spit/val/HEALTHY_LEAF/to_label_2249.jpg,HEALTHY_LEAF,4212,val
DLD_FinalDataset_224_spit/val/HEALTHY_LEAF/to_label_2251.jpg,HEALTHY_LEAF,4213,train
DLD_FinalDataset_224_spit/val/HEALTHY_LEAF/to_label_2258.jpg,HEALTHY_LEAF,4214,test
DLD_FinalDataset_224_spit/val/HEALTHY_LEAF/to_label_2291.jpg,HEALTHY_LEAF,4215,train
DLD_FinalDataset_224_spit/val/HEALTHY_LEAF/to_label_2293.jpg,HEALTHY_LEAF,4216,test
DLD_FinalDataset_224_spit/val/HEALTHY_LEAF/to_label_2298.jpg,HEALTHY_LEAF,4217,train
DLD_FinalDataset_224_spit/val/HEALTHY_LEAF/to_label_2309.jpg,HEALTHY_LEAF,4218,train
DLD_FinalDataset_224_spit/val/HEALTHY_LEAF/to_label_2341.jpg,HEALTHY_LEAF,4219,test
DLD_FinalDataset_224_spit/val/HEALTHY_LEAF/to_label_2346.jpg,HEALTHY_LEAF,4220,val
DLD_FinalDataset_224_spit/val/HEALTHY_LEAF/to_label_2348.jpg,HEALTHY_LEAF,4221,test
DLD_FinalDataset_224_spit/val/HEALTHY_LEAF/to_label_2365.jpg,HEALTHY_LEAF,4222,train
DLD_FinalDataset_224_spit/val/HEALTHY_LEAF/to_label_2390.jpg,HEALTHY_LEAF,4223,val
DLD_FinalDataset_224_spit/val/HEALTHY_LEAF/to_label_2392.jpg,HEALTHY_LEAF,4224,train
DLD_FinalDataset_224_spit/val/HEALTHY_LEAF/to_label_2404.jpg,HEALTHY_LEAF,4225,test
DLD_FinalDataset_224_spit/val/HEALTHY_LEAF/to_label_2407.jpg,HEALTHY_LEAF,4226,train
DLD_FinalDataset_224_spit/val/HEALTHY_LEAF/to_label_2420.jpg,HEALTHY_LEAF,4227,train
DLD_FinalDataset_224_spit/val/HEALTHY_LEAF/to_label_2421.jpg,HEALTHY_LEAF,4228,val
DLD_FinalDataset_224_spit/val/HEALTHY_LEAF/to_label_2430.jpg,HEALTHY_LEAF,4229,train
DLD_FinalDataset_224_spit/val/HEALTHY_LEAF/to_label_2431.jpg,HEALTHY_LEAF,4230,train
DLD_FinalDataset_224_spit/val/HEALTHY_LEAF/to_label_2440.jpg,HEALTHY_LEAF,4231,val
DLD_FinalDataset_224_spit/val/HEALTHY_LEAF/to_label_2441.jpg,HEALTHY_LEAF,4232,train
DLD_FinalDataset_224_spit/val/HEALTHY_LEAF/to_label_2470.jpg,HEALTHY_LEAF,4233,train
DLD_FinalDataset_224_spit/val/HEALTHY_LEAF/to_label_2475.jpg,HEALTHY_LEAF,4234,train
DLD_FinalDataset_224_spit/val/HEALTHY_LEAF/to_label_2506.jpg,HEALTHY_LEAF,4235,val
DLD_FinalDataset_224_spit/val/HEALTHY_LEAF/to_label_2517.jpg,HEALTHY_LEAF,4236,train
DLD_FinalDataset_224_spit/val/HEALTHY_LEAF/to_label_2534.jpg,HEALTHY_LEAF,4237,train
DLD_FinalDataset_224_spit/val/HEALTHY_LEAF/to_label_2539.jpg,HEALTHY_LEAF,4238,test
DLD_FinalDataset_224_spit/val/HEALTHY_LEAF/to_label_2557.jpg,HEALTHY_LEAF,4239,val
DLD_FinalDataset_224_spit/val/HEALTHY_LEAF/to_label_2559.jpg,HEALTHY_LEAF,4240,train
DLD_FinalDataset_224_spit/val/HEALTHY_LEAF/to_label_2571.jpg,HEALTHY_LEAF,4241,train
DLD_FinalDataset_224_spit/val/HEALTHY_LEAF/to_label_2574.jpg,HEALTHY_LEAF,4242,train
DLD_FinalDataset_224_spit/val/HEALTHY_LEAF/to_label_2589.jpg,HEALTHY_LEAF,4243,train
DLD_FinalDataset_224_spit/val/HEALTHY_LEAF/to_label_2598.jpg,HEALTHY_LEAF,4244,train
DLD_FinalDataset_224_spit/val/HEALTHY_LEAF/to_label_2604.jpg,HEALTHY_LEAF,4245,test
DLD_FinalDataset_224_spit/val/HEALTHY_LEAF/to_label_2625.jpg,HEALTHY_LEAF,4246,train
DLD_FinalDataset_224_spit/val/HEALTHY_LEAF/to_label_2628.jpg,HEALTHY_LEAF,4247,train
DLD_FinalDataset_224_spit/val/HEALTHY_LEAF/to_label_2636.jpg,HEALTHY_LEAF,4248,train
DLD_FinalDataset_224_spit/val/HEALTHY_LEAF/to_label_2679.jpg,HEALTHY_LEAF,4249,test
DLD_FinalDataset_224_spit/val/LEAF_BLIGHT/to_label_2691.jpg,LEAF_BLIGHT,4250,val
DLD_FinalDataset_224_spit/val/LEAF_BLIGHT/to_label_2693.jpg,LEAF_BLIGHT,4251,train
DLD_FinalDataset_224_spit/val/LEAF_BLIGHT/to_label_2709.jpg,LEAF_BLIGHT,4252,train
DLD_FinalDataset_224_spit/val/LEAF_BLIGHT/to_label_2711.jpg,LEAF_BLIGHT,4253,train
DLD_FinalDataset_224_spit/val/LEAF_BLIGHT/to_label_2716.jpg,LEAF_BLIGHT,4254,train
DLD_FinalDataset_224_spit/val/LEAF_BLIGHT/to_label_2717.jpg,LEAF_BLIGHT,4255,train
DLD_FinalDataset_224_spit/val/LEAF_BLIGHT/to_label_2740.jpg,LEAF_BLIGHT,4256,test
DLD_FinalDataset_224_spit/val/LEAF_BLIGHT/to_label_2749.jpg,LEAF_BLIGHT,4257,train
DLD_FinalDataset_224_spit/val/LEAF_BLIGHT/to_label_2752.jpg,LEAF_BLIGHT,4258,train
DLD_FinalDataset_224_spit/val/LEAF_BLIGHT/to_label_2756.jpg,LEAF_BLIGHT,4259,val
DLD_FinalDataset_224_spit/val/LEAF_BLIGHT/to_label_2762.jpg,LEAF_BLIGHT,4260,test
DLD_FinalDataset_224_spit/val/LEAF_BLIGHT/to_label_2770.jpg,LEAF_BLIGHT,4261,train
DLD_FinalDataset_224_spit/val/LEAF_BLIGHT/to_label_2772.jpg,LEAF_BLIGHT,4262,train
DLD_FinalDataset_224_spit/val/LEAF_BLIGHT/to_label_2793.jpg,LEAF_BLIGHT,4263,train
DLD_FinalDataset_224_spit/val/LEAF_BLIGHT/to_label_2806.jpg,LEAF_BLIGHT,4264,train
DLD_FinalDataset_224_spit/val/LEAF_BLIGHT/to_label_2819.jpg,LEAF_BLIGHT,4265,train
DLD_FinalDataset_224_spit/val/LEAF_BLIGHT/to_label_2822.jpg,LEAF_BLIGHT,4266,train
DLD_FinalDataset_224_spit/val/LEAF_BLIGHT/to_label_2851.jpg,LEAF_BLIGHT,4267,test
DLD_FinalDataset_224_spit/val/LEAF_BLIGHT/to_label_2885.jpg,LEAF_BLIGHT,4268,train
DLD_FinalDataset_224_spit/val/LEAF_BLIGHT/to_label_2896.jpg,LEAF_BLIGHT,4269,train
DLD_FinalDataset_224_spit/val/LEAF_BLIGHT/to_label_2897.jpg,LEAF_BLIGHT,4270,train
DLD_FinalDataset_224_spit/val/LEAF_BLIGHT/to_label_2901.jpg,LEAF_BLIGHT,4271,train
DLD_FinalDataset_224_spit/val/LEAF_BLIGHT/to_label_2913.jpg,LEAF_BLIGHT,4272,val
DLD_FinalDataset_224_spit/val/LEAF_BLIGHT/to_label_2914.jpg,LEAF_BLIGHT,4273,val
DLD_FinalDataset_224_spit/val/LEAF_BLIGHT/to_label_2940.jpg,LEAF_BLIGHT,4274,train
DLD_FinalDataset_224_spit/val/LEAF_BLIGHT/to_label_2946.jpg,LEAF_BLIGHT,4275,val
DLD_FinalDataset_224_spit/val/LEAF_BLIGHT/to_label_2947.jpg,LEAF_BLIGHT,4276,train
DLD_FinalDataset_224_spit/val/LEAF_BLIGHT/to_label_2961.jpg,LEAF_BLIGHT,4277,train
DLD_FinalDataset_224_spit/val/LEAF_BLIGHT/to_label_2985.jpg,LEAF_BLIGHT,4278,train
DLD_FinalDataset_224_spit/val/LEAF_BLIGHT/to_label_2996.jpg,LEAF_BLIGHT,4279,test
DLD_FinalDataset_224_spit/val/LEAF_BLIGHT/to_label_2998.jpg,LEAF_BLIGHT,4280,train
DLD_FinalDataset_224_spit/val/LEAF_BLIGHT/to_label_3002.jpg,LEAF_BLIGHT,4281,test
DLD_FinalDataset_224_spit/val/LEAF_BLIGHT/to_label_3004.jpg,LEAF_BLIGHT,4282,test
DLD_FinalDataset_224_spit/val/LEAF_BLIGHT/to_label_3005.jpg,LEAF_BLIGHT,4283,train
DLD_FinalDataset_224_spit/val/LEAF_BLIGHT/to_label_3012.jpg,LEAF_BLIGHT,4284,train
DLD_FinalDataset_224_spit/val/LEAF_BLIGHT/to_label_3048.jpg,LEAF_BLIGHT,4285,train
DLD_FinalDataset_224_spit/val/LEAF_BLIGHT/to_label_3057.jpg,LEAF_BLIGHT,4286,train
DLD_FinalDataset_224_spit/val/LEAF_BLIGHT/to_label_3094.jpg,LEAF_BLIGHT,4287,train
DLD_FinalDataset_224_spit/val/LEAF_BLIGHT/to_label_3095.jpg,LEAF_BLIGHT,4288,val
DLD_FinalDataset_224_spit/val/LEAF_BLIGHT/to_label_3103.jpg,LEAF_BLIGHT,4289,test
DLD_FinalDataset_224_spit/val/LEAF_BLIGHT/to_label_3106.jpg,LEAF_BLIGHT,4290,train
DLD_FinalDataset_224_spit/val/LEAF_BLIGHT/to_label_3112.jpg,LEAF_BLIGHT,4291,train
DLD_FinalDataset_224_spit/val/LEAF_BLIGHT/to_label_3122.jpg,LEAF_BLIGHT,4292,train
DLD_FinalDataset_224_spit/val/LEAF_BLIGHT/to_label_3125.jpg,LEAF_BLIGHT,4293,train
DLD_FinalDataset_224_spit/val/LEAF_BLIGHT/to_label_3128.jpg,LEAF_BLIGHT,4294,train
DLD_FinalDataset_224_spit/val/LEAF_BLIGHT/to_label_3130.jpg,LEAF_BLIGHT,4295,test
DLD_FinalDataset_224_spit/val/LEAF_BLIGHT/to_label_3137.jpg,LEAF_BLIGHT,4296,train
DLD_FinalDataset_224_spit/val/LEAF_BLIGHT/to_label_3143.jpg,LEAF_BLIGHT,4297,train
DLD_FinalDataset_224_spit/val/LEAF_BLIGHT/to_label_3148.jpg,LEAF_BLIGHT,4298,train
DLD_FinalDataset_224_spit/val/LEAF_BLIGHT/to_label_3150.jpg,LEAF_BLIGHT,4299,train
DLD_FinalDataset_224_spit/val/LEAF_BLIGHT/to_label_3153.jpg,LEAF_BLIGHT,4300,test
DLD_FinalDataset_224_spit/val/LEAF_BLIGHT/to_label_3164.jpg,LEAF_BLIGHT,4301,train
DLD_FinalDataset_224_spit/val/LEAF_BLIGHT/to_label_3171.jpg,LEAF_BLIGHT,4302,test
DLD_FinalDataset_224_spit/val/LEAF_BLIGHT/to_label_3202.jpg,LEAF_BLIGHT,4303,train
DLD_FinalDataset_224_spit/val/LEAF_BLIGHT/to_label_3208.jpg,LEAF_BLIGHT,4304,train
DLD_FinalDataset_224_spit/val/LEAF_BLIGHT/to_label_3218.jpg,LEAF_BLIGHT,4305,test
DLD_FinalDataset_224_spit/val/LEAF_BLIGHT/to_label_3234.jpg,LEAF_BLIGHT,4306,train
DLD_FinalDataset_224_spit/val/LEAF_BLIGHT/to_label_3245.jpg,LEAF_BLIGHT,4307,train
DLD_FinalDataset_224_spit/val/LEAF_BLIGHT/to_label_3267.jpg,LEAF_BLIGHT,4308,val
DLD_FinalDataset_224_spit/val/LEAF_BLIGHT/to_label_3268.jpg,LEAF_BLIGHT,4309,train
DLD_FinalDataset_224_spit/val/LEAF_BLIGHT/to_label_3273.jpg,LEAF_BLIGHT,4310,train
DLD_FinalDataset_224_spit/val/LEAF_BLIGHT/to_label_3281.jpg,LEAF_BLIGHT,4311,val
DLD_FinalDataset_224_spit/val/LEAF_BLIGHT/to_label_3287.jpg,LEAF_BLIGHT,4312,test
DLD_FinalDataset_224_spit/val/LEAF_BLIGHT/to_label_3304.jpg,LEAF_BLIGHT,4313,train
DLD_FinalDataset_224_spit/val/LEAF_BLIGHT/to_label_3312.jpg,LEAF_BLIGHT,4314,test
DLD_FinalDataset_224_spit/val/LEAF_BLIGHT/to_label_3320.jpg,LEAF_BLIGHT,4315,train
DLD_FinalDataset_224_spit/val/LEAF_BLIGHT/to_label_3329.jpg,LEAF_BLIGHT,4316,test
DLD_FinalDataset_224_spit/val/LEAF_BLIGHT/to_label_3342.jpg,LEAF_BLIGHT,4317,train
DLD_FinalDataset_224_spit/val/LEAF_BLIGHT/to_label_3352.jpg,LEAF_BLIGHT,4318,train
DLD_FinalDataset_224_spit/val/LEAF_BLIGHT/to_label_3355.jpg,LEAF_BLIGHT,4319,train
DLD_FinalDataset_224_spit/val/LEAF_BLIGHT/to_label_3356.jpg,LEAF_BLIGHT,4320,test
DLD_FinalDataset_224_spit/val/LEAF_BLIGHT/to_label_3393.jpg,LEAF_BLIGHT,4321,test
DLD_FinalDataset_224_spit/val/LEAF_BLIGHT/to_label_3422.jpg,LEAF_BLIGHT,4322,train
DLD_FinalDataset_224_spit/val/LEAF_BLIGHT/to_label_3427.jpg,LEAF_BLIGHT,4323,train
DLD_FinalDataset_224_spit/val/LEAF_BLIGHT/to_label_3438.jpg,LEAF_BLIGHT,4324,train
DLD_FinalDataset_224_spit/val/LEAF_BLIGHT/to_label_3448.jpg,LEAF_BLIGHT,4325,train
DLD_FinalDataset_224_spit/val/LEAF_BLIGHT/to_label_3453.jpg,LEAF_BLIGHT,4326,train
DLD_FinalDataset_224_spit/val/LEAF_BLIGHT/to_label_3459.jpg,LEAF_BLIGHT,4327,test
DLD_FinalDataset_224_spit/val/LEAF_BLIGHT/to_label_3473.jpg,LEAF_BLIGHT,4328,train
DLD_FinalDataset_224_spit/val/LEAF_BLIGHT/to_label_3489.jpg,LEAF_BLIGHT,4329,train
DLD_FinalDataset_224_spit/val/LEAF_BLIGHT/to_label_3492.jpg,LEAF_BLIGHT,4330,train
DLD_FinalDataset_224_spit/val/LEAF_BLIGHT/to_label_3493.jpg,LEAF_BLIGHT,4331,train
DLD_FinalDataset_224_spit/val/LEAF_BLIGHT/to_label_3502.jpg,LEAF_BLIGHT,4332,train
DLD_FinalDataset_224_spit/val/LEAF_BLIGHT/to_label_3509.jpg,LEAF_BLIGHT,4333,test
DLD_FinalDataset_224_spit/val/LEAF_BLIGHT/to_label_3511.jpg,LEAF_BLIGHT,4334,train
DLD_FinalDataset_224_spit/val/LEAF_BLIGHT/to_label_3537.jpg,LEAF_BLIGHT,4335,train
DLD_FinalDataset_224_spit/val/LEAF_BLIGHT/to_label_3548.jpg,LEAF_BLIGHT,4336,train
DLD_FinalDataset_224_spit/val/LEAF_BLIGHT/to_label_3560.jpg,LEAF_BLIGHT,4337,train
DLD_FinalDataset_224_spit/val/LEAF_BLIGHT/to_label_3570.jpg,LEAF_BLIGHT,4338,train
DLD_FinalDataset_224_spit/val/LEAF_BLIGHT/to_label_3572.jpg,LEAF_BLIGHT,4339,test
DLD_FinalDataset_224_spit/val/LEAF_BLIGHT/to_label_3580.jpg,LEAF_BLIGHT,4340,train
DLD_FinalDataset_224_spit/val/LEAF_BLIGHT/to_label_3583.jpg,LEAF_BLIGHT,4341,train
DLD_FinalDataset_224_spit/val/LEAF_BLIGHT/to_label_3584.jpg,LEAF_BLIGHT,4342,train
DLD_FinalDataset_224_spit/val/LEAF_BLIGHT/to_label_3601.jpg,LEAF_BLIGHT,4343,train
DLD_FinalDataset_224_spit/val/PHOMOPSIS_LEAF_SPOT/to_label_3625.jpg,PHOMOPSIS_LEAF_SPOT,4344,test
DLD_FinalDataset_224_spit/val/PHOMOPSIS_LEAF_SPOT/to_label_3633.jpg,PHOMOPSIS_LEAF_SPOT,4345,train
DLD_FinalDataset_224_spit/val/PHOMOPSIS_LEAF_SPOT/to_label_3652.jpg,PHOMOPSIS_LEAF_SPOT,4346,train
DLD_FinalDataset_224_spit/val/PHOMOPSIS_LEAF_SPOT/to_label_3654.jpg,PHOMOPSIS_LEAF_SPOT,4347,test
DLD_FinalDataset_224_spit/val/PHOMOPSIS_LEAF_SPOT/to_label_3672.jpg,PHOMOPSIS_LEAF_SPOT,4348,train
DLD_FinalDataset_224_spit/val/PHOMOPSIS_LEAF_SPOT/to_label_3677.jpg,PHOMOPSIS_LEAF_SPOT,4349,val
DLD_FinalDataset_224_spit/val/PHOMOPSIS_LEAF_SPOT/to_label_3678.jpg,PHOMOPSIS_LEAF_SPOT,4350,test
DLD_FinalDataset_224_spit/val/PHOMOPSIS_LEAF_SPOT/to_label_3683.jpg,PHOMOPSIS_LEAF_SPOT,4351,train
DLD_FinalDataset_224_spit/val/PHOMOPSIS_LEAF_SPOT/to_label_3693.jpg,PHOMOPSIS_LEAF_SPOT,4352,train
DLD_FinalDataset_224_spit/val/PHOMOPSIS_LEAF_SPOT/to_label_3707.jpg,PHOMOPSIS_LEAF_SPOT,4353,test
DLD_FinalDataset_224_spit/val/PHOMOPSIS_LEAF_SPOT/to_label_3741.jpg,PHOMOPSIS_LEAF_SPOT,4354,train
DLD_FinalDataset_224_spit/val/PHOMOPSIS_LEAF_SPOT/to_label_3759.jpg,PHOMOPSIS_LEAF_SPOT,4355,train
DLD_FinalDataset_224_spit/val/PHOMOPSIS_LEAF_SPOT/to_label_3771.jpg,PHOMOPSIS_LEAF_SPOT,4356,train
DLD_FinalDataset_224_spit/val/PHOMOPSIS_LEAF_SPOT/to_label_3791.jpg,PHOMOPSIS_LEAF_SPOT,4357,test
DLD_FinalDataset_224_spit/val/PHOMOPSIS_LEAF_SPOT/to_label_3795.jpg,PHOMOPSIS_LEAF_SPOT,4358,test
DLD_FinalDataset_224_spit/val/PHOMOPSIS_LEAF_SPOT/to_label_3797.jpg,PHOMOPSIS_LEAF_SPOT,4359,val
DLD_FinalDataset_224_spit/val/PHOMOPSIS_LEAF_SPOT/to_label_3819.jpg,PHOMOPSIS_LEAF_SPOT,4360,train
DLD_FinalDataset_224_spit/val/PHOMOPSIS_LEAF_SPOT/to_label_3821.jpg,PHOMOPSIS_LEAF_SPOT,4361,train
DLD_FinalDataset_224_spit/val/PHOMOPSIS_LEAF_SPOT/to_label_3835.jpg,PHOMOPSIS_LEAF_SPOT,4362,train
DLD_FinalDataset_224_spit/val/PHOMOPSIS_LEAF_SPOT/to_label_3836.jpg,PHOMOPSIS_LEAF_SPOT,4363,train
DLD_FinalDataset_224_spit/val/PHOMOPSIS_LEAF_SPOT/to_label_3841.jpg,PHOMOPSIS_LEAF_SPOT,4364,train
DLD_FinalDataset_224_spit/val/PHOMOPSIS_LEAF_SPOT/to_label_3870.jpg,PHOMOPSIS_LEAF_SPOT,4365,train
DLD_FinalDataset_224_spit/val/PHOMOPSIS_LEAF_SPOT/to_label_3904.jpg,PHOMOPSIS_LEAF_SPOT,4366,train
DLD_FinalDataset_224_spit/val/PHOMOPSIS_LEAF_SPOT/to_label_3915.jpg,PHOMOPSIS_LEAF_SPOT,4367,train
DLD_FinalDataset_224_spit/val/PHOMOPSIS_LEAF_SPOT/to_label_3921.jpg,PHOMOPSIS_LEAF_SPOT,4368,train
DLD_FinalDataset_224_spit/val/PHOMOPSIS_LEAF_SPOT/to_label_3939.jpg,PHOMOPSIS_LEAF_SPOT,4369,val
DLD_FinalDataset_224_spit/val/PHOMOPSIS_LEAF_SPOT/to_label_3946.jpg,PHOMOPSIS_LEAF_SPOT,4370,val
DLD_FinalDataset_224_spit/val/PHOMOPSIS_LEAF_SPOT/to_label_3951.jpg,PHOMOPSIS_LEAF_SPOT,4371,train
DLD_FinalDataset_224_spit/val/PHOMOPSIS_LEAF_SPOT/to_label_3955.jpg,PHOMOPSIS_LEAF_SPOT,4372,train
DLD_FinalDataset_224_spit/val/PHOMOPSIS_LEAF_SPOT/to_label_3965.jpg,PHOMOPSIS_LEAF_SPOT,4373,val
DLD_FinalDataset_224_spit/val/PHOMOPSIS_LEAF_SPOT/to_label_3967.jpg,PHOMOPSIS_LEAF_SPOT,4374,train
DLD_FinalDataset_224_spit/val/PHOMOPSIS_LEAF_SPOT/to_label_3969.jpg,PHOMOPSIS_LEAF_SPOT,4375,val
DLD_FinalDataset_224_spit/val/PHOMOPSIS_LEAF_SPOT/to_label_3973.jpg,PHOMOPSIS_LEAF_SPOT,4376,val
DLD_FinalDataset_224_spit/val/PHOMOPSIS_LEAF_SPOT/to_label_3974.jpg,PHOMOPSIS_LEAF_SPOT,4377,test
DLD_FinalDataset_224_spit/val/PHOMOPSIS_LEAF_SPOT/to_label_3975.jpg,PHOMOPSIS_LEAF_SPOT,4378,train
DLD_FinalDataset_224_spit/val/PHOMOPSIS_LEAF_SPOT/to_label_3986.jpg,PHOMOPSIS_LEAF_SPOT,4379,test
DLD_FinalDataset_224_spit/val/PHOMOPSIS_LEAF_SPOT/to_label_3988.jpg,PHOMOPSIS_LEAF_SPOT,4380,test
DLD_FinalDataset_224_spit/val/PHOMOPSIS_LEAF_SPOT/to_label_4006.jpg,PHOMOPSIS_LEAF_SPOT,4381,train
DLD_FinalDataset_224_spit/val/PHOMOPSIS_LEAF_SPOT/to_label_4019.jpg,PHOMOPSIS_LEAF_SPOT,4382,train
DLD_FinalDataset_224_spit/val/PHOMOPSIS_LEAF_SPOT/to_label_4035.jpg,PHOMOPSIS_LEAF_SPOT,4383,train
DLD_FinalDataset_224_spit/val/PHOMOPSIS_LEAF_SPOT/to_label_4039.jpg,PHOMOPSIS_LEAF_SPOT,4384,val
DLD_FinalDataset_224_spit/val/PHOMOPSIS_LEAF_SPOT/to_label_4040.jpg,PHOMOPSIS_LEAF_SPOT,4385,train
DLD_FinalDataset_224_spit/val/PHOMOPSIS_LEAF_SPOT/to_label_4045.jpg,PHOMOPSIS_LEAF_SPOT,4386,train
DLD_FinalDataset_224_spit/val/PHOMOPSIS_LEAF_SPOT/to_label_4049.jpg,PHOMOPSIS_LEAF_SPOT,4387,train
DLD_FinalDataset_224_spit/val/PHOMOPSIS_LEAF_SPOT/to_label_4052.jpg,PHOMOPSIS_LEAF_SPOT,4388,train
DLD_FinalDataset_224_spit/val/PHOMOPSIS_LEAF_SPOT/to_label_4070.jpg,PHOMOPSIS_LEAF_SPOT,4389,test
DLD_FinalDataset_224_spit/val/PHOMOPSIS_LEAF_SPOT/to_label_4073.jpg,PHOMOPSIS_LEAF_SPOT,4390,train
DLD_FinalDataset_224_spit/val/PHOMOPSIS_LEAF_SPOT/to_label_4085.jpg,PHOMOPSIS_LEAF_SPOT,4391,train
DLD_FinalDataset_224_spit/val/PHOMOPSIS_LEAF_SPOT/to_label_4100.jpg,PHOMOPSIS_LEAF_SPOT,4392,train
DLD_FinalDataset_224_spit/val/PHOMOPSIS_LEAF_SPOT/to_label_4104.jpg,PHOMOPSIS_LEAF_SPOT,4393,train
DLD_FinalDataset_224_spit/val/PHOMOPSIS_LEAF_SPOT/to_label_4136.jpg,PHOMOPSIS_LEAF_SPOT,4394,test
DLD_FinalDataset_224_spit/val/PHOMOPSIS_LEAF_SPOT/to_label_4137.jpg,PHOMOPSIS_LEAF_SPOT,4395,train
DLD_FinalDataset_224_spit/val/PHOMOPSIS_LEAF_SPOT/to_label_4152.jpg,PHOMOPSIS_LEAF_SPOT,4396,train
DLD_FinalDataset_224_spit/val/PHOMOPSIS_LEAF_SPOT/to_label_4155.jpg,PHOMOPSIS_LEAF_SPOT,4397,train
DLD_FinalDataset_224_spit/val/PHOMOPSIS_LEAF_SPOT/to_label_4156.jpg,PHOMOPSIS_LEAF_SPOT,4398,val
DLD_FinalDataset_224_spit/val/PHOMOPSIS_LEAF_SPOT/to_label_4174.jpg,PHOMOPSIS_LEAF_SPOT,4399,train
DLD_FinalDataset_224_spit/val/PHOMOPSIS_LEAF_SPOT/to_label_4193.jpg,PHOMOPSIS_LEAF_SPOT,4400,test
DLD_FinalDataset_224_spit/val/PHOMOPSIS_LEAF_SPOT/to_label_4204.jpg,PHOMOPSIS_LEAF_SPOT,4401,val
DLD_FinalDataset_224_spit/val/PHOMOPSIS_LEAF_SPOT/to_label_4212.jpg,PHOMOPSIS_LEAF_SPOT,4402,train
DLD_FinalDataset_224_spit/val/PHOMOPSIS_LEAF_SPOT/to_label_4218.jpg,PHOMOPSIS_LEAF_SPOT,4403,test
DLD_FinalDataset_224_spit/val/PHOMOPSIS_LEAF_SPOT/to_label_4224.jpg,PHOMOPSIS_LEAF_SPOT,4404,train
DLD_FinalDataset_224_spit/val/PHOMOPSIS_LEAF_SPOT/to_label_4234.jpg,PHOMOPSIS_LEAF_SPOT,4405,train
DLD_FinalDataset_224_spit/val/PHOMOPSIS_LEAF_SPOT/to_label_4238.jpg,PHOMOPSIS_LEAF_SPOT,4406,train
DLD_FinalDataset_224_spit/val/PHOMOPSIS_LEAF_SPOT/to_label_4240.jpg,PHOMOPSIS_LEAF_SPOT,4407,train
DLD_FinalDataset_224_spit/val/PHOMOPSIS_LEAF_SPOT/to_label_4246.jpg,PHOMOPSIS_LEAF_SPOT,4408,train
DLD_FinalDataset_224_spit/val/PHOMOPSIS_LEAF_SPOT/to_label_4251.jpg,PHOMOPSIS_LEAF_SPOT,4409,train
DLD_FinalDataset_224_spit/val/PHOMOPSIS_LEAF_SPOT/to_label_4257.jpg,PHOMOPSIS_LEAF_SPOT,4410,train
DLD_FinalDataset_224_spit/val/PHOMOPSIS_LEAF_SPOT/to_label_4261.jpg,PHOMOPSIS_LEAF_SPOT,4411,train
DLD_FinalDataset_224_spit/val/PHOMOPSIS_LEAF_SPOT/to_label_4267.jpg,PHOMOPSIS_LEAF_SPOT,4412,val
DLD_FinalDataset_224_spit/val/PHOMOPSIS_LEAF_SPOT/to_label_4282.jpg,PHOMOPSIS_LEAF_SPOT,4413,train
DLD_FinalDataset_224_spit/val/PHOMOPSIS_LEAF_SPOT/to_label_4292.jpg,PHOMOPSIS_LEAF_SPOT,4414,train
DLD_FinalDataset_224_spit/val/PHOMOPSIS_LEAF_SPOT/to_label_4296.jpg,PHOMOPSIS_LEAF_SPOT,4415,val
DLD_FinalDataset_224_spit/val/PHOMOPSIS_LEAF_SPOT/to_label_4327.jpg,PHOMOPSIS_LEAF_SPOT,4416,test
DLD_FinalDataset_224_spit/val/PHOMOPSIS_LEAF_SPOT/to_label_4333.jpg,PHOMOPSIS_LEAF_SPOT,4417,train
DLD_FinalDataset_224_spit/val/PHOMOPSIS_LEAF_SPOT/to_label_4340.jpg,PHOMOPSIS_LEAF_SPOT,4418,train
DLD_FinalDataset_224_spit/val/PHOMOPSIS_LEAF_SPOT/to_label_4343.jpg,PHOMOPSIS_LEAF_SPOT,4419,train
DLD_FinalDataset_224_spit/val/PHOMOPSIS_LEAF_SPOT/to_label_4346.jpg,PHOMOPSIS_LEAF_SPOT,4420,test
DLD_FinalDataset_224_spit/val/PHOMOPSIS_LEAF_SPOT/to_label_4359.jpg,PHOMOPSIS_LEAF_SPOT,4421,val
DLD_FinalDataset_224_spit/val/PHOMOPSIS_LEAF_SPOT/to_label_4362.jpg,PHOMOPSIS_LEAF_SPOT,4422,train
DLD_FinalDataset_224_spit/val/PHOMOPSIS_LEAF_SPOT/to_label_4413.jpg,PHOMOPSIS_LEAF_SPOT,4423,train
DLD_FinalDataset_224_spit/val/PHOMOPSIS_LEAF_SPOT/to_label_4437.jpg,PHOMOPSIS_LEAF_SPOT,4424,train
DLD_FinalDataset_224_spit/val/PHOMOPSIS_LEAF_SPOT/to_label_4447.jpg,PHOMOPSIS_LEAF_SPOT,4425,val
DLD_FinalDataset_224_spit/val/PHOMOPSIS_LEAF_SPOT/to_label_4449.jpg,PHOMOPSIS_LEAF_SPOT,4426,test
DLD_FinalDataset_224_spit/val/PHOMOPSIS_LEAF_SPOT/to_label_4454.jpg,PHOMOPSIS_LEAF_SPOT,4427,train
DLD_FinalDataset_224_spit/val/PHOMOPSIS_LEAF_SPOT/to_label_4481.jpg,PHOMOPSIS_LEAF_SPOT,4428,test
DLD_FinalDataset_224_spit/val/PHOMOPSIS_LEAF_SPOT/to_label_4486.jpg,PHOMOPSIS_LEAF_SPOT,4429,test
DLD_FinalDataset_224_spit/val/PHOMOPSIS_LEAF_SPOT/to_label_4487.jpg,PHOMOPSIS_LEAF_SPOT,4430,train
DLD_FinalDataset_224_spit/val/PHOMOPSIS_LEAF_SPOT/to_label_4495.jpg,PHOMOPSIS_LEAF_SPOT,4431,test
