path_a,path_b,source_id_a,source_id_b,split_a,split_b,class_a,class_b,hamming,same_class,cross_split
DLD_FinalDataset_224_spit/train/ALGAL_LEAF_SPOT/to_label_1.jpg,DLD_FinalDataset_224_spit/train/ALGAL_LEAF_SPOT/to_label_2.jpg,1,2,train,train,ALGAL_LEAF_SPOT,ALGAL_LEAF_SPOT,27,True,False
DLD_FinalDataset_224_spit/train/ALGAL_LEAF_SPOT/to_label_2.jpg,DLD_FinalDataset_224_spit/train/ALGAL_LEAF_SPOT/to_label_3.jpg,2,3,train,train,ALGAL_LEAF_SPOT,ALGAL_LEAF_SPOT,34,True,False
DLD_FinalDataset_224_spit/train/ALGAL_LEAF_SPOT/to_label_3.jpg,DLD_FinalDataset_224_spit/test/ALGAL_LEAF_SPOT/to_label_4.jpg,3,4,train,test,ALGAL_LEAF_SPOT,ALGAL_LEAF_SPOT,30,True,True
DLD_FinalDataset_224_spit/test/ALGAL_LEAF_SPOT/to_label_4.jpg,DLD_FinalDataset_224_spit/train/ALGAL_LEAF_SPOT/to_label_5.jpg,4,5,test,train,ALGAL_LEAF_SPOT,ALGAL_LEAF_SPOT,39,True,True
DLD_FinalDataset_224_spit/train/ALGAL_LEAF_SPOT/to_label_5.jpg,DLD_FinalDataset_224_spit/train/ALGAL_LEAF_SPOT/to_label_6.jpg,5,6,train,train,ALGAL_LEAF_SPOT,ALGAL_LEAF_SPOT,38,True,False
DLD_FinalDataset_224_spit/train/ALGAL_LEAF_SPOT/to_label_6.jpg,DLD_FinalDataset_224_spit/test/ALGAL_LEAF_SPOT/to_label_7.jpg,6,7,train,test,ALGAL_LEAF_SPOT,ALGAL_LEAF_SPOT,36,True,True
DLD_FinalDataset_224_spit/test/ALGAL_LEAF_SPOT/to_label_7.jpg,DLD_FinalDataset_224_spit/train/ALGAL_LEAF_SPOT/to_label_8.jpg,7,8,test,train,ALGAL_LEAF_SPOT,ALGAL_LEAF_SPOT,37,True,True
DLD_FinalDataset_224_spit/train/ALGAL_LEAF_SPOT/to_label_8.jpg,DLD_FinalDataset_224_spit/train/ALGAL_LEAF_SPOT/to_label_9.jpg,8,9,train,train,ALGAL_LEAF_SPOT,ALGAL_LEAF_SPOT,31,True,False
DLD_FinalDataset_224_spit/train/ALGAL_LEAF_SPOT/to_label_9.jpg,DLD_FinalDataset_224_spit/train/ALGAL_LEAF_SPOT/to_label_10.jpg,9,10,train,train,ALGAL_LEAF_SPOT,ALGAL_LEAF_SPOT,33,True,False
DLD_FinalDataset_224_spit/train/ALGAL_LEAF_SPOT/to_label_10.jpg,DLD_FinalDataset_224_spit/train/ALGAL_LEAF_SPOT/to_label_11.jpg,10,11,train,train,ALGAL_LEAF_SPOT,ALGAL_LEAF_SPOT,32,True,False
DLD_FinalDataset_224_spit/train/ALGAL_LEAF_SPOT/to_label_11.jpg,DLD_FinalDataset_224_spit/test/ALGAL_LEAF_SPOT/to_label_12.jpg,11,12,train,test,ALGAL_LEAF_SPOT,ALGAL_LEAF_SPOT,28,True,True
DLD_FinalDataset_224_spit/test/ALGAL_LEAF_SPOT/to_label_12.jpg,DLD_FinalDataset_224_spit/train/ALGAL_LEAF_SPOT/to_label_13.jpg,12,13,test,train,ALGAL_LEAF_SPOT,ALGAL_LEAF_SPOT,29,True,True
DLD_FinalDataset_224_spit/train/ALGAL_LEAF_SPOT/to_label_13.jpg,DLD_FinalDataset_224_spit/train/ALGAL_LEAF_SPOT/to_label_14.jpg,13,14,train,train,ALGAL_LEAF_SPOT,ALGAL_LEAF_SPOT,23,True,False
DLD_FinalDataset_224_spit/train/ALGAL_LEAF_SPOT/to_label_14.jpg,DLD_FinalDataset_224_spit/val/ALGAL_LEAF_SPOT/to_label_15.jpg,14,15,train,val,ALGAL_LEAF_SPOT,ALGAL_LEAF_SPOT,35,True,True
DLD_FinalDataset_224_spit/val/ALGAL_LEAF_SPOT/to_label_15.jpg,DLD_FinalDataset_224_spit/train/ALGAL_LEAF_SPOT/to_label_16.jpg,15,16,val,train,ALGAL_LEAF_SPOT,ALGAL_LEAF_SPOT,24,True,True
DLD_FinalDataset_224_spit/train/ALGAL_LEAF_SPOT/to_label_16.jpg,DLD_FinalDataset_224_spit/test/ALGAL_LEAF_SPOT/to_label_17.jpg,16,17,train,test,ALGAL_LEAF_SPOT,ALGAL_LEAF_SPOT,33,True,True
DLD_FinalDataset_224_spit/test/ALGAL_LEAF_SPOT/to_label_17.jpg,DLD_FinalDataset_224_spit/train/ALGAL_LEAF_SPOT/to_label_18.jpg,17,18,test,train,ALGAL_LEAF_SPOT,ALGAL_LEAF_SPOT,30,True,True
DLD_FinalDataset_224_spit/train/ALGAL_LEAF_SPOT/to_label_18.jpg,DLD_FinalDataset_224_spit/train/ALGAL_LEAF_SPOT/to_label_19.jpg,18,19,train,train,ALGAL_LEAF_SPOT,ALGAL_LEAF_SPOT,28,True,False
DLD_FinalDataset_224_spit/train/ALGAL_LEAF_SPOT/to_label_19.jpg,DLD_FinalDataset_224_spit/train/ALGAL_LEAF_SPOT/to_label_20.jpg,19,20,train,train,ALGAL_LEAF_SPOT,ALGAL_LEAF_SPOT,26,True,False
DLD_FinalDataset_224_spit/train/ALGAL_LEAF_SPOT/to_label_20.jpg,DLD_FinalDataset_224_spit/train/ALGAL_LEAF_SPOT/to_label_21.jpg,20,21,train,train,ALGAL_LEAF_SPOT,ALGAL_LEAF_SPOT,28,True,False
DLD_FinalDataset_224_spit/train/ALGAL_LEAF_SPOT/to_label_21.jpg,DLD_FinalDataset_224_spit/train/ALGAL_LEAF_SPOT/to_label_22.jpg,21,22,train,train,ALGAL_LEAF_SPOT,ALGAL_LEAF_SPOT,29,True,False
DLD_FinalDataset_224_spit/train/ALGAL_LEAF_SPOT/to_label_22.jpg,DLD_FinalDataset_224_spit/val/ALGAL_LEAF_SPOT/to_label_23.jpg,22,23,train,val,ALGAL_LEAF_SPOT,ALGAL_LEAF_SPOT,31,True,True
DLD_FinalDataset_224_spit/val/ALGAL_LEAF_SPOT/to_label_23.jpg,DLD_FinalDataset_224_spit/train/ALGAL_LEAF_SPOT/to_label_24.jpg,23,24,val,train,ALGAL_LEAF_SPOT,ALGAL_LEAF_SPOT,31,True,True
DLD_FinalDataset_224_spit/train/ALGAL_LEAF_SPOT/to_label_24.jpg,DLD_FinalDataset_224_spit/train/ALGAL_LEAF_SPOT/to_label_25.jpg,24,25,train,train,ALGAL_LEAF_SPOT,ALGAL_LEAF_SPOT,31,True,False
DLD_FinalDataset_224_spit/train/ALGAL_LEAF_SPOT/to_label_25.jpg,DLD_FinalDataset_224_spit/train/ALGAL_LEAF_SPOT/to_label_26.jpg,25,26,train,train,ALGAL_LEAF_SPOT,ALGAL_LEAF_SPOT,41,True,False
DLD_FinalDataset_224_spit/train/ALGAL_LEAF_SPOT/to_label_26.jpg,DLD_FinalDataset_224_spit/train/ALGAL_LEAF_SPOT/to_label_27.jpg,26,27,train,train,ALGAL_LEAF_SPOT,ALGAL_LEAF_SPOT,32,True,False
DLD_FinalDataset_224_spit/train/ALGAL_LEAF_SPOT/to_label_27.jpg,DLD_FinalDataset_224_spit/train/ALGAL_LEAF_SPOT/to_label_28.jpg,27,28,train,train,ALGAL_LEAF_SPOT,ALGAL_LEAF_SPOT,33,True,False
DLD_FinalDataset_224_spit/train/ALGAL_LEAF_SPOT/to_label_28.jpg,DLD_FinalDataset_224_spit/val/ALGAL_LEAF_SPOT/to_label_29.jpg,28,29,train,val,ALGAL_LEAF_SPOT,ALGAL_LEAF_SPOT,33,True,True
DLD_FinalDataset_224_spit/val/ALGAL_LEAF_SPOT/to_label_29.jpg,DLD_FinalDataset_224_spit/val/ALGAL_LEAF_SPOT/to_label_30.jpg,29,30,val,val,ALGAL_LEAF_SPOT,ALGAL_LEAF_SPOT,35,True,False
DLD_FinalDataset_224_spit/val/ALGAL_LEAF_SPOT/to_label_30.jpg,DLD_FinalDataset_224_spit/val/ALGAL_LEAF_SPOT/to_label_31.jpg,30,31,val,val,ALGAL_LEAF_SPOT,ALGAL_LEAF_SPOT,30,True,False
DLD_FinalDataset_224_spit/val/ALGAL_LEAF_SPOT/to_label_31.jpg,DLD_FinalDataset_224_spit/train/ALGAL_LEAF_SPOT/to_label_32.jpg,31,32,val,train,ALGAL_LEAF_SPOT,ALGAL_LEAF_SPOT,24,True,True
DLD_FinalDataset_224_spit/train/ALGAL_LEAF_SPOT/to_label_32.jpg,DLD_FinalDataset_224_spit/train/ALGAL_LEAF_SPOT/to_label_33.jpg,32,33,train,train,ALGAL_LEAF_SPOT,ALGAL_LEAF_SPOT,28,True,False
DLD_FinalDataset_224_spit/train/ALGAL_LEAF_SPOT/to_label_33.jpg,DLD_FinalDataset_224_spit/train/ALGAL_LEAF_SPOT/to_label_34.jpg,33,34,train,train,ALGAL_LEAF_SPOT,ALGAL_LEAF_SPOT,34,True,False
DLD_FinalDataset_224_spit/train/ALGAL_LEAF_SPOT/to_label_34.jpg,DLD_FinalDataset_224_spit/train/ALGAL_LEAF_SPOT/to_label_35.jpg,34,35,train,train,ALGAL_LEAF_SPOT,ALGAL_LEAF_SPOT,33,True,False
DLD_FinalDataset_224_spit/train/ALGAL_LEAF_SPOT/to_label_35.jpg,DLD_FinalDataset_224_spit/train/ALGAL_LEAF_SPOT/to_label_36.jpg,35,36,train,train,ALGAL_LEAF_SPOT,ALGAL_LEAF_SPOT,37,True,False
DLD_FinalDataset_224_spit/train/ALGAL_LEAF_SPOT/to_label_36.jpg,DLD_FinalDataset_224_spit/test/ALGAL_LEAF_SPOT/to_label_37.jpg,36,37,train,test,ALGAL_LEAF_SPOT,ALGAL_LEAF_SPOT,36,True,True
DLD_FinalDataset_224_spit/test/ALGAL_LEAF_SPOT/to_label_37.jpg,DLD_FinalDataset_224_spit/test/ALGAL_LEAF_SPOT/to_label_38.jpg,37,38,test,test,ALGAL_LEAF_SPOT,ALGAL_LEAF_SPOT,36,True,False
DLD_FinalDataset_224_spit/test/ALGAL_LEAF_SPOT/to_label_38.jpg,DLD_FinalDataset_224_spit/train/ALGAL_LEAF_SPOT/to_label_39.jpg,38,39,test,train,ALGAL_LEAF_SPOT,ALGAL_LEAF_SPOT,27,True,True
DLD_FinalDataset_224_spit/train/ALGAL_LEAF_SPOT/to_label_39.jpg,DLD_FinalDataset_224_spit/train/ALGAL_LEAF_SPOT/to_label_40.jpg,39,40,train,train,ALGAL_LEAF_SPOT,ALGAL_LEAF_SPOT,37,True,False
DLD_FinalDataset_224_spit/train/ALGAL_LEAF_SPOT/to_label_40.jpg,DLD_FinalDataset_224_spit/train/ALGAL_LEAF_SPOT/to_label_41.jpg,40,41,train,train,ALGAL_LEAF_SPOT,ALGAL_LEAF_SPOT,41,True,False
DLD_FinalDataset_224_spit/train/ALGAL_LEAF_SPOT/to_label_41.jpg,DLD_FinalDataset_224_spit/test/ALGAL_LEAF_SPOT/to_label_42.jpg,41,42,train,test,ALGAL_LEAF_SPOT,ALGAL_LEAF_SPOT,37,True,True
DLD_FinalDataset_224_spit/test/ALGAL_LEAF_SPOT/to_label_42.jpg,DLD_FinalDataset_224_spit/test/ALGAL_LEAF_SPOT/to_label_43.jpg,42,43,test,test,ALGAL_LEAF_SPOT,ALGAL_LEAF_SPOT,33,True,False
DLD_FinalDataset_224_spit/test/ALGAL_LEAF_SPOT/to_label_43.jpg,DLD_FinalDataset_224_spit/train/ALGAL_LEAF_SPOT/to_label_44.jpg,43,44,test,train,ALGAL_LEAF_SPOT,ALGAL_LEAF_SPOT,34,True,True
DLD_FinalDataset_224_spit/train/ALGAL_LEAF_SPOT/to_label_44.jpg,DLD_FinalDataset_224_spit/train/ALGAL_LEAF_SPOT/to_label_45.jpg,44,45,train,train,ALGAL_LEAF_SPOT,ALGAL_LEAF_SPOT,33,True,False
DLD_FinalDataset_224_spit/train/ALGAL_LEAF_SPOT/to_label_45.jpg,DLD_FinalDataset_224_spit/train/ALGAL_LEAF_SPOT/to_label_46.jpg,45,46,train,train,ALGAL_LEAF_SPOT,ALGAL_LEAF_SPOT,32,True,False
DLD_FinalDataset_224_spit/train/ALGAL_LEAF_SPOT/to_label_46.jpg,DLD_FinalDataset_224_spit/test/ALGAL_LEAF_SPOT/to_label_47.jpg,46,47,train,test,ALGAL_LEAF_SPOT,ALGAL_LEAF_SPOT,31,True,True
DLD_FinalDataset_224_spit/test/ALGAL_LEAF_SPOT/to_label_47.jpg,DLD_FinalDataset_224_spit/test/ALGAL_LEAF_SPOT/to_label_48.jpg,47,48,test,test,ALGAL_LEAF_SPOT,ALGAL_LEAF_SPOT,29,True,False
DLD_FinalDataset_224_spit/test/ALGAL_LEAF_SPOT/to_label_48.jpg,DLD_FinalDataset_224_spit/test/ALGAL_LEAF_SPOT/to_label_49.jpg,48,49,test,test,ALGAL_LEAF_SPOT,ALGAL_LEAF_SPOT,28,True,False
DLD_FinalDataset_224_spit/test/ALGAL_LEAF_SPOT/to_label_49.jpg,DLD_FinalDataset_224_spit/train/ALGAL_LEAF_SPOT/to_label_50.jpg,49,50,test,train,ALGAL_LEAF_SPOT,ALGAL_LEAF_SPOT,31,True,True
DLD_FinalDataset_224_spit/train/ALGAL_LEAF_SPOT/to_label_50.jpg,DLD_FinalDataset_224_spit/train/ALGAL_LEAF_SPOT/to_label_51.jpg,50,51,train,train,ALGAL_LEAF_SPOT,ALGAL_LEAF_SPOT,29,True,False
DLD_FinalDataset_224_spit/train/ALGAL_LEAF_SPOT/to_label_51.jpg,DLD_FinalDataset_224_spit/val/ALGAL_LEAF_SPOT/to_label_52.jpg,51,52,train,val,ALGAL_LEAF_SPOT,ALGAL_LEAF_SPOT,35,True,True
DLD_FinalDataset_224_spit/val/ALGAL_LEAF_SPOT/to_label_52.jpg,DLD_FinalDataset_224_spit/train/ALGAL_LEAF_SPOT/to_label_53.jpg,52,53,val,train,ALGAL_LEAF_SPOT,ALGAL_LEAF_SPOT,31,True,True
DLD_FinalDataset_224_spit/train/ALGAL_LEAF_SPOT/to_label_53.jpg,DLD_FinalDataset_224_spit/train/ALGAL_LEAF_SPOT/to_label_54.jpg,53,54,train,train,ALGAL_LEAF_SPOT,ALGAL_LEAF_SPOT,25,True,False
DLD_FinalDataset_224_spit/train/ALGAL_LEAF_SPOT/to_label_54.jpg,DLD_FinalDataset_224_spit/train/ALGAL_LEAF_SPOT/to_label_55.jpg,54,55,train,train,ALGAL_LEAF_SPOT,ALGAL_LEAF_SPOT,39,True,False
DLD_FinalDataset_224_spit/train/ALGAL_LEAF_SPOT/to_label_55.jpg,DLD_FinalDataset_224_spit/train/ALGAL_LEAF_SPOT/to_label_56.jpg,55,56,train,train,ALGAL_LEAF_SPOT,ALGAL_LEAF_SPOT,29,True,False
DLD_FinalDataset_224_spit/train/ALGAL_LEAF_SPOT/to_label_56.jpg,DLD_FinalDataset_224_spit/train/ALGAL_LEAF_SPOT/to_label_57.jpg,56,57,train,train,ALGAL_LEAF_SPOT,ALGAL_LEAF_SPOT,24,True,False
DLD_FinalDataset_224_spit/train/ALGAL_LEAF_SPOT/to_label_57.jpg,DLD_FinalDataset_224_spit/val/ALGAL_LEAF_SPOT/to_label_58.jpg,57,58,train,val,ALGAL_LEAF_SPOT,ALGAL_LEAF_SPOT,32,True,True
DLD_FinalDataset_224_spit/val/ALGAL_LEAF_SPOT/to_label_58.jpg,DLD_FinalDataset_224_spit/test/ALGAL_LEAF_SPOT/to_label_59.jpg,58,59,val,test,ALGAL_LEAF_SPOT,ALGAL_LEAF_SPOT,20,True,True
DLD_FinalDataset_224_spit/test/ALGAL_LEAF_SPOT/to_label_59.jpg,DLD_FinalDataset_224_spit/train/ALGAL_LEAF_SPOT/to_label_60.jpg,59,60,test,train,ALGAL_LEAF_SPOT,ALGAL_LEAF_SPOT,34,True,True
DLD_FinalDataset_224_spit/train/ALGAL_LEAF_SPOT/to_label_60.jpg,DLD_FinalDataset_224_spit/test/ALGAL_LEAF_SPOT/to_label_61.jpg,60,61,train,test,ALGAL_LEAF_SPOT,ALGAL_LEAF_SPOT,32,True,True
DLD_FinalDataset_224_spit/test/ALGAL_LEAF_SPOT/to_label_61.jpg,DLD_FinalDataset_224_spit/train/ALGAL_LEAF_SPOT/to_label_62.jpg,61,62,test,train,ALGAL_LEAF_SPOT,ALGAL_LEAF_SPOT,44,True,True
DLD_FinalDataset_224_spit/train/ALGAL_LEAF_SPOT/to_label_62.jpg,DLD_FinalDataset_224_spit/train/ALGAL_LEAF_SPOT/to_label_63.jpg,62,63,train,train,ALGAL_LEAF_SPOT,ALGAL_LEAF_SPOT,29,True,False
DLD_FinalDataset_224_spit/train/ALGAL_LEAF_SPOT/to_label_63.jpg,DLD_FinalDataset_224_spit/train/ALGAL_LEAF_SPOT/to_label_64.jpg,63,64,train,train,ALGAL_LEAF_SPOT,ALGAL_LEAF_SPOT,26,True,False
DLD_FinalDataset_224_spit/train/ALGAL_LEAF_SPOT/to_label_64.jpg,DLD_FinalDataset_224_spit/train/ALGAL_LEAF_SPOT/to_label_65.jpg,64,65,train,train,ALGAL_LEAF_SPOT,ALGAL_LEAF_SPOT,27,True,False
DLD_FinalDataset_224_spit/train/ALGAL_LEAF_SPOT/to_label_65.jpg,DLD_FinalDataset_224_spit/train/ALGAL_LEAF_SPOT/to_label_66.jpg,65,66,train,train,ALGAL_LEAF_SPOT,ALGAL_LEAF_SPOT,36,True,False
DLD_FinalDataset_224_spit/train/ALGAL_LEAF_SPOT/to_label_66.jpg,DLD_FinalDataset_224_spit/train/ALGAL_LEAF_SPOT/to_label_67.jpg,66,67,train,train,ALGAL_LEAF_SPOT,ALGAL_LEAF_SPOT,35,True,False
DLD_FinalDataset_224_spit/train/ALGAL_LEAF_SPOT/to_label_67.jpg,DLD_FinalDataset_224_spit/train/ALGAL_LEAF_SPOT/to_label_68.jpg,67,68,train,train,ALGAL_LEAF_SPOT,ALGAL_LEAF_SPOT,28,True,False
DLD_FinalDataset_224_spit/train/ALGAL_LEAF_SPOT/to_label_68.jpg,DLD_FinalDataset_224_spit/train/ALGAL_LEAF_SPOT/to_label_69.jpg,68,69,train,train,ALGAL_LEAF_SPOT,ALGAL_LEAF_SPOT,33,True,False
DLD_FinalDataset_224_spit/train/ALGAL_LEAF_SPOT/to_label_69.jpg,DLD_FinalDataset_224_spit/test/ALGAL_LEAF_SPOT/to_label_70.jpg,69,70,train,test,ALGAL_LEAF_SPOT,ALGAL_LEAF_SPOT,32,True,True
DLD_FinalDataset_224_spit/test/ALGAL_LEAF_SPOT/to_label_70.jpg,DLD_FinalDataset_224_spit/train/ALGAL_LEAF_SPOT/to_label_71.jpg,70,71,test,train,ALGAL_LEAF_SPOT,ALGAL_LEAF_SPOT,32,True,True
DLD_FinalDataset_224_spit/train/ALGAL_LEAF_SPOT/to_label_71.jpg,DLD_FinalDataset_224_spit/train/ALGAL_LEAF_SPOT/to_label_72.jpg,71,72,train,train,ALGAL_LEAF_SPOT,ALGAL_LEAF_SPOT,39,True,False
DLD_FinalDataset_224_spit/train/ALGAL_LEAF_SPOT/to_label_72.jpg,DLD_FinalDataset_224_spit/train/ALGAL_LEAF_SPOT/to_label_73.jpg,72,73,train,train,ALGAL_LEAF_SPOT,ALGAL_LEAF_SPOT,25,True,False
DLD_FinalDataset_224_spit/train/ALGAL_LEAF_SPOT/to_label_73.jpg,DLD_FinalDataset_224_spit/test/ALGAL_LEAF_SPOT/to_label_74.jpg,73,74,train,test,ALGAL_LEAF_SPOT,ALGAL_LEAF_SPOT,37,True,True
DLD_FinalDataset_224_spit/test/ALGAL_LEAF_SPOT/to_label_74.jpg,DLD_FinalDataset_224_spit/train/ALGAL_LEAF_SPOT/to_label_75.jpg,74,75,test,train,ALGAL_LEAF_SPOT,ALGAL_LEAF_SPOT,34,True,True
DLD_FinalDataset_224_spit/train/ALGAL_LEAF_SPOT/to_label_75.jpg,DLD_FinalDataset_224_spit/train/ALGAL_LEAF_SPOT/to_label_76.jpg,75,76,train,train,ALGAL_LEAF_SPOT,ALGAL_LEAF_SPOT,38,True,False
DLD_FinalDataset_224_spit/train/ALGAL_LEAF_SPOT/to_label_76.jpg,DLD_FinalDataset_224_spit/train/ALGAL_LEAF_SPOT/to_label_77.jpg,76,77,train,train,ALGAL_LEAF_SPOT,ALGAL_LEAF_SPOT,30,True,False
DLD_FinalDataset_224_spit/train/ALGAL_LEAF_SPOT/to_label_77.jpg,DLD_FinalDataset_224_spit/train/ALGAL_LEAF_SPOT/to_label_78.jpg,77,78,train,train,ALGAL_LEAF_SPOT,ALGAL_LEAF_SPOT,29,True,False
DLD_FinalDataset_224_spit/train/ALGAL_LEAF_SPOT/to_label_78.jpg,DLD_FinalDataset_224_spit/test/ALGAL_LEAF_SPOT/to_label_79.jpg,78,79,train,test,ALGAL_LEAF_SPOT,ALGAL_LEAF_SPOT,34,True,True
DLD_FinalDataset_224_spit/test/ALGAL_LEAF_SPOT/to_label_79.jpg,DLD_FinalDataset_224_spit/train/ALGAL_LEAF_SPOT/to_label_80.jpg,79,80,test,train,ALGAL_LEAF_SPOT,ALGAL_LEAF_SPOT,30,True,True
DLD_FinalDataset_224_spit/train/ALGAL_LEAF_SPOT/to_label_80.jpg,DLD_FinalDataset_224_spit/train/ALGAL_LEAF_SPOT/to_label_81.jpg,80,81,train,train,ALGAL_LEAF_SPOT,ALGAL_LEAF_SPOT,32,True,False
DLD_FinalDataset_224_spit/train/ALGAL_LEAF_SPOT/to_label_81.jpg,DLD_FinalDataset_224_spit/test/ALGAL_LEAF_SPOT/to_label_82.jpg,81,82,train,test,ALGAL_LEAF_SPOT,ALGAL_LEAF_SPOT,34,True,True
DLD_FinalDataset_224_spit/test/ALGAL_LEAF_SPOT/to_label_82.jpg,DLD_FinalDataset_224_spit/train/ALGAL_LEAF_SPOT/to_label_83.jpg,82,83,test,train,ALGAL_LEAF_SPOT,ALGAL_LEAF_SPOT,30,True,True
DLD_FinalDataset_224_spit/train/ALGAL_LEAF_SPOT/to_label_83.jpg,DLD_FinalDataset_224_spit/train/ALGAL_LEAF_SPOT/to_label_84.jpg,83,84,train,train,ALGAL_LEAF_SPOT,ALGAL_LEAF_SPOT,34,True,False
DLD_FinalDataset_224_spit/train/ALGAL_LEAF_SPOT/to_label_84.jpg,DLD_FinalDataset_224_spit/train/ALGAL_LEAF_SPOT/to_label_85.jpg,84,85,train,train,ALGAL_LEAF_SPOT,ALGAL_LEAF_SPOT,38,True,False
DLD_FinalDataset_224_spit/train/ALGAL_LEAF_SPOT/to_label_85.jpg,DLD_FinalDataset_224_spit/train/ALGAL_LEAF_SPOT/to_label_86.jpg,85,86,train,train,ALGAL_LEAF_SPOT,ALGAL_LEAF_SPOT,38,True,False
DLD_FinalDataset_224_spit/train/ALGAL_LEAF_SPOT/to_label_86.jpg,DLD_FinalDataset_224_spit/test/ALGAL_LEAF_SPOT/to_label_87.jpg,86,87,train,test,ALGAL_LEAF_SPOT,ALGAL_LEAF_SPOT,33,True,True
DLD_FinalDataset_224_spit/test/ALGAL_LEAF_SPOT/to_label_87.jpg,DLD_FinalDataset_224_spit/train/ALGAL_LEAF_SPOT/to_label_88.jpg,87,88,test,train,ALGAL_LEAF_SPOT,ALGAL_LEAF_SPOT,27,True,True
DLD_FinalDataset_224_spit/train/ALGAL_LEAF_SPOT/to_label_88.jpg,DLD_FinalDataset_224_spit/train/ALGAL_LEAF_SPOT/to_label_89.jpg,88,89,train,train,ALGAL_LEAF_SPOT,ALGAL_LEAF_SPOT,31,True,False
DLD_FinalDataset_224_spit/train/ALGAL_LEAF_SPOT/to_label_89.jpg,DLD_FinalDataset_224_spit/test/ALGAL_LEAF_SPOT/to_label_90.jpg,89,90,train,test,ALGAL_LEAF_SPOT,ALGAL_LEAF_SPOT,33,True,True
DLD_FinalDataset_224_spit/test/ALGAL_LEAF_SPOT/to_label_90.jpg,DLD_FinalDataset_224_spit/train/ALGAL_LEAF_SPOT/to_label_91.jpg,90,91,test,train,ALGAL_LEAF_SPOT,ALGAL_LEAF_SPOT,30,True,True
DLD_FinalDataset_224_spit/train/ALGAL_LEAF_SPOT/to_label_91.jpg,DLD_FinalDataset_224_spit/train/ALGAL_LEAF_SPOT/to_label_92.jpg,91,92,train,train,ALGAL_LEAF_SPOT,ALGAL_LEAF_SPOT,34,True,False
DLD_FinalDataset_224_spit/train/ALGAL_LEAF_SPOT/to_label_92.jpg,DLD_FinalDataset_224_spit/train/ALGAL_LEAF_SPOT/to_label_93.jpg,92,93,train,train,ALGAL_LEAF_SPOT,ALGAL_LEAF_SPOT,35,True,False
DLD_FinalDataset_224_spit/train/ALGAL_LEAF_SPOT/to_label_93.jpg,DLD_FinalDataset_224_spit/test/ALGAL_LEAF_SPOT/to_label_94.jpg,93,94,train,test,ALGAL_LEAF_SPOT,ALGAL_LEAF_SPOT,31,True,True
DLD_FinalDataset_224_spit/test/ALGAL_LEAF_SPOT/to_label_94.jpg,DLD_FinalDataset_224_spit/val/ALGAL_LEAF_SPOT/to_label_95.jpg,94,95,test,val,ALGAL_LEAF_SPOT,ALGAL_LEAF_SPOT,34,True,True
DLD_FinalDataset_224_spit/val/ALGAL_LEAF_SPOT/to_label_95.jpg,DLD_FinalDataset_224_spit/test/ALGAL_LEAF_SPOT/to_label_96.jpg,95,96,val,test,ALGAL_LEAF_SPOT,ALGAL_LEAF_SPOT,36,True,True
DLD_FinalDataset_224_spit/test/ALGAL_LEAF_SPOT/to_label_96.jpg,DLD_FinalDataset_224_spit/train/ALGAL_LEAF_SPOT/to_label_97.jpg,96,97,test,train,ALGAL_LEAF_SPOT,ALGAL_LEAF_SPOT,28,True,True
DLD_FinalDataset_224_spit/train/ALGAL_LEAF_SPOT/to_label_97.jpg,DLD_FinalDataset_224_spit/val/ALGAL_LEAF_SPOT/to_label_98.jpg,97,98,train,val,ALGAL_LEAF_SPOT,ALGAL_LEAF_SPOT,26,True,True
DLD_FinalDataset_224_spit/val/ALGAL_LEAF_SPOT/to_label_98.jpg,DLD_FinalDataset_224_spit/train/ALGAL_LEAF_SPOT/to_label_99.jpg,98,99,val,train,ALGAL_LEAF_SPOT,ALGAL_LEAF_SPOT,31,True,True
DLD_FinalDataset_224_spit/train/ALGAL_LEAF_SPOT/to_label_99.jpg,DLD_FinalDataset_224_spit/test/ALGAL_LEAF_SPOT/to_label_100.jpg,99,100,train,test,ALGAL_LEAF_SPOT,ALGAL_LEAF_SPOT,30,True,True
DLD_FinalDataset_224_spit/test/ALGAL_LEAF_SPOT/to_label_100.jpg,DLD_FinalDataset_224_spit/train/ALGAL_LEAF_SPOT/to_label_101.jpg,100,101,test,train,ALGAL_LEAF_SPOT,ALGAL_LEAF_SPOT,32,True,True
DLD_FinalDataset_224_spit/train/ALGAL_LEAF_SPOT/to_label_101.jpg,DLD_FinalDataset_224_spit/train/ALGAL_LEAF_SPOT/to_label_102.jpg,101,102,train,train,ALGAL_LEAF_SPOT,ALGAL_LEAF_SPOT,31,True,False
DLD_FinalDataset_224_spit/train/ALGAL_LEAF_SPOT/to_label_102.jpg,DLD_FinalDataset_224_spit/train/ALGAL_LEAF_SPOT/to_label_103.jpg,102,103,train,train,ALGAL_LEAF_SPOT,ALGAL_LEAF_SPOT,29,True,False
DLD_FinalDataset_224_spit/train/ALGAL_LEAF_SPOT/to_label_103.jpg,DLD_FinalDataset_224_spit/test/ALGAL_LEAF_SPOT/to_label_104.jpg,103,104,train,test,ALGAL_LEAF_SPOT,ALGAL_LEAF_SPOT,28,True,True
DLD_FinalDataset_224_spit/test/ALGAL_LEAF_SPOT/to_label_104.jpg,DLD_FinalDataset_224_spit/train/ALGAL_LEAF_SPOT/to_label_105.jpg,104,105,test,train,ALGAL_LEAF_SPOT,ALGAL_LEAF_SPOT,35,True,True
DLD_FinalDataset_224_spit/train/ALGAL_LEAF_SPOT/to_label_105.jpg,DLD_FinalDataset_224_spit/train/ALGAL_LEAF_SPOT/to_label_106.jpg,105,106,train,train,ALGAL_LEAF_SPOT,ALGAL_LEAF_SPOT,38,True,False
DLD_FinalDataset_224_spit/train/ALGAL_LEAF_SPOT/to_label_106.jpg,DLD_FinalDataset_224_spit/train/ALGAL_LEAF_SPOT/to_label_107.jpg,106,107,train,train,ALGAL_LEAF_SPOT,ALGAL_LEAF_SPOT,22,True,False
DLD_FinalDataset_224_spit/train/ALGAL_LEAF_SPOT/to_label_107.jpg,DLD_FinalDataset_224_spit/test/ALGAL_LEAF_SPOT/to_label_108.jpg,107,108,train,test,ALGAL_LEAF_SPOT,ALGAL_LEAF_SPOT,36,True,True
DLD_FinalDataset_224_spit/test/ALGAL_LEAF_SPOT/to_label_108.jpg,DLD_FinalDataset_224_spit/train/ALGAL_LEAF_SPOT/to_label_109.jpg,108,109,test,train,ALGAL_LEAF_SPOT,ALGAL_LEAF_SPOT,27,True,True
DLD_FinalDataset_224_spit/train/ALGAL_LEAF_SPOT/to_label_109.jpg,DLD_FinalDataset_224_spit/train/ALGAL_LEAF_SPOT/to_label_110.jpg,109,110,train,train,ALGAL_LEAF_SPOT,ALGAL_LEAF_SPOT,31,True,False
DLD_FinalDataset_224_spit/train/ALGAL_LEAF_SPOT/to_label_110.jpg,DLD_FinalDataset_224_spit/train/ALGAL_LEAF_SPOT/to_label_111.jpg,110,111,train,train,ALGAL_LEAF_SPOT,ALGAL_LEAF_SPOT,30,True,False
DLD_FinalDataset_224_spit/train/ALGAL_LEAF_SPOT/to_label_111.jpg,DLD_FinalDataset_224_spit/train/ALGAL_LEAF_SPOT/to_label_112.jpg,111,112,train,train,ALGAL_LEAF_SPOT,ALGAL_LEAF_SPOT,30,True,False
DLD_FinalDataset_224_spit/train/ALGAL_LEAF_SPOT/to_label_112.jpg,DLD_FinalDataset_224_spit/train/ALGAL_LEAF_SPOT/to_label_113.jpg,112,113,train,train,ALGAL_LEAF_SPOT,ALGAL_LEAF_SPOT,34,True,False
DLD_FinalDataset_224_spit/train/ALGAL_LEAF_SPOT/to_label_113.jpg,DLD_FinalDataset_224_spit/train/ALGAL_LEAF_SPOT/to_label_114.jpg,113,114,train,train,ALGAL_LEAF_SPOT,ALGAL_LEAF_SPOT,34,True,False
DLD_FinalDataset_224_spit/train/ALGAL_LEAF_SPOT/to_label_114.jpg,DLD_FinalDataset_224_spit/val/ALGAL_LEAF_SPOT/to_label_115.jpg,114,115,train,val,ALGAL_LEAF_SPOT,ALGAL_LEAF_SPOT,30,True,True
DLD_FinalDataset_224_spit/val/ALGAL_LEAF_SPOT/to_label_115.jpg,DLD_FinalDataset_224_spit/train/ALGAL_LEAF_SPOT/to_label_116.jpg,115,116,val,train,ALGAL_LEAF_SPOT,ALGAL_LEAF_SPOT,39,True,True
DLD_FinalDataset_224_spit/train/ALGAL_LEAF_SPOT/to_label_116.jpg,DLD_FinalDataset_224_spit/train/ALGAL_LEAF_SPOT/to_label_117.jpg,116,117,train,train,ALGAL_LEAF_SPOT,ALGAL_LEAF_SPOT,29,True,False
DLD_FinalDataset_224_spit/train/ALGAL_LEAF_SPOT/to_label_117.jpg,DLD_FinalDataset_224_spit/train/ALGAL_LEAF_SPOT/to_label_118.jpg,117,118,train,train,ALGAL_LEAF_SPOT,ALGAL_LEAF_SPOT,36,True,False
DLD_FinalDataset_224_spit/train/ALGAL_LEAF_SPOT/to_label_118.jpg,DLD_FinalDataset_224_spit/train/ALGAL_LEAF_SPOT/to_label_119.jpg,118,119,train,train,ALGAL_LEAF_SPOT,ALGAL_LEAF_SPOT,34,True,False
DLD_FinalDataset_224_spit/train/ALGAL_LEAF_SPOT/to_label_119.jpg,DLD_FinalDataset_224_spit/val/ALGAL_LEAF_SPOT/to_label_120.jpg,119,120,train,val,ALGAL_LEAF_SPOT,ALGAL_LEAF_SPOT,39,True,True
DLD_FinalDataset_224_spit/val/ALGAL_LEAF_SPOT/to_label_120.jpg,DLD_FinalDataset_224_spit/train/ALGAL_LEAF_SPOT/to_label_121.jpg,120,121,val,train,ALGAL_LEAF_SPOT,ALGAL_LEAF_SPOT,33,True,True
DLD_FinalDataset_224_spit/train/ALGAL_LEAF_SPOT/to_label_121.jpg,DLD_FinalDataset_224_spit/train/ALGAL_LEAF_SPOT/to_label_122.jpg,121,122,train,train,ALGAL_LEAF_SPOT,ALGAL_LEAF_SPOT,30,True,False
DLD_FinalDataset_224_spit/train/ALGAL_LEAF_SPOT/to_label_122.jpg,DLD_FinalDataset_224_spit/train/ALGAL_LEAF_SPOT/to_label_123.jpg,122,123,train,train,ALGAL_LEAF_SPOT,ALGAL_LEAF_SPOT,33,True,False
DLD_FinalDataset_224_spit/train/ALGAL_LEAF_SPOT/to_label_123.jpg,DLD_FinalDataset_224_spit/train/ALGAL_LEAF_SPOT/to_label_124.jpg,123,124,train,train,ALGAL_LEAF_SPOT,ALGAL_LEAF_SPOT,37,True,False
DLD_FinalDataset_224_spit/train/ALGAL_LEAF_SPOT/to_label_124.jpg,DLD_FinalDataset_224_spit/val/ALGAL_LEAF_SPOT/to_label_125.jpg,124,125,train,val,ALGAL_LEAF_SPOT,ALGAL_LEAF_SPOT,30,True,True
DLD_FinalDataset_224_spit/val/ALGAL_LEAF_SPOT/to_label_125.jpg,DLD_FinalDataset_224_spit/test/ALGAL_LEAF_SPOT/to_label_126.jpg,125,126,val,test,ALGAL_LEAF_SPOT,ALGAL_LEAF_SPOT,29,True,True
DLD_FinalDataset_224_spit/test/ALGAL_LEAF_SPOT/to_label_126.jpg,DLD_FinalDataset_224_spit/test/ALGAL_LEAF_SPOT/to_label_127.jpg,126,127,test,test,ALGAL_LEAF_SPOT,ALGAL_LEAF_SPOT,26,True,False
DLD_FinalDataset_224_spit/test/ALGAL_LEAF_SPOT/to_label_127.jpg,DLD_FinalDataset_224_spit/train/ALGAL_LEAF_SPOT/to_label_128.jpg,127,128,test,train,ALGAL_LEAF_SPOT,ALGAL_LEAF_SPOT,23,True,True
DLD_FinalDataset_224_spit/train/ALGAL_LEAF_SPOT/to_label_128.jpg,DLD_FinalDataset_224_spit/val/ALGAL_LEAF_SPOT/to_label_129.jpg,128,129,train,val,ALGAL_LEAF_SPOT,ALGAL_LEAF_SPOT,28,True,True
DLD_FinalDataset_224_spit/val/ALGAL_LEAF_SPOT/to_label_129.jpg,DLD_FinalDataset_224_spit/train/ALGAL_LEAF_SPOT/to_label_130.jpg,129,130,val,train,ALGAL_LEAF_SPOT,ALGAL_LEAF_SPOT,32,True,True
DLD_FinalDataset_224_spit/train/ALGAL_LEAF_SPOT/to_label_130.jpg,DLD_FinalDataset_224_spit/train/ALGAL_LEAF_SPOT/to_label_131.jpg,130,131,train,train,ALGAL_LEAF_SPOT,ALGAL_LEAF_SPOT,30,True,False
DLD_FinalDataset_224_spit/train/ALGAL_LEAF_SPOT/to_label_131.jpg,DLD_FinalDataset_224_spit/train/ALGAL_LEAF_SPOT/to_label_132.jpg,131,132,train,train,ALGAL_LEAF_SPOT,ALGAL_LEAF_SPOT,25,True,False
DLD_FinalDataset_224_spit/train/ALGAL_LEAF_SPOT/to_label_132.jpg,DLD_FinalDataset_224_spit/train/ALGAL_LEAF_SPOT/to_label_133.jpg,132,133,train,train,ALGAL_LEAF_SPOT,ALGAL_LEAF_SPOT,29,True,False
DLD_FinalDataset_224_spit/train/ALGAL_LEAF_SPOT/to_label_133.jpg,DLD_FinalDataset_224_spit/test/ALGAL_LEAF_SPOT/to_label_134.jpg,133,134,train,test,ALGAL_LEAF_SPOT,ALGAL_LEAF_SPOT,36,True,True
DLD_FinalDataset_224_spit/test/ALGAL_LEAF_SPOT/to_label_134.jpg,DLD_FinalDataset_224_spit/train/ALGAL_LEAF_SPOT/to_label_135.jpg,134,135,test,train,ALGAL_LEAF_SPOT,ALGAL_LEAF_SPOT,30,True,True
DLD_FinalDataset_224_spit/train/ALGAL_LEAF_SPOT/to_label_135.jpg,DLD_FinalDataset_224_spit/val/ALGAL_LEAF_SPOT/to_label_136.jpg,135,136,train,val,ALGAL_LEAF_SPOT,ALGAL_LEAF_SPOT,37,True,True
DLD_FinalDataset_224_spit/val/ALGAL_LEAF_SPOT/to_label_136.jpg,DLD_FinalDataset_224_spit/train/ALGAL_LEAF_SPOT/to_label_137.jpg,136,137,val,train,ALGAL_LEAF_SPOT,ALGAL_LEAF_SPOT,30,True,True
DLD_FinalDataset_224_spit/train/ALGAL_LEAF_SPOT/to_label_137.jpg,DLD_FinalDataset_224_spit/train/ALGAL_LEAF_SPOT/to_label_138.jpg,137,138,train,train,ALGAL_LEAF_SPOT,ALGAL_LEAF_SPOT,30,True,False
DLD_FinalDataset_224_spit/train/ALGAL_LEAF_SPOT/to_label_138.jpg,DLD_FinalDataset_224_spit/test/ALGAL_LEAF_SPOT/to_label_139.jpg,138,139,train,test,ALGAL_LEAF_SPOT,ALGAL_LEAF_SPOT,27,True,True
DLD_FinalDataset_224_spit/test/ALGAL_LEAF_SPOT/to_label_139.jpg,DLD_FinalDataset_224_spit/train/ALGAL_LEAF_SPOT/to_label_140.jpg,139,140,test,train,ALGAL_LEAF_SPOT,ALGAL_LEAF_SPOT,35,True,True
DLD_FinalDataset_224_spit/train/ALGAL_LEAF_SPOT/to_label_140.jpg,DLD_FinalDataset_224_spit/train/ALGAL_LEAF_SPOT/to_label_141.jpg,140,141,train,train,ALGAL_LEAF_SPOT,ALGAL_LEAF_SPOT,35,True,False
DLD_FinalDataset_224_spit/train/ALGAL_LEAF_SPOT/to_label_141.jpg,DLD_FinalDataset_224_spit/train/ALGAL_LEAF_SPOT/to_label_142.jpg,141,142,train,train,ALGAL_LEAF_SPOT,ALGAL_LEAF_SPOT,30,True,False
DLD_FinalDataset_224_spit/train/ALGAL_LEAF_SPOT/to_label_142.jpg,DLD_FinalDataset_224_spit/val/ALGAL_LEAF_SPOT/to_label_143.jpg,142,143,train,val,ALGAL_LEAF_SPOT,ALGAL_LEAF_SPOT,32,True,True
DLD_FinalDataset_224_spit/val/ALGAL_LEAF_SPOT/to_label_143.jpg,DLD_FinalDataset_224_spit/train/ALGAL_LEAF_SPOT/to_label_144.jpg,143,144,val,train,ALGAL_LEAF_SPOT,ALGAL_LEAF_SPOT,29,True,True
DLD_FinalDataset_224_spit/train/ALGAL_LEAF_SPOT/to_label_144.jpg,DLD_FinalDataset_224_spit/val/ALGAL_LEAF_SPOT/to_label_145.jpg,144,145,train,val,ALGAL_LEAF_SPOT,ALGAL_LEAF_SPOT,39,True,True
DLD_FinalDataset_224_spit/val/ALGAL_LEAF_SPOT/to_label_145.jpg,DLD_FinalDataset_224_spit/train/ALGAL_LEAF_SPOT/to_label_146.jpg,145,146,val,train,ALGAL_LEAF_SPOT,ALGAL_LEAF_SPOT,29,True,True
DLD_FinalDataset_224_spit/train/ALGAL_LEAF_SPOT/to_label_146.jpg,DLD_FinalDataset_224_spit/train/ALGAL_LEAF_SPOT/to_label_147.jpg,146,147,train,train,ALGAL_LEAF_SPOT,ALGAL_LEAF_SPOT,35,True,False
DLD_FinalDataset_224_spit/train/ALGAL_LEAF_SPOT/to_label_147.jpg,DLD_FinalDataset_224_spit/test/ALGAL_LEAF_SPOT/to_label_148.jpg,147,148,train,test,ALGAL_LEAF_SPOT,ALGAL_LEAF_SPOT,31,True,True
DLD_FinalDataset_224_spit/test/ALGAL_LEAF_SPOT/to_label_148.jpg,DLD_FinalDataset_224_spit/val/ALGAL_LEAF_SPOT/to_label_149.jpg,148,149,test,val,ALGAL_LEAF_SPOT,ALGAL_LEAF_SPOT,25,True,True
DLD_FinalDataset_224_spit/val/ALGAL_LEAF_SPOT/to_label_149.jpg,DLD_FinalDataset_224_spit/train/ALGAL_LEAF_SPOT/to_label_150.jpg,149,150,val,train,ALGAL_LEAF_SPOT,ALGAL_LEAF_SPOT,28,True,True
DLD_FinalDataset_224_spit/train/ALGAL_LEAF_SPOT/to_label_150.jpg,DLD_FinalDataset_224_spit/train/ALGAL_LEAF_SPOT/to_label_151.jpg,150,151,train,train,ALGAL_LEAF_SPOT,ALGAL_LEAF_SPOT,30,True,False
DLD_FinalDataset_224_spit/train/ALGAL_LEAF_SPOT/to_label_151.jpg,DLD_FinalDataset_224_spit/train/ALGAL_LEAF_SPOT/to_label_152.jpg,151,152,train,train,ALGAL_LEAF_SPOT,ALGAL_LEAF_SPOT,33,True,False
DLD_FinalDataset_224_spit/train/ALGAL_LEAF_SPOT/to_label_152.jpg,DLD_FinalDataset_224_spit/val/ALGAL_LEAF_SPOT/to_label_153.jpg,152,153,train,val,ALGAL_LEAF_SPOT,ALGAL_LEAF_SPOT,31,True,True
DLD_FinalDataset_224_spit/val/ALGAL_LEAF_SPOT/to_label_153.jpg,DLD_FinalDataset_224_spit/test/ALGAL_LEAF_SPOT/to_label_154.jpg,153,154,val,test,ALGAL_LEAF_SPOT,ALGAL_LEAF_SPOT,31,True,True
DLD_FinalDataset_224_spit/test/ALGAL_LEAF_SPOT/to_label_154.jpg,DLD_FinalDataset_224_spit/train/ALGAL_LEAF_SPOT/to_label_155.jpg,154,155,test,train,ALGAL_LEAF_SPOT,ALGAL_LEAF_SPOT,36,True,True
DLD_FinalDataset_224_spit/train/ALGAL_LEAF_SPOT/to_label_155.jpg,DLD_FinalDataset_224_spit/test/ALGAL_LEAF_SPOT/to_label_156.jpg,155,156,train,test,ALGAL_LEAF_SPOT,ALGAL_LEAF_SPOT,32,True,True
DLD_FinalDataset_224_spit/test/ALGAL_LEAF_SPOT/to_label_156.jpg,DLD_FinalDataset_224_spit/train/ALGAL_LEAF_SPOT/to_label_157.jpg,156,157,test,train,ALGAL_LEAF_SPOT,ALGAL_LEAF_SPOT,29,True,True
DLD_FinalDataset_224_spit/train/ALGAL_LEAF_SPOT/to_label_157.jpg,DLD_FinalDataset_224_spit/test/ALGAL_LEAF_SPOT/to_label_158.jpg,157,158,train,test,ALGAL_LEAF_SPOT,ALGAL_LEAF_SPOT,38,True,True
DLD_FinalDataset_224_spit/test/ALGAL_LEAF_SPOT/to_label_158.jpg,DLD_FinalDataset_224_spit/val/ALGAL_LEAF_SPOT/to_label_159.jpg,158,159,test,val,ALGAL_LEAF_SPOT,ALGAL_LEAF_SPOT,25,True,True
DLD_FinalDataset_224_spit/val/ALGAL_LEAF_SPOT/to_label_159.jpg,DLD_FinalDataset_224_spit/train/ALGAL_LEAF_SPOT/to_label_160.jpg,159,160,val,train,ALGAL_LEAF_SPOT,ALGAL_LEAF_SPOT,37,True,True
DLD_FinalDataset_224_spit/train/ALGAL_LEAF_SPOT/to_label_160.jpg,DLD_FinalDataset_224_spit/test/ALGAL_LEAF_SPOT/to_label_161.jpg,160,161,train,test,ALGAL_LEAF_SPOT,ALGAL_LEAF_SPOT,39,True,True
DLD_FinalDataset_224_spit/test/ALGAL_LEAF_SPOT/to_label_161.jpg,DLD_FinalDataset_224_spit/test/ALGAL_LEAF_SPOT/to_label_162.jpg,161,162,test,test,ALGAL_LEAF_SPOT,ALGAL_LEAF_SPOT,26,True,False
DLD_FinalDataset_224_spit/test/ALGAL_LEAF_SPOT/to_label_162.jpg,DLD_FinalDataset_224_spit/train/ALGAL_LEAF_SPOT/to_label_163.jpg,162,163,test,train,ALGAL_LEAF_SPOT,ALGAL_LEAF_SPOT,30,True,True
DLD_FinalDataset_224_spit/train/ALGAL_LEAF_SPOT/to_label_163.jpg,DLD_FinalDataset_224_spit/test/ALGAL_LEAF_SPOT/to_label_164.jpg,163,164,train,test,ALGAL_LEAF_SPOT,ALGAL_LEAF_SPOT,32,True,True
DLD_FinalDataset_224_spit/test/ALGAL_LEAF_SPOT/to_label_164.jpg,DLD_FinalDataset_224_spit/train/ALGAL_LEAF_SPOT/to_label_165.jpg,164,165,test,train,ALGAL_LEAF_SPOT,ALGAL_LEAF_SPOT,33,True,True
DLD_FinalDataset_224_spit/train/ALGAL_LEAF_SPOT/to_label_165.jpg,DLD_FinalDataset_224_spit/train/ALGAL_LEAF_SPOT/to_label_166.jpg,165,166,train,train,ALGAL_LEAF_SPOT,ALGAL_LEAF_SPOT,32,True,False
DLD_FinalDataset_224_spit/train/ALGAL_LEAF_SPOT/to_label_166.jpg,DLD_FinalDataset_224_spit/train/ALGAL_LEAF_SPOT/to_label_167.jpg,166,167,train,train,ALGAL_LEAF_SPOT,ALGAL_LEAF_SPOT,38,True,False
DLD_FinalDataset_224_spit/train/ALGAL_LEAF_SPOT/to_label_167.jpg,DLD_FinalDataset_224_spit/test/ALGAL_LEAF_SPOT/to_label_168.jpg,167,168,train,test,ALGAL_LEAF_SPOT,ALGAL_LEAF_SPOT,31,True,True
DLD_FinalDataset_224_spit/test/ALGAL_LEAF_SPOT/to_label_168.jpg,DLD_FinalDataset_224_spit/test/ALGAL_LEAF_SPOT/to_label_169.jpg,168,169,test,test,ALGAL_LEAF_SPOT,ALGAL_LEAF_SPOT,31,True,False
DLD_FinalDataset_224_spit/test/ALGAL_LEAF_SPOT/to_label_169.jpg,DLD_FinalDataset_224_spit/test/ALGAL_LEAF_SPOT/to_label_170.jpg,169,170,test,test,ALGAL_LEAF_SPOT,ALGAL_LEAF_SPOT,26,True,False
DLD_FinalDataset_224_spit/test/ALGAL_LEAF_SPOT/to_label_170.jpg,DLD_FinalDataset_224_spit/train/ALGAL_LEAF_SPOT/to_label_171.jpg,170,171,test,train,ALGAL_LEAF_SPOT,ALGAL_LEAF_SPOT,34,True,True
DLD_FinalDataset_224_spit/train/ALGAL_LEAF_SPOT/to_label_171.jpg,DLD_FinalDataset_224_spit/test/ALGAL_LEAF_SPOT/to_label_172.jpg,171,172,train,test,ALGAL_LEAF_SPOT,ALGAL_LEAF_SPOT,30,True,True
DLD_FinalDataset_224_spit/test/ALGAL_LEAF_SPOT/to_label_172.jpg,DLD_FinalDataset_224_spit/test/ALGAL_LEAF_SPOT/to_label_173.jpg,172,173,test,test,ALGAL_LEAF_SPOT,ALGAL_LEAF_SPOT,32,True,False
DLD_FinalDataset_224_spit/test/ALGAL_LEAF_SPOT/to_label_173.jpg,DLD_FinalDataset_224_spit/test/ALGAL_LEAF_SPOT/to_label_174.jpg,173,174,test,test,ALGAL_LEAF_SPOT,ALGAL_LEAF_SPOT,29,True,False
DLD_FinalDataset_224_spit/test/ALGAL_LEAF_SPOT/to_label_174.jpg,DLD_FinalDataset_224_spit/val/ALGAL_LEAF_SPOT/to_label_175.jpg,174,175,test,val,ALGAL_LEAF_SPOT,ALGAL_LEAF_SPOT,32,True,True
DLD_FinalDataset_224_spit/val/ALGAL_LEAF_SPOT/to_label_175.jpg,DLD_FinalDataset_224_spit/train/ALGAL_LEAF_SPOT/to_label_176.jpg,175,176,val,train,ALGAL_LEAF_SPOT,ALGAL_LEAF_SPOT,38,True,True
DLD_FinalDataset_224_spit/train/ALGAL_LEAF_SPOT/to_label_176.jpg,DLD_FinalDataset_224_spit/test/ALGAL_LEAF_SPOT/to_label_177.jpg,176,177,train,test,ALGAL_LEAF_SPOT,ALGAL_LEAF_SPOT,32,True,True
DLD_FinalDataset_224_spit/test/ALGAL_LEAF_SPOT/to_label_177.jpg,DLD_FinalDataset_224_spit/train/ALGAL_LEAF_SPOT/to_label_178.jpg,177,178,test,train,ALGAL_LEAF_SPOT,ALGAL_LEAF_SPOT,26,True,True
DLD_FinalDataset_224_spit/train/ALGAL_LEAF_SPOT/to_label_178.jpg,DLD_FinalDataset_224_spit/train/ALGAL_LEAF_SPOT/to_label_179.jpg,178,179,train,train,ALGAL_LEAF_SPOT,ALGAL_LEAF_SPOT,37,True,False
DLD_FinalDataset_224_spit/train/ALGAL_LEAF_SPOT/to_label_179.jpg,DLD_FinalDataset_224_spit/test/ALGAL_LEAF_SPOT/to_label_180.jpg,179,180,train,test,ALGAL_LEAF_SPOT,ALGAL_LEAF_SPOT,33,True,True
DLD_FinalDataset_224_spit/test/ALGAL_LEAF_SPOT/to_label_180.jpg,DLD_FinalDataset_224_spit/train/ALGAL_LEAF_SPOT/to_label_181.jpg,180,181,test,train,ALGAL_LEAF_SPOT,ALGAL_LEAF_SPOT,30,True,True
DLD_FinalDataset_224_spit/train/ALGAL_LEAF_SPOT/to_label_181.jpg,DLD_FinalDataset_224_spit/train/ALGAL_LEAF_SPOT/to_label_182.jpg,181,182,train,train,ALGAL_LEAF_SPOT,ALGAL_LEAF_SPOT,36,True,False
DLD_FinalDataset_224_spit/train/ALGAL_LEAF_SPOT/to_label_182.jpg,DLD_FinalDataset_224_spit/train/ALGAL_LEAF_SPOT/to_label_183.jpg,182,183,train,train,ALGAL_LEAF_SPOT,ALGAL_LEAF_SPOT,20,True,False
DLD_FinalDataset_224_spit/train/ALGAL_LEAF_SPOT/to_label_183.jpg,DLD_FinalDataset_224_spit/train/ALGAL_LEAF_SPOT/to_label_184.jpg,183,184,train,train,ALGAL_LEAF_SPOT,ALGAL_LEAF_SPOT,32,True,False
DLD_FinalDataset_224_spit/train/ALGAL_LEAF_SPOT/to_label_184.jpg,DLD_FinalDataset_224_spit/train/ALGAL_LEAF_SPOT/to_label_185.jpg,184,185,train,train,ALGAL_LEAF_SPOT,ALGAL_LEAF_SPOT,35,True,False
DLD_FinalDataset_224_spit/train/ALGAL_LEAF_SPOT/to_label_185.jpg,DLD_FinalDataset_224_spit/train/ALGAL_LEAF_SPOT/to_label_186.jpg,185,186,train,train,ALGAL_LEAF_SPOT,ALGAL_LEAF_SPOT,35,True,False
DLD_FinalDataset_224_spit/train/ALGAL_LEAF_SPOT/to_label_186.jpg,DLD_FinalDataset_224_spit/test/ALGAL_LEAF_SPOT/to_label_187.jpg,186,187,train,test,ALGAL_LEAF_SPOT,ALGAL_LEAF_SPOT,39,True,True
DLD_FinalDataset_224_spit/test/ALGAL_LEAF_SPOT/to_label_187.jpg,DLD_FinalDataset_224_spit/train/ALGAL_LEAF_SPOT/to_label_188.jpg,187,188,test,train,ALGAL_LEAF_SPOT,ALGAL_LEAF_SPOT,33,True,True
DLD_FinalDataset_224_spit/train/ALGAL_LEAF_SPOT/to_label_188.jpg,DLD_FinalDataset_224_spit/train/ALGAL_LEAF_SPOT/to_label_189.jpg,188,189,train,train,ALGAL_LEAF_SPOT,ALGAL_LEAF_SPOT,40,True,False
DLD_FinalDataset_224_spit/train/ALGAL_LEAF_SPOT/to_label_189.jpg,DLD_FinalDataset_224_spit/test/ALGAL_LEAF_SPOT/to_label_190.jpg,189,190,train,test,ALGAL_LEAF_SPOT,ALGAL_LEAF_SPOT,31,True,True
DLD_FinalDataset_224_spit/test/ALGAL_LEAF_SPOT/to_label_190.jpg,DLD_FinalDataset_224_spit/train/ALGAL_LEAF_SPOT/to_label_191.jpg,190,191,test,train,ALGAL_LEAF_SPOT,ALGAL_LEAF_SPOT,32,True,True
DLD_FinalDataset_224_spit/train/ALGAL_LEAF_SPOT/to_label_191.jpg,DLD_FinalDataset_224_spit/train/ALGAL_LEAF_SPOT/to_label_192.jpg,191,192,train,train,ALGAL_LEAF_SPOT,ALGAL_LEAF_SPOT,26,True,False
DLD_FinalDataset_224_spit/train/ALGAL_LEAF_SPOT/to_label_192.jpg,DLD_FinalDataset_224_spit/train/ALGAL_LEAF_SPOT/to_label_193.jpg,192,193,train,train,ALGAL_LEAF_SPOT,ALGAL_LEAF_SPOT,27,True,False
DLD_FinalDataset_224_spit/train/ALGAL_LEAF_SPOT/to_label_193.jpg,DLD_FinalDataset_224_spit/train/ALGAL_LEAF_SPOT/to_label_194.jpg,193,194,train,train,ALGAL_LEAF_SPOT,ALGAL_LEAF_SPOT,37,True,False
DLD_FinalDataset_224_spit/train/ALGAL_LEAF_SPOT/to_label_194.jpg,DLD_FinalDataset_224_spit/train/ALGAL_LEAF_SPOT/to_label_195.jpg,194,195,train,train,ALGAL_LEAF_SPOT,ALGAL_LEAF_SPOT,28,True,False
DLD_FinalDataset_224_spit/train/ALGAL_LEAF_SPOT/to_label_195.jpg,DLD_FinalDataset_224_spit/train/ALGAL_LEAF_SPOT/to_label_196.jpg,195,196,train,train,ALGAL_LEAF_SPOT,ALGAL_LEAF_SPOT,33,True,False
DLD_FinalDataset_224_spit/train/ALGAL_LEAF_SPOT/to_label_196.jpg,DLD_FinalDataset_224_spit/test/ALGAL_LEAF_SPOT/to_label_197.jpg,196,197,train,test,ALGAL_LEAF_SPOT,ALGAL_LEAF_SPOT,4,True,True
DLD_FinalDataset_224_spit/test/ALGAL_LEAF_SPOT/to_label_197.jpg,DLD_FinalDataset_224_spit/test/ALGAL_LEAF_SPOT/to_label_198.jpg,197,198,test,test,ALGAL_LEAF_SPOT,ALGAL_LEAF_SPOT,33,True,False
DLD_FinalDataset_224_spit/test/ALGAL_LEAF_SPOT/to_label_198.jpg,DLD_FinalDataset_224_spit/test/ALGAL_LEAF_SPOT/to_label_199.jpg,198,199,test,test,ALGAL_LEAF_SPOT,ALGAL_LEAF_SPOT,44,True,False
DLD_FinalDataset_224_spit/test/ALGAL_LEAF_SPOT/to_label_199.jpg,DLD_FinalDataset_224_spit/train/ALGAL_LEAF_SPOT/to_label_200.jpg,199,200,test,train,ALGAL_LEAF_SPOT,ALGAL_LEAF_SPOT,38,True,True
DLD_FinalDataset_224_spit/train/ALGAL_LEAF_SPOT/to_label_200.jpg,DLD_FinalDataset_224_spit/train/ALGAL_LEAF_SPOT/to_label_201.jpg,200,201,train,train,ALGAL_LEAF_SPOT,ALGAL_LEAF_SPOT,33,True,False
DLD_FinalDataset_224_spit/train/ALGAL_LEAF_SPOT/to_label_201.jpg,DLD_FinalDataset_224_spit/train/ALGAL_LEAF_SPOT/to_label_202.jpg,201,202,train,train,ALGAL_LEAF_SPOT,ALGAL_LEAF_SPOT,30,True,False
DLD_FinalDataset_224_spit/train/ALGAL_LEAF_SPOT/to_label_202.jpg,DLD_FinalDataset_224_spit/train/ALGAL_LEAF_SPOT/to_label_203.jpg,202,203,train,train,ALGAL_LEAF_SPOT,ALGAL_LEAF_SPOT,29,True,False
DLD_FinalDataset_224_spit/train/ALGAL_LEAF_SPOT/to_label_203.jpg,DLD_FinalDataset_224_spit/train/ALGAL_LEAF_SPOT/to_label_204.jpg,203,204,train,train,ALGAL_LEAF_SPOT,ALGAL_LEAF_SPOT,31,True,False
DLD_FinalDataset_224_spit/train/ALGAL_LEAF_SPOT/to_label_204.jpg,DLD_FinalDataset_224_spit/test/ALGAL_LEAF_SPOT/to_label_205.jpg,204,205,train,test,ALGAL_LEAF_SPOT,ALGAL_LEAF_SPOT,31,True,True
DLD_FinalDataset_224_spit/test/ALGAL_LEAF_SPOT/to_label_205.jpg,DLD_FinalDataset_224_spit/train/ALGAL_LEAF_SPOT/to_label_206.jpg,205,206,test,train,ALGAL_LEAF_SPOT,ALGAL_LEAF_SPOT,29,True,True
DLD_FinalDataset_224_spit/train/ALGAL_LEAF_SPOT/to_label_206.jpg,DLD_FinalDataset_224_spit/test/ALGAL_LEAF_SPOT/to_label_207.jpg,206,207,train,test,ALGAL_LEAF_SPOT,ALGAL_LEAF_SPOT,34,True,True
DLD_FinalDataset_224_spit/test/ALGAL_LEAF_SPOT/to_label_207.jpg,DLD_FinalDataset_224_spit/train/ALGAL_LEAF_SPOT/to_label_208.jpg,207,208,test,train,ALGAL_LEAF_SPOT,ALGAL_LEAF_SPOT,35,True,True
DLD_FinalDataset_224_spit/train/ALGAL_LEAF_SPOT/to_label_208.jpg,DLD_FinalDataset_224_spit/train/ALGAL_LEAF_SPOT/to_label_209.jpg,208,209,train,train,ALGAL_LEAF_SPOT,ALGAL_LEAF_SPOT,30,True,False
DLD_FinalDataset_224_spit/train/ALGAL_LEAF_SPOT/to_label_209.jpg,DLD_FinalDataset_224_spit/train/ALGAL_LEAF_SPOT/to_label_210.jpg,209,210,train,train,ALGAL_LEAF_SPOT,ALGAL_LEAF_SPOT,28,True,False
DLD_FinalDataset_224_spit/train/ALGAL_LEAF_SPOT/to_label_210.jpg,DLD_FinalDataset_224_spit/train/ALGAL_LEAF_SPOT/to_label_211.jpg,210,211,train,train,ALGAL_LEAF_SPOT,ALGAL_LEAF_SPOT,29,True,False
DLD_FinalDataset_224_spit/train/ALGAL_LEAF_SPOT/to_label_211.jpg,DLD_FinalDataset_224_spit/train/ALGAL_LEAF_SPOT/to_label_212.jpg,211,212,train,train,ALGAL_LEAF_SPOT,ALGAL_LEAF_SPOT,29,True,False
DLD_FinalDataset_224_spit/train/ALGAL_LEAF_SPOT/to_label_212.jpg,DLD_FinalDataset_224_spit/train/ALGAL_LEAF_SPOT/to_label_213.jpg,212,213,train,train,ALGAL_LEAF_SPOT,ALGAL_LEAF_SPOT,35,True,False
DLD_FinalDataset_224_spit/train/ALGAL_LEAF_SPOT/to_label_213.jpg,DLD_FinalDataset_224_spit/train/ALGAL_LEAF_SPOT/to_label_214.jpg,213,214,train,train,ALGAL_LEAF_SPOT,ALGAL_LEAF_SPOT,30,True,False
DLD_FinalDataset_224_spit/train/ALGAL_LEAF_SPOT/to_label_214.jpg,DLD_FinalDataset_224_spit/train/ALGAL_LEAF_SPOT/to_label_215.jpg,214,215,train,train,ALGAL_LEAF_SPOT,ALGAL_LEAF_SPOT,35,True,False
DLD_FinalDataset_224_spit/train/ALGAL_LEAF_SPOT/to_label_215.jpg,DLD_FinalDataset_224_spit/train/ALGAL_LEAF_SPOT/to_label_216.jpg,215,216,train,train,ALGAL_LEAF_SPOT,ALGAL_LEAF_SPOT,29,True,False
DLD_FinalDataset_224_spit/train/ALGAL_LEAF_SPOT/to_label_216.jpg,DLD_FinalDataset_224_spit/test/ALGAL_LEAF_SPOT/to_label_217.jpg,216,217,train,test,ALGAL_LEAF_SPOT,ALGAL_LEAF_SPOT,29,True,True
DLD_FinalDataset_224_spit/test/ALGAL_LEAF_SPOT/to_label_217.jpg,DLD_FinalDataset_224_spit/test/ALGAL_LEAF_SPOT/to_label_218.jpg,217,218,test,test,ALGAL_LEAF_SPOT,ALGAL_LEAF_SPOT,31,True,False
DLD_FinalDataset_224_spit/test/ALGAL_LEAF_SPOT/to_label_218.jpg,DLD_FinalDataset_224_spit/test/ALGAL_LEAF_SPOT/to_label_219.jpg,218,219,test,test,ALGAL_LEAF_SPOT,ALGAL_LEAF_SPOT,31,True,False
DLD_FinalDataset_224_spit/test/ALGAL_LEAF_SPOT/to_label_219.jpg,DLD_FinalDataset_224_spit/test/ALGAL_LEAF_SPOT/to_label_220.jpg,219,220,test,test,ALGAL_LEAF_SPOT,ALGAL_LEAF_SPOT,28,True,False
DLD_FinalDataset_224_spit/test/ALGAL_LEAF_SPOT/to_label_220.jpg,DLD_FinalDataset_224_spit/test/ALGAL_LEAF_SPOT/to_label_221.jpg,220,221,test,test,ALGAL_LEAF_SPOT,ALGAL_LEAF_SPOT,29,True,False
DLD_FinalDataset_224_spit/test/ALGAL_LEAF_SPOT/to_label_221.jpg,DLD_FinalDataset_224_spit/train/ALGAL_LEAF_SPOT/to_label_222.jpg,221,222,test,train,ALGAL_LEAF_SPOT,ALGAL_LEAF_SPOT,30,True,True
DLD_FinalDataset_224_spit/train/ALGAL_LEAF_SPOT/to_label_222.jpg,DLD_FinalDataset_224_spit/train/ALGAL_LEAF_SPOT/to_label_223.jpg,222,223,train,train,ALGAL_LEAF_SPOT,ALGAL_LEAF_SPOT,33,True,False
DLD_FinalDataset_224_spit/train/ALGAL_LEAF_SPOT/to_label_223.jpg,DLD_FinalDataset_224_spit/val/ALGAL_LEAF_SPOT/to_label_224.jpg,223,224,train,val,ALGAL_LEAF_SPOT,ALGAL_LEAF_SPOT,32,True,True
DLD_FinalDataset_224_spit/val/ALGAL_LEAF_SPOT/to_label_224.jpg,DLD_FinalDataset_224_spit/train/ALGAL_LEAF_SPOT/to_label_225.jpg,224,225,val,train,ALGAL_LEAF_SPOT,ALGAL_LEAF_SPOT,26,True,True
DLD_FinalDataset_224_spit/train/ALGAL_LEAF_SPOT/to_label_225.jpg,DLD_FinalDataset_224_spit/train/ALGAL_LEAF_SPOT/to_label_226.jpg,225,226,train,train,ALGAL_LEAF_SPOT,ALGAL_LEAF_SPOT,25,True,False
DLD_FinalDataset_224_spit/train/ALGAL_LEAF_SPOT/to_label_226.jpg,DLD_FinalDataset_224_spit/train/ALGAL_LEAF_SPOT/to_label_227.jpg,226,227,train,train,ALGAL_LEAF_SPOT,ALGAL_LEAF_SPOT,33,True,False
DLD_FinalDataset_224_spit/train/ALGAL_LEAF_SPOT/to_label_227.jpg,DLD_FinalDataset_224_spit/train/ALGAL_LEAF_SPOT/to_label_228.jpg,227,228,train,train,ALGAL_LEAF_SPOT,ALGAL_LEAF_SPOT,30,True,False
DLD_FinalDataset_224_spit/train/ALGAL_LEAF_SPOT/to_label_228.jpg,DLD_FinalDataset_224_spit/train/ALGAL_LEAF_SPOT/to_label_229.jpg,228,229,train,train,ALGAL_LEAF_SPOT,ALGAL_LEAF_SPOT,23,True,False
DLD_FinalDataset_224_spit/train/ALGAL_LEAF_SPOT/to_label_229.jpg,DLD_FinalDataset_224_spit/train/ALGAL_LEAF_SPOT/to_label_230.jpg,229,230,train,train,ALGAL_LEAF_SPOT,ALGAL_LEAF_SPOT,32,True,False
DLD_FinalDataset_224_spit/train/ALGAL_LEAF_SPOT/to_label_230.jpg,DLD_FinalDataset_224_spit/train/ALGAL_LEAF_SPOT/to_label_231.jpg,230,231,train,train,ALGAL_LEAF_SPOT,ALGAL_LEAF_SPOT,29,True,False
DLD_FinalDataset_224_spit/train/ALGAL_LEAF_SPOT/to_label_231.jpg,DLD_FinalDataset_224_spit/test/ALGAL_LEAF_SPOT/to_label_232.jpg,231,232,train,test,ALGAL_LEAF_SPOT,ALGAL_LEAF_SPOT,30,True,True
DLD_FinalDataset_224_spit/test/ALGAL_LEAF_SPOT/to_label_232.jpg,DLD_FinalDataset_224_spit/train/ALGAL_LEAF_SPOT/to_label_233.jpg,232,233,test,train,ALGAL_LEAF_SPOT,ALGAL_LEAF_SPOT,33,True,True
DLD_FinalDataset_224_spit/train/ALGAL_LEAF_SPOT/to_label_233.jpg,DLD_FinalDataset_224_spit/train/ALGAL_LEAF_SPOT/to_label_234.jpg,233,234,train,train,ALGAL_LEAF_SPOT,ALGAL_LEAF_SPOT,30,True,False
DLD_FinalDataset_224_spit/train/ALGAL_LEAF_SPOT/to_label_234.jpg,DLD_FinalDataset_224_spit/train/ALGAL_LEAF_SPOT/to_label_235.jpg,234,235,train,train,ALGAL_LEAF_SPOT,ALGAL_LEAF_SPOT,36,True,False
DLD_FinalDataset_224_spit/train/ALGAL_LEAF_SPOT/to_label_235.jpg,DLD_FinalDataset_224_spit/train/ALGAL_LEAF_SPOT/to_label_236.jpg,235,236,train,train,ALGAL_LEAF_SPOT,ALGAL_LEAF_SPOT,42,True,False
DLD_FinalDataset_224_spit/train/ALGAL_LEAF_SPOT/to_label_236.jpg,DLD_FinalDataset_224_spit/train/ALGAL_LEAF_SPOT/to_label_237.jpg,236,237,train,train,ALGAL_LEAF_SPOT,ALGAL_LEAF_SPOT,25,True,False
DLD_FinalDataset_224_spit/train/ALGAL_LEAF_SPOT/to_label_237.jpg,DLD_FinalDataset_224_spit/train/ALGAL_LEAF_SPOT/to_label_238.jpg,237,238,train,train,ALGAL_LEAF_SPOT,ALGAL_LEAF_SPOT,30,True,False
DLD_FinalDataset_224_spit/train/ALGAL_LEAF_SPOT/to_label_238.jpg,DLD_FinalDataset_224_spit/test/ALGAL_LEAF_SPOT/to_label_239.jpg,238,239,train,test,ALGAL_LEAF_SPOT,ALGAL_LEAF_SPOT,28,True,True
DLD_FinalDataset_224_spit/test/ALGAL_LEAF_SPOT/to_label_239.jpg,DLD_FinalDataset_224_spit/train/ALGAL_LEAF_SPOT/to_label_240.jpg,239,240,test,train,ALGAL_LEAF_SPOT,ALGAL_LEAF_SPOT,33,True,True
DLD_FinalDataset_224_spit/train/ALGAL_LEAF_SPOT/to_label_240.jpg,DLD_FinalDataset_224_spit/test/ALGAL_LEAF_SPOT/to_label_241.jpg,240,241,train,test,ALGAL_LEAF_SPOT,ALGAL_LEAF_SPOT,33,True,True
DLD_FinalDataset_224_spit/test/ALGAL_LEAF_SPOT/to_label_241.jpg,DLD_FinalDataset_224_spit/train/ALGAL_LEAF_SPOT/to_label_242.jpg,241,242,test,train,ALGAL_LEAF_SPOT,ALGAL_LEAF_SPOT,28,True,True
DLD_FinalDataset_224_spit/train/ALGAL_LEAF_SPOT/to_label_242.jpg,DLD_FinalDataset_224_spit/train/ALGAL_LEAF_SPOT/to_label_243.jpg,242,243,train,train,ALGAL_LEAF_SPOT,ALGAL_LEAF_SPOT,35,True,False
DLD_FinalDataset_224_spit/train/ALGAL_LEAF_SPOT/to_label_243.jpg,DLD_FinalDataset_224_spit/train/ALGAL_LEAF_SPOT/to_label_244.jpg,243,244,train,train,ALGAL_LEAF_SPOT,ALGAL_LEAF_SPOT,29,True,False
DLD_FinalDataset_224_spit/train/ALGAL_LEAF_SPOT/to_label_244.jpg,DLD_FinalDataset_224_spit/train/ALGAL_LEAF_SPOT/to_label_245.jpg,244,245,train,train,ALGAL_LEAF_SPOT,ALGAL_LEAF_SPOT,25,True,False
DLD_FinalDataset_224_spit/train/ALGAL_LEAF_SPOT/to_label_245.jpg,DLD_FinalDataset_224_spit/train/ALGAL_LEAF_SPOT/to_label_246.jpg,245,246,train,train,ALGAL_LEAF_SPOT,ALGAL_LEAF_SPOT,28,True,False
DLD_FinalDataset_224_spit/train/ALGAL_LEAF_SPOT/to_label_246.jpg,DLD_FinalDataset_224_spit/val/ALGAL_LEAF_SPOT/to_label_247.jpg,246,247,train,val,ALGAL_LEAF_SPOT,ALGAL_LEAF_SPOT,27,True,True
DLD_FinalDataset_224_spit/val/ALGAL_LEAF_SPOT/to_label_247.jpg,DLD_FinalDataset_224_spit/val/ALGAL_LEAF_SPOT/to_label_248.jpg,247,248,val,val,ALGAL_LEAF_SPOT,ALGAL_LEAF_SPOT,44,True,False
DLD_FinalDataset_224_spit/val/ALGAL_LEAF_SPOT/to_label_248.jpg,DLD_FinalDataset_224_spit/train/ALGAL_LEAF_SPOT/to_label_249.jpg,248,249,val,train,ALGAL_LEAF_SPOT,ALGAL_LEAF_SPOT,37,True,True
DLD_FinalDataset_224_spit/train/ALGAL_LEAF_SPOT/to_label_249.jpg,DLD_FinalDataset_224_spit/train/ALGAL_LEAF_SPOT/to_label_250.jpg,249,250,train,train,ALGAL_LEAF_SPOT,ALGAL_LEAF_SPOT,26,True,False
DLD_FinalDataset_224_spit/train/ALGAL_LEAF_SPOT/to_label_250.jpg,DLD_FinalDataset_224_spit/train/ALGAL_LEAF_SPOT/to_label_251.jpg,250,251,train,train,ALGAL_LEAF_SPOT,ALGAL_LEAF_SPOT,32,True,False
DLD_FinalDataset_224_spit/train/ALGAL_LEAF_SPOT/to_label_251.jpg,DLD_FinalDataset_224_spit/train/ALGAL_LEAF_SPOT/to_label_252.jpg,251,252,train,train,ALGAL_LEAF_SPOT,ALGAL_LEAF_SPOT,33,True,False
DLD_FinalDataset_224_spit/train/ALGAL_LEAF_SPOT/to_label_252.jpg,DLD_FinalDataset_224_spit/train/ALGAL_LEAF_SPOT/to_label_253.jpg,252,253,train,train,ALGAL_LEAF_SPOT,ALGAL_LEAF_SPOT,34,True,False
DLD_FinalDataset_224_spit/train/ALGAL_LEAF_SPOT/to_label_253.jpg,DLD_FinalDataset_224_spit/train/ALGAL_LEAF_SPOT/to_label_254.jpg,253,254,train,train,ALGAL_LEAF_SPOT,ALGAL_LEAF_SPOT,35,True,False
DLD_FinalDataset_224_spit/train/ALGAL_LEAF_SPOT/to_label_254.jpg,DLD_FinalDataset_224_spit/train/ALGAL_LEAF_SPOT/to_label_255.jpg,254,255,train,train,ALGAL_LEAF_SPOT,ALGAL_LEAF_SPOT,31,True,False
DLD_FinalDataset_224_spit/train/ALGAL_LEAF_SPOT/to_label_255.jpg,DLD_FinalDataset_224_spit/test/ALGAL_LEAF_SPOT/to_label_256.jpg,255,256,train,test,ALGAL_LEAF_SPOT,ALGAL_LEAF_SPOT,32,True,True
DLD_FinalDataset_224_spit/test/ALGAL_LEAF_SPOT/to_label_256.jpg,DLD_FinalDataset_224_spit/train/ALGAL_LEAF_SPOT/to_label_257.jpg,256,257,test,train,ALGAL_LEAF_SPOT,ALGAL_LEAF_SPOT,35,True,True
DLD_FinalDataset_224_spit/train/ALGAL_LEAF_SPOT/to_label_257.jpg,DLD_FinalDataset_224_spit/val/ALGAL_LEAF_SPOT/to_label_258.jpg,257,258,train,val,ALGAL_LEAF_SPOT,ALGAL_LEAF_SPOT,40,True,True
DLD_FinalDataset_224_spit/val/ALGAL_LEAF_SPOT/to_label_258.jpg,DLD_FinalDataset_224_spit/train/ALGAL_LEAF_SPOT/to_label_259.jpg,258,259,val,train,ALGAL_LEAF_SPOT,ALGAL_LEAF_SPOT,32,True,True
DLD_FinalDataset_224_spit/train/ALGAL_LEAF_SPOT/to_label_259.jpg,DLD_FinalDataset_224_spit/train/ALGAL_LEAF_SPOT/to_label_260.jpg,259,260,train,train,ALGAL_LEAF_SPOT,ALGAL_LEAF_SPOT,32,True,False
DLD_FinalDataset_224_spit/train/ALGAL_LEAF_SPOT/to_label_260.jpg,DLD_FinalDataset_224_spit/train/ALGAL_LEAF_SPOT/to_label_261.jpg,260,261,train,train,ALGAL_LEAF_SPOT,ALGAL_LEAF_SPOT,27,True,False
DLD_FinalDataset_224_spit/train/ALGAL_LEAF_SPOT/to_label_261.jpg,DLD_FinalDataset_224_spit/test/ALGAL_LEAF_SPOT/to_label_262.jpg,261,262,train,test,ALGAL_LEAF_SPOT,ALGAL_LEAF_SPOT,24,True,True
DLD_FinalDataset_224_spit/test/ALGAL_LEAF_SPOT/to_label_262.jpg,DLD_FinalDataset_224_spit/test/ALGAL_LEAF_SPOT/to_label_263.jpg,262,263,test,test,ALGAL_LEAF_SPOT,ALGAL_LEAF_SPOT,27,True,False
DLD_FinalDataset_224_spit/test/ALGAL_LEAF_SPOT/to_label_263.jpg,DLD_FinalDataset_224_spit/train/ALGAL_LEAF_SPOT/to_label_264.jpg,263,264,test,train,ALGAL_LEAF_SPOT,ALGAL_LEAF_SPOT,37,True,True
DLD_FinalDataset_224_spit/train/ALGAL_LEAF_SPOT/to_label_264.jpg,DLD_FinalDataset_224_spit/train/ALGAL_LEAF_SPOT/to_label_265.jpg,264,265,train,train,ALGAL_LEAF_SPOT,ALGAL_LEAF_SPOT,40,True,False
DLD_FinalDataset_224_spit/train/ALGAL_LEAF_SPOT/to_label_265.jpg,DLD_FinalDataset_224_spit/train/ALGAL_LEAF_SPOT/to_label_266.jpg,265,266,train,train,ALGAL_LEAF_SPOT,ALGAL_LEAF_SPOT,34,True,False
DLD_FinalDataset_224_spit/train/ALGAL_LEAF_SPOT/to_label_266.jpg,DLD_FinalDataset_224_spit/train/ALGAL_LEAF_SPOT/to_label_267.jpg,266,267,train,train,ALGAL_LEAF_SPOT,ALGAL_LEAF_SPOT,33,True,False
DLD_FinalDataset_224_spit/train/ALGAL_LEAF_SPOT/to_label_267.jpg,DLD_FinalDataset_224_spit/train/ALGAL_LEAF_SPOT/to_label_268.jpg,267,268,train,train,ALGAL_LEAF_SPOT,ALGAL_LEAF_SPOT,33,True,False
DLD_FinalDataset_224_spit/train/ALGAL_LEAF_SPOT/to_label_268.jpg,DLD_FinalDataset_224_spit/train/ALGAL_LEAF_SPOT/to_label_269.jpg,268,269,train,train,ALGAL_LEAF_SPOT,ALGAL_LEAF_SPOT,32,True,False
DLD_FinalDataset_224_spit/train/ALGAL_LEAF_SPOT/to_label_269.jpg,DLD_FinalDataset_224_spit/train/ALGAL_LEAF_SPOT/to_label_270.jpg,269,270,train,train,ALGAL_LEAF_SPOT,ALGAL_LEAF_SPOT,35,True,False
DLD_FinalDataset_224_spit/train/ALGAL_LEAF_SPOT/to_label_270.jpg,DLD_FinalDataset_224_spit/train/ALGAL_LEAF_SPOT/to_label_271.jpg,270,271,train,train,ALGAL_LEAF_SPOT,ALGAL_LEAF_SPOT,33,True,False
DLD_FinalDataset_224_spit/train/ALGAL_LEAF_SPOT/to_label_271.jpg,DLD_FinalDataset_224_spit/test/ALGAL_LEAF_SPOT/to_label_272.jpg,271,272,train,test,ALGAL_LEAF_SPOT,ALGAL_LEAF_SPOT,25,True,True
DLD_FinalDataset_224_spit/test/ALGAL_LEAF_SPOT/to_label_272.jpg,DLD_FinalDataset_224_spit/train/ALGAL_LEAF_SPOT/to_label_273.jpg,272,273,test,train,ALGAL_LEAF_SPOT,ALGAL_LEAF_SPOT,29,True,True
DLD_FinalDataset_224_spit/train/ALGAL_LEAF_SPOT/to_label_273.jpg,DLD_FinalDataset_224_spit/train/ALGAL_LEAF_SPOT/to_label_274.jpg,273,274,train,train,ALGAL_LEAF_SPOT,ALGAL_LEAF_SPOT,35,True,False
DLD_FinalDataset_224_spit/train/ALGAL_LEAF_SPOT/to_label_274.jpg,DLD_FinalDataset_224_spit/train/ALGAL_LEAF_SPOT/to_label_275.jpg,274,275,train,train,ALGAL_LEAF_SPOT,ALGAL_LEAF_SPOT,30,True,False
DLD_FinalDataset_224_spit/train/ALGAL_LEAF_SPOT/to_label_275.jpg,DLD_FinalDataset_224_spit/val/ALGAL_LEAF_SPOT/to_label_276.jpg,275,276,train,val,ALGAL_LEAF_SPOT,ALGAL_LEAF_SPOT,34,True,True
DLD_FinalDataset_224_spit/val/ALGAL_LEAF_SPOT/to_label_276.jpg,DLD_FinalDataset_224_spit/train/ALGAL_LEAF_SPOT/to_label_277.jpg,276,277,val,train,ALGAL_LEAF_SPOT,ALGAL_LEAF_SPOT,29,True,True
DLD_FinalDataset_224_spit/train/ALGAL_LEAF_SPOT/to_label_277.jpg,DLD_FinalDataset_224_spit/test/ALGAL_LEAF_SPOT/to_label_278.jpg,277,278,train,test,ALGAL_LEAF_SPOT,ALGAL_LEAF_SPOT,37,True,True
DLD_FinalDataset_224_spit/test/ALGAL_LEAF_SPOT/to_label_278.jpg,DLD_FinalDataset_224_spit/test/ALGAL_LEAF_SPOT/to_label_279.jpg,278,279,test,test,ALGAL_LEAF_SPOT,ALGAL_LEAF_SPOT,33,True,False
DLD_FinalDataset_224_spit/test/ALGAL_LEAF_SPOT/to_label_279.jpg,DLD_FinalDataset_224_spit/train/ALGAL_LEAF_SPOT/to_label_280.jpg,279,280,test,train,ALGAL_LEAF_SPOT,ALGAL_LEAF_SPOT,30,True,True
DLD_FinalDataset_224_spit/train/ALGAL_LEAF_SPOT/to_label_280.jpg,DLD_FinalDataset_224_spit/train/ALGAL_LEAF_SPOT/to_label_281.jpg,280,281,train,train,ALGAL_LEAF_SPOT,ALGAL_LEAF_SPOT,35,True,False
DLD_FinalDataset_224_spit/train/ALGAL_LEAF_SPOT/to_label_281.jpg,DLD_FinalDataset_224_spit/train/ALGAL_LEAF_SPOT/to_label_282.jpg,281,282,train,train,ALGAL_LEAF_SPOT,ALGAL_LEAF_SPOT,27,True,False
DLD_FinalDataset_224_spit/train/ALGAL_LEAF_SPOT/to_label_282.jpg,DLD_FinalDataset_224_spit/test/ALGAL_LEAF_SPOT/to_label_283.jpg,282,283,train,test,ALGAL_LEAF_SPOT,ALGAL_LEAF_SPOT,31,True,True
DLD_FinalDataset_224_spit/test/ALGAL_LEAF_SPOT/to_label_283.jpg,DLD_FinalDataset_224_spit/train/ALGAL_LEAF_SPOT/to_label_284.jpg,283,284,test,train,ALGAL_LEAF_SPOT,ALGAL_LEAF_SPOT,31,True,True
DLD_FinalDataset_224_spit/train/ALGAL_LEAF_SPOT/to_label_284.jpg,DLD_FinalDataset_224_spit/train/ALGAL_LEAF_SPOT/to_label_285.jpg,284,285,train,train,ALGAL_LEAF_SPOT,ALGAL_LEAF_SPOT,33,True,False
DLD_FinalDataset_224_spit/train/ALGAL_LEAF_SPOT/to_label_285.jpg,DLD_FinalDataset_224_spit/train/ALGAL_LEAF_SPOT/to_label_286.jpg,285,286,train,train,ALGAL_LEAF_SPOT,ALGAL_LEAF_SPOT,34,True,False
DLD_FinalDataset_224_spit/train/ALGAL_LEAF_SPOT/to_label_286.jpg,DLD_FinalDataset_224_spit/val/ALGAL_LEAF_SPOT/to_label_287.jpg,286,287,train,val,ALGAL_LEAF_SPOT,ALGAL_LEAF_SPOT,28,True,True
DLD_FinalDataset_224_spit/val/ALGAL_LEAF_SPOT/to_label_287.jpg,DLD_FinalDataset_224_spit/val/ALGAL_LEAF_SPOT/to_label_288.jpg,287,288,val,val,ALGAL_LEAF_SPOT,ALGAL_LEAF_SPOT,37,True,False
DLD_FinalDataset_224_spit/val/ALGAL_LEAF_SPOT/to_label_288.jpg,DLD_FinalDataset_224_spit/val/ALGAL_LEAF_SPOT/to_label_289.jpg,288,289,val,val,ALGAL_LEAF_SPOT,ALGAL_LEAF_SPOT,34,True,False
DLD_FinalDataset_224_spit/val/ALGAL_LEAF_SPOT/to_label_289.jpg,DLD_FinalDataset_224_spit/val/ALGAL_LEAF_SPOT/to_label_290.jpg,289,290,val,val,ALGAL_LEAF_SPOT,ALGAL_LEAF_SPOT,24,True,False
DLD_FinalDataset_224_spit/val/ALGAL_LEAF_SPOT/to_label_290.jpg,DLD_FinalDataset_224_spit/val/ALGAL_LEAF_SPOT/to_label_291.jpg,290,291,val,val,ALGAL_LEAF_SPOT,ALGAL_LEAF_SPOT,33,True,False
DLD_FinalDataset_224_spit/val/ALGAL_LEAF_SPOT/to_label_291.jpg,DLD_FinalDataset_224_spit/train/ALGAL_LEAF_SPOT/to_label_292.jpg,291,292,val,train,ALGAL_LEAF_SPOT,ALGAL_LEAF_SPOT,29,True,True
DLD_FinalDataset_224_spit/train/ALGAL_LEAF_SPOT/to_label_292.jpg,DLD_FinalDataset_224_spit/val/ALGAL_LEAF_SPOT/to_label_293.jpg,292,293,train,val,ALGAL_LEAF_SPOT,ALGAL_LEAF_SPOT,29,True,True
DLD_FinalDataset_224_spit/val/ALGAL_LEAF_SPOT/to_label_293.jpg,DLD_FinalDataset_224_spit/train/ALGAL_LEAF_SPOT/to_label_294.jpg,293,294,val,train,ALGAL_LEAF_SPOT,ALGAL_LEAF_SPOT,36,True,True
DLD_FinalDataset_224_spit/train/ALGAL_LEAF_SPOT/to_label_294.jpg,DLD_FinalDataset_224_spit/train/ALGAL_LEAF_SPOT/to_label_295.jpg,294,295,train,train,ALGAL_LEAF_SPOT,ALGAL_LEAF_SPOT,29,True,False
DLD_FinalDataset_224_spit/train/ALGAL_LEAF_SPOT/to_label_295.jpg,DLD_FinalDataset_224_spit/test/ALGAL_LEAF_SPOT/to_label_296.jpg,295,296,train,test,ALGAL_LEAF_SPOT,ALGAL_LEAF_SPOT,42,True,True
DLD_FinalDataset_224_spit/test/ALGAL_LEAF_SPOT/to_label_296.jpg,DLD_FinalDataset_224_spit/train/ALGAL_LEAF_SPOT/to_label_297.jpg,296,297,test,train,ALGAL_LEAF_SPOT,ALGAL_LEAF_SPOT,35,True,True
DLD_FinalDataset_224_spit/train/ALGAL_LEAF_SPOT/to_label_297.jpg,DLD_FinalDataset_224_spit/test/ALGAL_LEAF_SPOT/to_label_298.jpg,297,298,train,test,ALGAL_LEAF_SPOT,ALGAL_LEAF_SPOT,26,True,True
DLD_FinalDataset_224_spit/test/ALGAL_LEAF_SPOT/to_label_298.jpg,DLD_FinalDataset_224_spit/train/ALGAL_LEAF_SPOT/to_label_299.jpg,298,299,test,train,ALGAL_LEAF_SPOT,ALGAL_LEAF_SPOT,34,True,True
DLD_FinalDataset_224_spit/train/ALGAL_LEAF_SPOT/to_label_299.jpg,DLD_FinalDataset_224_spit/train/ALGAL_LEAF_SPOT/to_label_300.jpg,299,300,train,train,ALGAL_LEAF_SPOT,ALGAL_LEAF_SPOT,35,True,False
DLD_FinalDataset_224_spit/train/ALGAL_LEAF_SPOT/to_label_300.jpg,DLD_FinalDataset_224_spit/train/ALGAL_LEAF_SPOT/to_label_301.jpg,300,301,train,train,ALGAL_LEAF_SPOT,ALGAL_LEAF_SPOT,35,True,False
DLD_FinalDataset_224_spit/train/ALGAL_LEAF_SPOT/to_label_301.jpg,DLD_FinalDataset_224_spit/train/ALGAL_LEAF_SPOT/to_label_302.jpg,301,302,train,train,ALGAL_LEAF_SPOT,ALGAL_LEAF_SPOT,34,True,False
DLD_FinalDataset_224_spit/train/ALGAL_LEAF_SPOT/to_label_302.jpg,DLD_FinalDataset_224_spit/test/ALGAL_LEAF_SPOT/to_label_303.jpg,302,303,train,test,ALGAL_LEAF_SPOT,ALGAL_LEAF_SPOT,31,True,True
DLD_FinalDataset_224_spit/test/ALGAL_LEAF_SPOT/to_label_303.jpg,DLD_FinalDataset_224_spit/train/ALGAL_LEAF_SPOT/to_label_304.jpg,303,304,test,train,ALGAL_LEAF_SPOT,ALGAL_LEAF_SPOT,41,True,True
DLD_FinalDataset_224_spit/train/ALGAL_LEAF_SPOT/to_label_304.jpg,DLD_FinalDataset_224_spit/train/ALGAL_LEAF_SPOT/to_label_305.jpg,304,305,train,train,ALGAL_LEAF_SPOT,ALGAL_LEAF_SPOT,33,True,False
DLD_FinalDataset_224_spit/train/ALGAL_LEAF_SPOT/to_label_305.jpg,DLD_FinalDataset_224_spit/train/ALGAL_LEAF_SPOT/to_label_306.jpg,305,306,train,train,ALGAL_LEAF_SPOT,ALGAL_LEAF_SPOT,31,True,False
DLD_FinalDataset_224_spit/train/ALGAL_LEAF_SPOT/to_label_306.jpg,DLD_FinalDataset_224_spit/test/ALGAL_LEAF_SPOT/to_label_307.jpg,306,307,train,test,ALGAL_LEAF_SPOT,ALGAL_LEAF_SPOT,32,True,True
DLD_FinalDataset_224_spit/test/ALGAL_LEAF_SPOT/to_label_307.jpg,DLD_FinalDataset_224_spit/train/ALGAL_LEAF_SPOT/to_label_308.jpg,307,308,test,train,ALGAL_LEAF_SPOT,ALGAL_LEAF_SPOT,29,True,True
DLD_FinalDataset_224_spit/train/ALGAL_LEAF_SPOT/to_label_308.jpg,DLD_FinalDataset_224_spit/train/ALGAL_LEAF_SPOT/to_label_309.jpg,308,309,train,train,ALGAL_LEAF_SPOT,ALGAL_LEAF_SPOT,34,True,False
DLD_FinalDataset_224_spit/train/ALGAL_LEAF_SPOT/to_label_309.jpg,DLD_FinalDataset_224_spit/val/ALGAL_LEAF_SPOT/to_label_310.jpg,309,310,train,val,ALGAL_LEAF_SPOT,ALGAL_LEAF_SPOT,26,True,True
DLD_FinalDataset_224_spit/val/ALGAL_LEAF_SPOT/to_label_310.jpg,DLD_FinalDataset_224_spit/train/ALGAL_LEAF_SPOT/to_label_311.jpg,310,311,val,train,ALGAL_LEAF_SPOT,ALGAL_LEAF_SPOT,32,True,True
DLD_FinalDataset_224_spit/train/ALGAL_LEAF_SPOT/to_label_311.jpg,DLD_FinalDataset_224_spit/train/ALGAL_LEAF_SPOT/to_label_312.jpg,311,312,train,train,ALGAL_LEAF_SPOT,ALGAL_LEAF_SPOT,28,True,False
DLD_FinalDataset_224_spit/train/ALGAL_LEAF_SPOT/to_label_312.jpg,DLD_FinalDataset_224_spit/train/ALGAL_LEAF_SPOT/to_label_313.jpg,312,313,train,train,ALGAL_LEAF_SPOT,ALGAL_LEAF_SPOT,32,True,False
DLD_FinalDataset_224_spit/train/ALGAL_LEAF_SPOT/to_label_313.jpg,DLD_FinalDataset_224_spit/test/ALGAL_LEAF_SPOT/to_label_314.jpg,313,314,train,test,ALGAL_LEAF_SPOT,ALGAL_LEAF_SPOT,34,True,True
DLD_FinalDataset_224_spit/test/ALGAL_LEAF_SPOT/to_label_314.jpg,DLD_FinalDataset_224_spit/train/ALGAL_LEAF_SPOT/to_label_315.jpg,314,315,test,train,ALGAL_LEAF_SPOT,ALGAL_LEAF_SPOT,35,True,True
DLD_FinalDataset_224_spit/train/ALGAL_LEAF_SPOT/to_label_315.jpg,DLD_FinalDataset_224_spit/train/ALGAL_LEAF_SPOT/to_label_316.jpg,315,316,train,train,ALGAL_LEAF_SPOT,ALGAL_LEAF_SPOT,34,True,False
DLD_FinalDataset_224_spit/train/ALGAL_LEAF_SPOT/to_label_316.jpg,DLD_FinalDataset_224_spit/train/ALGAL_LEAF_SPOT/to_label_317.jpg,316,317,train,train,ALGAL_LEAF_SPOT,ALGAL_LEAF_SPOT,26,True,False
DLD_FinalDataset_224_spit/train/ALGAL_LEAF_SPOT/to_label_317.jpg,DLD_FinalDataset_224_spit/train/ALGAL_LEAF_SPOT/to_label_318.jpg,317,318,train,train,ALGAL_LEAF_SPOT,ALGAL_LEAF_SPOT,25,True,False
DLD_FinalDataset_224_spit/train/ALGAL_LEAF_SPOT/to_label_318.jpg,DLD_FinalDataset_224_spit/test/ALGAL_LEAF_SPOT/to_label_319.jpg,318,319,train,test,ALGAL_LEAF_SPOT,ALGAL_LEAF_SPOT,37,True,True
DLD_FinalDataset_224_spit/test/ALGAL_LEAF_SPOT/to_label_319.jpg,DLD_FinalDataset_224_spit/train/ALGAL_LEAF_SPOT/to_label_320.jpg,319,320,test,train,ALGAL_LEAF_SPOT,ALGAL_LEAF_SPOT,35,True,True
DLD_FinalDataset_224_spit/train/ALGAL_LEAF_SPOT/to_label_320.jpg,DLD_FinalDataset_224_spit/val/ALGAL_LEAF_SPOT/to_label_321.jpg,320,321,train,val,ALGAL_LEAF_SPOT,ALGAL_LEAF_SPOT,26,True,True
DLD_FinalDataset_224_spit/val/ALGAL_LEAF_SPOT/to_label_321.jpg,DLD_FinalDataset_224_spit/test/ALGAL_LEAF_SPOT/to_label_322.jpg,321,322,val,test,ALGAL_LEAF_SPOT,ALGAL_LEAF_SPOT,31,True,True
DLD_FinalDataset_224_spit/test/ALGAL_LEAF_SPOT/to_label_322.jpg,DLD_FinalDataset_224_spit/train/ALGAL_LEAF_SPOT/to_label_323.jpg,322,323,test,train,ALGAL_LEAF_SPOT,ALGAL_LEAF_SPOT,30,True,True
DLD_FinalDataset_224_spit/train/ALGAL_LEAF_SPOT/to_label_323.jpg,DLD_FinalDataset_224_spit/val/ALGAL_LEAF_SPOT/to_label_324.jpg,323,324,train,val,ALGAL_LEAF_SPOT,ALGAL_LEAF_SPOT,30,True,True
DLD_FinalDataset_224_spit/val/ALGAL_LEAF_SPOT/to_label_324.jpg,DLD_FinalDataset_224_spit/train/ALGAL_LEAF_SPOT/to_label_325.jpg,324,325,val,train,ALGAL_LEAF_SPOT,ALGAL_LEAF_SPOT,31,True,True
DLD_FinalDataset_224_spit/train/ALGAL_LEAF_SPOT/to_label_325.jpg,DLD_FinalDataset_224_spit/train/ALGAL_LEAF_SPOT/to_label_326.jpg,325,326,train,train,ALGAL_LEAF_SPOT,ALGAL_LEAF_SPOT,34,True,False
DLD_FinalDataset_224_spit/train/ALGAL_LEAF_SPOT/to_label_326.jpg,DLD_FinalDataset_224_spit/train/ALGAL_LEAF_SPOT/to_label_327.jpg,326,327,train,train,ALGAL_LEAF_SPOT,ALGAL_LEAF_SPOT,34,True,False
DLD_FinalDataset_224_spit/train/ALGAL_LEAF_SPOT/to_label_327.jpg,DLD_FinalDataset_224_spit/test/ALGAL_LEAF_SPOT/to_label_328.jpg,327,328,train,test,ALGAL_LEAF_SPOT,ALGAL_LEAF_SPOT,30,True,True
DLD_FinalDataset_224_spit/test/ALGAL_LEAF_SPOT/to_label_328.jpg,DLD_FinalDataset_224_spit/train/ALGAL_LEAF_SPOT/to_label_329.jpg,328,329,test,train,ALGAL_LEAF_SPOT,ALGAL_LEAF_SPOT,40,True,True
DLD_FinalDataset_224_spit/train/ALGAL_LEAF_SPOT/to_label_329.jpg,DLD_FinalDataset_224_spit/train/ALGAL_LEAF_SPOT/to_label_330.jpg,329,330,train,train,ALGAL_LEAF_SPOT,ALGAL_LEAF_SPOT,37,True,False
DLD_FinalDataset_224_spit/train/ALGAL_LEAF_SPOT/to_label_330.jpg,DLD_FinalDataset_224_spit/train/ALGAL_LEAF_SPOT/to_label_331.jpg,330,331,train,train,ALGAL_LEAF_SPOT,ALGAL_LEAF_SPOT,30,True,False
DLD_FinalDataset_224_spit/train/ALGAL_LEAF_SPOT/to_label_331.jpg,DLD_FinalDataset_224_spit/test/ALGAL_LEAF_SPOT/to_label_332.jpg,331,332,train,test,ALGAL_LEAF_SPOT,ALGAL_LEAF_SPOT,27,True,True
DLD_FinalDataset_224_spit/test/ALGAL_LEAF_SPOT/to_label_332.jpg,DLD_FinalDataset_224_spit/test/ALGAL_LEAF_SPOT/to_label_333.jpg,332,333,test,test,ALGAL_LEAF_SPOT,ALGAL_LEAF_SPOT,27,True,False
DLD_FinalDataset_224_spit/test/ALGAL_LEAF_SPOT/to_label_333.jpg,DLD_FinalDataset_224_spit/train/ALGAL_LEAF_SPOT/to_label_334.jpg,333,334,test,train,ALGAL_LEAF_SPOT,ALGAL_LEAF_SPOT,31,True,True
DLD_FinalDataset_224_spit/train/ALGAL_LEAF_SPOT/to_label_334.jpg,DLD_FinalDataset_224_spit/train/ALGAL_LEAF_SPOT/to_label_335.jpg,334,335,train,train,ALGAL_LEAF_SPOT,ALGAL_LEAF_SPOT,31,True,False
DLD_FinalDataset_224_spit/train/ALGAL_LEAF_SPOT/to_label_335.jpg,DLD_FinalDataset_224_spit/train/ALGAL_LEAF_SPOT/to_label_336.jpg,335,336,train,train,ALGAL_LEAF_SPOT,ALGAL_LEAF_SPOT,34,True,False
DLD_FinalDataset_224_spit/train/ALGAL_LEAF_SPOT/to_label_336.jpg,DLD_FinalDataset_224_spit/test/ALGAL_LEAF_SPOT/to_label_337.jpg,336,337,train,test,ALGAL_LEAF_SPOT,ALGAL_LEAF_SPOT,23,True,True
DLD_FinalDataset_224_spit/test/ALGAL_LEAF_SPOT/to_label_337.jpg,DLD_FinalDataset_224_spit/val/ALGAL_LEAF_SPOT/to_label_338.jpg,337,338,test,val,ALGAL_LEAF_SPOT,ALGAL_LEAF_SPOT,38,True,True
DLD_FinalDataset_224_spit/val/ALGAL_LEAF_SPOT/to_label_338.jpg,DLD_FinalDataset_224_spit/test/ALGAL_LEAF_SPOT/to_label_339.jpg,338,339,val,test,ALGAL_LEAF_SPOT,ALGAL_LEAF_SPOT,30,True,True
DLD_FinalDataset_224_spit/test/ALGAL_LEAF_SPOT/to_label_339.jpg,DLD_FinalDataset_224_spit/train/ALGAL_LEAF_SPOT/to_label_340.jpg,339,340,test,train,ALGAL_LEAF_SPOT,ALGAL_LEAF_SPOT,31,True,True
DLD_FinalDataset_224_spit/train/ALGAL_LEAF_SPOT/to_label_340.jpg,DLD_FinalDataset_224_spit/train/ALGAL_LEAF_SPOT/to_label_341.jpg,340,341,train,train,ALGAL_LEAF_SPOT,ALGAL_LEAF_SPOT,30,True,False
DLD_FinalDataset_224_spit/train/ALGAL_LEAF_SPOT/to_label_341.jpg,DLD_FinalDataset_224_spit/train/ALGAL_LEAF_SPOT/to_label_342.jpg,341,342,train,train,ALGAL_LEAF_SPOT,ALGAL_LEAF_SPOT,33,True,False
DLD_FinalDataset_224_spit/train/ALGAL_LEAF_SPOT/to_label_342.jpg,DLD_FinalDataset_224_spit/train/ALGAL_LEAF_SPOT/to_label_343.jpg,342,343,train,train,ALGAL_LEAF_SPOT,ALGAL_LEAF_SPOT,29,True,False
DLD_FinalDataset_224_spit/train/ALGAL_LEAF_SPOT/to_label_343.jpg,DLD_FinalDataset_224_spit/train/ALGAL_LEAF_SPOT/to_label_344.jpg,343,344,train,train,ALGAL_LEAF_SPOT,ALGAL_LEAF_SPOT,26,True,False
DLD_FinalDataset_224_spit/train/ALGAL_LEAF_SPOT/to_label_344.jpg,DLD_FinalDataset_224_spit/train/ALGAL_LEAF_SPOT/to_label_345.jpg,344,345,train,train,ALGAL_LEAF_SPOT,ALGAL_LEAF_SPOT,23,True,False
DLD_FinalDataset_224_spit/train/ALGAL_LEAF_SPOT/to_label_345.jpg,DLD_FinalDataset_224_spit/train/ALGAL_LEAF_SPOT/to_label_346.jpg,345,346,train,train,ALGAL_LEAF_SPOT,ALGAL_LEAF_SPOT,26,True,False
DLD_FinalDataset_224_spit/train/ALGAL_LEAF_SPOT/to_label_346.jpg,DLD_FinalDataset_224_spit/test/ALGAL_LEAF_SPOT/to_label_347.jpg,346,347,train,test,ALGAL_LEAF_SPOT,ALGAL_LEAF_SPOT,34,True,True
DLD_FinalDataset_224_spit/test/ALGAL_LEAF_SPOT/to_label_347.jpg,DLD_FinalDataset_224_spit/train/ALGAL_LEAF_SPOT/to_label_348.jpg,347,348,test,train,ALGAL_LEAF_SPOT,ALGAL_LEAF_SPOT,25,True,True
DLD_FinalDataset_224_spit/train/ALGAL_LEAF_SPOT/to_label_348.jpg,DLD_FinalDataset_224_spit/train/ALGAL_LEAF_SPOT/to_label_349.jpg,348,349,train,train,ALGAL_LEAF_SPOT,ALGAL_LEAF_SPOT,25,True,False
DLD_FinalDataset_224_spit/train/ALGAL_LEAF_SPOT/to_label_349.jpg,DLD_FinalDataset_224_spit/train/ALGAL_LEAF_SPOT/to_label_350.jpg,349,350,train,train,ALGAL_LEAF_SPOT,ALGAL_LEAF_SPOT,31,True,False
DLD_FinalDataset_224_spit/train/ALGAL_LEAF_SPOT/to_label_350.jpg,DLD_FinalDataset_224_spit/train/ALGAL_LEAF_SPOT/to_label_351.jpg,350,351,train,train,ALGAL_LEAF_SPOT,ALGAL_LEAF_SPOT,38,True,False
DLD_FinalDataset_224_spit/train/ALGAL_LEAF_SPOT/to_label_351.jpg,DLD_FinalDataset_224_spit/test/ALGAL_LEAF_SPOT/to_label_352.jpg,351,352,train,test,ALGAL_LEAF_SPOT,ALGAL_LEAF_SPOT,29,True,True
DLD_FinalDataset_224_spit/test/ALGAL_LEAF_SPOT/to_label_352.jpg,DLD_FinalDataset_224_spit/train/ALGAL_LEAF_SPOT/to_label_353.jpg,352,353,test,train,ALGAL_LEAF_SPOT,ALGAL_LEAF_SPOT,35,True,True
DLD_FinalDataset_224_spit/train/ALGAL_LEAF_SPOT/to_label_353.jpg,DLD_FinalDataset_224_spit/train/ALGAL_LEAF_SPOT/to_label_354.jpg,353,354,train,train,ALGAL_LEAF_SPOT,ALGAL_LEAF_SPOT,34,True,False
DLD_FinalDataset_224_spit/train/ALGAL_LEAF_SPOT/to_label_354.jpg,DLD_FinalDataset_224_spit/train/ALGAL_LEAF_SPOT/to_label_355.jpg,354,355,train,train,ALGAL_LEAF_SPOT,ALGAL_LEAF_SPOT,26,True,False
DLD_FinalDataset_224_spit/train/ALGAL_LEAF_SPOT/to_label_355.jpg,DLD_FinalDataset_224_spit/train/ALGAL_LEAF_SPOT/to_label_356.jpg,355,356,train,train,ALGAL_LEAF_SPOT,ALGAL_LEAF_SPOT,28,True,False
DLD_FinalDataset_224_spit/train/ALGAL_LEAF_SPOT/to_label_356.jpg,DLD_FinalDataset_224_spit/test/ALGAL_LEAF_SPOT/to_label_357.jpg,356,357,train,test,ALGAL_LEAF_SPOT,ALGAL_LEAF_SPOT,29,True,True
DLD_FinalDataset_224_spit/test/ALGAL_LEAF_SPOT/to_label_357.jpg,DLD_FinalDataset_224_spit/train/ALGAL_LEAF_SPOT/to_label_358.jpg,357,358,test,train,ALGAL_LEAF_SPOT,ALGAL_LEAF_SPOT,32,True,True
DLD_FinalDataset_224_spit/train/ALGAL_LEAF_SPOT/to_label_358.jpg,DLD_FinalDataset_224_spit/train/ALGAL_LEAF_SPOT/to_label_359.jpg,358,359,train,train,ALGAL_LEAF_SPOT,ALGAL_LEAF_SPOT,34,True,False
DLD_FinalDataset_224_spit/train/ALGAL_LEAF_SPOT/to_label_359.jpg,DLD_FinalDataset_224_spit/test/ALGAL_LEAF_SPOT/to_label_360.jpg,359,360,train,test,ALGAL_LEAF_SPOT,ALGAL_LEAF_SPOT,28,True,True
DLD_FinalDataset_224_spit/test/ALGAL_LEAF_SPOT/to_label_360.jpg,DLD_FinalDataset_224_spit/test/ALGAL_LEAF_SPOT/to_label_361.jpg,360,361,test,test,ALGAL_LEAF_SPOT,ALGAL_LEAF_SPOT,29,True,False
DLD_FinalDataset_224_spit/test/ALGAL_LEAF_SPOT/to_label_361.jpg,DLD_FinalDataset_224_spit/test/ALGAL_LEAF_SPOT/to_label_362.jpg,361,362,test,test,ALGAL_LEAF_SPOT,ALGAL_LEAF_SPOT,31,True,False
DLD_FinalDataset_224_spit/test/ALGAL_LEAF_SPOT/to_label_362.jpg,DLD_FinalDataset_224_spit/train/ALGAL_LEAF_SPOT/to_label_363.jpg,362,363,test,train,ALGAL_LEAF_SPOT,ALGAL_LEAF_SPOT,38,True,True
DLD_FinalDataset_224_spit/train/ALGAL_LEAF_SPOT/to_label_363.jpg,DLD_FinalDataset_224_spit/val/ALGAL_LEAF_SPOT/to_label_364.jpg,363,364,train,val,ALGAL_LEAF_SPOT,ALGAL_LEAF_SPOT,33,True,True
DLD_FinalDataset_224_spit/val/ALGAL_LEAF_SPOT/to_label_364.jpg,DLD_FinalDataset_224_spit/train/ALGAL_LEAF_SPOT/to_label_365.jpg,364,365,val,train,ALGAL_LEAF_SPOT,ALGAL_LEAF_SPOT,25,True,True
DLD_FinalDataset_224_spit/train/ALGAL_LEAF_SPOT/to_label_365.jpg,DLD_FinalDataset_224_spit/test/ALGAL_LEAF_SPOT/to_label_366.jpg,365,366,train,test,ALGAL_LEAF_SPOT,ALGAL_LEAF_SPOT,28,True,True
DLD_FinalDataset_224_spit/test/ALGAL_LEAF_SPOT/to_label_366.jpg,DLD_FinalDataset_224_spit/train/ALGAL_LEAF_SPOT/to_label_367.jpg,366,367,test,train,ALGAL_LEAF_SPOT,ALGAL_LEAF_SPOT,34,True,True
DLD_FinalDataset_224_spit/train/ALGAL_LEAF_SPOT/to_label_367.jpg,DLD_FinalDataset_224_spit/train/ALGAL_LEAF_SPOT/to_label_368.jpg,367,368,train,train,ALGAL_LEAF_SPOT,ALGAL_LEAF_SPOT,32,True,False
DLD_FinalDataset_224_spit/train/ALGAL_LEAF_SPOT/to_label_368.jpg,DLD_FinalDataset_224_spit/train/ALGAL_LEAF_SPOT/to_label_369.jpg,368,369,train,train,ALGAL_LEAF_SPOT,ALGAL_LEAF_SPOT,27,True,False
DLD_FinalDataset_224_spit/train/ALGAL_LEAF_SPOT/to_label_369.jpg,DLD_FinalDataset_224_spit/train/ALGAL_LEAF_SPOT/to_label_370.jpg,369,370,train,train,ALGAL_LEAF_SPOT,ALGAL_LEAF_SPOT,35,True,False
DLD_FinalDataset_224_spit/train/ALGAL_LEAF_SPOT/to_label_370.jpg,DLD_FinalDataset_224_spit/val/ALGAL_LEAF_SPOT/to_label_371.jpg,370,371,train,val,ALGAL_LEAF_SPOT,ALGAL_LEAF_SPOT,25,True,True
DLD_FinalDataset_224_spit/val/ALGAL_LEAF_SPOT/to_label_371.jpg,DLD_FinalDataset_224_spit/train/ALGAL_LEAF_SPOT/to_label_372.jpg,371,372,val,train,ALGAL_LEAF_SPOT,ALGAL_LEAF_SPOT,24,True,True
DLD_FinalDataset_224_spit/train/ALGAL_LEAF_SPOT/to_label_372.jpg,DLD_FinalDataset_224_spit/train/ALGAL_LEAF_SPOT/to_label_373.jpg,372,373,train,train,ALGAL_LEAF_SPOT,ALGAL_LEAF_SPOT,26,True,False
DLD_FinalDataset_224_spit/train/ALGAL_LEAF_SPOT/to_label_373.jpg,DLD_FinalDataset_224_spit/train/ALGAL_LEAF_SPOT/to_label_374.jpg,373,374,train,train,ALGAL_LEAF_SPOT,ALGAL_LEAF_SPOT,31,True,False
DLD_FinalDataset_224_spit/train/ALGAL_LEAF_SPOT/to_label_374.jpg,DLD_FinalDataset_224_spit/val/ALGAL_LEAF_SPOT/to_label_375.jpg,374,375,train,val,ALGAL_LEAF_SPOT,ALGAL_LEAF_SPOT,32,True,True
DLD_FinalDataset_224_spit/val/ALGAL_LEAF_SPOT/to_label_375.jpg,DLD_FinalDataset_224_spit/train/ALGAL_LEAF_SPOT/to_label_376.jpg,375,376,val,train,ALGAL_LEAF_SPOT,ALGAL_LEAF_SPOT,36,True,True
DLD_FinalDataset_224_spit/train/ALGAL_LEAF_SPOT/to_label_376.jpg,DLD_FinalDataset_224_spit/train/ALGAL_LEAF_SPOT/to_label_377.jpg,376,377,train,train,ALGAL_LEAF_SPOT,ALGAL_LEAF_SPOT,28,True,False
DLD_FinalDataset_224_spit/train/ALGAL_LEAF_SPOT/to_label_377.jpg,DLD_FinalDataset_224_spit/train/ALGAL_LEAF_SPOT/to_label_378.jpg,377,378,train,train,ALGAL_LEAF_SPOT,ALGAL_LEAF_SPOT,24,True,False
DLD_FinalDataset_224_spit/train/ALGAL_LEAF_SPOT/to_label_378.jpg,DLD_FinalDataset_224_spit/train/ALGAL_LEAF_SPOT/to_label_379.jpg,378,379,train,train,ALGAL_LEAF_SPOT,ALGAL_LEAF_SPOT,37,True,False
DLD_FinalDataset_224_spit/train/ALGAL_LEAF_SPOT/to_label_379.jpg,DLD_FinalDataset_224_spit/train/ALGAL_LEAF_SPOT/to_label_380.jpg,379,380,train,train,ALGAL_LEAF_SPOT,ALGAL_LEAF_SPOT,33,True,False
DLD_FinalDataset_224_spit/train/ALGAL_LEAF_SPOT/to_label_380.jpg,DLD_FinalDataset_224_spit/train/ALGAL_LEAF_SPOT/to_label_381.jpg,380,381,train,train,ALGAL_LEAF_SPOT,ALGAL_LEAF_SPOT,27,True,False
DLD_FinalDataset_224_spit/train/ALGAL_LEAF_SPOT/to_label_381.jpg,DLD_FinalDataset_224_spit/test/ALGAL_LEAF_SPOT/to_label_382.jpg,381,382,train,test,ALGAL_LEAF_SPOT,ALGAL_LEAF_SPOT,34,True,True
DLD_FinalDataset_224_spit/test/ALGAL_LEAF_SPOT/to_label_382.jpg,DLD_FinalDataset_224_spit/train/ALGAL_LEAF_SPOT/to_label_383.jpg,382,383,test,train,ALGAL_LEAF_SPOT,ALGAL_LEAF_SPOT,30,True,True
DLD_FinalDataset_224_spit/train/ALGAL_LEAF_SPOT/to_label_383.jpg,DLD_FinalDataset_224_spit/train/ALGAL_LEAF_SPOT/to_label_384.jpg,383,384,train,train,ALGAL_LEAF_SPOT,ALGAL_LEAF_SPOT,34,True,False
DLD_FinalDataset_224_spit/train/ALGAL_LEAF_SPOT/to_label_384.jpg,DLD_FinalDataset_224_spit/train/ALGAL_LEAF_SPOT/to_label_385.jpg,384,385,train,train,ALGAL_LEAF_SPOT,ALGAL_LEAF_SPOT,25,True,False
DLD_FinalDataset_224_spit/train/ALGAL_LEAF_SPOT/to_label_385.jpg,DLD_FinalDataset_224_spit/train/ALGAL_LEAF_SPOT/to_label_386.jpg,385,386,train,train,ALGAL_LEAF_SPOT,ALGAL_LEAF_SPOT,31,True,False
DLD_FinalDataset_224_spit/train/ALGAL_LEAF_SPOT/to_label_386.jpg,DLD_FinalDataset_224_spit/test/ALGAL_LEAF_SPOT/to_label_387.jpg,386,387,train,test,ALGAL_LEAF_SPOT,ALGAL_LEAF_SPOT,42,True,True
DLD_FinalDataset_224_spit/test/ALGAL_LEAF_SPOT/to_label_387.jpg,DLD_FinalDataset_224_spit/train/ALGAL_LEAF_SPOT/to_label_388.jpg,387,388,test,train,ALGAL_LEAF_SPOT,ALGAL_LEAF_SPOT,37,True,True
DLD_FinalDataset_224_spit/train/ALGAL_LEAF_SPOT/to_label_388.jpg,DLD_FinalDataset_224_spit/train/ALGAL_LEAF_SPOT/to_label_389.jpg,388,389,train,train,ALGAL_LEAF_SPOT,ALGAL_LEAF_SPOT,29,True,False
DLD_FinalDataset_224_spit/train/ALGAL_LEAF_SPOT/to_label_389.jpg,DLD_FinalDataset_224_spit/test/ALGAL_LEAF_SPOT/to_label_390.jpg,389,390,train,test,ALGAL_LEAF_SPOT,ALGAL_LEAF_SPOT,43,True,True
DLD_FinalDataset_224_spit/test/ALGAL_LEAF_SPOT/to_label_390.jpg,DLD_FinalDataset_224_spit/train/ALGAL_LEAF_SPOT/to_label_391.jpg,390,391,test,train,ALGAL_LEAF_SPOT,ALGAL_LEAF_SPOT,35,True,True
DLD_FinalDataset_224_spit/train/ALGAL_LEAF_SPOT/to_label_391.jpg,DLD_FinalDataset_224_spit/train/ALGAL_LEAF_SPOT/to_label_392.jpg,391,392,train,train,ALGAL_LEAF_SPOT,ALGAL_LEAF_SPOT,26,True,False
DLD_FinalDataset_224_spit/train/ALGAL_LEAF_SPOT/to_label_392.jpg,DLD_FinalDataset_224_spit/train/ALGAL_LEAF_SPOT/to_label_393.jpg,392,393,train,train,ALGAL_LEAF_SPOT,ALGAL_LEAF_SPOT,28,True,False
DLD_FinalDataset_224_spit/train/ALGAL_LEAF_SPOT/to_label_393.jpg,DLD_FinalDataset_224_spit/test/ALGAL_LEAF_SPOT/to_label_394.jpg,393,394,train,test,ALGAL_LEAF_SPOT,ALGAL_LEAF_SPOT,29,True,True
DLD_FinalDataset_224_spit/test/ALGAL_LEAF_SPOT/to_label_394.jpg,DLD_FinalDataset_224_spit/test/ALGAL_LEAF_SPOT/to_label_395.jpg,394,395,test,test,ALGAL_LEAF_SPOT,ALGAL_LEAF_SPOT,29,True,False
DLD_FinalDataset_224_spit/test/ALGAL_LEAF_SPOT/to_label_395.jpg,DLD_FinalDataset_224_spit/val/ALGAL_LEAF_SPOT/to_label_396.jpg,395,396,test,val,ALGAL_LEAF_SPOT,ALGAL_LEAF_SPOT,25,True,True
DLD_FinalDataset_224_spit/val/ALGAL_LEAF_SPOT/to_label_396.jpg,DLD_FinalDataset_224_spit/train/ALGAL_LEAF_SPOT/to_label_397.jpg,396,397,val,train,ALGAL_LEAF_SPOT,ALGAL_LEAF_SPOT,42,True,True
DLD_FinalDataset_224_spit/train/ALGAL_LEAF_SPOT/to_label_397.jpg,DLD_FinalDataset_224_spit/train/ALGAL_LEAF_SPOT/to_label_398.jpg,397,398,train,train,ALGAL_LEAF_SPOT,ALGAL_LEAF_SPOT,24,True,False
DLD_FinalDataset_224_spit/train/ALGAL_LEAF_SPOT/to_label_398.jpg,DLD_FinalDataset_224_spit/test/ALGAL_LEAF_SPOT/to_label_399.jpg,398,399,train,test,ALGAL_LEAF_SPOT,ALGAL_LEAF_SPOT,25,True,True
DLD_FinalDataset_224_spit/test/ALGAL_LEAF_SPOT/to_label_399.jpg,DLD_FinalDataset_224_spit/test/ALGAL_LEAF_SPOT/to_label_400.jpg,399,400,test,test,ALGAL_LEAF_SPOT,ALGAL_LEAF_SPOT,29,True,False
DLD_FinalDataset_224_spit/test/ALGAL_LEAF_SPOT/to_label_400.jpg,DLD_FinalDataset_224_spit/train/ALGAL_LEAF_SPOT/to_label_401.jpg,400,401,test,train,ALGAL_LEAF_SPOT,ALGAL_LEAF_SPOT,33,True,True
DLD_FinalDataset_224_spit/train/ALGAL_LEAF_SPOT/to_label_401.jpg,DLD_FinalDataset_224_spit/train/ALGAL_LEAF_SPOT/to_label_402.jpg,401,402,train,train,ALGAL_LEAF_SPOT,ALGAL_LEAF_SPOT,26,True,False
DLD_FinalDataset_224_spit/train/ALGAL_LEAF_SPOT/to_label_402.jpg,DLD_FinalDataset_224_spit/test/ALGAL_LEAF_SPOT/to_label_403.jpg,402,403,train,test,ALGAL_LEAF_SPOT,ALGAL_LEAF_SPOT,35,True,True
DLD_FinalDataset_224_spit/test/ALGAL_LEAF_SPOT/to_label_403.jpg,DLD_FinalDataset_224_spit/train/ALGAL_LEAF_SPOT/to_label_404.jpg,403,404,test,train,ALGAL_LEAF_SPOT,ALGAL_LEAF_SPOT,35,True,True
DLD_FinalDataset_224_spit/train/ALGAL_LEAF_SPOT/to_label_404.jpg,DLD_FinalDataset_224_spit/val/ALGAL_LEAF_SPOT/to_label_405.jpg,404,405,train,val,ALGAL_LEAF_SPOT,ALGAL_LEAF_SPOT,32,True,True
DLD_FinalDataset_224_spit/val/ALGAL_LEAF_SPOT/to_label_405.jpg,DLD_FinalDataset_224_spit/train/ALGAL_LEAF_SPOT/to_label_406.jpg,405,406,val,train,ALGAL_LEAF_SPOT,ALGAL_LEAF_SPOT,39,True,True
DLD_FinalDataset_224_spit/train/ALGAL_LEAF_SPOT/to_label_406.jpg,DLD_FinalDataset_224_spit/test/ALGAL_LEAF_SPOT/to_label_407.jpg,406,407,train,test,ALGAL_LEAF_SPOT,ALGAL_LEAF_SPOT,30,True,True
DLD_FinalDataset_224_spit/test/ALGAL_LEAF_SPOT/to_label_407.jpg,DLD_FinalDataset_224_spit/train/ALGAL_LEAF_SPOT/to_label_408.jpg,407,408,test,train,ALGAL_LEAF_SPOT,ALGAL_LEAF_SPOT,36,True,True
DLD_FinalDataset_224_spit/train/ALGAL_LEAF_SPOT/to_label_408.jpg,DLD_FinalDataset_224_spit/val/ALGAL_LEAF_SPOT/to_label_409.jpg,408,409,train,val,ALGAL_LEAF_SPOT,ALGAL_LEAF_SPOT,29,True,True
DLD_FinalDataset_224_spit/val/ALGAL_LEAF_SPOT/to_label_409.jpg,DLD_FinalDataset_224_spit/test/ALGAL_LEAF_SPOT/to_label_410.jpg,409,410,val,test,ALGAL_LEAF_SPOT,ALGAL_LEAF_SPOT,32,True,True
DLD_FinalDataset_224_spit/test/ALGAL_LEAF_SPOT/to_label_410.jpg,DLD_FinalDataset_224_spit/train/ALGAL_LEAF_SPOT/to_label_411.jpg,410,411,test,train,ALGAL_LEAF_SPOT,ALGAL_LEAF_SPOT,33,True,True
DLD_FinalDataset_224_spit/train/ALGAL_LEAF_SPOT/to_label_411.jpg,DLD_FinalDataset_224_spit/train/ALGAL_LEAF_SPOT/to_label_412.jpg,411,412,train,train,ALGAL_LEAF_SPOT,ALGAL_LEAF_SPOT,29,True,False
DLD_FinalDataset_224_spit/train/ALGAL_LEAF_SPOT/to_label_412.jpg,DLD_FinalDataset_224_spit/test/ALGAL_LEAF_SPOT/to_label_413.jpg,412,413,train,test,ALGAL_LEAF_SPOT,ALGAL_LEAF_SPOT,35,True,True
DLD_FinalDataset_224_spit/test/ALGAL_LEAF_SPOT/to_label_413.jpg,DLD_FinalDataset_224_spit/test/ALGAL_LEAF_SPOT/to_label_414.jpg,413,414,test,test,ALGAL_LEAF_SPOT,ALGAL_LEAF_SPOT,34,True,False
DLD_FinalDataset_224_spit/test/ALGAL_LEAF_SPOT/to_label_414.jpg,DLD_FinalDataset_224_spit/train/ALGAL_LEAF_SPOT/to_label_415.jpg,414,415,test,train,ALGAL_LEAF_SPOT,ALGAL_LEAF_SPOT,35,True,True
DLD_FinalDataset_224_spit/train/ALGAL_LEAF_SPOT/to_label_415.jpg,DLD_FinalDataset_224_spit/train/ALGAL_LEAF_SPOT/to_label_416.jpg,415,416,train,train,ALGAL_LEAF_SPOT,ALGAL_LEAF_SPOT,35,True,False
DLD_FinalDataset_224_spit/train/ALGAL_LEAF_SPOT/to_label_416.jpg,DLD_FinalDataset_224_spit/train/ALGAL_LEAF_SPOT/to_label_417.jpg,416,417,train,train,ALGAL_LEAF_SPOT,ALGAL_LEAF_SPOT,31,True,False
DLD_FinalDataset_224_spit/train/ALGAL_LEAF_SPOT/to_label_417.jpg,DLD_FinalDataset_224_spit/train/ALGAL_LEAF_SPOT/to_label_418.jpg,417,418,train,train,ALGAL_LEAF_SPOT,ALGAL_LEAF_SPOT,36,True,False
DLD_FinalDataset_224_spit/train/ALGAL_LEAF_SPOT/to_label_418.jpg,DLD_FinalDataset_224_spit/test/ALGAL_LEAF_SPOT/to_label_419.jpg,418,419,train,test,ALGAL_LEAF_SPOT,ALGAL_LEAF_SPOT,30,True,True
DLD_FinalDataset_224_spit/test/ALGAL_LEAF_SPOT/to_label_419.jpg,DLD_FinalDataset_224_spit/test/ALGAL_LEAF_SPOT/to_label_420.jpg,419,420,test,test,ALGAL_LEAF_SPOT,ALGAL_LEAF_SPOT,39,True,False
DLD_FinalDataset_224_spit/test/ALGAL_LEAF_SPOT/to_label_420.jpg,DLD_FinalDataset_224_spit/train/ALGAL_LEAF_SPOT/to_label_421.jpg,420,421,test,train,ALGAL_LEAF_SPOT,ALGAL_LEAF_SPOT,24,True,True
DLD_FinalDataset_224_spit/train/ALGAL_LEAF_SPOT/to_label_421.jpg,DLD_FinalDataset_224_spit/train/ALGAL_LEAF_SPOT/to_label_422.jpg,421,422,train,train,ALGAL_LEAF_SPOT,ALGAL_LEAF_SPOT,36,True,False
DLD_FinalDataset_224_spit/train/ALGAL_LEAF_SPOT/to_label_422.jpg,DLD_FinalDataset_224_spit/train/ALGAL_LEAF_SPOT/to_label_423.jpg,422,423,train,train,ALGAL_LEAF_SPOT,ALGAL_LEAF_SPOT,33,True,False
DLD_FinalDataset_224_spit/train/ALGAL_LEAF_SPOT/to_label_423.jpg,DLD_FinalDataset_224_spit/train/ALGAL_LEAF_SPOT/to_label_424.jpg,423,424,train,train,ALGAL_LEAF_SPOT,ALGAL_LEAF_SPOT,27,True,False
DLD_FinalDataset_224_spit/train/ALGAL_LEAF_SPOT/to_label_424.jpg,DLD_FinalDataset_224_spit/test/ALGAL_LEAF_SPOT/to_label_425.jpg,424,425,train,test,ALGAL_LEAF_SPOT,ALGAL_LEAF_SPOT,32,True,True
DLD_FinalDataset_224_spit/test/ALGAL_LEAF_SPOT/to_label_425.jpg,DLD_FinalDataset_224_spit/test/ALGAL_LEAF_SPOT/to_label_426.jpg,425,426,test,test,ALGAL_LEAF_SPOT,ALGAL_LEAF_SPOT,38,True,False
DLD_FinalDataset_224_spit/test/ALGAL_LEAF_SPOT/to_label_426.jpg,DLD_FinalDataset_224_spit/train/ALGAL_LEAF_SPOT/to_label_427.jpg,426,427,test,train,ALGAL_LEAF_SPOT,ALGAL_LEAF_SPOT,39,True,True
DLD_FinalDataset_224_spit/train/ALGAL_LEAF_SPOT/to_label_427.jpg,DLD_FinalDataset_224_spit/train/ALGAL_LEAF_SPOT/to_label_428.jpg,427,428,train,train,ALGAL_LEAF_SPOT,ALGAL_LEAF_SPOT,30,True,False
DLD_FinalDataset_224_spit/train/ALGAL_LEAF_SPOT/to_label_428.jpg,DLD_FinalDataset_224_spit/train/ALGAL_LEAF_SPOT/to_label_429.jpg,428,429,train,train,ALGAL_LEAF_SPOT,ALGAL_LEAF_SPOT,29,True,False
DLD_FinalDataset_224_spit/train/ALGAL_LEAF_SPOT/to_label_429.jpg,DLD_FinalDataset_224_spit/train/ALGAL_LEAF_SPOT/to_label_430.jpg,429,430,train,train,ALGAL_LEAF_SPOT,ALGAL_LEAF_SPOT,33,True,False
DLD_FinalDataset_224_spit/train/ALGAL_LEAF_SPOT/to_label_430.jpg,DLD_FinalDataset_224_spit/train/ALGAL_LEAF_SPOT/to_label_431.jpg,430,431,train,train,ALGAL_LEAF_SPOT,ALGAL_LEAF_SPOT,31,True,False
DLD_FinalDataset_224_spit/train/ALGAL_LEAF_SPOT/to_label_431.jpg,DLD_FinalDataset_224_spit/train/ALGAL_LEAF_SPOT/to_label_432.jpg,431,432,train,train,ALGAL_LEAF_SPOT,ALGAL_LEAF_SPOT,36,True,False
DLD_FinalDataset_224_spit/train/ALGAL_LEAF_SPOT/to_label_432.jpg,DLD_FinalDataset_224_spit/val/ALGAL_LEAF_SPOT/to_label_433.jpg,432,433,train,val,ALGAL_LEAF_SPOT,ALGAL_LEAF_SPOT,31,True,True
DLD_FinalDataset_224_spit/val/ALGAL_LEAF_SPOT/to_label_433.jpg,DLD_FinalDataset_224_spit/train/ALGAL_LEAF_SPOT/to_label_434.jpg,433,434,val,train,ALGAL_LEAF_SPOT,ALGAL_LEAF_SPOT,33,True,True
DLD_FinalDataset_224_spit/train/ALGAL_LEAF_SPOT/to_label_434.jpg,DLD_FinalDataset_224_spit/train/ALGAL_LEAF_SPOT/to_label_435.jpg,434,435,train,train,ALGAL_LEAF_SPOT,ALGAL_LEAF_SPOT,32,True,False
DLD_FinalDataset_224_spit/train/ALGAL_LEAF_SPOT/to_label_435.jpg,DLD_FinalDataset_224_spit/train/ALGAL_LEAF_SPOT/to_label_436.jpg,435,436,train,train,ALGAL_LEAF_SPOT,ALGAL_LEAF_SPOT,32,True,False
DLD_FinalDataset_224_spit/train/ALGAL_LEAF_SPOT/to_label_436.jpg,DLD_FinalDataset_224_spit/val/ALGAL_LEAF_SPOT/to_label_437.jpg,436,437,train,val,ALGAL_LEAF_SPOT,ALGAL_LEAF_SPOT,29,True,True
DLD_FinalDataset_224_spit/val/ALGAL_LEAF_SPOT/to_label_437.jpg,DLD_FinalDataset_224_spit/train/ALGAL_LEAF_SPOT/to_label_438.jpg,437,438,val,train,ALGAL_LEAF_SPOT,ALGAL_LEAF_SPOT,27,True,True
DLD_FinalDataset_224_spit/train/ALGAL_LEAF_SPOT/to_label_438.jpg,DLD_FinalDataset_224_spit/val/ALGAL_LEAF_SPOT/to_label_439.jpg,438,439,train,val,ALGAL_LEAF_SPOT,ALGAL_LEAF_SPOT,29,True,True
DLD_FinalDataset_224_spit/val/ALGAL_LEAF_SPOT/to_label_439.jpg,DLD_FinalDataset_224_spit/train/ALGAL_LEAF_SPOT/to_label_440.jpg,439,440,val,train,ALGAL_LEAF_SPOT,ALGAL_LEAF_SPOT,26,True,True
DLD_FinalDataset_224_spit/train/ALGAL_LEAF_SPOT/to_label_440.jpg,DLD_FinalDataset_224_spit/train/ALGAL_LEAF_SPOT/to_label_441.jpg,440,441,train,train,ALGAL_LEAF_SPOT,ALGAL_LEAF_SPOT,38,True,False
DLD_FinalDataset_224_spit/train/ALGAL_LEAF_SPOT/to_label_441.jpg,DLD_FinalDataset_224_spit/train/ALGAL_LEAF_SPOT/to_label_442.jpg,441,442,train,train,ALGAL_LEAF_SPOT,ALGAL_LEAF_SPOT,32,True,False
DLD_FinalDataset_224_spit/train/ALGAL_LEAF_SPOT/to_label_442.jpg,DLD_FinalDataset_224_spit/test/ALGAL_LEAF_SPOT/to_label_443.jpg,442,443,train,test,ALGAL_LEAF_SPOT,ALGAL_LEAF_SPOT,24,True,True
DLD_FinalDataset_224_spit/test/ALGAL_LEAF_SPOT/to_label_443.jpg,DLD_FinalDataset_224_spit/train/ALGAL_LEAF_SPOT/to_label_444.jpg,443,444,test,train,ALGAL_LEAF_SPOT,ALGAL_LEAF_SPOT,26,True,True
DLD_FinalDataset_224_spit/train/ALGAL_LEAF_SPOT/to_label_444.jpg,DLD_FinalDataset_224_spit/train/ALGAL_LEAF_SPOT/to_label_445.jpg,444,445,train,train,ALGAL_LEAF_SPOT,ALGAL_LEAF_SPOT,30,True,False
DLD_FinalDataset_224_spit/train/ALGAL_LEAF_SPOT/to_label_445.jpg,DLD_FinalDataset_224_spit/train/ALGAL_LEAF_SPOT/to_label_446.jpg,445,446,train,train,ALGAL_LEAF_SPOT,ALGAL_LEAF_SPOT,35,True,False
DLD_FinalDataset_224_spit/train/ALGAL_LEAF_SPOT/to_label_446.jpg,DLD_FinalDataset_224_spit/train/ALGAL_LEAF_SPOT/to_label_447.jpg,446,447,train,train,ALGAL_LEAF_SPOT,ALGAL_LEAF_SPOT,43,True,False
DLD_FinalDataset_224_spit/train/ALGAL_LEAF_SPOT/to_label_447.jpg,DLD_FinalDataset_224_spit/train/ALGAL_LEAF_SPOT/to_label_448.jpg,447,448,train,train,ALGAL_LEAF_SPOT,ALGAL_LEAF_SPOT,30,True,False
DLD_FinalDataset_224_spit/train/ALGAL_LEAF_SPOT/to_label_448.jpg,DLD_FinalDataset_224_spit/test/ALGAL_LEAF_SPOT/to_label_449.jpg,448,449,train,test,ALGAL_LEAF_SPOT,ALGAL_LEAF_SPOT,31,True,True
DLD_FinalDataset_224_spit/test/ALGAL_LEAF_SPOT/to_label_449.jpg,DLD_FinalDataset_224_spit/test/ALGAL_LEAF_SPOT/to_label_450.jpg,449,450,test,test,ALGAL_LEAF_SPOT,ALGAL_LEAF_SPOT,27,True,False
DLD_FinalDataset_224_spit/test/ALGAL_LEAF_SPOT/to_label_450.jpg,DLD_FinalDataset_224_spit/train/ALGAL_LEAF_SPOT/to_label_451.jpg,450,451,test,train,ALGAL_LEAF_SPOT,ALGAL_LEAF_SPOT,32,True,True
DLD_FinalDataset_224_spit/train/ALGAL_LEAF_SPOT/to_label_451.jpg,DLD_FinalDataset_224_spit/train/ALGAL_LEAF_SPOT/to_label_452.jpg,451,452,train,train,ALGAL_LEAF_SPOT,ALGAL_LEAF_SPOT,42,True,False
DLD_FinalDataset_224_spit/train/ALGAL_LEAF_SPOT/to_label_452.jpg,DLD_FinalDataset_224_spit/train/ALGAL_LEAF_SPOT/to_label_453.jpg,452,453,train,train,ALGAL_LEAF_SPOT,ALGAL_LEAF_SPOT,32,True,False
DLD_FinalDataset_224_spit/train/ALGAL_LEAF_SPOT/to_label_453.jpg,DLD_FinalDataset_224_spit/test/ALGAL_LEAF_SPOT/to_label_454.jpg,453,454,train,test,ALGAL_LEAF_SPOT,ALGAL_LEAF_SPOT,30,True,True
DLD_FinalDataset_224_spit/test/ALGAL_LEAF_SPOT/to_label_454.jpg,DLD_FinalDataset_224_spit/test/ALGAL_LEAF_SPOT/to_label_455.jpg,454,455,test,test,ALGAL_LEAF_SPOT,ALGAL_LEAF_SPOT,37,True,False
DLD_FinalDataset_224_spit/test/ALGAL_LEAF_SPOT/to_label_455.jpg,DLD_FinalDataset_224_spit/val/ALGAL_LEAF_SPOT/to_label_456.jpg,455,456,test,val,ALGAL_LEAF_SPOT,ALGAL_LEAF_SPOT,23,True,True
DLD_FinalDataset_224_spit/val/ALGAL_LEAF_SPOT/to_label_456.jpg,DLD_FinalDataset_224_spit/train/ALGAL_LEAF_SPOT/to_label_457.jpg,456,457,val,train,ALGAL_LEAF_SPOT,ALGAL_LEAF_SPOT,35,True,True
DLD_FinalDataset_224_spit/train/ALGAL_LEAF_SPOT/to_label_457.jpg,DLD_FinalDataset_224_spit/train/ALGAL_LEAF_SPOT/to_label_458.jpg,457,458,train,train,ALGAL_LEAF_SPOT,ALGAL_LEAF_SPOT,33,True,False
DLD_FinalDataset_224_spit/train/ALGAL_LEAF_SPOT/to_label_458.jpg,DLD_FinalDataset_224_spit/train/ALGAL_LEAF_SPOT/to_label_459.jpg,458,459,train,train,ALGAL_LEAF_SPOT,ALGAL_LEAF_SPOT,31,True,False
DLD_FinalDataset_224_spit/train/ALGAL_LEAF_SPOT/to_label_459.jpg,DLD_FinalDataset_224_spit/train/ALGAL_LEAF_SPOT/to_label_460.jpg,459,460,train,train,ALGAL_LEAF_SPOT,ALGAL_LEAF_SPOT,37,True,False
DLD_FinalDataset_224_spit/train/ALGAL_LEAF_SPOT/to_label_460.jpg,DLD_FinalDataset_224_spit/train/ALGAL_LEAF_SPOT/to_label_461.jpg,460,461,train,train,ALGAL_LEAF_SPOT,ALGAL_LEAF_SPOT,42,True,False
DLD_FinalDataset_224_spit/train/ALGAL_LEAF_SPOT/to_label_461.jpg,DLD_FinalDataset_224_spit/train/ALGAL_LEAF_SPOT/to_label_462.jpg,461,462,train,train,ALGAL_LEAF_SPOT,ALGAL_LEAF_SPOT,35,True,False
DLD_FinalDataset_224_spit/train/ALGAL_LEAF_SPOT/to_label_462.jpg,DLD_FinalDataset_224_spit/train/ALGAL_LEAF_SPOT/to_label_463.jpg,462,463,train,train,ALGAL_LEAF_SPOT,ALGAL_LEAF_SPOT,31,True,False
DLD_FinalDataset_224_spit/train/ALGAL_LEAF_SPOT/to_label_463.jpg,DLD_FinalDataset_224_spit/val/ALGAL_LEAF_SPOT/to_label_464.jpg,463,464,train,val,ALGAL_LEAF_SPOT,ALGAL_LEAF_SPOT,38,True,True
DLD_FinalDataset_224_spit/val/ALGAL_LEAF_SPOT/to_label_464.jpg,DLD_FinalDataset_224_spit/train/ALGAL_LEAF_SPOT/to_label_465.jpg,464,465,val,train,ALGAL_LEAF_SPOT,ALGAL_LEAF_SPOT,30,True,True
DLD_FinalDataset_224_spit/train/ALGAL_LEAF_SPOT/to_label_465.jpg,DLD_FinalDataset_224_spit/train/ALGAL_LEAF_SPOT/to_label_466.jpg,465,466,train,train,ALGAL_LEAF_SPOT,ALGAL_LEAF_SPOT,34,True,False
DLD_FinalDataset_224_spit/train/ALGAL_LEAF_SPOT/to_label_466.jpg,DLD_FinalDataset_224_spit/val/ALGAL_LEAF_SPOT/to_label_467.jpg,466,467,train,val,ALGAL_LEAF_SPOT,ALGAL_LEAF_SPOT,32,True,True
DLD_FinalDataset_224_spit/val/ALGAL_LEAF_SPOT/to_label_467.jpg,DLD_FinalDataset_224_spit/test/ALGAL_LEAF_SPOT/to_label_468.jpg,467,468,val,test,ALGAL_LEAF_SPOT,ALGAL_LEAF_SPOT,36,True,True
DLD_FinalDataset_224_spit/test/ALGAL_LEAF_SPOT/to_label_468.jpg,DLD_FinalDataset_224_spit/train/ALGAL_LEAF_SPOT/to_label_469.jpg,468,469,test,train,ALGAL_LEAF_SPOT,ALGAL_LEAF_SPOT,31,True,True
DLD_FinalDataset_224_spit/train/ALGAL_LEAF_SPOT/to_label_469.jpg,DLD_FinalDataset_224_spit/train/ALGAL_LEAF_SPOT/to_label_470.jpg,469,470,train,train,ALGAL_LEAF_SPOT,ALGAL_LEAF_SPOT,32,True,False
DLD_FinalDataset_224_spit/train/ALGAL_LEAF_SPOT/to_label_470.jpg,DLD_FinalDataset_224_spit/train/ALGAL_LEAF_SPOT/to_label_471.jpg,470,471,train,train,ALGAL_LEAF_SPOT,ALGAL_LEAF_SPOT,29,True,False
DLD_FinalDataset_224_spit/train/ALGAL_LEAF_SPOT/to_label_471.jpg,DLD_FinalDataset_224_spit/train/ALGAL_LEAF_SPOT/to_label_472.jpg,471,472,train,train,ALGAL_LEAF_SPOT,ALGAL_LEAF_SPOT,29,True,False
DLD_FinalDataset_224_spit/train/ALGAL_LEAF_SPOT/to_label_472.jpg,DLD_FinalDataset_224_spit/train/ALGAL_LEAF_SPOT/to_label_473.jpg,472,473,train,train,ALGAL_LEAF_SPOT,ALGAL_LEAF_SPOT,35,True,False
DLD_FinalDataset_224_spit/train/ALGAL_LEAF_SPOT/to_label_473.jpg,DLD_FinalDataset_224_spit/train/ALGAL_LEAF_SPOT/to_label_474.jpg,473,474,train,train,ALGAL_LEAF_SPOT,ALGAL_LEAF_SPOT,33,True,False
DLD_FinalDataset_224_spit/train/ALGAL_LEAF_SPOT/to_label_474.jpg,DLD_FinalDataset_224_spit/val/ALGAL_LEAF_SPOT/to_label_475.jpg,474,475,train,val,ALGAL_LEAF_SPOT,ALGAL_LEAF_SPOT,37,True,True
DLD_FinalDataset_224_spit/val/ALGAL_LEAF_SPOT/to_label_475.jpg,DLD_FinalDataset_224_spit/train/ALGAL_LEAF_SPOT/to_label_476.jpg,475,476,val,train,ALGAL_LEAF_SPOT,ALGAL_LEAF_SPOT,33,True,True
DLD_FinalDataset_224_spit/train/ALGAL_LEAF_SPOT/to_label_476.jpg,DLD_FinalDataset_224_spit/train/ALGAL_LEAF_SPOT/to_label_477.jpg,476,477,train,train,ALGAL_LEAF_SPOT,ALGAL_LEAF_SPOT,35,True,False
DLD_FinalDataset_224_spit/train/ALGAL_LEAF_SPOT/to_label_477.jpg,DLD_FinalDataset_224_spit/train/ALGAL_LEAF_SPOT/to_label_478.jpg,477,478,train,train,ALGAL_LEAF_SPOT,ALGAL_LEAF_SPOT,37,True,False
DLD_FinalDataset_224_spit/train/ALGAL_LEAF_SPOT/to_label_478.jpg,DLD_FinalDataset_224_spit/train/ALGAL_LEAF_SPOT/to_label_479.jpg,478,479,train,train,ALGAL_LEAF_SPOT,ALGAL_LEAF_SPOT,35,True,False
DLD_FinalDataset_224_spit/train/ALGAL_LEAF_SPOT/to_label_479.jpg,DLD_FinalDataset_224_spit/train/ALGAL_LEAF_SPOT/to_label_480.jpg,479,480,train,train,ALGAL_LEAF_SPOT,ALGAL_LEAF_SPOT,29,True,False
DLD_FinalDataset_224_spit/train/ALGAL_LEAF_SPOT/to_label_480.jpg,DLD_FinalDataset_224_spit/train/ALGAL_LEAF_SPOT/to_label_481.jpg,480,481,train,train,ALGAL_LEAF_SPOT,ALGAL_LEAF_SPOT,28,True,False
DLD_FinalDataset_224_spit/train/ALGAL_LEAF_SPOT/to_label_481.jpg,DLD_FinalDataset_224_spit/train/ALGAL_LEAF_SPOT/to_label_482.jpg,481,482,train,train,ALGAL_LEAF_SPOT,ALGAL_LEAF_SPOT,34,True,False
DLD_FinalDataset_224_spit/train/ALGAL_LEAF_SPOT/to_label_482.jpg,DLD_FinalDataset_224_spit/test/ALGAL_LEAF_SPOT/to_label_483.jpg,482,483,train,test,ALGAL_LEAF_SPOT,ALGAL_LEAF_SPOT,39,True,True
DLD_FinalDataset_224_spit/test/ALGAL_LEAF_SPOT/to_label_483.jpg,DLD_FinalDataset_224_spit/train/ALGAL_LEAF_SPOT/to_label_484.jpg,483,484,test,train,ALGAL_LEAF_SPOT,ALGAL_LEAF_SPOT,40,True,True
DLD_FinalDataset_224_spit/train/ALGAL_LEAF_SPOT/to_label_484.jpg,DLD_FinalDataset_224_spit/test/ALGAL_LEAF_SPOT/to_label_485.jpg,484,485,train,test,ALGAL_LEAF_SPOT,ALGAL_LEAF_SPOT,32,True,True
DLD_FinalDataset_224_spit/test/ALGAL_LEAF_SPOT/to_label_485.jpg,DLD_FinalDataset_224_spit/train/ALGAL_LEAF_SPOT/to_label_486.jpg,485,486,test,train,ALGAL_LEAF_SPOT,ALGAL_LEAF_SPOT,32,True,True
DLD_FinalDataset_224_spit/train/ALGAL_LEAF_SPOT/to_label_486.jpg,DLD_FinalDataset_224_spit/train/ALGAL_LEAF_SPOT/to_label_487.jpg,486,487,train,train,ALGAL_LEAF_SPOT,ALGAL_LEAF_SPOT,26,True,False
DLD_FinalDataset_224_spit/train/ALGAL_LEAF_SPOT/to_label_487.jpg,DLD_FinalDataset_224_spit/train/ALGAL_LEAF_SPOT/to_label_488.jpg,487,488,train,train,ALGAL_LEAF_SPOT,ALGAL_LEAF_SPOT,30,True,False
DLD_FinalDataset_224_spit/train/ALGAL_LEAF_SPOT/to_label_488.jpg,DLD_FinalDataset_224_spit/train/ALGAL_LEAF_SPOT/to_label_489.jpg,488,489,train,train,ALGAL_LEAF_SPOT,ALGAL_LEAF_SPOT,31,True,False
DLD_FinalDataset_224_spit/train/ALGAL_LEAF_SPOT/to_label_489.jpg,DLD_FinalDataset_224_spit/train/ALGAL_LEAF_SPOT/to_label_490.jpg,489,490,train,train,ALGAL_LEAF_SPOT,ALGAL_LEAF_SPOT,34,True,False
DLD_FinalDataset_224_spit/train/ALGAL_LEAF_SPOT/to_label_490.jpg,DLD_FinalDataset_224_spit/train/ALGAL_LEAF_SPOT/to_label_491.jpg,490,491,train,train,ALGAL_LEAF_SPOT,ALGAL_LEAF_SPOT,36,True,False
DLD_FinalDataset_224_spit/train/ALGAL_LEAF_SPOT/to_label_491.jpg,DLD_FinalDataset_224_spit/test/ALGAL_LEAF_SPOT/to_label_492.jpg,491,492,train,test,ALGAL_LEAF_SPOT,ALGAL_LEAF_SPOT,34,True,True
DLD_FinalDataset_224_spit/test/ALGAL_LEAF_SPOT/to_label_492.jpg,DLD_FinalDataset_224_spit/train/ALGAL_LEAF_SPOT/to_label_493.jpg,492,493,test,train,ALGAL_LEAF_SPOT,ALGAL_LEAF_SPOT,36,True,True
DLD_FinalDataset_224_spit/train/ALGAL_LEAF_SPOT/to_label_493.jpg,DLD_FinalDataset_224_spit/train/ALGAL_LEAF_SPOT/to_label_494.jpg,493,494,train,train,ALGAL_LEAF_SPOT,ALGAL_LEAF_SPOT,31,True,False
DLD_FinalDataset_224_spit/train/ALGAL_LEAF_SPOT/to_label_494.jpg,DLD_FinalDataset_224_spit/train/ALGAL_LEAF_SPOT/to_label_495.jpg,494,495,train,train,ALGAL_LEAF_SPOT,ALGAL_LEAF_SPOT,32,True,False
DLD_FinalDataset_224_spit/train/ALGAL_LEAF_SPOT/to_label_495.jpg,DLD_FinalDataset_224_spit/train/ALGAL_LEAF_SPOT/to_label_496.jpg,495,496,train,train,ALGAL_LEAF_SPOT,ALGAL_LEAF_SPOT,33,True,False
DLD_FinalDataset_224_spit/train/ALGAL_LEAF_SPOT/to_label_496.jpg,DLD_FinalDataset_224_spit/train/ALGAL_LEAF_SPOT/to_label_497.jpg,496,497,train,train,ALGAL_LEAF_SPOT,ALGAL_LEAF_SPOT,27,True,False
DLD_FinalDataset_224_spit/train/ALGAL_LEAF_SPOT/to_label_497.jpg,DLD_FinalDataset_224_spit/train/ALGAL_LEAF_SPOT/to_label_498.jpg,497,498,train,train,ALGAL_LEAF_SPOT,ALGAL_LEAF_SPOT,30,True,False
DLD_FinalDataset_224_spit/train/ALGAL_LEAF_SPOT/to_label_498.jpg,DLD_FinalDataset_224_spit/train/ALGAL_LEAF_SPOT/to_label_499.jpg,498,499,train,train,ALGAL_LEAF_SPOT,ALGAL_LEAF_SPOT,34,True,False
DLD_FinalDataset_224_spit/train/ALGAL_LEAF_SPOT/to_label_499.jpg,DLD_FinalDataset_224_spit/val/ALGAL_LEAF_SPOT/to_label_500.jpg,499,500,train,val,ALGAL_LEAF_SPOT,ALGAL_LEAF_SPOT,24,True,True
DLD_FinalDataset_224_spit/val/ALGAL_LEAF_SPOT/to_label_500.jpg,DLD_FinalDataset_224_spit/val/ALGAL_LEAF_SPOT/to_label_501.jpg,500,501,val,val,ALGAL_LEAF_SPOT,ALGAL_LEAF_SPOT,30,True,False
DLD_FinalDataset_224_spit/val/ALGAL_LEAF_SPOT/to_label_501.jpg,DLD_FinalDataset_224_spit/test/ALGAL_LEAF_SPOT/to_label_502.jpg,501,502,val,test,ALGAL_LEAF_SPOT,ALGAL_LEAF_SPOT,27,True,True
DLD_FinalDataset_224_spit/test/ALGAL_LEAF_SPOT/to_label_502.jpg,DLD_FinalDataset_224_spit/train/ALGAL_LEAF_SPOT/to_label_503.jpg,502,503,test,train,ALGAL_LEAF_SPOT,ALGAL_LEAF_SPOT,27,True,True
DLD_FinalDataset_224_spit/train/ALGAL_LEAF_SPOT/to_label_503.jpg,DLD_FinalDataset_224_spit/train/ALGAL_LEAF_SPOT/to_label_504.jpg,503,504,train,train,ALGAL_LEAF_SPOT,ALGAL_LEAF_SPOT,34,True,False
DLD_FinalDataset_224_spit/train/ALGAL_LEAF_SPOT/to_label_504.jpg,DLD_FinalDataset_224_spit/test/ALGAL_LEAF_SPOT/to_label_505.jpg,504,505,train,test,ALGAL_LEAF_SPOT,ALGAL_LEAF_SPOT,31,True,True
DLD_FinalDataset_224_spit/test/ALGAL_LEAF_SPOT/to_label_505.jpg,DLD_FinalDataset_224_spit/train/ALGAL_LEAF_SPOT/to_label_506.jpg,505,506,test,train,ALGAL_LEAF_SPOT,ALGAL_LEAF_SPOT,34,True,True
DLD_FinalDataset_224_spit/train/ALGAL_LEAF_SPOT/to_label_506.jpg,DLD_FinalDataset_224_spit/test/ALGAL_LEAF_SPOT/to_label_507.jpg,506,507,train,test,ALGAL_LEAF_SPOT,ALGAL_LEAF_SPOT,35,True,True
DLD_FinalDataset_224_spit/test/ALGAL_LEAF_SPOT/to_label_507.jpg,DLD_FinalDataset_224_spit/train/ALGAL_LEAF_SPOT/to_label_508.jpg,507,508,test,train,ALGAL_LEAF_SPOT,ALGAL_LEAF_SPOT,29,True,True
DLD_FinalDataset_224_spit/train/ALGAL_LEAF_SPOT/to_label_508.jpg,DLD_FinalDataset_224_spit/train/ALGAL_LEAF_SPOT/to_label_509.jpg,508,509,train,train,ALGAL_LEAF_SPOT,ALGAL_LEAF_SPOT,26,True,False
DLD_FinalDataset_224_spit/train/ALGAL_LEAF_SPOT/to_label_509.jpg,DLD_FinalDataset_224_spit/train/ALGAL_LEAF_SPOT/to_label_510.jpg,509,510,train,train,ALGAL_LEAF_SPOT,ALGAL_LEAF_SPOT,37,True,False
DLD_FinalDataset_224_spit/train/ALGAL_LEAF_SPOT/to_label_510.jpg,DLD_FinalDataset_224_spit/train/ALGAL_LEAF_SPOT/to_label_511.jpg,510,511,train,train,ALGAL_LEAF_SPOT,ALGAL_LEAF_SPOT,28,True,False
DLD_FinalDataset_224_spit/train/ALGAL_LEAF_SPOT/to_label_511.jpg,DLD_FinalDataset_224_spit/train/ALGAL_LEAF_SPOT/to_label_512.jpg,511,512,train,train,ALGAL_LEAF_SPOT,ALGAL_LEAF_SPOT,29,True,False
DLD_FinalDataset_224_spit/train/ALGAL_LEAF_SPOT/to_label_512.jpg,DLD_FinalDataset_224_spit/train/ALGAL_LEAF_SPOT/to_label_513.jpg,512,513,train,train,ALGAL_LEAF_SPOT,ALGAL_LEAF_SPOT,21,True,False
DLD_FinalDataset_224_spit/train/ALGAL_LEAF_SPOT/to_label_513.jpg,DLD_FinalDataset_224_spit/train/ALGAL_LEAF_SPOT/to_label_514.jpg,513,514,train,train,ALGAL_LEAF_SPOT,ALGAL_LEAF_SPOT,30,True,False
DLD_FinalDataset_224_spit/train/ALGAL_LEAF_SPOT/to_label_514.jpg,DLD_FinalDataset_224_spit/train/ALGAL_LEAF_SPOT/to_label_515.jpg,514,515,train,train,ALGAL_LEAF_SPOT,ALGAL_LEAF_SPOT,31,True,False
DLD_FinalDataset_224_spit/train/ALGAL_LEAF_SPOT/to_label_515.jpg,DLD_FinalDataset_224_spit/train/ALGAL_LEAF_SPOT/to_label_516.jpg,515,516,train,train,ALGAL_LEAF_SPOT,ALGAL_LEAF_SPOT,23,True,False
DLD_FinalDataset_224_spit/train/ALGAL_LEAF_SPOT/to_label_516.jpg,DLD_FinalDataset_224_spit/train/ALGAL_LEAF_SPOT/to_label_517.jpg,516,517,train,train,ALGAL_LEAF_SPOT,ALGAL_LEAF_SPOT,32,True,False
DLD_FinalDataset_224_spit/train/ALGAL_LEAF_SPOT/to_label_517.jpg,DLD_FinalDataset_224_spit/train/ALGAL_LEAF_SPOT/to_label_518.jpg,517,518,train,train,ALGAL_LEAF_SPOT,ALGAL_LEAF_SPOT,37,True,False
DLD_FinalDataset_224_spit/train/ALGAL_LEAF_SPOT/to_label_518.jpg,DLD_FinalDataset_224_spit/train/ALGAL_LEAF_SPOT/to_label_519.jpg,518,519,train,train,ALGAL_LEAF_SPOT,ALGAL_LEAF_SPOT,23,True,False
DLD_FinalDataset_224_spit/train/ALGAL_LEAF_SPOT/to_label_519.jpg,DLD_FinalDataset_224_spit/val/ALGAL_LEAF_SPOT/to_label_520.jpg,519,520,train,val,ALGAL_LEAF_SPOT,ALGAL_LEAF_SPOT,31,True,True
DLD_FinalDataset_224_spit/val/ALGAL_LEAF_SPOT/to_label_520.jpg,DLD_FinalDataset_224_spit/train/ALGAL_LEAF_SPOT/to_label_521.jpg,520,521,val,train,ALGAL_LEAF_SPOT,ALGAL_LEAF_SPOT,25,True,True
DLD_FinalDataset_224_spit/train/ALGAL_LEAF_SPOT/to_label_521.jpg,DLD_FinalDataset_224_spit/val/ALGAL_LEAF_SPOT/to_label_522.jpg,521,522,train,val,ALGAL_LEAF_SPOT,ALGAL_LEAF_SPOT,34,True,True
DLD_FinalDataset_224_spit/val/ALGAL_LEAF_SPOT/to_label_522.jpg,DLD_FinalDataset_224_spit/train/ALGAL_LEAF_SPOT/to_label_523.jpg,522,523,val,train,ALGAL_LEAF_SPOT,ALGAL_LEAF_SPOT,34,True,True
DLD_FinalDataset_224_spit/train/ALGAL_LEAF_SPOT/to_label_523.jpg,DLD_FinalDataset_224_spit/train/ALGAL_LEAF_SPOT/to_label_524.jpg,523,524,train,train,ALGAL_LEAF_SPOT,ALGAL_LEAF_SPOT,30,True,False
DLD_FinalDataset_224_spit/train/ALGAL_LEAF_SPOT/to_label_524.jpg,DLD_FinalDataset_224_spit/train/ALGAL_LEAF_SPOT/to_label_525.jpg,524,525,train,train,ALGAL_LEAF_SPOT,ALGAL_LEAF_SPOT,34,True,False
DLD_FinalDataset_224_spit/train/ALGAL_LEAF_SPOT/to_label_525.jpg,DLD_FinalDataset_224_spit/train/ALGAL_LEAF_SPOT/to_label_526.jpg,525,526,train,train,ALGAL_LEAF_SPOT,ALGAL_LEAF_SPOT,37,True,False
DLD_FinalDataset_224_spit/train/ALGAL_LEAF_SPOT/to_label_526.jpg,DLD_FinalDataset_224_spit/train/ALGAL_LEAF_SPOT/to_label_527.jpg,526,527,train,train,ALGAL_LEAF_SPOT,ALGAL_LEAF_SPOT,35,True,False
DLD_FinalDataset_224_spit/train/ALGAL_LEAF_SPOT/to_label_527.jpg,DLD_FinalDataset_224_spit/train/ALGAL_LEAF_SPOT/to_label_528.jpg,527,528,train,train,ALGAL_LEAF_SPOT,ALGAL_LEAF_SPOT,32,True,False
DLD_FinalDataset_224_spit/train/ALGAL_LEAF_SPOT/to_label_528.jpg,DLD_FinalDataset_224_spit/train/ALGAL_LEAF_SPOT/to_label_529.jpg,528,529,train,train,ALGAL_LEAF_SPOT,ALGAL_LEAF_SPOT,28,True,False
DLD_FinalDataset_224_spit/train/ALGAL_LEAF_SPOT/to_label_529.jpg,DLD_FinalDataset_224_spit/val/ALGAL_LEAF_SPOT/to_label_530.jpg,529,530,train,val,ALGAL_LEAF_SPOT,ALGAL_LEAF_SPOT,29,True,True
DLD_FinalDataset_224_spit/val/ALGAL_LEAF_SPOT/to_label_530.jpg,DLD_FinalDataset_224_spit/train/ALGAL_LEAF_SPOT/to_label_531.jpg,530,531,val,train,ALGAL_LEAF_SPOT,ALGAL_LEAF_SPOT,32,True,True
DLD_FinalDataset_224_spit/train/ALGAL_LEAF_SPOT/to_label_531.jpg,DLD_FinalDataset_224_spit/train/ALGAL_LEAF_SPOT/to_label_532.jpg,531,532,train,train,ALGAL_LEAF_SPOT,ALGAL_LEAF_SPOT,30,True,False
DLD_FinalDataset_224_spit/train/ALGAL_LEAF_SPOT/to_label_532.jpg,DLD_FinalDataset_224_spit/train/ALGAL_LEAF_SPOT/to_label_533.jpg,532,533,train,train,ALGAL_LEAF_SPOT,ALGAL_LEAF_SPOT,27,True,False
DLD_FinalDataset_224_spit/train/ALGAL_LEAF_SPOT/to_label_533.jpg,DLD_FinalDataset_224_spit/val/ALGAL_LEAF_SPOT/to_label_534.jpg,533,534,train,val,ALGAL_LEAF_SPOT,ALGAL_LEAF_SPOT,39,True,True
DLD_FinalDataset_224_spit/val/ALGAL_LEAF_SPOT/to_label_534.jpg,DLD_FinalDataset_224_spit/train/ALGAL_LEAF_SPOT/to_label_535.jpg,534,535,val,train,ALGAL_LEAF_SPOT,ALGAL_LEAF_SPOT,32,True,True
DLD_FinalDataset_224_spit/train/ALGAL_LEAF_SPOT/to_label_535.jpg,DLD_FinalDataset_224_spit/test/ALGAL_LEAF_SPOT/to_label_536.jpg,535,536,train,test,ALGAL_LEAF_SPOT,ALGAL_LEAF_SPOT,28,True,True
DLD_FinalDataset_224_spit/test/ALGAL_LEAF_SPOT/to_label_536.jpg,DLD_FinalDataset_224_spit/train/ALGAL_LEAF_SPOT/to_label_537.jpg,536,537,test,train,ALGAL_LEAF_SPOT,ALGAL_LEAF_SPOT,38,True,True
DLD_FinalDataset_224_spit/train/ALGAL_LEAF_SPOT/to_label_537.jpg,DLD_FinalDataset_224_spit/test/ALGAL_LEAF_SPOT/to_label_538.jpg,537,538,train,test,ALGAL_LEAF_SPOT,ALGAL_LEAF_SPOT,32,True,True
DLD_FinalDataset_224_spit/test/ALGAL_LEAF_SPOT/to_label_538.jpg,DLD_FinalDataset_224_spit/train/ALGAL_LEAF_SPOT/to_label_539.jpg,538,539,test,train,ALGAL_LEAF_SPOT,ALGAL_LEAF_SPOT,33,True,True
DLD_FinalDataset_224_spit/train/ALGAL_LEAF_SPOT/to_label_539.jpg,DLD_FinalDataset_224_spit/train/ALGAL_LEAF_SPOT/to_label_540.jpg,539,540,train,train,ALGAL_LEAF_SPOT,ALGAL_LEAF_SPOT,27,True,False
DLD_FinalDataset_224_spit/train/ALGAL_LEAF_SPOT/to_label_540.jpg,DLD_FinalDataset_224_spit/train/ALGAL_LEAF_SPOT/to_label_541.jpg,540,541,train,train,ALGAL_LEAF_SPOT,ALGAL_LEAF_SPOT,32,True,False
DLD_FinalDataset_224_spit/train/ALGAL_LEAF_SPOT/to_label_541.jpg,DLD_FinalDataset_224_spit/train/ALGAL_LEAF_SPOT/to_label_542.jpg,541,542,train,train,ALGAL_LEAF_SPOT,ALGAL_LEAF_SPOT,33,True,False
DLD_FinalDataset_224_spit/train/ALGAL_LEAF_SPOT/to_label_542.jpg,DLD_FinalDataset_224_spit/train/ALGAL_LEAF_SPOT/to_label_543.jpg,542,543,train,train,ALGAL_LEAF_SPOT,ALGAL_LEAF_SPOT,32,True,False
DLD_FinalDataset_224_spit/train/ALGAL_LEAF_SPOT/to_label_543.jpg,DLD_FinalDataset_224_spit/train/ALGAL_LEAF_SPOT/to_label_544.jpg,543,544,train,train,ALGAL_LEAF_SPOT,ALGAL_LEAF_SPOT,32,True,False
DLD_FinalDataset_224_spit/train/ALGAL_LEAF_SPOT/to_label_544.jpg,DLD_FinalDataset_224_spit/val/ALGAL_LEAF_SPOT/to_label_545.jpg,544,545,train,val,ALGAL_LEAF_SPOT,ALGAL_LEAF_SPOT,37,True,True
DLD_FinalDataset_224_spit/val/ALGAL_LEAF_SPOT/to_label_545.jpg,DLD_FinalDataset_224_spit/train/ALGAL_LEAF_SPOT/to_label_546.jpg,545,546,val,train,ALGAL_LEAF_SPOT,ALGAL_LEAF_SPOT,34,True,True
DLD_FinalDataset_224_spit/train/ALGAL_LEAF_SPOT/to_label_546.jpg,DLD_FinalDataset_224_spit/train/ALGAL_LEAF_SPOT/to_label_547.jpg,546,547,train,train,ALGAL_LEAF_SPOT,ALGAL_LEAF_SPOT,34,True,False
DLD_FinalDataset_224_spit/train/ALGAL_LEAF_SPOT/to_label_547.jpg,DLD_FinalDataset_224_spit/train/ALGAL_LEAF_SPOT/to_label_548.jpg,547,548,train,train,ALGAL_LEAF_SPOT,ALGAL_LEAF_SPOT,32,True,False
DLD_FinalDataset_224_spit/train/ALGAL_LEAF_SPOT/to_label_548.jpg,DLD_FinalDataset_224_spit/train/ALGAL_LEAF_SPOT/to_label_549.jpg,548,549,train,train,ALGAL_LEAF_SPOT,ALGAL_LEAF_SPOT,26,True,False
DLD_FinalDataset_224_spit/train/ALGAL_LEAF_SPOT/to_label_549.jpg,DLD_FinalDataset_224_spit/test/ALGAL_LEAF_SPOT/to_label_550.jpg,549,550,train,test,ALGAL_LEAF_SPOT,ALGAL_LEAF_SPOT,34,True,True
DLD_FinalDataset_224_spit/test/ALGAL_LEAF_SPOT/to_label_550.jpg,DLD_FinalDataset_224_spit/train/ALGAL_LEAF_SPOT/to_label_551.jpg,550,551,test,train,ALGAL_LEAF_SPOT,ALGAL_LEAF_SPOT,37,True,True
DLD_FinalDataset_224_spit/train/ALGAL_LEAF_SPOT/to_label_551.jpg,DLD_FinalDataset_224_spit/train/ALGAL_LEAF_SPOT/to_label_552.jpg,551,552,train,train,ALGAL_LEAF_SPOT,ALGAL_LEAF_SPOT,36,True,False
DLD_FinalDataset_224_spit/train/ALGAL_LEAF_SPOT/to_label_552.jpg,DLD_FinalDataset_224_spit/train/ALGAL_LEAF_SPOT/to_label_553.jpg,552,553,train,train,ALGAL_LEAF_SPOT,ALGAL_LEAF_SPOT,30,True,False
DLD_FinalDataset_224_spit/train/ALGAL_LEAF_SPOT/to_label_553.jpg,DLD_FinalDataset_224_spit/train/ALGAL_LEAF_SPOT/to_label_554.jpg,553,554,train,train,ALGAL_LEAF_SPOT,ALGAL_LEAF_SPOT,30,True,False
DLD_FinalDataset_224_spit/train/ALGAL_LEAF_SPOT/to_label_554.jpg,DLD_FinalDataset_224_spit/train/ALGAL_LEAF_SPOT/to_label_555.jpg,554,555,train,train,ALGAL_LEAF_SPOT,ALGAL_LEAF_SPOT,35,True,False
DLD_FinalDataset_224_spit/train/ALGAL_LEAF_SPOT/to_label_555.jpg,DLD_FinalDataset_224_spit/test/ALGAL_LEAF_SPOT/to_label_556.jpg,555,556,train,test,ALGAL_LEAF_SPOT,ALGAL_LEAF_SPOT,33,True,True
DLD_FinalDataset_224_spit/test/ALGAL_LEAF_SPOT/to_label_556.jpg,DLD_FinalDataset_224_spit/train/ALGAL_LEAF_SPOT/to_label_557.jpg,556,557,test,train,ALGAL_LEAF_SPOT,ALGAL_LEAF_SPOT,27,True,True
DLD_FinalDataset_224_spit/train/ALGAL_LEAF_SPOT/to_label_557.jpg,DLD_FinalDataset_224_spit/train/ALGAL_LEAF_SPOT/to_label_558.jpg,557,558,train,train,ALGAL_LEAF_SPOT,ALGAL_LEAF_SPOT,31,True,False
DLD_FinalDataset_224_spit/train/ALGAL_LEAF_SPOT/to_label_558.jpg,DLD_FinalDataset_224_spit/train/ALGAL_LEAF_SPOT/to_label_559.jpg,558,559,train,train,ALGAL_LEAF_SPOT,ALGAL_LEAF_SPOT,29,True,False
DLD_FinalDataset_224_spit/train/ALGAL_LEAF_SPOT/to_label_559.jpg,DLD_FinalDataset_224_spit/test/ALGAL_LEAF_SPOT/to_label_560.jpg,559,560,train,test,ALGAL_LEAF_SPOT,ALGAL_LEAF_SPOT,30,True,True
DLD_FinalDataset_224_spit/test/ALGAL_LEAF_SPOT/to_label_560.jpg,DLD_FinalDataset_224_spit/train/ALGAL_LEAF_SPOT/to_label_561.jpg,560,561,test,train,ALGAL_LEAF_SPOT,ALGAL_LEAF_SPOT,28,True,True
DLD_FinalDataset_224_spit/train/ALGAL_LEAF_SPOT/to_label_561.jpg,DLD_FinalDataset_224_spit/train/ALGAL_LEAF_SPOT/to_label_562.jpg,561,562,train,train,ALGAL_LEAF_SPOT,ALGAL_LEAF_SPOT,36,True,False
DLD_FinalDataset_224_spit/train/ALGAL_LEAF_SPOT/to_label_562.jpg,DLD_FinalDataset_224_spit/val/ALGAL_LEAF_SPOT/to_label_563.jpg,562,563,train,val,ALGAL_LEAF_SPOT,ALGAL_LEAF_SPOT,30,True,True
DLD_FinalDataset_224_spit/val/ALGAL_LEAF_SPOT/to_label_563.jpg,DLD_FinalDataset_224_spit/val/ALGAL_LEAF_SPOT/to_label_564.jpg,563,564,val,val,ALGAL_LEAF_SPOT,ALGAL_LEAF_SPOT,32,True,False
DLD_FinalDataset_224_spit/val/ALGAL_LEAF_SPOT/to_label_564.jpg,DLD_FinalDataset_224_spit/train/ALGAL_LEAF_SPOT/to_label_565.jpg,564,565,val,train,ALGAL_LEAF_SPOT,ALGAL_LEAF_SPOT,29,True,True
DLD_FinalDataset_224_spit/train/ALGAL_LEAF_SPOT/to_label_565.jpg,DLD_FinalDataset_224_spit/test/ALGAL_LEAF_SPOT/to_label_566.jpg,565,566,train,test,ALGAL_LEAF_SPOT,ALGAL_LEAF_SPOT,35,True,True
DLD_FinalDataset_224_spit/test/ALGAL_LEAF_SPOT/to_label_566.jpg,DLD_FinalDataset_224_spit/train/ALGAL_LEAF_SPOT/to_label_567.jpg,566,567,test,train,ALGAL_LEAF_SPOT,ALGAL_LEAF_SPOT,26,True,True
DLD_FinalDataset_224_spit/train/ALGAL_LEAF_SPOT/to_label_567.jpg,DLD_FinalDataset_224_spit/train/ALGAL_LEAF_SPOT/to_label_568.jpg,567,568,train,train,ALGAL_LEAF_SPOT,ALGAL_LEAF_SPOT,32,True,False
DLD_FinalDataset_224_spit/train/ALGAL_LEAF_SPOT/to_label_568.jpg,DLD_FinalDataset_224_spit/train/ALGAL_LEAF_SPOT/to_label_569.jpg,568,569,train,train,ALGAL_LEAF_SPOT,ALGAL_LEAF_SPOT,43,True,False
DLD_FinalDataset_224_spit/train/ALGAL_LEAF_SPOT/to_label_569.jpg,DLD_FinalDataset_224_spit/train/ALGAL_LEAF_SPOT/to_label_570.jpg,569,570,train,train,ALGAL_LEAF_SPOT,ALGAL_LEAF_SPOT,35,True,False
DLD_FinalDataset_224_spit/train/ALGAL_LEAF_SPOT/to_label_570.jpg,DLD_FinalDataset_224_spit/train/ALGAL_LEAF_SPOT/to_label_571.jpg,570,571,train,train,ALGAL_LEAF_SPOT,ALGAL_LEAF_SPOT,28,True,False
DLD_FinalDataset_224_spit/train/ALGAL_LEAF_SPOT/to_label_571.jpg,DLD_FinalDataset_224_spit/test/ALGAL_LEAF_SPOT/to_label_572.jpg,571,572,train,test,ALGAL_LEAF_SPOT,ALGAL_LEAF_SPOT,31,True,True
DLD_FinalDataset_224_spit/test/ALGAL_LEAF_SPOT/to_label_572.jpg,DLD_FinalDataset_224_spit/train/ALGAL_LEAF_SPOT/to_label_573.jpg,572,573,test,train,ALGAL_LEAF_SPOT,ALGAL_LEAF_SPOT,33,True,True
DLD_FinalDataset_224_spit/train/ALGAL_LEAF_SPOT/to_label_573.jpg,DLD_FinalDataset_224_spit/train/ALGAL_LEAF_SPOT/to_label_574.jpg,573,574,train,train,ALGAL_LEAF_SPOT,ALGAL_LEAF_SPOT,26,True,False
DLD_FinalDataset_224_spit/train/ALGAL_LEAF_SPOT/to_label_574.jpg,DLD_FinalDataset_224_spit/train/ALGAL_LEAF_SPOT/to_label_575.jpg,574,575,train,train,ALGAL_LEAF_SPOT,ALGAL_LEAF_SPOT,26,True,False
DLD_FinalDataset_224_spit/train/ALGAL_LEAF_SPOT/to_label_575.jpg,DLD_FinalDataset_224_spit/test/ALGAL_LEAF_SPOT/to_label_576.jpg,575,576,train,test,ALGAL_LEAF_SPOT,ALGAL_LEAF_SPOT,31,True,True
DLD_FinalDataset_224_spit/test/ALGAL_LEAF_SPOT/to_label_576.jpg,DLD_FinalDataset_224_spit/train/ALGAL_LEAF_SPOT/to_label_577.jpg,576,577,test,train,ALGAL_LEAF_SPOT,ALGAL_LEAF_SPOT,30,True,True
DLD_FinalDataset_224_spit/train/ALGAL_LEAF_SPOT/to_label_577.jpg,DLD_FinalDataset_224_spit/test/ALGAL_LEAF_SPOT/to_label_578.jpg,577,578,train,test,ALGAL_LEAF_SPOT,ALGAL_LEAF_SPOT,35,True,True
DLD_FinalDataset_224_spit/test/ALGAL_LEAF_SPOT/to_label_578.jpg,DLD_FinalDataset_224_spit/train/ALGAL_LEAF_SPOT/to_label_579.jpg,578,579,test,train,ALGAL_LEAF_SPOT,ALGAL_LEAF_SPOT,27,True,True
DLD_FinalDataset_224_spit/train/ALGAL_LEAF_SPOT/to_label_579.jpg,DLD_FinalDataset_224_spit/train/ALGAL_LEAF_SPOT/to_label_580.jpg,579,580,train,train,ALGAL_LEAF_SPOT,ALGAL_LEAF_SPOT,26,True,False
DLD_FinalDataset_224_spit/train/ALGAL_LEAF_SPOT/to_label_580.jpg,DLD_FinalDataset_224_spit/val/ALGAL_LEAF_SPOT/to_label_581.jpg,580,581,train,val,ALGAL_LEAF_SPOT,ALGAL_LEAF_SPOT,35,True,True
DLD_FinalDataset_224_spit/val/ALGAL_LEAF_SPOT/to_label_581.jpg,DLD_FinalDataset_224_spit/train/ALGAL_LEAF_SPOT/to_label_582.jpg,581,582,val,train,ALGAL_LEAF_SPOT,ALGAL_LEAF_SPOT,33,True,True
DLD_FinalDataset_224_spit/train/ALGAL_LEAF_SPOT/to_label_582.jpg,DLD_FinalDataset_224_spit/train/ALGAL_LEAF_SPOT/to_label_583.jpg,582,583,train,train,ALGAL_LEAF_SPOT,ALGAL_LEAF_SPOT,32,True,False
DLD_FinalDataset_224_spit/train/ALGAL_LEAF_SPOT/to_label_583.jpg,DLD_FinalDataset_224_spit/val/ALGAL_LEAF_SPOT/to_label_584.jpg,583,584,train,val,ALGAL_LEAF_SPOT,ALGAL_LEAF_SPOT,26,True,True
DLD_FinalDataset_224_spit/val/ALGAL_LEAF_SPOT/to_label_584.jpg,DLD_FinalDataset_224_spit/train/ALGAL_LEAF_SPOT/to_label_585.jpg,584,585,val,train,ALGAL_LEAF_SPOT,ALGAL_LEAF_SPOT,29,True,True
DLD_FinalDataset_224_spit/train/ALGAL_LEAF_SPOT/to_label_585.jpg,DLD_FinalDataset_224_spit/train/ALGAL_LEAF_SPOT/to_label_586.jpg,585,586,train,train,ALGAL_LEAF_SPOT,ALGAL_LEAF_SPOT,34,True,False
DLD_FinalDataset_224_spit/train/ALGAL_LEAF_SPOT/to_label_586.jpg,DLD_FinalDataset_224_spit/train/ALGAL_LEAF_SPOT/to_label_587.jpg,586,587,train,train,ALGAL_LEAF_SPOT,ALGAL_LEAF_SPOT,30,True,False
DLD_FinalDataset_224_spit/train/ALGAL_LEAF_SPOT/to_label_587.jpg,DLD_FinalDataset_224_spit/test/ALGAL_LEAF_SPOT/to_label_588.jpg,587,588,train,test,ALGAL_LEAF_SPOT,ALGAL_LEAF_SPOT,35,True,True
DLD_FinalDataset_224_spit/test/ALGAL_LEAF_SPOT/to_label_588.jpg,DLD_FinalDataset_224_spit/test/ALGAL_LEAF_SPOT/to_label_589.jpg,588,589,test,test,ALGAL_LEAF_SPOT,ALGAL_LEAF_SPOT,33,True,False
DLD_FinalDataset_224_spit/test/ALGAL_LEAF_SPOT/to_label_589.jpg,DLD_FinalDataset_224_spit/test/ALGAL_LEAF_SPOT/to_label_590.jpg,589,590,test,test,ALGAL_LEAF_SPOT,ALGAL_LEAF_SPOT,29,True,False
DLD_FinalDataset_224_spit/test/ALGAL_LEAF_SPOT/to_label_590.jpg,DLD_FinalDataset_224_spit/train/ALGAL_LEAF_SPOT/to_label_591.jpg,590,591,test,train,ALGAL_LEAF_SPOT,ALGAL_LEAF_SPOT,27,True,True
DLD_FinalDataset_224_spit/train/ALGAL_LEAF_SPOT/to_label_591.jpg,DLD_FinalDataset_224_spit/train/ALGAL_LEAF_SPOT/to_label_592.jpg,591,592,train,train,ALGAL_LEAF_SPOT,ALGAL_LEAF_SPOT,26,True,False
DLD_FinalDataset_224_spit/train/ALGAL_LEAF_SPOT/to_label_592.jpg,DLD_FinalDataset_224_spit/train/ALGAL_LEAF_SPOT/to_label_593.jpg,592,593,train,train,ALGAL_LEAF_SPOT,ALGAL_LEAF_SPOT,29,True,False
DLD_FinalDataset_224_spit/train/ALGAL_LEAF_SPOT/to_label_593.jpg,DLD_FinalDataset_224_spit/train/ALGAL_LEAF_SPOT/to_label_594.jpg,593,594,train,train,ALGAL_LEAF_SPOT,ALGAL_LEAF_SPOT,34,True,False
DLD_FinalDataset_224_spit/train/ALGAL_LEAF_SPOT/to_label_594.jpg,DLD_FinalDataset_224_spit/train/ALGAL_LEAF_SPOT/to_label_595.jpg,594,595,train,train,ALGAL_LEAF_SPOT,ALGAL_LEAF_SPOT,29,True,False
DLD_FinalDataset_224_spit/train/ALGAL_LEAF_SPOT/to_label_595.jpg,DLD_FinalDataset_224_spit/test/ALGAL_LEAF_SPOT/to_label_596.jpg,595,596,train,test,ALGAL_LEAF_SPOT,ALGAL_LEAF_SPOT,30,True,True
DLD_FinalDataset_224_spit/test/ALGAL_LEAF_SPOT/to_label_596.jpg,DLD_FinalDataset_224_spit/test/ALGAL_LEAF_SPOT/to_label_597.jpg,596,597,test,test,ALGAL_LEAF_SPOT,ALGAL_LEAF_SPOT,36,True,False
DLD_FinalDataset_224_spit/test/ALGAL_LEAF_SPOT/to_label_597.jpg,DLD_FinalDataset_224_spit/train/ALGAL_LEAF_SPOT/to_label_598.jpg,597,598,test,train,ALGAL_LEAF_SPOT,ALGAL_LEAF_SPOT,30,True,True
DLD_FinalDataset_224_spit/train/ALGAL_LEAF_SPOT/to_label_598.jpg,DLD_FinalDataset_224_spit/train/ALGAL_LEAF_SPOT/to_label_599.jpg,598,599,train,train,ALGAL_LEAF_SPOT,ALGAL_LEAF_SPOT,31,True,False
DLD_FinalDataset_224_spit/train/ALGAL_LEAF_SPOT/to_label_599.jpg,DLD_FinalDataset_224_spit/train/ALGAL_LEAF_SPOT/to_label_600.jpg,599,600,train,train,ALGAL_LEAF_SPOT,ALGAL_LEAF_SPOT,34,True,False
DLD_FinalDataset_224_spit/train/ALGAL_LEAF_SPOT/to_label_600.jpg,DLD_FinalDataset_224_spit/val/ALGAL_LEAF_SPOT/to_label_601.jpg,600,601,train,val,ALGAL_LEAF_SPOT,ALGAL_LEAF_SPOT,24,True,True
DLD_FinalDataset_224_spit/val/ALGAL_LEAF_SPOT/to_label_601.jpg,DLD_FinalDataset_224_spit/train/ALGAL_LEAF_SPOT/to_label_602.jpg,601,602,val,train,ALGAL_LEAF_SPOT,ALGAL_LEAF_SPOT,39,True,True
DLD_FinalDataset_224_spit/train/ALGAL_LEAF_SPOT/to_label_602.jpg,DLD_FinalDataset_224_spit/train/ALGAL_LEAF_SPOT/to_label_603.jpg,602,603,train,train,ALGAL_LEAF_SPOT,ALGAL_LEAF_SPOT,33,True,False
DLD_FinalDataset_224_spit/train/ALGAL_LEAF_SPOT/to_label_603.jpg,DLD_FinalDataset_224_spit/train/ALGAL_LEAF_SPOT/to_label_604.jpg,603,604,train,train,ALGAL_LEAF_SPOT,ALGAL_LEAF_SPOT,34,True,False
DLD_FinalDataset_224_spit/train/ALGAL_LEAF_SPOT/to_label_604.jpg,DLD_FinalDataset_224_spit/train/ALGAL_LEAF_SPOT/to_label_605.jpg,604,605,train,train,ALGAL_LEAF_SPOT,ALGAL_LEAF_SPOT,33,True,False
DLD_FinalDataset_224_spit/train/ALGAL_LEAF_SPOT/to_label_605.jpg,DLD_FinalDataset_224_spit/train/ALGAL_LEAF_SPOT/to_label_606.jpg,605,606,train,train,ALGAL_LEAF_SPOT,ALGAL_LEAF_SPOT,32,True,False
DLD_FinalDataset_224_spit/train/ALGAL_LEAF_SPOT/to_label_606.jpg,DLD_FinalDataset_224_spit/train/ALGAL_LEAF_SPOT/to_label_607.jpg,606,607,train,train,ALGAL_LEAF_SPOT,ALGAL_LEAF_SPOT,30,True,False
DLD_FinalDataset_224_spit/train/ALGAL_LEAF_SPOT/to_label_607.jpg,DLD_FinalDataset_224_spit/train/ALGAL_LEAF_SPOT/to_label_608.jpg,607,608,train,train,ALGAL_LEAF_SPOT,ALGAL_LEAF_SPOT,23,True,False
DLD_FinalDataset_224_spit/train/ALGAL_LEAF_SPOT/to_label_608.jpg,DLD_FinalDataset_224_spit/train/ALGAL_LEAF_SPOT/to_label_609.jpg,608,609,train,train,ALGAL_LEAF_SPOT,ALGAL_LEAF_SPOT,29,True,False
DLD_FinalDataset_224_spit/train/ALGAL_LEAF_SPOT/to_label_609.jpg,DLD_FinalDataset_224_spit/test/ALGAL_LEAF_SPOT/to_label_610.jpg,609,610,train,test,ALGAL_LEAF_SPOT,ALGAL_LEAF_SPOT,26,True,True
DLD_FinalDataset_224_spit/test/ALGAL_LEAF_SPOT/to_label_610.jpg,DLD_FinalDataset_224_spit/train/ALGAL_LEAF_SPOT/to_label_611.jpg,610,611,test,train,ALGAL_LEAF_SPOT,ALGAL_LEAF_SPOT,31,True,True
DLD_FinalDataset_224_spit/train/ALGAL_LEAF_SPOT/to_label_611.jpg,DLD_FinalDataset_224_spit/train/ALGAL_LEAF_SPOT/to_label_612.jpg,611,612,train,train,ALGAL_LEAF_SPOT,ALGAL_LEAF_SPOT,39,True,False
DLD_FinalDataset_224_spit/train/ALGAL_LEAF_SPOT/to_label_612.jpg,DLD_FinalDataset_224_spit/test/ALGAL_LEAF_SPOT/to_label_613.jpg,612,613,train,test,ALGAL_LEAF_SPOT,ALGAL_LEAF_SPOT,35,True,True
DLD_FinalDataset_224_spit/test/ALGAL_LEAF_SPOT/to_label_613.jpg,DLD_FinalDataset_224_spit/train/ALGAL_LEAF_SPOT/to_label_614.jpg,613,614,test,train,ALGAL_LEAF_SPOT,ALGAL_LEAF_SPOT,42,True,True
DLD_FinalDataset_224_spit/train/ALGAL_LEAF_SPOT/to_label_614.jpg,DLD_FinalDataset_224_spit/train/ALGAL_LEAF_SPOT/to_label_615.jpg,614,615,train,train,ALGAL_LEAF_SPOT,ALGAL_LEAF_SPOT,36,True,False
DLD_FinalDataset_224_spit/train/ALGAL_LEAF_SPOT/to_label_615.jpg,DLD_FinalDataset_224_spit/train/ALGAL_LEAF_SPOT/to_label_616.jpg,615,616,train,train,ALGAL_LEAF_SPOT,ALGAL_LEAF_SPOT,34,True,False
DLD_FinalDataset_224_spit/train/ALGAL_LEAF_SPOT/to_label_616.jpg,DLD_FinalDataset_224_spit/train/ALGAL_LEAF_SPOT/to_label_617.jpg,616,617,train,train,ALGAL_LEAF_SPOT,ALGAL_LEAF_SPOT,35,True,False
DLD_FinalDataset_224_spit/train/ALGAL_LEAF_SPOT/to_label_617.jpg,DLD_FinalDataset_224_spit/val/ALGAL_LEAF_SPOT/to_label_618.jpg,617,618,train,val,ALGAL_LEAF_SPOT,ALGAL_LEAF_SPOT,39,True,True
DLD_FinalDataset_224_spit/val/ALGAL_LEAF_SPOT/to_label_618.jpg,DLD_FinalDataset_224_spit/train/ALGAL_LEAF_SPOT/to_label_619.jpg,618,619,val,train,ALGAL_LEAF_SPOT,ALGAL_LEAF_SPOT,24,True,True
DLD_FinalDataset_224_spit/train/ALGAL_LEAF_SPOT/to_label_619.jpg,DLD_FinalDataset_224_spit/train/ALGAL_LEAF_SPOT/to_label_620.jpg,619,620,train,train,ALGAL_LEAF_SPOT,ALGAL_LEAF_SPOT,39,True,False
DLD_FinalDataset_224_spit/train/ALGAL_LEAF_SPOT/to_label_620.jpg,DLD_FinalDataset_224_spit/val/ALGAL_LEAF_SPOT/to_label_621.jpg,620,621,train,val,ALGAL_LEAF_SPOT,ALGAL_LEAF_SPOT,33,True,True
DLD_FinalDataset_224_spit/val/ALGAL_LEAF_SPOT/to_label_621.jpg,DLD_FinalDataset_224_spit/train/ALGAL_LEAF_SPOT/to_label_622.jpg,621,622,val,train,ALGAL_LEAF_SPOT,ALGAL_LEAF_SPOT,23,True,True
DLD_FinalDataset_224_spit/train/ALGAL_LEAF_SPOT/to_label_622.jpg,DLD_FinalDataset_224_spit/test/ALGAL_LEAF_SPOT/to_label_623.jpg,622,623,train,test,ALGAL_LEAF_SPOT,ALGAL_LEAF_SPOT,21,True,True
DLD_FinalDataset_224_spit/test/ALGAL_LEAF_SPOT/to_label_623.jpg,DLD_FinalDataset_224_spit/train/ALGAL_LEAF_SPOT/to_label_624.jpg,623,624,test,train,ALGAL_LEAF_SPOT,ALGAL_LEAF_SPOT,41,True,True
DLD_FinalDataset_224_spit/train/ALGAL_LEAF_SPOT/to_label_624.jpg,DLD_FinalDataset_224_spit/val/ALGAL_LEAF_SPOT/to_label_625.jpg,624,625,train,val,ALGAL_LEAF_SPOT,ALGAL_LEAF_SPOT,35,True,True
DLD_FinalDataset_224_spit/val/ALGAL_LEAF_SPOT/to_label_625.jpg,DLD_FinalDataset_224_spit/train/ALGAL_LEAF_SPOT/to_label_626.jpg,625,626,val,train,ALGAL_LEAF_SPOT,ALGAL_LEAF_SPOT,35,True,True
DLD_FinalDataset_224_spit/train/ALGAL_LEAF_SPOT/to_label_626.jpg,DLD_FinalDataset_224_spit/train/ALGAL_LEAF_SPOT/to_label_627.jpg,626,627,train,train,ALGAL_LEAF_SPOT,ALGAL_LEAF_SPOT,32,True,False
DLD_FinalDataset_224_spit/train/ALGAL_LEAF_SPOT/to_label_627.jpg,DLD_FinalDataset_224_spit/test/ALGAL_LEAF_SPOT/to_label_628.jpg,627,628,train,test,ALGAL_LEAF_SPOT,ALGAL_LEAF_SPOT,32,True,True
DLD_FinalDataset_224_spit/test/ALGAL_LEAF_SPOT/to_label_628.jpg,DLD_FinalDataset_224_spit/test/ALGAL_LEAF_SPOT/to_label_629.jpg,628,629,test,test,ALGAL_LEAF_SPOT,ALGAL_LEAF_SPOT,42,True,False
DLD_FinalDataset_224_spit/test/ALGAL_LEAF_SPOT/to_label_629.jpg,DLD_FinalDataset_224_spit/train/ALGAL_LEAF_SPOT/to_label_630.jpg,629,630,test,train,ALGAL_LEAF_SPOT,ALGAL_LEAF_SPOT,30,True,True
DLD_FinalDataset_224_spit/train/ALGAL_LEAF_SPOT/to_label_630.jpg,DLD_FinalDataset_224_spit/train/ALGAL_LEAF_SPOT/to_label_631.jpg,630,631,train,train,ALGAL_LEAF_SPOT,ALGAL_LEAF_SPOT,35,True,False
DLD_FinalDataset_224_spit/train/ALGAL_LEAF_SPOT/to_label_631.jpg,DLD_FinalDataset_224_spit/train/ALGAL_LEAF_SPOT/to_label_632.jpg,631,632,train,train,ALGAL_LEAF_SPOT,ALGAL_LEAF_SPOT,33,True,False
DLD_FinalDataset_224_spit/train/ALGAL_LEAF_SPOT/to_label_632.jpg,DLD_FinalDataset_224_spit/train/ALGAL_LEAF_SPOT/to_label_633.jpg,632,633,train,train,ALGAL_LEAF_SPOT,ALGAL_LEAF_SPOT,38,True,False
DLD_FinalDataset_224_spit/train/ALGAL_LEAF_SPOT/to_label_633.jpg,DLD_FinalDataset_224_spit/train/ALGAL_LEAF_SPOT/to_label_634.jpg,633,634,train,train,ALGAL_LEAF_SPOT,ALGAL_LEAF_SPOT,28,True,False
DLD_FinalDataset_224_spit/train/ALGAL_LEAF_SPOT/to_label_634.jpg,DLD_FinalDataset_224_spit/train/ALGAL_LEAF_SPOT/to_label_635.jpg,634,635,train,train,ALGAL_LEAF_SPOT,ALGAL_LEAF_SPOT,23,True,False
DLD_FinalDataset_224_spit/train/ALGAL_LEAF_SPOT/to_label_635.jpg,DLD_FinalDataset_224_spit/test/ALGAL_LEAF_SPOT/to_label_636.jpg,635,636,train,test,ALGAL_LEAF_SPOT,ALGAL_LEAF_SPOT,37,True,True
DLD_FinalDataset_224_spit/test/ALGAL_LEAF_SPOT/to_label_636.jpg,DLD_FinalDataset_224_spit/test/ALGAL_LEAF_SPOT/to_label_637.jpg,636,637,test,test,ALGAL_LEAF_SPOT,ALGAL_LEAF_SPOT,36,True,False
DLD_FinalDataset_224_spit/test/ALGAL_LEAF_SPOT/to_label_637.jpg,DLD_FinalDataset_224_spit/train/ALGAL_LEAF_SPOT/to_label_638.jpg,637,638,test,train,ALGAL_LEAF_SPOT,ALGAL_LEAF_SPOT,24,True,True
DLD_FinalDataset_224_spit/train/ALGAL_LEAF_SPOT/to_label_638.jpg,DLD_FinalDataset_224_spit/val/ALGAL_LEAF_SPOT/to_label_639.jpg,638,639,train,val,ALGAL_LEAF_SPOT,ALGAL_LEAF_SPOT,27,True,True
DLD_FinalDataset_224_spit/val/ALGAL_LEAF_SPOT/to_label_639.jpg,DLD_FinalDataset_224_spit/train/ALGAL_LEAF_SPOT/to_label_640.jpg,639,640,val,train,ALGAL_LEAF_SPOT,ALGAL_LEAF_SPOT,27,True,True
DLD_FinalDataset_224_spit/train/ALGAL_LEAF_SPOT/to_label_640.jpg,DLD_FinalDataset_224_spit/train/ALGAL_LEAF_SPOT/to_label_641.jpg,640,641,train,train,ALGAL_LEAF_SPOT,ALGAL_LEAF_SPOT,29,True,False
DLD_FinalDataset_224_spit/train/ALGAL_LEAF_SPOT/to_label_641.jpg,DLD_FinalDataset_224_spit/test/ALGAL_LEAF_SPOT/to_label_642.jpg,641,642,train,test,ALGAL_LEAF_SPOT,ALGAL_LEAF_SPOT,36,True,True
DLD_FinalDataset_224_spit/test/ALGAL_LEAF_SPOT/to_label_642.jpg,DLD_FinalDataset_224_spit/train/ALGAL_LEAF_SPOT/to_label_643.jpg,642,643,test,train,ALGAL_LEAF_SPOT,ALGAL_LEAF_SPOT,38,True,True
DLD_FinalDataset_224_spit/train/ALGAL_LEAF_SPOT/to_label_643.jpg,DLD_FinalDataset_224_spit/train/ALGAL_LEAF_SPOT/to_label_644.jpg,643,644,train,train,ALGAL_LEAF_SPOT,ALGAL_LEAF_SPOT,31,True,False
DLD_FinalDataset_224_spit/train/ALGAL_LEAF_SPOT/to_label_644.jpg,DLD_FinalDataset_224_spit/train/ALGAL_LEAF_SPOT/to_label_645.jpg,644,645,train,train,ALGAL_LEAF_SPOT,ALGAL_LEAF_SPOT,33,True,False
DLD_FinalDataset_224_spit/train/ALGAL_LEAF_SPOT/to_label_645.jpg,DLD_FinalDataset_224_spit/val/ALGAL_LEAF_SPOT/to_label_646.jpg,645,646,train,val,ALGAL_LEAF_SPOT,ALGAL_LEAF_SPOT,29,True,True
DLD_FinalDataset_224_spit/val/ALGAL_LEAF_SPOT/to_label_646.jpg,DLD_FinalDataset_224_spit/test/ALGAL_LEAF_SPOT/to_label_647.jpg,646,647,val,test,ALGAL_LEAF_SPOT,ALGAL_LEAF_SPOT,38,True,True
DLD_FinalDataset_224_spit/test/ALGAL_LEAF_SPOT/to_label_647.jpg,DLD_FinalDataset_224_spit/train/ALGAL_LEAF_SPOT/to_label_648.jpg,647,648,test,train,ALGAL_LEAF_SPOT,ALGAL_LEAF_SPOT,31,True,True
DLD_FinalDataset_224_spit/train/ALGAL_LEAF_SPOT/to_label_648.jpg,DLD_FinalDataset_224_spit/train/ALGAL_LEAF_SPOT/to_label_649.jpg,648,649,train,train,ALGAL_LEAF_SPOT,ALGAL_LEAF_SPOT,28,True,False
DLD_FinalDataset_224_spit/train/ALGAL_LEAF_SPOT/to_label_649.jpg,DLD_FinalDataset_224_spit/train/ALGAL_LEAF_SPOT/to_label_650.jpg,649,650,train,train,ALGAL_LEAF_SPOT,ALGAL_LEAF_SPOT,36,True,False
DLD_FinalDataset_224_spit/train/ALGAL_LEAF_SPOT/to_label_650.jpg,DLD_FinalDataset_224_spit/train/ALGAL_LEAF_SPOT/to_label_651.jpg,650,651,train,train,ALGAL_LEAF_SPOT,ALGAL_LEAF_SPOT,39,True,False
DLD_FinalDataset_224_spit/train/ALGAL_LEAF_SPOT/to_label_651.jpg,DLD_FinalDataset_224_spit/train/ALGAL_LEAF_SPOT/to_label_652.jpg,651,652,train,train,ALGAL_LEAF_SPOT,ALGAL_LEAF_SPOT,40,True,False
DLD_FinalDataset_224_spit/train/ALGAL_LEAF_SPOT/to_label_652.jpg,DLD_FinalDataset_224_spit/train/ALGAL_LEAF_SPOT/to_label_653.jpg,652,653,train,train,ALGAL_LEAF_SPOT,ALGAL_LEAF_SPOT,31,True,False
DLD_FinalDataset_224_spit/train/ALGAL_LEAF_SPOT/to_label_653.jpg,DLD_FinalDataset_224_spit/train/ALGAL_LEAF_SPOT/to_label_654.jpg,653,654,train,train,ALGAL_LEAF_SPOT,ALGAL_LEAF_SPOT,28,True,False
DLD_FinalDataset_224_spit/train/ALGAL_LEAF_SPOT/to_label_654.jpg,DLD_FinalDataset_224_spit/train/ALGAL_LEAF_SPOT/to_label_655.jpg,654,655,train,train,ALGAL_LEAF_SPOT,ALGAL_LEAF_SPOT,33,True,False
DLD_FinalDataset_224_spit/train/ALGAL_LEAF_SPOT/to_label_655.jpg,DLD_FinalDataset_224_spit/train/ALGAL_LEAF_SPOT/to_label_656.jpg,655,656,train,train,ALGAL_LEAF_SPOT,ALGAL_LEAF_SPOT,34,True,False
DLD_FinalDataset_224_spit/train/ALGAL_LEAF_SPOT/to_label_656.jpg,DLD_FinalDataset_224_spit/train/ALGAL_LEAF_SPOT/to_label_657.jpg,656,657,train,train,ALGAL_LEAF_SPOT,ALGAL_LEAF_SPOT,31,True,False
DLD_FinalDataset_224_spit/train/ALGAL_LEAF_SPOT/to_label_657.jpg,DLD_FinalDataset_224_spit/train/ALGAL_LEAF_SPOT/to_label_658.jpg,657,658,train,train,ALGAL_LEAF_SPOT,ALGAL_LEAF_SPOT,28,True,False
DLD_FinalDataset_224_spit/train/ALGAL_LEAF_SPOT/to_label_658.jpg,DLD_FinalDataset_224_spit/train/ALGAL_LEAF_SPOT/to_label_659.jpg,658,659,train,train,ALGAL_LEAF_SPOT,ALGAL_LEAF_SPOT,33,True,False
DLD_FinalDataset_224_spit/train/ALGAL_LEAF_SPOT/to_label_659.jpg,DLD_FinalDataset_224_spit/train/ALGAL_LEAF_SPOT/to_label_660.jpg,659,660,train,train,ALGAL_LEAF_SPOT,ALGAL_LEAF_SPOT,29,True,False
DLD_FinalDataset_224_spit/train/ALGAL_LEAF_SPOT/to_label_660.jpg,DLD_FinalDataset_224_spit/train/ALGAL_LEAF_SPOT/to_label_661.jpg,660,661,train,train,ALGAL_LEAF_SPOT,ALGAL_LEAF_SPOT,25,True,False
DLD_FinalDataset_224_spit/train/ALGAL_LEAF_SPOT/to_label_661.jpg,DLD_FinalDataset_224_spit/train/ALGAL_LEAF_SPOT/to_label_662.jpg,661,662,train,train,ALGAL_LEAF_SPOT,ALGAL_LEAF_SPOT,39,True,False
DLD_FinalDataset_224_spit/train/ALGAL_LEAF_SPOT/to_label_662.jpg,DLD_FinalDataset_224_spit/test/ALGAL_LEAF_SPOT/to_label_663.jpg,662,663,train,test,ALGAL_LEAF_SPOT,ALGAL_LEAF_SPOT,33,True,True
DLD_FinalDataset_224_spit/test/ALGAL_LEAF_SPOT/to_label_663.jpg,DLD_FinalDataset_224_spit/train/ALGAL_LEAF_SPOT/to_label_664.jpg,663,664,test,train,ALGAL_LEAF_SPOT,ALGAL_LEAF_SPOT,35,True,True
DLD_FinalDataset_224_spit/train/ALGAL_LEAF_SPOT/to_label_664.jpg,DLD_FinalDataset_224_spit/test/ALGAL_LEAF_SPOT/to_label_665.jpg,664,665,train,test,ALGAL_LEAF_SPOT,ALGAL_LEAF_SPOT,30,True,True
DLD_FinalDataset_224_spit/test/ALGAL_LEAF_SPOT/to_label_665.jpg,DLD_FinalDataset_224_spit/val/ALGAL_LEAF_SPOT/to_label_666.jpg,665,666,test,val,ALGAL_LEAF_SPOT,ALGAL_LEAF_SPOT,41,True,True
DLD_FinalDataset_224_spit/val/ALGAL_LEAF_SPOT/to_label_666.jpg,DLD_FinalDataset_224_spit/train/ALGAL_LEAF_SPOT/to_label_667.jpg,666,667,val,train,ALGAL_LEAF_SPOT,ALGAL_LEAF_SPOT,42,True,True
DLD_FinalDataset_224_spit/train/ALGAL_LEAF_SPOT/to_label_667.jpg,DLD_FinalDataset_224_spit/test/ALGAL_LEAF_SPOT/to_label_668.jpg,667,668,train,test,ALGAL_LEAF_SPOT,ALGAL_LEAF_SPOT,30,True,True
DLD_FinalDataset_224_spit/test/ALGAL_LEAF_SPOT/to_label_668.jpg,DLD_FinalDataset_224_spit/train/ALGAL_LEAF_SPOT/to_label_669.jpg,668,669,test,train,ALGAL_LEAF_SPOT,ALGAL_LEAF_SPOT,33,True,True
DLD_FinalDataset_224_spit/train/ALGAL_LEAF_SPOT/to_label_669.jpg,DLD_FinalDataset_224_spit/train/ALGAL_LEAF_SPOT/to_label_670.jpg,669,670,train,train,ALGAL_LEAF_SPOT,ALGAL_LEAF_SPOT,31,True,False
DLD_FinalDataset_224_spit/train/ALGAL_LEAF_SPOT/to_label_670.jpg,DLD_FinalDataset_224_spit/val/ALGAL_LEAF_SPOT/to_label_671.jpg,670,671,train,val,ALGAL_LEAF_SPOT,ALGAL_LEAF_SPOT,35,True,True
DLD_FinalDataset_224_spit/val/ALGAL_LEAF_SPOT/to_label_671.jpg,DLD_FinalDataset_224_spit/train/ALGAL_LEAF_SPOT/to_label_672.jpg,671,672,val,train,ALGAL_LEAF_SPOT,ALGAL_LEAF_SPOT,33,True,True
DLD_FinalDataset_224_spit/train/ALGAL_LEAF_SPOT/to_label_672.jpg,DLD_FinalDataset_224_spit/train/ALGAL_LEAF_SPOT/to_label_673.jpg,672,673,train,train,ALGAL_LEAF_SPOT,ALGAL_LEAF_SPOT,29,True,False
DLD_FinalDataset_224_spit/train/ALGAL_LEAF_SPOT/to_label_673.jpg,DLD_FinalDataset_224_spit/train/ALGAL_LEAF_SPOT/to_label_674.jpg,673,674,train,train,ALGAL_LEAF_SPOT,ALGAL_LEAF_SPOT,30,True,False
DLD_FinalDataset_224_spit/train/ALGAL_LEAF_SPOT/to_label_674.jpg,DLD_FinalDataset_224_spit/train/ALGAL_LEAF_SPOT/to_label_675.jpg,674,675,train,train,ALGAL_LEAF_SPOT,ALGAL_LEAF_SPOT,31,True,False
DLD_FinalDataset_224_spit/train/ALGAL_LEAF_SPOT/to_label_675.jpg,DLD_FinalDataset_224_spit/test/ALGAL_LEAF_SPOT/to_label_676.jpg,675,676,train,test,ALGAL_LEAF_SPOT,ALGAL_LEAF_SPOT,39,True,True
DLD_FinalDataset_224_spit/test/ALGAL_LEAF_SPOT/to_label_676.jpg,DLD_FinalDataset_224_spit/train/ALGAL_LEAF_SPOT/to_label_677.jpg,676,677,test,train,ALGAL_LEAF_SPOT,ALGAL_LEAF_SPOT,37,True,True
DLD_FinalDataset_224_spit/train/ALGAL_LEAF_SPOT/to_label_677.jpg,DLD_FinalDataset_224_spit/train/ALGAL_LEAF_SPOT/to_label_678.jpg,677,678,train,train,ALGAL_LEAF_SPOT,ALGAL_LEAF_SPOT,31,True,False
DLD_FinalDataset_224_spit/train/ALGAL_LEAF_SPOT/to_label_678.jpg,DLD_FinalDataset_224_spit/train/ALGAL_LEAF_SPOT/to_label_679.jpg,678,679,train,train,ALGAL_LEAF_SPOT,ALGAL_LEAF_SPOT,23,True,False
DLD_FinalDataset_224_spit/train/ALGAL_LEAF_SPOT/to_label_679.jpg,DLD_FinalDataset_224_spit/test/ALGAL_LEAF_SPOT/to_label_680.jpg,679,680,train,test,ALGAL_LEAF_SPOT,ALGAL_LEAF_SPOT,32,True,True
DLD_FinalDataset_224_spit/test/ALGAL_LEAF_SPOT/to_label_680.jpg,DLD_FinalDataset_224_spit/train/ALGAL_LEAF_SPOT/to_label_681.jpg,680,681,test,train,ALGAL_LEAF_SPOT,ALGAL_LEAF_SPOT,36,True,True
DLD_FinalDataset_224_spit/train/ALGAL_LEAF_SPOT/to_label_681.jpg,DLD_FinalDataset_224_spit/train/ALGAL_LEAF_SPOT/to_label_682.jpg,681,682,train,train,ALGAL_LEAF_SPOT,ALGAL_LEAF_SPOT,31,True,False
DLD_FinalDataset_224_spit/train/ALGAL_LEAF_SPOT/to_label_682.jpg,DLD_FinalDataset_224_spit/train/ALGAL_LEAF_SPOT/to_label_683.jpg,682,683,train,train,ALGAL_LEAF_SPOT,ALGAL_LEAF_SPOT,31,True,False
DLD_FinalDataset_224_spit/train/ALGAL_LEAF_SPOT/to_label_683.jpg,DLD_FinalDataset_224_spit/train/ALGAL_LEAF_SPOT/to_label_684.jpg,683,684,train,train,ALGAL_LEAF_SPOT,ALGAL_LEAF_SPOT,39,True,False
DLD_FinalDataset_224_spit/train/ALGAL_LEAF_SPOT/to_label_684.jpg,DLD_FinalDataset_224_spit/train/ALGAL_LEAF_SPOT/to_label_685.jpg,684,685,train,train,ALGAL_LEAF_SPOT,ALGAL_LEAF_SPOT,31,True,False
DLD_FinalDataset_224_spit/train/ALGAL_LEAF_SPOT/to_label_685.jpg,DLD_FinalDataset_224_spit/train/ALGAL_LEAF_SPOT/to_label_686.jpg,685,686,train,train,ALGAL_LEAF_SPOT,ALGAL_LEAF_SPOT,29,True,False
DLD_FinalDataset_224_spit/train/ALGAL_LEAF_SPOT/to_label_686.jpg,DLD_FinalDataset_224_spit/test/ALGAL_LEAF_SPOT/to_label_687.jpg,686,687,train,test,ALGAL_LEAF_SPOT,ALGAL_LEAF_SPOT,30,True,True
DLD_FinalDataset_224_spit/test/ALGAL_LEAF_SPOT/to_label_687.jpg,DLD_FinalDataset_224_spit/train/ALGAL_LEAF_SPOT/to_label_688.jpg,687,688,test,train,ALGAL_LEAF_SPOT,ALGAL_LEAF_SPOT,29,True,True
DLD_FinalDataset_224_spit/train/ALGAL_LEAF_SPOT/to_label_688.jpg,DLD_FinalDataset_224_spit/train/ALGAL_LEAF_SPOT/to_label_689.jpg,688,689,train,train,ALGAL_LEAF_SPOT,ALGAL_LEAF_SPOT,35,True,False
DLD_FinalDataset_224_spit/train/ALGAL_LEAF_SPOT/to_label_689.jpg,DLD_FinalDataset_224_spit/test/ALGAL_LEAF_SPOT/to_label_690.jpg,689,690,train,test,ALGAL_LEAF_SPOT,ALGAL_LEAF_SPOT,35,True,True
DLD_FinalDataset_224_spit/test/ALGAL_LEAF_SPOT/to_label_690.jpg,DLD_FinalDataset_224_spit/train/ALGAL_LEAF_SPOT/to_label_691.jpg,690,691,test,train,ALGAL_LEAF_SPOT,ALGAL_LEAF_SPOT,35,True,True
DLD_FinalDataset_224_spit/train/ALGAL_LEAF_SPOT/to_label_691.jpg,DLD_FinalDataset_224_spit/train/ALGAL_LEAF_SPOT/to_label_692.jpg,691,692,train,train,ALGAL_LEAF_SPOT,ALGAL_LEAF_SPOT,30,True,False
DLD_FinalDataset_224_spit/train/ALGAL_LEAF_SPOT/to_label_692.jpg,DLD_FinalDataset_224_spit/train/ALGAL_LEAF_SPOT/to_label_693.jpg,692,693,train,train,ALGAL_LEAF_SPOT,ALGAL_LEAF_SPOT,37,True,False
DLD_FinalDataset_224_spit/train/ALGAL_LEAF_SPOT/to_label_693.jpg,DLD_FinalDataset_224_spit/train/ALGAL_LEAF_SPOT/to_label_694.jpg,693,694,train,train,ALGAL_LEAF_SPOT,ALGAL_LEAF_SPOT,33,True,False
DLD_FinalDataset_224_spit/train/ALGAL_LEAF_SPOT/to_label_694.jpg,DLD_FinalDataset_224_spit/train/ALGAL_LEAF_SPOT/to_label_695.jpg,694,695,train,train,ALGAL_LEAF_SPOT,ALGAL_LEAF_SPOT,32,True,False
DLD_FinalDataset_224_spit/train/ALGAL_LEAF_SPOT/to_label_695.jpg,DLD_FinalDataset_224_spit/train/ALGAL_LEAF_SPOT/to_label_696.jpg,695,696,train,train,ALGAL_LEAF_SPOT,ALGAL_LEAF_SPOT,30,True,False
DLD_FinalDataset_224_spit/train/ALGAL_LEAF_SPOT/to_label_696.jpg,DLD_FinalDataset_224_spit/train/ALGAL_LEAF_SPOT/to_label_697.jpg,696,697,train,train,ALGAL_LEAF_SPOT,ALGAL_LEAF_SPOT,33,True,False
DLD_FinalDataset_224_spit/train/ALGAL_LEAF_SPOT/to_label_697.jpg,DLD_FinalDataset_224_spit/train/ALGAL_LEAF_SPOT/to_label_698.jpg,697,698,train,train,ALGAL_LEAF_SPOT,ALGAL_LEAF_SPOT,31,True,False
DLD_FinalDataset_224_spit/train/ALGAL_LEAF_SPOT/to_label_698.jpg,DLD_FinalDataset_224_spit/train/ALGAL_LEAF_SPOT/to_label_699.jpg,698,699,train,train,ALGAL_LEAF_SPOT,ALGAL_LEAF_SPOT,32,True,False
DLD_FinalDataset_224_spit/train/ALGAL_LEAF_SPOT/to_label_699.jpg,DLD_FinalDataset_224_spit/train/ALGAL_LEAF_SPOT/to_label_700.jpg,699,700,train,train,ALGAL_LEAF_SPOT,ALGAL_LEAF_SPOT,30,True,False
DLD_FinalDataset_224_spit/train/ALGAL_LEAF_SPOT/to_label_700.jpg,DLD_FinalDataset_224_spit/test/ALGAL_LEAF_SPOT/to_label_701.jpg,700,701,train,test,ALGAL_LEAF_SPOT,ALGAL_LEAF_SPOT,33,True,True
DLD_FinalDataset_224_spit/test/ALGAL_LEAF_SPOT/to_label_701.jpg,DLD_FinalDataset_224_spit/train/ALGAL_LEAF_SPOT/to_label_702.jpg,701,702,test,train,ALGAL_LEAF_SPOT,ALGAL_LEAF_SPOT,41,True,True
DLD_FinalDataset_224_spit/train/ALGAL_LEAF_SPOT/to_label_702.jpg,DLD_FinalDataset_224_spit/train/ALGAL_LEAF_SPOT/to_label_703.jpg,702,703,train,train,ALGAL_LEAF_SPOT,ALGAL_LEAF_SPOT,28,True,False
DLD_FinalDataset_224_spit/train/ALGAL_LEAF_SPOT/to_label_703.jpg,DLD_FinalDataset_224_spit/val/ALGAL_LEAF_SPOT/to_label_704.jpg,703,704,train,val,ALGAL_LEAF_SPOT,ALGAL_LEAF_SPOT,34,True,True
DLD_FinalDataset_224_spit/val/ALGAL_LEAF_SPOT/to_label_704.jpg,DLD_FinalDataset_224_spit/train/ALGAL_LEAF_SPOT/to_label_705.jpg,704,705,val,train,ALGAL_LEAF_SPOT,ALGAL_LEAF_SPOT,31,True,True
DLD_FinalDataset_224_spit/train/ALGAL_LEAF_SPOT/to_label_705.jpg,DLD_FinalDataset_224_spit/train/ALGAL_LEAF_SPOT/to_label_706.jpg,705,706,train,train,ALGAL_LEAF_SPOT,ALGAL_LEAF_SPOT,30,True,False
DLD_FinalDataset_224_spit/train/ALGAL_LEAF_SPOT/to_label_706.jpg,DLD_FinalDataset_224_spit/train/ALGAL_LEAF_SPOT/to_label_707.jpg,706,707,train,train,ALGAL_LEAF_SPOT,ALGAL_LEAF_SPOT,29,True,False
DLD_FinalDataset_224_spit/train/ALGAL_LEAF_SPOT/to_label_707.jpg,DLD_FinalDataset_224_spit/train/ALGAL_LEAF_SPOT/to_label_708.jpg,707,708,train,train,ALGAL_LEAF_SPOT,ALGAL_LEAF_SPOT,27,True,False
DLD_FinalDataset_224_spit/train/ALGAL_LEAF_SPOT/to_label_708.jpg,DLD_FinalDataset_224_spit/train/ALGAL_LEAF_SPOT/to_label_709.jpg,708,709,train,train,ALGAL_LEAF_SPOT,ALGAL_LEAF_SPOT,32,True,False
DLD_FinalDataset_224_spit/train/ALGAL_LEAF_SPOT/to_label_709.jpg,DLD_FinalDataset_224_spit/train/ALGAL_LEAF_SPOT/to_label_710.jpg,709,710,train,train,ALGAL_LEAF_SPOT,ALGAL_LEAF_SPOT,33,True,False
DLD_FinalDataset_224_spit/train/ALGAL_LEAF_SPOT/to_label_710.jpg,DLD_FinalDataset_224_spit/val/ALGAL_LEAF_SPOT/to_label_711.jpg,710,711,train,val,ALGAL_LEAF_SPOT,ALGAL_LEAF_SPOT,32,True,True
DLD_FinalDataset_224_spit/val/ALGAL_LEAF_SPOT/to_label_711.jpg,DLD_FinalDataset_224_spit/train/ALGAL_LEAF_SPOT/to_label_712.jpg,711,712,val,train,ALGAL_LEAF_SPOT,ALGAL_LEAF_SPOT,38,True,True
DLD_FinalDataset_224_spit/train/ALGAL_LEAF_SPOT/to_label_712.jpg,DLD_FinalDataset_224_spit/val/ALGAL_LEAF_SPOT/to_label_713.jpg,712,713,train,val,ALGAL_LEAF_SPOT,ALGAL_LEAF_SPOT,34,True,True
DLD_FinalDataset_224_spit/val/ALGAL_LEAF_SPOT/to_label_713.jpg,DLD_FinalDataset_224_spit/train/ALGAL_LEAF_SPOT/to_label_714.jpg,713,714,val,train,ALGAL_LEAF_SPOT,ALGAL_LEAF_SPOT,27,True,True
DLD_FinalDataset_224_spit/train/ALGAL_LEAF_SPOT/to_label_714.jpg,DLD_FinalDataset_224_spit/val/ALGAL_LEAF_SPOT/to_label_715.jpg,714,715,train,val,ALGAL_LEAF_SPOT,ALGAL_LEAF_SPOT,26,True,True
DLD_FinalDataset_224_spit/val/ALGAL_LEAF_SPOT/to_label_715.jpg,DLD_FinalDataset_224_spit/test/ALGAL_LEAF_SPOT/to_label_716.jpg,715,716,val,test,ALGAL_LEAF_SPOT,ALGAL_LEAF_SPOT,31,True,True
DLD_FinalDataset_224_spit/test/ALGAL_LEAF_SPOT/to_label_716.jpg,DLD_FinalDataset_224_spit/train/ALGAL_LEAF_SPOT/to_label_717.jpg,716,717,test,train,ALGAL_LEAF_SPOT,ALGAL_LEAF_SPOT,35,True,True
DLD_FinalDataset_224_spit/train/ALGAL_LEAF_SPOT/to_label_717.jpg,DLD_FinalDataset_224_spit/train/ALGAL_LEAF_SPOT/to_label_718.jpg,717,718,train,train,ALGAL_LEAF_SPOT,ALGAL_LEAF_SPOT,33,True,False
DLD_FinalDataset_224_spit/train/ALGAL_LEAF_SPOT/to_label_718.jpg,DLD_FinalDataset_224_spit/train/ALGAL_LEAF_SPOT/to_label_719.jpg,718,719,train,train,ALGAL_LEAF_SPOT,ALGAL_LEAF_SPOT,39,True,False
DLD_FinalDataset_224_spit/train/ALGAL_LEAF_SPOT/to_label_719.jpg,DLD_FinalDataset_224_spit/train/ALGAL_LEAF_SPOT/to_label_720.jpg,719,720,train,train,ALGAL_LEAF_SPOT,ALGAL_LEAF_SPOT,37,True,False
DLD_FinalDataset_224_spit/train/ALGAL_LEAF_SPOT/to_label_720.jpg,DLD_FinalDataset_224_spit/test/ALGAL_LEAF_SPOT/to_label_721.jpg,720,721,train,test,ALGAL_LEAF_SPOT,ALGAL_LEAF_SPOT,36,True,True
DLD_FinalDataset_224_spit/test/ALGAL_LEAF_SPOT/to_label_721.jpg,DLD_FinalDataset_224_spit/test/ALGAL_LEAF_SPOT/to_label_722.jpg,721,722,test,test,ALGAL_LEAF_SPOT,ALGAL_LEAF_SPOT,30,True,False
DLD_FinalDataset_224_spit/test/ALGAL_LEAF_SPOT/to_label_722.jpg,DLD_FinalDataset_224_spit/val/ALGAL_LEAF_SPOT/to_label_723.jpg,722,723,test,val,ALGAL_LEAF_SPOT,ALGAL_LEAF_SPOT,35,True,True
DLD_FinalDataset_224_spit/val/ALGAL_LEAF_SPOT/to_label_723.jpg,DLD_FinalDataset_224_spit/train/ALGAL_LEAF_SPOT/to_label_724.jpg,723,724,val,train,ALGAL_LEAF_SPOT,ALGAL_LEAF_SPOT,28,True,True
DLD_FinalDataset_224_spit/train/ALGAL_LEAF_SPOT/to_label_724.jpg,DLD_FinalDataset_224_spit/train/ALGAL_LEAF_SPOT/to_label_725.jpg,724,725,train,train,ALGAL_LEAF_SPOT,ALGAL_LEAF_SPOT,38,True,False
DLD_FinalDataset_224_spit/train/ALGAL_LEAF_SPOT/to_label_725.jpg,DLD_FinalDataset_224_spit/test/ALGAL_LEAF_SPOT/to_label_726.jpg,725,726,train,test,ALGAL_LEAF_SPOT,ALGAL_LEAF_SPOT,31,True,True
DLD_FinalDataset_224_spit/test/ALGAL_LEAF_SPOT/to_label_726.jpg,DLD_FinalDataset_224_spit/train/ALGAL_LEAF_SPOT/to_label_727.jpg,726,727,test,train,ALGAL_LEAF_SPOT,ALGAL_LEAF_SPOT,32,True,True
DLD_FinalDataset_224_spit/train/ALGAL_LEAF_SPOT/to_label_727.jpg,DLD_FinalDataset_224_spit/train/ALGAL_LEAF_SPOT/to_label_728.jpg,727,728,train,train,ALGAL_LEAF_SPOT,ALGAL_LEAF_SPOT,30,True,False
DLD_FinalDataset_224_spit/train/ALGAL_LEAF_SPOT/to_label_728.jpg,DLD_FinalDataset_224_spit/val/ALGAL_LEAF_SPOT/to_label_729.jpg,728,729,train,val,ALGAL_LEAF_SPOT,ALGAL_LEAF_SPOT,33,True,True
DLD_FinalDataset_224_spit/val/ALGAL_LEAF_SPOT/to_label_729.jpg,DLD_FinalDataset_224_spit/train/ALGAL_LEAF_SPOT/to_label_730.jpg,729,730,val,train,ALGAL_LEAF_SPOT,ALGAL_LEAF_SPOT,33,True,True
DLD_FinalDataset_224_spit/train/ALGAL_LEAF_SPOT/to_label_730.jpg,DLD_FinalDataset_224_spit/train/ALGAL_LEAF_SPOT/to_label_731.jpg,730,731,train,train,ALGAL_LEAF_SPOT,ALGAL_LEAF_SPOT,29,True,False
DLD_FinalDataset_224_spit/train/ALGAL_LEAF_SPOT/to_label_731.jpg,DLD_FinalDataset_224_spit/train/ALGAL_LEAF_SPOT/to_label_732.jpg,731,732,train,train,ALGAL_LEAF_SPOT,ALGAL_LEAF_SPOT,33,True,False
DLD_FinalDataset_224_spit/train/ALGAL_LEAF_SPOT/to_label_732.jpg,DLD_FinalDataset_224_spit/train/ALGAL_LEAF_SPOT/to_label_733.jpg,732,733,train,train,ALGAL_LEAF_SPOT,ALGAL_LEAF_SPOT,25,True,False
DLD_FinalDataset_224_spit/train/ALLOCARIDARA_ATTACK/to_label_735.jpg,DLD_FinalDataset_224_spit/train/ALLOCARIDARA_ATTACK/to_label_736.jpg,735,736,train,train,ALLOCARIDARA_ATTACK,ALLOCARIDARA_ATTACK,32,True,False
DLD_FinalDataset_224_spit/train/ALLOCARIDARA_ATTACK/to_label_736.jpg,DLD_FinalDataset_224_spit/train/ALLOCARIDARA_ATTACK/to_label_737.jpg,736,737,train,train,ALLOCARIDARA_ATTACK,ALLOCARIDARA_ATTACK,26,True,False
DLD_FinalDataset_224_spit/train/ALLOCARIDARA_ATTACK/to_label_737.jpg,DLD_FinalDataset_224_spit/train/ALLOCARIDARA_ATTACK/to_label_738.jpg,737,738,train,train,ALLOCARIDARA_ATTACK,ALLOCARIDARA_ATTACK,40,True,False
DLD_FinalDataset_224_spit/train/ALLOCARIDARA_ATTACK/to_label_738.jpg,DLD_FinalDataset_224_spit/train/ALLOCARIDARA_ATTACK/to_label_739.jpg,738,739,train,train,ALLOCARIDARA_ATTACK,ALLOCARIDARA_ATTACK,32,True,False
DLD_FinalDataset_224_spit/train/ALLOCARIDARA_ATTACK/to_label_739.jpg,DLD_FinalDataset_224_spit/train/ALLOCARIDARA_ATTACK/to_label_740.jpg,739,740,train,train,ALLOCARIDARA_ATTACK,ALLOCARIDARA_ATTACK,40,True,False
DLD_FinalDataset_224_spit/train/ALLOCARIDARA_ATTACK/to_label_740.jpg,DLD_FinalDataset_224_spit/train/ALLOCARIDARA_ATTACK/to_label_741.jpg,740,741,train,train,ALLOCARIDARA_ATTACK,ALLOCARIDARA_ATTACK,33,True,False
DLD_FinalDataset_224_spit/train/ALLOCARIDARA_ATTACK/to_label_741.jpg,DLD_FinalDataset_224_spit/train/ALLOCARIDARA_ATTACK/to_label_742.jpg,741,742,train,train,ALLOCARIDARA_ATTACK,ALLOCARIDARA_ATTACK,31,True,False
DLD_FinalDataset_224_spit/train/ALLOCARIDARA_ATTACK/to_label_742.jpg,DLD_FinalDataset_224_spit/train/ALLOCARIDARA_ATTACK/to_label_743.jpg,742,743,train,train,ALLOCARIDARA_ATTACK,ALLOCARIDARA_ATTACK,34,True,False
DLD_FinalDataset_224_spit/train/ALLOCARIDARA_ATTACK/to_label_743.jpg,DLD_FinalDataset_224_spit/test/ALLOCARIDARA_ATTACK/to_label_744.jpg,743,744,train,test,ALLOCARIDARA_ATTACK,ALLOCARIDARA_ATTACK,39,True,True
DLD_FinalDataset_224_spit/test/ALLOCARIDARA_ATTACK/to_label_744.jpg,DLD_FinalDataset_224_spit/train/ALLOCARIDARA_ATTACK/to_label_745.jpg,744,745,test,train,ALLOCARIDARA_ATTACK,ALLOCARIDARA_ATTACK,36,True,True
DLD_FinalDataset_224_spit/train/ALLOCARIDARA_ATTACK/to_label_745.jpg,DLD_FinalDataset_224_spit/test/ALLOCARIDARA_ATTACK/to_label_746.jpg,745,746,train,test,ALLOCARIDARA_ATTACK,ALLOCARIDARA_ATTACK,32,True,True
DLD_FinalDataset_224_spit/test/ALLOCARIDARA_ATTACK/to_label_746.jpg,DLD_FinalDataset_224_spit/train/ALLOCARIDARA_ATTACK/to_label_747.jpg,746,747,test,train,ALLOCARIDARA_ATTACK,ALLOCARIDARA_ATTACK,37,True,True
DLD_FinalDataset_224_spit/train/ALLOCARIDARA_ATTACK/to_label_747.jpg,DLD_FinalDataset_224_spit/test/ALLOCARIDARA_ATTACK/to_label_748.jpg,747,748,train,test,ALLOCARIDARA_ATTACK,ALLOCARIDARA_ATTACK,29,True,True
DLD_FinalDataset_224_spit/test/ALLOCARIDARA_ATTACK/to_label_748.jpg,DLD_FinalDataset_224_spit/val/ALLOCARIDARA_ATTACK/to_label_749.jpg,748,749,test,val,ALLOCARIDARA_ATTACK,ALLOCARIDARA_ATTACK,29,True,True
DLD_FinalDataset_224_spit/val/ALLOCARIDARA_ATTACK/to_label_749.jpg,DLD_FinalDataset_224_spit/test/ALLOCARIDARA_ATTACK/to_label_750.jpg,749,750,val,test,ALLOCARIDARA_ATTACK,ALLOCARIDARA_ATTACK,36,True,True
DLD_FinalDataset_224_spit/test/ALLOCARIDARA_ATTACK/to_label_750.jpg,DLD_FinalDataset_224_spit/train/ALLOCARIDARA_ATTACK/to_label_751.jpg,750,751,test,train,ALLOCARIDARA_ATTACK,ALLOCARIDARA_ATTACK,33,True,True
DLD_FinalDataset_224_spit/train/ALLOCARIDARA_ATTACK/to_label_751.jpg,DLD_FinalDataset_224_spit/train/ALLOCARIDARA_ATTACK/to_label_752.jpg,751,752,train,train,ALLOCARIDARA_ATTACK,ALLOCARIDARA_ATTACK,28,True,False
DLD_FinalDataset_224_spit/train/ALLOCARIDARA_ATTACK/to_label_752.jpg,DLD_FinalDataset_224_spit/train/ALLOCARIDARA_ATTACK/to_label_753.jpg,752,753,train,train,ALLOCARIDARA_ATTACK,ALLOCARIDARA_ATTACK,26,True,False
DLD_FinalDataset_224_spit/train/ALLOCARIDARA_ATTACK/to_label_753.jpg,DLD_FinalDataset_224_spit/val/ALLOCARIDARA_ATTACK/to_label_754.jpg,753,754,train,val,ALLOCARIDARA_ATTACK,ALLOCARIDARA_ATTACK,26,True,True
DLD_FinalDataset_224_spit/val/ALLOCARIDARA_ATTACK/to_label_754.jpg,DLD_FinalDataset_224_spit/train/ALLOCARIDARA_ATTACK/to_label_755.jpg,754,755,val,train,ALLOCARIDARA_ATTACK,ALLOCARIDARA_ATTACK,36,True,True
DLD_FinalDataset_224_spit/train/ALLOCARIDARA_ATTACK/to_label_755.jpg,DLD_FinalDataset_224_spit/train/ALLOCARIDARA_ATTACK/to_label_756.jpg,755,756,train,train,ALLOCARIDARA_ATTACK,ALLOCARIDARA_ATTACK,28,True,False
DLD_FinalDataset_224_spit/train/ALLOCARIDARA_ATTACK/to_label_756.jpg,DLD_FinalDataset_224_spit/train/ALLOCARIDARA_ATTACK/to_label_757.jpg,756,757,train,train,ALLOCARIDARA_ATTACK,ALLOCARIDARA_ATTACK,32,True,False
DLD_FinalDataset_224_spit/test/ALLOCARIDARA_ATTACK/to_label_759.jpg,DLD_FinalDataset_224_spit/train/ALLOCARIDARA_ATTACK/to_label_760.jpg,759,760,test,train,ALLOCARIDARA_ATTACK,ALLOCARIDARA_ATTACK,25,True,True
DLD_FinalDataset_224_spit/train/ALLOCARIDARA_ATTACK/to_label_760.jpg,DLD_FinalDataset_224_spit/train/ALLOCARIDARA_ATTACK/to_label_761.jpg,760,761,train,train,ALLOCARIDARA_ATTACK,ALLOCARIDARA_ATTACK,30,True,False
DLD_FinalDataset_224_spit/train/ALLOCARIDARA_ATTACK/to_label_763.jpg,DLD_FinalDataset_224_spit/train/ALLOCARIDARA_ATTACK/to_label_764.jpg,763,764,train,train,ALLOCARIDARA_ATTACK,ALLOCARIDARA_ATTACK,39,True,False
DLD_FinalDataset_224_spit/train/ALLOCARIDARA_ATTACK/to_label_764.jpg,DLD_FinalDataset_224_spit/test/ALLOCARIDARA_ATTACK/to_label_765.jpg,764,765,train,test,ALLOCARIDARA_ATTACK,ALLOCARIDARA_ATTACK,33,True,True
DLD_FinalDataset_224_spit/test/ALLOCARIDARA_ATTACK/to_label_765.jpg,DLD_FinalDataset_224_spit/train/ALLOCARIDARA_ATTACK/to_label_766.jpg,765,766,test,train,ALLOCARIDARA_ATTACK,ALLOCARIDARA_ATTACK,28,True,True
DLD_FinalDataset_224_spit/train/ALLOCARIDARA_ATTACK/to_label_766.jpg,DLD_FinalDataset_224_spit/train/ALLOCARIDARA_ATTACK/to_label_767.jpg,766,767,train,train,ALLOCARIDARA_ATTACK,ALLOCARIDARA_ATTACK,33,True,False
DLD_FinalDataset_224_spit/train/ALLOCARIDARA_ATTACK/to_label_769.jpg,DLD_FinalDataset_224_spit/train/ALLOCARIDARA_ATTACK/to_label_770.jpg,769,770,train,train,ALLOCARIDARA_ATTACK,ALLOCARIDARA_ATTACK,33,True,False
DLD_FinalDataset_224_spit/train/ALLOCARIDARA_ATTACK/to_label_770.jpg,DLD_FinalDataset_224_spit/train/ALLOCARIDARA_ATTACK/to_label_771.jpg,770,771,train,train,ALLOCARIDARA_ATTACK,ALLOCARIDARA_ATTACK,31,True,False
DLD_FinalDataset_224_spit/train/ALLOCARIDARA_ATTACK/to_label_771.jpg,DLD_FinalDataset_224_spit/train/ALLOCARIDARA_ATTACK/to_label_772.jpg,771,772,train,train,ALLOCARIDARA_ATTACK,ALLOCARIDARA_ATTACK,26,True,False
DLD_FinalDataset_224_spit/train/ALLOCARIDARA_ATTACK/to_label_772.jpg,DLD_FinalDataset_224_spit/train/ALLOCARIDARA_ATTACK/to_label_773.jpg,772,773,train,train,ALLOCARIDARA_ATTACK,ALLOCARIDARA_ATTACK,25,True,False
DLD_FinalDataset_224_spit/train/ALLOCARIDARA_ATTACK/to_label_773.jpg,DLD_FinalDataset_224_spit/test/ALLOCARIDARA_ATTACK/to_label_774.jpg,773,774,train,test,ALLOCARIDARA_ATTACK,ALLOCARIDARA_ATTACK,33,True,True
DLD_FinalDataset_224_spit/test/ALLOCARIDARA_ATTACK/to_label_774.jpg,DLD_FinalDataset_224_spit/train/ALLOCARIDARA_ATTACK/to_label_775.jpg,774,775,test,train,ALLOCARIDARA_ATTACK,ALLOCARIDARA_ATTACK,31,True,True
DLD_FinalDataset_224_spit/train/ALLOCARIDARA_ATTACK/to_label_775.jpg,DLD_FinalDataset_224_spit/train/ALLOCARIDARA_ATTACK/to_label_776.jpg,775,776,train,train,ALLOCARIDARA_ATTACK,ALLOCARIDARA_ATTACK,45,True,False
DLD_FinalDataset_224_spit/train/ALLOCARIDARA_ATTACK/to_label_776.jpg,DLD_FinalDataset_224_spit/test/ALLOCARIDARA_ATTACK/to_label_777.jpg,776,777,train,test,ALLOCARIDARA_ATTACK,ALLOCARIDARA_ATTACK,34,True,True
DLD_FinalDataset_224_spit/test/ALLOCARIDARA_ATTACK/to_label_777.jpg,DLD_FinalDataset_224_spit/train/ALLOCARIDARA_ATTACK/to_label_778.jpg,777,778,test,train,ALLOCARIDARA_ATTACK,ALLOCARIDARA_ATTACK,25,True,True
DLD_FinalDataset_224_spit/train/ALLOCARIDARA_ATTACK/to_label_778.jpg,DLD_FinalDataset_224_spit/train/ALLOCARIDARA_ATTACK/to_label_779.jpg,778,779,train,train,ALLOCARIDARA_ATTACK,ALLOCARIDARA_ATTACK,28,True,False
DLD_FinalDataset_224_spit/train/ALLOCARIDARA_ATTACK/to_label_779.jpg,DLD_FinalDataset_224_spit/train/ALLOCARIDARA_ATTACK/to_label_780.jpg,779,780,train,train,ALLOCARIDARA_ATTACK,ALLOCARIDARA_ATTACK,31,True,False
DLD_FinalDataset_224_spit/train/ALLOCARIDARA_ATTACK/to_label_780.jpg,DLD_FinalDataset_224_spit/train/ALLOCARIDARA_ATTACK/to_label_781.jpg,780,781,train,train,ALLOCARIDARA_ATTACK,ALLOCARIDARA_ATTACK,37,True,False
DLD_FinalDataset_224_spit/train/ALLOCARIDARA_ATTACK/to_label_781.jpg,DLD_FinalDataset_224_spit/train/ALLOCARIDARA_ATTACK/to_label_782.jpg,781,782,train,train,ALLOCARIDARA_ATTACK,ALLOCARIDARA_ATTACK,39,True,False
DLD_FinalDataset_224_spit/train/ALLOCARIDARA_ATTACK/to_label_782.jpg,DLD_FinalDataset_224_spit/val/ALLOCARIDARA_ATTACK/to_label_783.jpg,782,783,train,val,ALLOCARIDARA_ATTACK,ALLOCARIDARA_ATTACK,28,True,True
DLD_FinalDataset_224_spit/val/ALLOCARIDARA_ATTACK/to_label_783.jpg,DLD_FinalDataset_224_spit/train/ALLOCARIDARA_ATTACK/to_label_784.jpg,783,784,val,train,ALLOCARIDARA_ATTACK,ALLOCARIDARA_ATTACK,41,True,True
DLD_FinalDataset_224_spit/train/ALLOCARIDARA_ATTACK/to_label_784.jpg,DLD_FinalDataset_224_spit/train/ALLOCARIDARA_ATTACK/to_label_785.jpg,784,785,train,train,ALLOCARIDARA_ATTACK,ALLOCARIDARA_ATTACK,27,True,False
DLD_FinalDataset_224_spit/val/ALLOCARIDARA_ATTACK/to_label_787.jpg,DLD_FinalDataset_224_spit/train/ALLOCARIDARA_ATTACK/to_label_788.jpg,787,788,val,train,ALLOCARIDARA_ATTACK,ALLOCARIDARA_ATTACK,26,True,True
DLD_FinalDataset_224_spit/train/ALLOCARIDARA_ATTACK/to_label_788.jpg,DLD_FinalDataset_224_spit/train/ALLOCARIDARA_ATTACK/to_label_789.jpg,788,789,train,train,ALLOCARIDARA_ATTACK,ALLOCARIDARA_ATTACK,30,True,False
DLD_FinalDataset_224_spit/train/ALLOCARIDARA_ATTACK/to_label_789.jpg,DLD_FinalDataset_224_spit/train/ALLOCARIDARA_ATTACK/to_label_790.jpg,789,790,train,train,ALLOCARIDARA_ATTACK,ALLOCARIDARA_ATTACK,36,True,False
DLD_FinalDataset_224_spit/train/ALLOCARIDARA_ATTACK/to_label_790.jpg,DLD_FinalDataset_224_spit/train/ALLOCARIDARA_ATTACK/to_label_791.jpg,790,791,train,train,ALLOCARIDARA_ATTACK,ALLOCARIDARA_ATTACK,34,True,False
DLD_FinalDataset_224_spit/train/ALLOCARIDARA_ATTACK/to_label_791.jpg,DLD_FinalDataset_224_spit/train/ALLOCARIDARA_ATTACK/to_label_792.jpg,791,792,train,train,ALLOCARIDARA_ATTACK,ALLOCARIDARA_ATTACK,33,True,False
DLD_FinalDataset_224_spit/train/ALLOCARIDARA_ATTACK/to_label_792.jpg,DLD_FinalDataset_224_spit/train/ALLOCARIDARA_ATTACK/to_label_793.jpg,792,793,train,train,ALLOCARIDARA_ATTACK,ALLOCARIDARA_ATTACK,29,True,False
DLD_FinalDataset_224_spit/train/ALLOCARIDARA_ATTACK/to_label_793.jpg,DLD_FinalDataset_224_spit/train/ALLOCARIDARA_ATTACK/to_label_794.jpg,793,794,train,train,ALLOCARIDARA_ATTACK,ALLOCARIDARA_ATTACK,37,True,False
DLD_FinalDataset_224_spit/train/ALLOCARIDARA_ATTACK/to_label_794.jpg,DLD_FinalDataset_224_spit/train/ALLOCARIDARA_ATTACK/to_label_795.jpg,794,795,train,train,ALLOCARIDARA_ATTACK,ALLOCARIDARA_ATTACK,23,True,False
DLD_FinalDataset_224_spit/train/ALLOCARIDARA_ATTACK/to_label_795.jpg,DLD_FinalDataset_224_spit/train/ALLOCARIDARA_ATTACK/to_label_796.jpg,795,796,train,train,ALLOCARIDARA_ATTACK,ALLOCARIDARA_ATTACK,33,True,False
DLD_FinalDataset_224_spit/train/ALLOCARIDARA_ATTACK/to_label_796.jpg,DLD_FinalDataset_224_spit/train/ALLOCARIDARA_ATTACK/to_label_797.jpg,796,797,train,train,ALLOCARIDARA_ATTACK,ALLOCARIDARA_ATTACK,39,True,False
DLD_FinalDataset_224_spit/test/ALLOCARIDARA_ATTACK/to_label_799.jpg,DLD_FinalDataset_224_spit/test/ALLOCARIDARA_ATTACK/to_label_800.jpg,799,800,test,test,ALLOCARIDARA_ATTACK,ALLOCARIDARA_ATTACK,31,True,False
DLD_FinalDataset_224_spit/test/ALLOCARIDARA_ATTACK/to_label_800.jpg,DLD_FinalDataset_224_spit/train/ALLOCARIDARA_ATTACK/to_label_801.jpg,800,801,test,train,ALLOCARIDARA_ATTACK,ALLOCARIDARA_ATTACK,35,True,True
DLD_FinalDataset_224_spit/train/ALLOCARIDARA_ATTACK/to_label_801.jpg,DLD_FinalDataset_224_spit/train/ALLOCARIDARA_ATTACK/to_label_802.jpg,801,802,train,train,ALLOCARIDARA_ATTACK,ALLOCARIDARA_ATTACK,33,True,False
DLD_FinalDataset_224_spit/train/ALLOCARIDARA_ATTACK/to_label_802.jpg,DLD_FinalDataset_224_spit/train/ALLOCARIDARA_ATTACK/to_label_803.jpg,802,803,train,train,ALLOCARIDARA_ATTACK,ALLOCARIDARA_ATTACK,29,True,False
DLD_FinalDataset_224_spit/train/ALLOCARIDARA_ATTACK/to_label_803.jpg,DLD_FinalDataset_224_spit/train/ALLOCARIDARA_ATTACK/to_label_804.jpg,803,804,train,train,ALLOCARIDARA_ATTACK,ALLOCARIDARA_ATTACK,31,True,False
DLD_FinalDataset_224_spit/train/ALLOCARIDARA_ATTACK/to_label_804.jpg,DLD_FinalDataset_224_spit/train/ALLOCARIDARA_ATTACK/to_label_805.jpg,804,805,train,train,ALLOCARIDARA_ATTACK,ALLOCARIDARA_ATTACK,42,True,False
DLD_FinalDataset_224_spit/train/ALLOCARIDARA_ATTACK/to_label_805.jpg,DLD_FinalDataset_224_spit/train/ALLOCARIDARA_ATTACK/to_label_806.jpg,805,806,train,train,ALLOCARIDARA_ATTACK,ALLOCARIDARA_ATTACK,31,True,False
DLD_FinalDataset_224_spit/train/ALLOCARIDARA_ATTACK/to_label_806.jpg,DLD_FinalDataset_224_spit/train/ALLOCARIDARA_ATTACK/to_label_807.jpg,806,807,train,train,ALLOCARIDARA_ATTACK,ALLOCARIDARA_ATTACK,35,True,False
DLD_FinalDataset_224_spit/train/ALLOCARIDARA_ATTACK/to_label_807.jpg,DLD_FinalDataset_224_spit/train/ALLOCARIDARA_ATTACK/to_label_808.jpg,807,808,train,train,ALLOCARIDARA_ATTACK,ALLOCARIDARA_ATTACK,28,True,False
DLD_FinalDataset_224_spit/train/ALLOCARIDARA_ATTACK/to_label_808.jpg,DLD_FinalDataset_224_spit/train/ALLOCARIDARA_ATTACK/to_label_809.jpg,808,809,train,train,ALLOCARIDARA_ATTACK,ALLOCARIDARA_ATTACK,35,True,False
DLD_FinalDataset_224_spit/train/ALLOCARIDARA_ATTACK/to_label_812.jpg,DLD_FinalDataset_224_spit/test/ALLOCARIDARA_ATTACK/to_label_813.jpg,812,813,train,test,ALLOCARIDARA_ATTACK,ALLOCARIDARA_ATTACK,36,True,True
DLD_FinalDataset_224_spit/train/ALLOCARIDARA_ATTACK/to_label_828.jpg,DLD_FinalDataset_224_spit/train/ALLOCARIDARA_ATTACK/to_label_829.jpg,828,829,train,train,ALLOCARIDARA_ATTACK,ALLOCARIDARA_ATTACK,37,True,False
DLD_FinalDataset_224_spit/train/ALLOCARIDARA_ATTACK/to_label_829.jpg,DLD_FinalDataset_224_spit/train/ALLOCARIDARA_ATTACK/to_label_830.jpg,829,830,train,train,ALLOCARIDARA_ATTACK,ALLOCARIDARA_ATTACK,30,True,False
DLD_FinalDataset_224_spit/train/ALLOCARIDARA_ATTACK/to_label_836.jpg,DLD_FinalDataset_224_spit/train/ALLOCARIDARA_ATTACK/to_label_837.jpg,836,837,train,train,ALLOCARIDARA_ATTACK,ALLOCARIDARA_ATTACK,37,True,False
DLD_FinalDataset_224_spit/train/ALLOCARIDARA_ATTACK/to_label_839.jpg,DLD_FinalDataset_224_spit/train/ALLOCARIDARA_ATTACK/to_label_840.jpg,839,840,train,train,ALLOCARIDARA_ATTACK,ALLOCARIDARA_ATTACK,35,True,False
DLD_FinalDataset_224_spit/train/ALLOCARIDARA_ATTACK/to_label_840.jpg,DLD_FinalDataset_224_spit/train/ALLOCARIDARA_ATTACK/to_label_841.jpg,840,841,train,train,ALLOCARIDARA_ATTACK,ALLOCARIDARA_ATTACK,39,True,False
DLD_FinalDataset_224_spit/train/ALLOCARIDARA_ATTACK/to_label_851.jpg,DLD_FinalDataset_224_spit/train/ALLOCARIDARA_ATTACK/to_label_852.jpg,851,852,train,train,ALLOCARIDARA_ATTACK,ALLOCARIDARA_ATTACK,38,True,False
DLD_FinalDataset_224_spit/train/ALLOCARIDARA_ATTACK/to_label_852.jpg,DLD_FinalDataset_224_spit/train/ALLOCARIDARA_ATTACK/to_label_853.jpg,852,853,train,train,ALLOCARIDARA_ATTACK,ALLOCARIDARA_ATTACK,31,True,False
DLD_FinalDataset_224_spit/train/ALLOCARIDARA_ATTACK/to_label_853.jpg,DLD_FinalDataset_224_spit/train/ALLOCARIDARA_ATTACK/to_label_854.jpg,853,854,train,train,ALLOCARIDARA_ATTACK,ALLOCARIDARA_ATTACK,31,True,False
DLD_FinalDataset_224_spit/train/ALLOCARIDARA_ATTACK/to_label_854.jpg,DLD_FinalDataset_224_spit/train/ALLOCARIDARA_ATTACK/to_label_855.jpg,854,855,train,train,ALLOCARIDARA_ATTACK,ALLOCARIDARA_ATTACK,30,True,False
DLD_FinalDataset_224_spit/train/ALLOCARIDARA_ATTACK/to_label_855.jpg,DLD_FinalDataset_224_spit/test/ALLOCARIDARA_ATTACK/to_label_856.jpg,855,856,train,test,ALLOCARIDARA_ATTACK,ALLOCARIDARA_ATTACK,29,True,True
DLD_FinalDataset_224_spit/test/ALLOCARIDARA_ATTACK/to_label_856.jpg,DLD_FinalDataset_224_spit/train/ALLOCARIDARA_ATTACK/to_label_857.jpg,856,857,test,train,ALLOCARIDARA_ATTACK,ALLOCARIDARA_ATTACK,31,True,True
DLD_FinalDataset_224_spit/train/ALLOCARIDARA_ATTACK/to_label_863.jpg,DLD_FinalDataset_224_spit/train/ALLOCARIDARA_ATTACK/to_label_864.jpg,863,864,train,train,ALLOCARIDARA_ATTACK,ALLOCARIDARA_ATTACK,29,True,False
DLD_FinalDataset_224_spit/train/ALLOCARIDARA_ATTACK/to_label_864.jpg,DLD_FinalDataset_224_spit/test/ALLOCARIDARA_ATTACK/to_label_865.jpg,864,865,train,test,ALLOCARIDARA_ATTACK,ALLOCARIDARA_ATTACK,30,True,True
DLD_FinalDataset_224_spit/test/ALLOCARIDARA_ATTACK/to_label_865.jpg,DLD_FinalDataset_224_spit/test/ALLOCARIDARA_ATTACK/to_label_866.jpg,865,866,test,test,ALLOCARIDARA_ATTACK,ALLOCARIDARA_ATTACK,25,True,False
DLD_FinalDataset_224_spit/test/ALLOCARIDARA_ATTACK/to_label_866.jpg,DLD_FinalDataset_224_spit/test/ALLOCARIDARA_ATTACK/to_label_867.jpg,866,867,test,test,ALLOCARIDARA_ATTACK,ALLOCARIDARA_ATTACK,34,True,False
DLD_FinalDataset_224_spit/test/ALLOCARIDARA_ATTACK/to_label_867.jpg,DLD_FinalDataset_224_spit/train/ALLOCARIDARA_ATTACK/to_label_868.jpg,867,868,test,train,ALLOCARIDARA_ATTACK,ALLOCARIDARA_ATTACK,35,True,True
DLD_FinalDataset_224_spit/train/ALLOCARIDARA_ATTACK/to_label_868.jpg,DLD_FinalDataset_224_spit/train/ALLOCARIDARA_ATTACK/to_label_869.jpg,868,869,train,train,ALLOCARIDARA_ATTACK,ALLOCARIDARA_ATTACK,30,True,False
DLD_FinalDataset_224_spit/train/ALLOCARIDARA_ATTACK/to_label_874.jpg,DLD_FinalDataset_224_spit/val/ALLOCARIDARA_ATTACK/to_label_875.jpg,874,875,train,val,ALLOCARIDARA_ATTACK,ALLOCARIDARA_ATTACK,26,True,True
DLD_FinalDataset_224_spit/val/ALLOCARIDARA_ATTACK/to_label_875.jpg,DLD_FinalDataset_224_spit/train/ALLOCARIDARA_ATTACK/to_label_876.jpg,875,876,val,train,ALLOCARIDARA_ATTACK,ALLOCARIDARA_ATTACK,28,True,True
DLD_FinalDataset_224_spit/train/ALLOCARIDARA_ATTACK/to_label_876.jpg,DLD_FinalDataset_224_spit/train/ALLOCARIDARA_ATTACK/to_label_877.jpg,876,877,train,train,ALLOCARIDARA_ATTACK,ALLOCARIDARA_ATTACK,29,True,False
DLD_FinalDataset_224_spit/test/ALLOCARIDARA_ATTACK/to_label_884.jpg,DLD_FinalDataset_224_spit/train/ALLOCARIDARA_ATTACK/to_label_885.jpg,884,885,test,train,ALLOCARIDARA_ATTACK,ALLOCARIDARA_ATTACK,27,True,True
DLD_FinalDataset_224_spit/train/ALLOCARIDARA_ATTACK/to_label_885.jpg,DLD_FinalDataset_224_spit/test/ALLOCARIDARA_ATTACK/to_label_886.jpg,885,886,train,test,ALLOCARIDARA_ATTACK,ALLOCARIDARA_ATTACK,34,True,True
DLD_FinalDataset_224_spit/test/ALLOCARIDARA_ATTACK/to_label_886.jpg,DLD_FinalDataset_224_spit/train/ALLOCARIDARA_ATTACK/to_label_887.jpg,886,887,test,train,ALLOCARIDARA_ATTACK,ALLOCARIDARA_ATTACK,31,True,True
DLD_FinalDataset_224_spit/test/ALLOCARIDARA_ATTACK/to_label_889.jpg,DLD_FinalDataset_224_spit/train/ALLOCARIDARA_ATTACK/to_label_890.jpg,889,890,test,train,ALLOCARIDARA_ATTACK,ALLOCARIDARA_ATTACK,29,True,True
DLD_FinalDataset_224_spit/train/ALLOCARIDARA_ATTACK/to_label_890.jpg,DLD_FinalDataset_224_spit/train/ALLOCARIDARA_ATTACK/to_label_891.jpg,890,891,train,train,ALLOCARIDARA_ATTACK,ALLOCARIDARA_ATTACK,31,True,False
DLD_FinalDataset_224_spit/train/ALLOCARIDARA_ATTACK/to_label_891.jpg,DLD_FinalDataset_224_spit/train/ALLOCARIDARA_ATTACK/to_label_892.jpg,891,892,train,train,ALLOCARIDARA_ATTACK,ALLOCARIDARA_ATTACK,25,True,False
DLD_FinalDataset_224_spit/train/ALLOCARIDARA_ATTACK/to_label_892.jpg,DLD_FinalDataset_224_spit/train/ALLOCARIDARA_ATTACK/to_label_893.jpg,892,893,train,train,ALLOCARIDARA_ATTACK,ALLOCARIDARA_ATTACK,22,True,False
DLD_FinalDataset_224_spit/train/ALLOCARIDARA_ATTACK/to_label_893.jpg,DLD_FinalDataset_224_spit/train/ALLOCARIDARA_ATTACK/to_label_894.jpg,893,894,train,train,ALLOCARIDARA_ATTACK,ALLOCARIDARA_ATTACK,29,True,False
DLD_FinalDataset_224_spit/train/ALLOCARIDARA_ATTACK/to_label_894.jpg,DLD_FinalDataset_224_spit/val/ALLOCARIDARA_ATTACK/to_label_895.jpg,894,895,train,val,ALLOCARIDARA_ATTACK,ALLOCARIDARA_ATTACK,24,True,True
DLD_FinalDataset_224_spit/val/ALLOCARIDARA_ATTACK/to_label_895.jpg,DLD_FinalDataset_224_spit/train/ALLOCARIDARA_ATTACK/to_label_896.jpg,895,896,val,train,ALLOCARIDARA_ATTACK,ALLOCARIDARA_ATTACK,30,True,True
DLD_FinalDataset_224_spit/train/ALLOCARIDARA_ATTACK/to_label_896.jpg,DLD_FinalDataset_224_spit/train/ALLOCARIDARA_ATTACK/to_label_897.jpg,896,897,train,train,ALLOCARIDARA_ATTACK,ALLOCARIDARA_ATTACK,27,True,False
DLD_FinalDataset_224_spit/train/ALLOCARIDARA_ATTACK/to_label_897.jpg,DLD_FinalDataset_224_spit/test/ALLOCARIDARA_ATTACK/to_label_898.jpg,897,898,train,test,ALLOCARIDARA_ATTACK,ALLOCARIDARA_ATTACK,31,True,True
DLD_FinalDataset_224_spit/test/ALLOCARIDARA_ATTACK/to_label_898.jpg,DLD_FinalDataset_224_spit/train/ALLOCARIDARA_ATTACK/to_label_899.jpg,898,899,test,train,ALLOCARIDARA_ATTACK,ALLOCARIDARA_ATTACK,32,True,True
DLD_FinalDataset_224_spit/train/ALLOCARIDARA_ATTACK/to_label_899.jpg,DLD_FinalDataset_224_spit/train/ALLOCARIDARA_ATTACK/to_label_900.jpg,899,900,train,train,ALLOCARIDARA_ATTACK,ALLOCARIDARA_ATTACK,31,True,False
DLD_FinalDataset_224_spit/train/ALLOCARIDARA_ATTACK/to_label_900.jpg,DLD_FinalDataset_224_spit/test/ALLOCARIDARA_ATTACK/to_label_901.jpg,900,901,train,test,ALLOCARIDARA_ATTACK,ALLOCARIDARA_ATTACK,33,True,True
DLD_FinalDataset_224_spit/test/ALLOCARIDARA_ATTACK/to_label_901.jpg,DLD_FinalDataset_224_spit/train/ALLOCARIDARA_ATTACK/to_label_902.jpg,901,902,test,train,ALLOCARIDARA_ATTACK,ALLOCARIDARA_ATTACK,26,True,True
DLD_FinalDataset_224_spit/train/ALLOCARIDARA_ATTACK/to_label_902.jpg,DLD_FinalDataset_224_spit/train/ALLOCARIDARA_ATTACK/to_label_903.jpg,902,903,train,train,ALLOCARIDARA_ATTACK,ALLOCARIDARA_ATTACK,21,True,False
DLD_FinalDataset_224_spit/train/ALLOCARIDARA_ATTACK/to_label_903.jpg,DLD_FinalDataset_224_spit/test/ALLOCARIDARA_ATTACK/to_label_904.jpg,903,904,train,test,ALLOCARIDARA_ATTACK,ALLOCARIDARA_ATTACK,26,True,True
DLD_FinalDataset_224_spit/test/ALLOCARIDARA_ATTACK/to_label_904.jpg,DLD_FinalDataset_224_spit/train/ALLOCARIDARA_ATTACK/to_label_905.jpg,904,905,test,train,ALLOCARIDARA_ATTACK,ALLOCARIDARA_ATTACK,29,True,True
DLD_FinalDataset_224_spit/train/ALLOCARIDARA_ATTACK/to_label_905.jpg,DLD_FinalDataset_224_spit/test/ALLOCARIDARA_ATTACK/to_label_906.jpg,905,906,train,test,ALLOCARIDARA_ATTACK,ALLOCARIDARA_ATTACK,32,True,True
DLD_FinalDataset_224_spit/test/ALLOCARIDARA_ATTACK/to_label_906.jpg,DLD_FinalDataset_224_spit/train/ALLOCARIDARA_ATTACK/to_label_907.jpg,906,907,test,train,ALLOCARIDARA_ATTACK,ALLOCARIDARA_ATTACK,27,True,True
DLD_FinalDataset_224_spit/train/ALLOCARIDARA_ATTACK/to_label_907.jpg,DLD_FinalDataset_224_spit/train/ALLOCARIDARA_ATTACK/to_label_908.jpg,907,908,train,train,ALLOCARIDARA_ATTACK,ALLOCARIDARA_ATTACK,29,True,False
DLD_FinalDataset_224_spit/train/ALLOCARIDARA_ATTACK/to_label_908.jpg,DLD_FinalDataset_224_spit/train/ALLOCARIDARA_ATTACK/to_label_909.jpg,908,909,train,train,ALLOCARIDARA_ATTACK,ALLOCARIDARA_ATTACK,36,True,False
DLD_FinalDataset_224_spit/train/ALLOCARIDARA_ATTACK/to_label_909.jpg,DLD_FinalDataset_224_spit/test/ALLOCARIDARA_ATTACK/to_label_910.jpg,909,910,train,test,ALLOCARIDARA_ATTACK,ALLOCARIDARA_ATTACK,34,True,True
DLD_FinalDataset_224_spit/test/ALLOCARIDARA_ATTACK/to_label_910.jpg,DLD_FinalDataset_224_spit/test/ALLOCARIDARA_ATTACK/to_label_911.jpg,910,911,test,test,ALLOCARIDARA_ATTACK,ALLOCARIDARA_ATTACK,35,True,False
DLD_FinalDataset_224_spit/test/ALLOCARIDARA_ATTACK/to_label_911.jpg,DLD_FinalDataset_224_spit/val/ALLOCARIDARA_ATTACK/to_label_912.jpg,911,912,test,val,ALLOCARIDARA_ATTACK,ALLOCARIDARA_ATTACK,29,True,True
DLD_FinalDataset_224_spit/val/ALLOCARIDARA_ATTACK/to_label_912.jpg,DLD_FinalDataset_224_spit/train/ALLOCARIDARA_ATTACK/to_label_913.jpg,912,913,val,train,ALLOCARIDARA_ATTACK,ALLOCARIDARA_ATTACK,35,True,True
DLD_FinalDataset_224_spit/train/ALLOCARIDARA_ATTACK/to_label_913.jpg,DLD_FinalDataset_224_spit/test/ALLOCARIDARA_ATTACK/to_label_914.jpg,913,914,train,test,ALLOCARIDARA_ATTACK,ALLOCARIDARA_ATTACK,36,True,True
DLD_FinalDataset_224_spit/test/ALLOCARIDARA_ATTACK/to_label_914.jpg,DLD_FinalDataset_224_spit/train/ALLOCARIDARA_ATTACK/to_label_915.jpg,914,915,test,train,ALLOCARIDARA_ATTACK,ALLOCARIDARA_ATTACK,35,True,True
DLD_FinalDataset_224_spit/train/ALLOCARIDARA_ATTACK/to_label_915.jpg,DLD_FinalDataset_224_spit/train/ALLOCARIDARA_ATTACK/to_label_916.jpg,915,916,train,train,ALLOCARIDARA_ATTACK,ALLOCARIDARA_ATTACK,29,True,False
DLD_FinalDataset_224_spit/train/ALLOCARIDARA_ATTACK/to_label_916.jpg,DLD_FinalDataset_224_spit/train/ALLOCARIDARA_ATTACK/to_label_917.jpg,916,917,train,train,ALLOCARIDARA_ATTACK,ALLOCARIDARA_ATTACK,29,True,False
DLD_FinalDataset_224_spit/train/ALLOCARIDARA_ATTACK/to_label_917.jpg,DLD_FinalDataset_224_spit/train/ALLOCARIDARA_ATTACK/to_label_918.jpg,917,918,train,train,ALLOCARIDARA_ATTACK,ALLOCARIDARA_ATTACK,37,True,False
DLD_FinalDataset_224_spit/train/ALLOCARIDARA_ATTACK/to_label_918.jpg,DLD_FinalDataset_224_spit/train/ALLOCARIDARA_ATTACK/to_label_919.jpg,918,919,train,train,ALLOCARIDARA_ATTACK,ALLOCARIDARA_ATTACK,31,True,False
DLD_FinalDataset_224_spit/train/ALLOCARIDARA_ATTACK/to_label_919.jpg,DLD_FinalDataset_224_spit/train/ALLOCARIDARA_ATTACK/to_label_920.jpg,919,920,train,train,ALLOCARIDARA_ATTACK,ALLOCARIDARA_ATTACK,20,True,False
DLD_FinalDataset_224_spit/train/ALLOCARIDARA_ATTACK/to_label_920.jpg,DLD_FinalDataset_224_spit/train/ALLOCARIDARA_ATTACK/to_label_921.jpg,920,921,train,train,ALLOCARIDARA_ATTACK,ALLOCARIDARA_ATTACK,31,True,False
DLD_FinalDataset_224_spit/train/ALLOCARIDARA_ATTACK/to_label_921.jpg,DLD_FinalDataset_224_spit/train/ALLOCARIDARA_ATTACK/to_label_922.jpg,921,922,train,train,ALLOCARIDARA_ATTACK,ALLOCARIDARA_ATTACK,25,True,False
DLD_FinalDataset_224_spit/train/ALLOCARIDARA_ATTACK/to_label_922.jpg,DLD_FinalDataset_224_spit/train/ALLOCARIDARA_ATTACK/to_label_923.jpg,922,923,train,train,ALLOCARIDARA_ATTACK,ALLOCARIDARA_ATTACK,39,True,False
DLD_FinalDataset_224_spit/train/ALLOCARIDARA_ATTACK/to_label_923.jpg,DLD_FinalDataset_224_spit/train/ALLOCARIDARA_ATTACK/to_label_924.jpg,923,924,train,train,ALLOCARIDARA_ATTACK,ALLOCARIDARA_ATTACK,32,True,False
DLD_FinalDataset_224_spit/train/ALLOCARIDARA_ATTACK/to_label_924.jpg,DLD_FinalDataset_224_spit/train/ALLOCARIDARA_ATTACK/to_label_925.jpg,924,925,train,train,ALLOCARIDARA_ATTACK,ALLOCARIDARA_ATTACK,34,True,False
DLD_FinalDataset_224_spit/train/ALLOCARIDARA_ATTACK/to_label_925.jpg,DLD_FinalDataset_224_spit/test/ALLOCARIDARA_ATTACK/to_label_926.jpg,925,926,train,test,ALLOCARIDARA_ATTACK,ALLOCARIDARA_ATTACK,22,True,True
DLD_FinalDataset_224_spit/test/ALLOCARIDARA_ATTACK/to_label_926.jpg,DLD_FinalDataset_224_spit/train/ALLOCARIDARA_ATTACK/to_label_927.jpg,926,927,test,train,ALLOCARIDARA_ATTACK,ALLOCARIDARA_ATTACK,26,True,True
DLD_FinalDataset_224_spit/train/ALLOCARIDARA_ATTACK/to_label_927.jpg,DLD_FinalDataset_224_spit/train/ALLOCARIDARA_ATTACK/to_label_928.jpg,927,928,train,train,ALLOCARIDARA_ATTACK,ALLOCARIDARA_ATTACK,28,True,False
DLD_FinalDataset_224_spit/train/ALLOCARIDARA_ATTACK/to_label_928.jpg,DLD_FinalDataset_224_spit/val/ALLOCARIDARA_ATTACK/to_label_929.jpg,928,929,train,val,ALLOCARIDARA_ATTACK,ALLOCARIDARA_ATTACK,33,True,True
DLD_FinalDataset_224_spit/val/ALLOCARIDARA_ATTACK/to_label_929.jpg,DLD_FinalDataset_224_spit/train/ALLOCARIDARA_ATTACK/to_label_930.jpg,929,930,val,train,ALLOCARIDARA_ATTACK,ALLOCARIDARA_ATTACK,30,True,True
DLD_FinalDataset_224_spit/train/ALLOCARIDARA_ATTACK/to_label_930.jpg,DLD_FinalDataset_224_spit/train/ALLOCARIDARA_ATTACK/to_label_931.jpg,930,931,train,train,ALLOCARIDARA_ATTACK,ALLOCARIDARA_ATTACK,31,True,False
DLD_FinalDataset_224_spit/train/ALLOCARIDARA_ATTACK/to_label_931.jpg,DLD_FinalDataset_224_spit/val/ALLOCARIDARA_ATTACK/to_label_932.jpg,931,932,train,val,ALLOCARIDARA_ATTACK,ALLOCARIDARA_ATTACK,33,True,True
DLD_FinalDataset_224_spit/val/ALLOCARIDARA_ATTACK/to_label_932.jpg,DLD_FinalDataset_224_spit/train/ALLOCARIDARA_ATTACK/to_label_933.jpg,932,933,val,train,ALLOCARIDARA_ATTACK,ALLOCARIDARA_ATTACK,36,True,True
DLD_FinalDataset_224_spit/train/ALLOCARIDARA_ATTACK/to_label_933.jpg,DLD_FinalDataset_224_spit/train/ALLOCARIDARA_ATTACK/to_label_934.jpg,933,934,train,train,ALLOCARIDARA_ATTACK,ALLOCARIDARA_ATTACK,30,True,False
DLD_FinalDataset_224_spit/train/ALLOCARIDARA_ATTACK/to_label_934.jpg,DLD_FinalDataset_224_spit/train/ALLOCARIDARA_ATTACK/to_label_935.jpg,934,935,train,train,ALLOCARIDARA_ATTACK,ALLOCARIDARA_ATTACK,33,True,False
DLD_FinalDataset_224_spit/train/ALLOCARIDARA_ATTACK/to_label_935.jpg,DLD_FinalDataset_224_spit/test/ALLOCARIDARA_ATTACK/to_label_936.jpg,935,936,train,test,ALLOCARIDARA_ATTACK,ALLOCARIDARA_ATTACK,23,True,True
DLD_FinalDataset_224_spit/test/ALLOCARIDARA_ATTACK/to_label_936.jpg,DLD_FinalDataset_224_spit/test/ALLOCARIDARA_ATTACK/to_label_937.jpg,936,937,test,test,ALLOCARIDARA_ATTACK,ALLOCARIDARA_ATTACK,27,True,False
DLD_FinalDataset_224_spit/test/ALLOCARIDARA_ATTACK/to_label_937.jpg,DLD_FinalDataset_224_spit/val/ALLOCARIDARA_ATTACK/to_label_938.jpg,937,938,test,val,ALLOCARIDARA_ATTACK,ALLOCARIDARA_ATTACK,38,True,True
DLD_FinalDataset_224_spit/val/ALLOCARIDARA_ATTACK/to_label_938.jpg,DLD_FinalDataset_224_spit/train/ALLOCARIDARA_ATTACK/to_label_939.jpg,938,939,val,train,ALLOCARIDARA_ATTACK,ALLOCARIDARA_ATTACK,25,True,True
DLD_FinalDataset_224_spit/train/ALLOCARIDARA_ATTACK/to_label_939.jpg,DLD_FinalDataset_224_spit/val/ALLOCARIDARA_ATTACK/to_label_940.jpg,939,940,train,val,ALLOCARIDARA_ATTACK,ALLOCARIDARA_ATTACK,29,True,True
DLD_FinalDataset_224_spit/val/ALLOCARIDARA_ATTACK/to_label_940.jpg,DLD_FinalDataset_224_spit/train/ALLOCARIDARA_ATTACK/to_label_941.jpg,940,941,val,train,ALLOCARIDARA_ATTACK,ALLOCARIDARA_ATTACK,39,True,True
DLD_FinalDataset_224_spit/train/ALLOCARIDARA_ATTACK/to_label_941.jpg,DLD_FinalDataset_224_spit/train/ALLOCARIDARA_ATTACK/to_label_942.jpg,941,942,train,train,ALLOCARIDARA_ATTACK,ALLOCARIDARA_ATTACK,31,True,False
DLD_FinalDataset_224_spit/train/ALLOCARIDARA_ATTACK/to_label_942.jpg,DLD_FinalDataset_224_spit/train/ALLOCARIDARA_ATTACK/to_label_943.jpg,942,943,train,train,ALLOCARIDARA_ATTACK,ALLOCARIDARA_ATTACK,44,True,False
DLD_FinalDataset_224_spit/train/ALLOCARIDARA_ATTACK/to_label_943.jpg,DLD_FinalDataset_224_spit/train/ALLOCARIDARA_ATTACK/to_label_944.jpg,943,944,train,train,ALLOCARIDARA_ATTACK,ALLOCARIDARA_ATTACK,29,True,False
DLD_FinalDataset_224_spit/train/ALLOCARIDARA_ATTACK/to_label_944.jpg,DLD_FinalDataset_224_spit/train/ALLOCARIDARA_ATTACK/to_label_945.jpg,944,945,train,train,ALLOCARIDARA_ATTACK,ALLOCARIDARA_ATTACK,37,True,False
DLD_FinalDataset_224_spit/train/ALLOCARIDARA_ATTACK/to_label_945.jpg,DLD_FinalDataset_224_spit/train/ALLOCARIDARA_ATTACK/to_label_946.jpg,945,946,train,train,ALLOCARIDARA_ATTACK,ALLOCARIDARA_ATTACK,27,True,False
DLD_FinalDataset_224_spit/train/ALLOCARIDARA_ATTACK/to_label_946.jpg,DLD_FinalDataset_224_spit/train/ALLOCARIDARA_ATTACK/to_label_947.jpg,946,947,train,train,ALLOCARIDARA_ATTACK,ALLOCARIDARA_ATTACK,38,True,False
DLD_FinalDataset_224_spit/train/ALLOCARIDARA_ATTACK/to_label_947.jpg,DLD_FinalDataset_224_spit/val/ALLOCARIDARA_ATTACK/to_label_948.jpg,947,948,train,val,ALLOCARIDARA_ATTACK,ALLOCARIDARA_ATTACK,31,True,True
DLD_FinalDataset_224_spit/val/ALLOCARIDARA_ATTACK/to_label_948.jpg,DLD_FinalDataset_224_spit/test/ALLOCARIDARA_ATTACK/to_label_949.jpg,948,949,val,test,ALLOCARIDARA_ATTACK,ALLOCARIDARA_ATTACK,35,True,True
DLD_FinalDataset_224_spit/test/ALLOCARIDARA_ATTACK/to_label_949.jpg,DLD_FinalDataset_224_spit/val/ALLOCARIDARA_ATTACK/to_label_950.jpg,949,950,test,val,ALLOCARIDARA_ATTACK,ALLOCARIDARA_ATTACK,36,True,True
DLD_FinalDataset_224_spit/val/ALLOCARIDARA_ATTACK/to_label_950.jpg,DLD_FinalDataset_224_spit/test/ALLOCARIDARA_ATTACK/to_label_951.jpg,950,951,val,test,ALLOCARIDARA_ATTACK,ALLOCARIDARA_ATTACK,34,True,True
DLD_FinalDataset_224_spit/test/ALLOCARIDARA_ATTACK/to_label_951.jpg,DLD_FinalDataset_224_spit/train/ALLOCARIDARA_ATTACK/to_label_952.jpg,951,952,test,train,ALLOCARIDARA_ATTACK,ALLOCARIDARA_ATTACK,32,True,True
DLD_FinalDataset_224_spit/train/ALLOCARIDARA_ATTACK/to_label_952.jpg,DLD_FinalDataset_224_spit/train/ALLOCARIDARA_ATTACK/to_label_953.jpg,952,953,train,train,ALLOCARIDARA_ATTACK,ALLOCARIDARA_ATTACK,23,True,False
DLD_FinalDataset_224_spit/train/ALLOCARIDARA_ATTACK/to_label_953.jpg,DLD_FinalDataset_224_spit/train/ALLOCARIDARA_ATTACK/to_label_954.jpg,953,954,train,train,ALLOCARIDARA_ATTACK,ALLOCARIDARA_ATTACK,38,True,False
DLD_FinalDataset_224_spit/train/ALLOCARIDARA_ATTACK/to_label_954.jpg,DLD_FinalDataset_224_spit/test/ALLOCARIDARA_ATTACK/to_label_955.jpg,954,955,train,test,ALLOCARIDARA_ATTACK,ALLOCARIDARA_ATTACK,33,True,True
DLD_FinalDataset_224_spit/test/ALLOCARIDARA_ATTACK/to_label_955.jpg,DLD_FinalDataset_224_spit/test/ALLOCARIDARA_ATTACK/to_label_956.jpg,955,956,test,test,ALLOCARIDARA_ATTACK,ALLOCARIDARA_ATTACK,24,True,False
DLD_FinalDataset_224_spit/test/ALLOCARIDARA_ATTACK/to_label_956.jpg,DLD_FinalDataset_224_spit/train/ALLOCARIDARA_ATTACK/to_label_957.jpg,956,957,test,train,ALLOCARIDARA_ATTACK,ALLOCARIDARA_ATTACK,29,True,True
DLD_FinalDataset_224_spit/train/ALLOCARIDARA_ATTACK/to_label_957.jpg,DLD_FinalDataset_224_spit/train/ALLOCARIDARA_ATTACK/to_label_958.jpg,957,958,train,train,ALLOCARIDARA_ATTACK,ALLOCARIDARA_ATTACK,40,True,False
DLD_FinalDataset_224_spit/train/ALLOCARIDARA_ATTACK/to_label_958.jpg,DLD_FinalDataset_224_spit/train/ALLOCARIDARA_ATTACK/to_label_959.jpg,958,959,train,train,ALLOCARIDARA_ATTACK,ALLOCARIDARA_ATTACK,32,True,False
DLD_FinalDataset_224_spit/train/ALLOCARIDARA_ATTACK/to_label_959.jpg,DLD_FinalDataset_224_spit/test/ALLOCARIDARA_ATTACK/to_label_960.jpg,959,960,train,test,ALLOCARIDARA_ATTACK,ALLOCARIDARA_ATTACK,34,True,True
DLD_FinalDataset_224_spit/test/ALLOCARIDARA_ATTACK/to_label_960.jpg,DLD_FinalDataset_224_spit/train/ALLOCARIDARA_ATTACK/to_label_961.jpg,960,961,test,train,ALLOCARIDARA_ATTACK,ALLOCARIDARA_ATTACK,24,True,True
DLD_FinalDataset_224_spit/train/ALLOCARIDARA_ATTACK/to_label_961.jpg,DLD_FinalDataset_224_spit/train/ALLOCARIDARA_ATTACK/to_label_962.jpg,961,962,train,train,ALLOCARIDARA_ATTACK,ALLOCARIDARA_ATTACK,37,True,False
DLD_FinalDataset_224_spit/train/ALLOCARIDARA_ATTACK/to_label_962.jpg,DLD_FinalDataset_224_spit/test/ALLOCARIDARA_ATTACK/to_label_963.jpg,962,963,train,test,ALLOCARIDARA_ATTACK,ALLOCARIDARA_ATTACK,28,True,True
DLD_FinalDataset_224_spit/test/ALLOCARIDARA_ATTACK/to_label_963.jpg,DLD_FinalDataset_224_spit/train/ALLOCARIDARA_ATTACK/to_label_964.jpg,963,964,test,train,ALLOCARIDARA_ATTACK,ALLOCARIDARA_ATTACK,38,True,True
DLD_FinalDataset_224_spit/train/ALLOCARIDARA_ATTACK/to_label_964.jpg,DLD_FinalDataset_224_spit/train/ALLOCARIDARA_ATTACK/to_label_965.jpg,964,965,train,train,ALLOCARIDARA_ATTACK,ALLOCARIDARA_ATTACK,25,True,False
DLD_FinalDataset_224_spit/train/ALLOCARIDARA_ATTACK/to_label_965.jpg,DLD_FinalDataset_224_spit/train/ALLOCARIDARA_ATTACK/to_label_966.jpg,965,966,train,train,ALLOCARIDARA_ATTACK,ALLOCARIDARA_ATTACK,30,True,False
DLD_FinalDataset_224_spit/train/ALLOCARIDARA_ATTACK/to_label_966.jpg,DLD_FinalDataset_224_spit/train/ALLOCARIDARA_ATTACK/to_label_967.jpg,966,967,train,train,ALLOCARIDARA_ATTACK,ALLOCARIDARA_ATTACK,26,True,False
DLD_FinalDataset_224_spit/train/ALLOCARIDARA_ATTACK/to_label_967.jpg,DLD_FinalDataset_224_spit/train/ALLOCARIDARA_ATTACK/to_label_968.jpg,967,968,train,train,ALLOCARIDARA_ATTACK,ALLOCARIDARA_ATTACK,29,True,False
DLD_FinalDataset_224_spit/train/ALLOCARIDARA_ATTACK/to_label_968.jpg,DLD_FinalDataset_224_spit/train/ALLOCARIDARA_ATTACK/to_label_969.jpg,968,969,train,train,ALLOCARIDARA_ATTACK,ALLOCARIDARA_ATTACK,33,True,False
DLD_FinalDataset_224_spit/train/ALLOCARIDARA_ATTACK/to_label_969.jpg,DLD_FinalDataset_224_spit/train/ALLOCARIDARA_ATTACK/to_label_970.jpg,969,970,train,train,ALLOCARIDARA_ATTACK,ALLOCARIDARA_ATTACK,34,True,False
DLD_FinalDataset_224_spit/train/ALLOCARIDARA_ATTACK/to_label_970.jpg,DLD_FinalDataset_224_spit/train/ALLOCARIDARA_ATTACK/to_label_971.jpg,970,971,train,train,ALLOCARIDARA_ATTACK,ALLOCARIDARA_ATTACK,35,True,False
DLD_FinalDataset_224_spit/train/ALLOCARIDARA_ATTACK/to_label_971.jpg,DLD_FinalDataset_224_spit/train/ALLOCARIDARA_ATTACK/to_label_972.jpg,971,972,train,train,ALLOCARIDARA_ATTACK,ALLOCARIDARA_ATTACK,33,True,False
DLD_FinalDataset_224_spit/train/ALLOCARIDARA_ATTACK/to_label_972.jpg,DLD_FinalDataset_224_spit/train/ALLOCARIDARA_ATTACK/to_label_973.jpg,972,973,train,train,ALLOCARIDARA_ATTACK,ALLOCARIDARA_ATTACK,30,True,False
DLD_FinalDataset_224_spit/train/ALLOCARIDARA_ATTACK/to_label_973.jpg,DLD_FinalDataset_224_spit/test/ALLOCARIDARA_ATTACK/to_label_974.jpg,973,974,train,test,ALLOCARIDARA_ATTACK,ALLOCARIDARA_ATTACK,30,True,True
DLD_FinalDataset_224_spit/test/ALLOCARIDARA_ATTACK/to_label_974.jpg,DLD_FinalDataset_224_spit/test/ALLOCARIDARA_ATTACK/to_label_975.jpg,974,975,test,test,ALLOCARIDARA_ATTACK,ALLOCARIDARA_ATTACK,32,True,False
DLD_FinalDataset_224_spit/test/ALLOCARIDARA_ATTACK/to_label_975.jpg,DLD_FinalDataset_224_spit/train/ALLOCARIDARA_ATTACK/to_label_976.jpg,975,976,test,train,ALLOCARIDARA_ATTACK,ALLOCARIDARA_ATTACK,31,True,True
DLD_FinalDataset_224_spit/train/ALLOCARIDARA_ATTACK/to_label_976.jpg,DLD_FinalDataset_224_spit/val/ALLOCARIDARA_ATTACK/to_label_977.jpg,976,977,train,val,ALLOCARIDARA_ATTACK,ALLOCARIDARA_ATTACK,23,True,True
DLD_FinalDataset_224_spit/val/ALLOCARIDARA_ATTACK/to_label_977.jpg,DLD_FinalDataset_224_spit/test/ALLOCARIDARA_ATTACK/to_label_978.jpg,977,978,val,test,ALLOCARIDARA_ATTACK,ALLOCARIDARA_ATTACK,35,True,True
DLD_FinalDataset_224_spit/test/ALLOCARIDARA_ATTACK/to_label_978.jpg,DLD_FinalDataset_224_spit/test/ALLOCARIDARA_ATTACK/to_label_979.jpg,978,979,test,test,ALLOCARIDARA_ATTACK,ALLOCARIDARA_ATTACK,31,True,False
DLD_FinalDataset_224_spit/test/ALLOCARIDARA_ATTACK/to_label_979.jpg,DLD_FinalDataset_224_spit/train/ALLOCARIDARA_ATTACK/to_label_980.jpg,979,980,test,train,ALLOCARIDARA_ATTACK,ALLOCARIDARA_ATTACK,26,True,True
DLD_FinalDataset_224_spit/train/ALLOCARIDARA_ATTACK/to_label_980.jpg,DLD_FinalDataset_224_spit/train/ALLOCARIDARA_ATTACK/to_label_981.jpg,980,981,train,train,ALLOCARIDARA_ATTACK,ALLOCARIDARA_ATTACK,37,True,False
DLD_FinalDataset_224_spit/train/ALLOCARIDARA_ATTACK/to_label_981.jpg,DLD_FinalDataset_224_spit/train/ALLOCARIDARA_ATTACK/to_label_982.jpg,981,982,train,train,ALLOCARIDARA_ATTACK,ALLOCARIDARA_ATTACK,30,True,False
DLD_FinalDataset_224_spit/train/ALLOCARIDARA_ATTACK/to_label_982.jpg,DLD_FinalDataset_224_spit/train/ALLOCARIDARA_ATTACK/to_label_983.jpg,982,983,train,train,ALLOCARIDARA_ATTACK,ALLOCARIDARA_ATTACK,31,True,False
DLD_FinalDataset_224_spit/train/ALLOCARIDARA_ATTACK/to_label_983.jpg,DLD_FinalDataset_224_spit/train/ALLOCARIDARA_ATTACK/to_label_984.jpg,983,984,train,train,ALLOCARIDARA_ATTACK,ALLOCARIDARA_ATTACK,32,True,False
DLD_FinalDataset_224_spit/train/ALLOCARIDARA_ATTACK/to_label_984.jpg,DLD_FinalDataset_224_spit/test/ALLOCARIDARA_ATTACK/to_label_985.jpg,984,985,train,test,ALLOCARIDARA_ATTACK,ALLOCARIDARA_ATTACK,34,True,True
DLD_FinalDataset_224_spit/test/ALLOCARIDARA_ATTACK/to_label_985.jpg,DLD_FinalDataset_224_spit/test/ALLOCARIDARA_ATTACK/to_label_986.jpg,985,986,test,test,ALLOCARIDARA_ATTACK,ALLOCARIDARA_ATTACK,31,True,False
DLD_FinalDataset_224_spit/test/ALLOCARIDARA_ATTACK/to_label_986.jpg,DLD_FinalDataset_224_spit/train/ALLOCARIDARA_ATTACK/to_label_987.jpg,986,987,test,train,ALLOCARIDARA_ATTACK,ALLOCARIDARA_ATTACK,38,True,True
DLD_FinalDataset_224_spit/train/ALLOCARIDARA_ATTACK/to_label_987.jpg,DLD_FinalDataset_224_spit/train/ALLOCARIDARA_ATTACK/to_label_988.jpg,987,988,train,train,ALLOCARIDARA_ATTACK,ALLOCARIDARA_ATTACK,29,True,False
DLD_FinalDataset_224_spit/train/ALLOCARIDARA_ATTACK/to_label_988.jpg,DLD_FinalDataset_224_spit/test/ALLOCARIDARA_ATTACK/to_label_989.jpg,988,989,train,test,ALLOCARIDARA_ATTACK,ALLOCARIDARA_ATTACK,38,True,True
DLD_FinalDataset_224_spit/test/ALLOCARIDARA_ATTACK/to_label_989.jpg,DLD_FinalDataset_224_spit/train/ALLOCARIDARA_ATTACK/to_label_990.jpg,989,990,test,train,ALLOCARIDARA_ATTACK,ALLOCARIDARA_ATTACK,33,True,True
DLD_FinalDataset_224_spit/train/ALLOCARIDARA_ATTACK/to_label_990.jpg,DLD_FinalDataset_224_spit/train/ALLOCARIDARA_ATTACK/to_label_991.jpg,990,991,train,train,ALLOCARIDARA_ATTACK,ALLOCARIDARA_ATTACK,32,True,False
DLD_FinalDataset_224_spit/train/ALLOCARIDARA_ATTACK/to_label_991.jpg,DLD_FinalDataset_224_spit/train/ALLOCARIDARA_ATTACK/to_label_992.jpg,991,992,train,train,ALLOCARIDARA_ATTACK,ALLOCARIDARA_ATTACK,32,True,False
DLD_FinalDataset_224_spit/train/ALLOCARIDARA_ATTACK/to_label_992.jpg,DLD_FinalDataset_224_spit/test/ALLOCARIDARA_ATTACK/to_label_993.jpg,992,993,train,test,ALLOCARIDARA_ATTACK,ALLOCARIDARA_ATTACK,29,True,True
DLD_FinalDataset_224_spit/test/ALLOCARIDARA_ATTACK/to_label_993.jpg,DLD_FinalDataset_224_spit/test/ALLOCARIDARA_ATTACK/to_label_994.jpg,993,994,test,test,ALLOCARIDARA_ATTACK,ALLOCARIDARA_ATTACK,25,True,False
DLD_FinalDataset_224_spit/test/ALLOCARIDARA_ATTACK/to_label_994.jpg,DLD_FinalDataset_224_spit/val/ALLOCARIDARA_ATTACK/to_label_995.jpg,994,995,test,val,ALLOCARIDARA_ATTACK,ALLOCARIDARA_ATTACK,35,True,True
DLD_FinalDataset_224_spit/val/ALLOCARIDARA_ATTACK/to_label_995.jpg,DLD_FinalDataset_224_spit/train/ALLOCARIDARA_ATTACK/to_label_996.jpg,995,996,val,train,ALLOCARIDARA_ATTACK,ALLOCARIDARA_ATTACK,34,True,True
DLD_FinalDataset_224_spit/train/ALLOCARIDARA_ATTACK/to_label_996.jpg,DLD_FinalDataset_224_spit/train/ALLOCARIDARA_ATTACK/to_label_997.jpg,996,997,train,train,ALLOCARIDARA_ATTACK,ALLOCARIDARA_ATTACK,28,True,False
DLD_FinalDataset_224_spit/train/ALLOCARIDARA_ATTACK/to_label_997.jpg,DLD_FinalDataset_224_spit/test/ALLOCARIDARA_ATTACK/to_label_998.jpg,997,998,train,test,ALLOCARIDARA_ATTACK,ALLOCARIDARA_ATTACK,29,True,True
DLD_FinalDataset_224_spit/test/ALLOCARIDARA_ATTACK/to_label_998.jpg,DLD_FinalDataset_224_spit/train/ALLOCARIDARA_ATTACK/to_label_999.jpg,998,999,test,train,ALLOCARIDARA_ATTACK,ALLOCARIDARA_ATTACK,29,True,True
DLD_FinalDataset_224_spit/train/ALLOCARIDARA_ATTACK/to_label_999.jpg,DLD_FinalDataset_224_spit/train/ALLOCARIDARA_ATTACK/to_label_1000.jpg,999,1000,train,train,ALLOCARIDARA_ATTACK,ALLOCARIDARA_ATTACK,37,True,False
DLD_FinalDataset_224_spit/train/ALLOCARIDARA_ATTACK/to_label_1000.jpg,DLD_FinalDataset_224_spit/train/ALLOCARIDARA_ATTACK/to_label_1001.jpg,1000,1001,train,train,ALLOCARIDARA_ATTACK,ALLOCARIDARA_ATTACK,35,True,False
DLD_FinalDataset_224_spit/train/ALLOCARIDARA_ATTACK/to_label_1001.jpg,DLD_FinalDataset_224_spit/val/ALLOCARIDARA_ATTACK/to_label_1002.jpg,1001,1002,train,val,ALLOCARIDARA_ATTACK,ALLOCARIDARA_ATTACK,43,True,True
DLD_FinalDataset_224_spit/val/ALLOCARIDARA_ATTACK/to_label_1002.jpg,DLD_FinalDataset_224_spit/train/ALLOCARIDARA_ATTACK/to_label_1003.jpg,1002,1003,val,train,ALLOCARIDARA_ATTACK,ALLOCARIDARA_ATTACK,42,True,True
DLD_FinalDataset_224_spit/train/ALLOCARIDARA_ATTACK/to_label_1003.jpg,DLD_FinalDataset_224_spit/train/ALLOCARIDARA_ATTACK/to_label_1004.jpg,1003,1004,train,train,ALLOCARIDARA_ATTACK,ALLOCARIDARA_ATTACK,27,True,False
DLD_FinalDataset_224_spit/train/ALLOCARIDARA_ATTACK/to_label_1004.jpg,DLD_FinalDataset_224_spit/val/ALLOCARIDARA_ATTACK/to_label_1005.jpg,1004,1005,train,val,ALLOCARIDARA_ATTACK,ALLOCARIDARA_ATTACK,27,True,True
DLD_FinalDataset_224_spit/val/ALLOCARIDARA_ATTACK/to_label_1005.jpg,DLD_FinalDataset_224_spit/train/ALLOCARIDARA_ATTACK/to_label_1006.jpg,1005,1006,val,train,ALLOCARIDARA_ATTACK,ALLOCARIDARA_ATTACK,35,True,True
DLD_FinalDataset_224_spit/train/ALLOCARIDARA_ATTACK/to_label_1006.jpg,DLD_FinalDataset_224_spit/test/ALLOCARIDARA_ATTACK/to_label_1007.jpg,1006,1007,train,test,ALLOCARIDARA_ATTACK,ALLOCARIDARA_ATTACK,38,True,True
DLD_FinalDataset_224_spit/test/ALLOCARIDARA_ATTACK/to_label_1007.jpg,DLD_FinalDataset_224_spit/train/ALLOCARIDARA_ATTACK/to_label_1008.jpg,1007,1008,test,train,ALLOCARIDARA_ATTACK,ALLOCARIDARA_ATTACK,26,True,True
DLD_FinalDataset_224_spit/train/ALLOCARIDARA_ATTACK/to_label_1008.jpg,DLD_FinalDataset_224_spit/train/ALLOCARIDARA_ATTACK/to_label_1009.jpg,1008,1009,train,train,ALLOCARIDARA_ATTACK,ALLOCARIDARA_ATTACK,34,True,False
DLD_FinalDataset_224_spit/train/ALLOCARIDARA_ATTACK/to_label_1009.jpg,DLD_FinalDataset_224_spit/test/ALLOCARIDARA_ATTACK/to_label_1010.jpg,1009,1010,train,test,ALLOCARIDARA_ATTACK,ALLOCARIDARA_ATTACK,28,True,True
DLD_FinalDataset_224_spit/test/ALLOCARIDARA_ATTACK/to_label_1010.jpg,DLD_FinalDataset_224_spit/train/ALLOCARIDARA_ATTACK/to_label_1011.jpg,1010,1011,test,train,ALLOCARIDARA_ATTACK,ALLOCARIDARA_ATTACK,32,True,True
DLD_FinalDataset_224_spit/train/ALLOCARIDARA_ATTACK/to_label_1013.jpg,DLD_FinalDataset_224_spit/train/ALLOCARIDARA_ATTACK/to_label_1014.jpg,1013,1014,train,train,ALLOCARIDARA_ATTACK,ALLOCARIDARA_ATTACK,25,True,False
DLD_FinalDataset_224_spit/train/ALLOCARIDARA_ATTACK/to_label_1014.jpg,DLD_FinalDataset_224_spit/train/ALLOCARIDARA_ATTACK/to_label_1015.jpg,1014,1015,train,train,ALLOCARIDARA_ATTACK,ALLOCARIDARA_ATTACK,34,True,False
DLD_FinalDataset_224_spit/train/ALLOCARIDARA_ATTACK/to_label_1015.jpg,DLD_FinalDataset_224_spit/train/ALLOCARIDARA_ATTACK/to_label_1016.jpg,1015,1016,train,train,ALLOCARIDARA_ATTACK,ALLOCARIDARA_ATTACK,34,True,False
DLD_FinalDataset_224_spit/train/ALLOCARIDARA_ATTACK/to_label_1016.jpg,DLD_FinalDataset_224_spit/train/ALLOCARIDARA_ATTACK/to_label_1017.jpg,1016,1017,train,train,ALLOCARIDARA_ATTACK,ALLOCARIDARA_ATTACK,32,True,False
DLD_FinalDataset_224_spit/train/ALLOCARIDARA_ATTACK/to_label_1017.jpg,DLD_FinalDataset_224_spit/train/ALLOCARIDARA_ATTACK/to_label_1018.jpg,1017,1018,train,train,ALLOCARIDARA_ATTACK,ALLOCARIDARA_ATTACK,27,True,False
DLD_FinalDataset_224_spit/train/ALLOCARIDARA_ATTACK/to_label_1018.jpg,DLD_FinalDataset_224_spit/train/ALLOCARIDARA_ATTACK/to_label_1019.jpg,1018,1019,train,train,ALLOCARIDARA_ATTACK,ALLOCARIDARA_ATTACK,30,True,False
DLD_FinalDataset_224_spit/train/ALLOCARIDARA_ATTACK/to_label_1019.jpg,DLD_FinalDataset_224_spit/train/ALLOCARIDARA_ATTACK/to_label_1020.jpg,1019,1020,train,train,ALLOCARIDARA_ATTACK,ALLOCARIDARA_ATTACK,27,True,False
DLD_FinalDataset_224_spit/train/ALLOCARIDARA_ATTACK/to_label_1020.jpg,DLD_FinalDataset_224_spit/train/ALLOCARIDARA_ATTACK/to_label_1021.jpg,1020,1021,train,train,ALLOCARIDARA_ATTACK,ALLOCARIDARA_ATTACK,29,True,False
DLD_FinalDataset_224_spit/train/ALLOCARIDARA_ATTACK/to_label_1021.jpg,DLD_FinalDataset_224_spit/train/ALLOCARIDARA_ATTACK/to_label_1022.jpg,1021,1022,train,train,ALLOCARIDARA_ATTACK,ALLOCARIDARA_ATTACK,32,True,False
DLD_FinalDataset_224_spit/train/ALLOCARIDARA_ATTACK/to_label_1022.jpg,DLD_FinalDataset_224_spit/train/ALLOCARIDARA_ATTACK/to_label_1023.jpg,1022,1023,train,train,ALLOCARIDARA_ATTACK,ALLOCARIDARA_ATTACK,33,True,False
DLD_FinalDataset_224_spit/train/ALLOCARIDARA_ATTACK/to_label_1023.jpg,DLD_FinalDataset_224_spit/val/ALLOCARIDARA_ATTACK/to_label_1024.jpg,1023,1024,train,val,ALLOCARIDARA_ATTACK,ALLOCARIDARA_ATTACK,28,True,True
DLD_FinalDataset_224_spit/val/ALLOCARIDARA_ATTACK/to_label_1024.jpg,DLD_FinalDataset_224_spit/train/ALLOCARIDARA_ATTACK/to_label_1025.jpg,1024,1025,val,train,ALLOCARIDARA_ATTACK,ALLOCARIDARA_ATTACK,32,True,True
DLD_FinalDataset_224_spit/train/ALLOCARIDARA_ATTACK/to_label_1025.jpg,DLD_FinalDataset_224_spit/test/ALLOCARIDARA_ATTACK/to_label_1026.jpg,1025,1026,train,test,ALLOCARIDARA_ATTACK,ALLOCARIDARA_ATTACK,35,True,True
DLD_FinalDataset_224_spit/test/ALLOCARIDARA_ATTACK/to_label_1026.jpg,DLD_FinalDataset_224_spit/train/ALLOCARIDARA_ATTACK/to_label_1027.jpg,1026,1027,test,train,ALLOCARIDARA_ATTACK,ALLOCARIDARA_ATTACK,23,True,True
DLD_FinalDataset_224_spit/train/ALLOCARIDARA_ATTACK/to_label_1027.jpg,DLD_FinalDataset_224_spit/train/ALLOCARIDARA_ATTACK/to_label_1028.jpg,1027,1028,train,train,ALLOCARIDARA_ATTACK,ALLOCARIDARA_ATTACK,28,True,False
DLD_FinalDataset_224_spit/train/ALLOCARIDARA_ATTACK/to_label_1028.jpg,DLD_FinalDataset_224_spit/train/ALLOCARIDARA_ATTACK/to_label_1029.jpg,1028,1029,train,train,ALLOCARIDARA_ATTACK,ALLOCARIDARA_ATTACK,38,True,False
DLD_FinalDataset_224_spit/train/ALLOCARIDARA_ATTACK/to_label_1029.jpg,DLD_FinalDataset_224_spit/val/ALLOCARIDARA_ATTACK/to_label_1030.jpg,1029,1030,train,val,ALLOCARIDARA_ATTACK,ALLOCARIDARA_ATTACK,25,True,True
DLD_FinalDataset_224_spit/val/ALLOCARIDARA_ATTACK/to_label_1030.jpg,DLD_FinalDataset_224_spit/test/ALLOCARIDARA_ATTACK/to_label_1031.jpg,1030,1031,val,test,ALLOCARIDARA_ATTACK,ALLOCARIDARA_ATTACK,22,True,True
DLD_FinalDataset_224_spit/test/ALLOCARIDARA_ATTACK/to_label_1031.jpg,DLD_FinalDataset_224_spit/test/ALLOCARIDARA_ATTACK/to_label_1032.jpg,1031,1032,test,test,ALLOCARIDARA_ATTACK,ALLOCARIDARA_ATTACK,31,True,False
DLD_FinalDataset_224_spit/test/ALLOCARIDARA_ATTACK/to_label_1032.jpg,DLD_FinalDataset_224_spit/train/ALLOCARIDARA_ATTACK/to_label_1033.jpg,1032,1033,test,train,ALLOCARIDARA_ATTACK,ALLOCARIDARA_ATTACK,34,True,True
DLD_FinalDataset_224_spit/train/ALLOCARIDARA_ATTACK/to_label_1033.jpg,DLD_FinalDataset_224_spit/val/ALLOCARIDARA_ATTACK/to_label_1034.jpg,1033,1034,train,val,ALLOCARIDARA_ATTACK,ALLOCARIDARA_ATTACK,34,True,True
DLD_FinalDataset_224_spit/val/ALLOCARIDARA_ATTACK/to_label_1034.jpg,DLD_FinalDataset_224_spit/train/ALLOCARIDARA_ATTACK/to_label_1035.jpg,1034,1035,val,train,ALLOCARIDARA_ATTACK,ALLOCARIDARA_ATTACK,32,True,True
DLD_FinalDataset_224_spit/train/ALLOCARIDARA_ATTACK/to_label_1035.jpg,DLD_FinalDataset_224_spit/train/ALLOCARIDARA_ATTACK/to_label_1036.jpg,1035,1036,train,train,ALLOCARIDARA_ATTACK,ALLOCARIDARA_ATTACK,34,True,False
DLD_FinalDataset_224_spit/train/ALLOCARIDARA_ATTACK/to_label_1036.jpg,DLD_FinalDataset_224_spit/train/ALLOCARIDARA_ATTACK/to_label_1037.jpg,1036,1037,train,train,ALLOCARIDARA_ATTACK,ALLOCARIDARA_ATTACK,32,True,False
DLD_FinalDataset_224_spit/train/ALLOCARIDARA_ATTACK/to_label_1037.jpg,DLD_FinalDataset_224_spit/train/ALLOCARIDARA_ATTACK/to_label_1038.jpg,1037,1038,train,train,ALLOCARIDARA_ATTACK,ALLOCARIDARA_ATTACK,28,True,False
DLD_FinalDataset_224_spit/train/ALLOCARIDARA_ATTACK/to_label_1038.jpg,DLD_FinalDataset_224_spit/train/ALLOCARIDARA_ATTACK/to_label_1039.jpg,1038,1039,train,train,ALLOCARIDARA_ATTACK,ALLOCARIDARA_ATTACK,25,True,False
DLD_FinalDataset_224_spit/train/ALLOCARIDARA_ATTACK/to_label_1039.jpg,DLD_FinalDataset_224_spit/test/ALLOCARIDARA_ATTACK/to_label_1040.jpg,1039,1040,train,test,ALLOCARIDARA_ATTACK,ALLOCARIDARA_ATTACK,30,True,True
DLD_FinalDataset_224_spit/test/ALLOCARIDARA_ATTACK/to_label_1040.jpg,DLD_FinalDataset_224_spit/train/ALLOCARIDARA_ATTACK/to_label_1041.jpg,1040,1041,test,train,ALLOCARIDARA_ATTACK,ALLOCARIDARA_ATTACK,34,True,True
DLD_FinalDataset_224_spit/train/ALLOCARIDARA_ATTACK/to_label_1041.jpg,DLD_FinalDataset_224_spit/train/ALLOCARIDARA_ATTACK/to_label_1042.jpg,1041,1042,train,train,ALLOCARIDARA_ATTACK,ALLOCARIDARA_ATTACK,32,True,False
DLD_FinalDataset_224_spit/train/ALLOCARIDARA_ATTACK/to_label_1042.jpg,DLD_FinalDataset_224_spit/train/ALLOCARIDARA_ATTACK/to_label_1043.jpg,1042,1043,train,train,ALLOCARIDARA_ATTACK,ALLOCARIDARA_ATTACK,33,True,False
DLD_FinalDataset_224_spit/train/ALLOCARIDARA_ATTACK/to_label_1043.jpg,DLD_FinalDataset_224_spit/train/ALLOCARIDARA_ATTACK/to_label_1044.jpg,1043,1044,train,train,ALLOCARIDARA_ATTACK,ALLOCARIDARA_ATTACK,31,True,False
DLD_FinalDataset_224_spit/train/ALLOCARIDARA_ATTACK/to_label_1054.jpg,DLD_FinalDataset_224_spit/train/ALLOCARIDARA_ATTACK/to_label_1055.jpg,1054,1055,train,train,ALLOCARIDARA_ATTACK,ALLOCARIDARA_ATTACK,37,True,False
DLD_FinalDataset_224_spit/train/ALLOCARIDARA_ATTACK/to_label_1055.jpg,DLD_FinalDataset_224_spit/train/ALLOCARIDARA_ATTACK/to_label_1056.jpg,1055,1056,train,train,ALLOCARIDARA_ATTACK,ALLOCARIDARA_ATTACK,34,True,False
DLD_FinalDataset_224_spit/train/ALLOCARIDARA_ATTACK/to_label_1056.jpg,DLD_FinalDataset_224_spit/train/ALLOCARIDARA_ATTACK/to_label_1057.jpg,1056,1057,train,train,ALLOCARIDARA_ATTACK,ALLOCARIDARA_ATTACK,36,True,False
DLD_FinalDataset_224_spit/train/ALLOCARIDARA_ATTACK/to_label_1057.jpg,DLD_FinalDataset_224_spit/val/ALLOCARIDARA_ATTACK/to_label_1058.jpg,1057,1058,train,val,ALLOCARIDARA_ATTACK,ALLOCARIDARA_ATTACK,29,True,True
DLD_FinalDataset_224_spit/val/ALLOCARIDARA_ATTACK/to_label_1058.jpg,DLD_FinalDataset_224_spit/train/ALLOCARIDARA_ATTACK/to_label_1059.jpg,1058,1059,val,train,ALLOCARIDARA_ATTACK,ALLOCARIDARA_ATTACK,26,True,True
DLD_FinalDataset_224_spit/train/ALLOCARIDARA_ATTACK/to_label_1059.jpg,DLD_FinalDataset_224_spit/train/ALLOCARIDARA_ATTACK/to_label_1060.jpg,1059,1060,train,train,ALLOCARIDARA_ATTACK,ALLOCARIDARA_ATTACK,33,True,False
DLD_FinalDataset_224_spit/train/ALLOCARIDARA_ATTACK/to_label_1060.jpg,DLD_FinalDataset_224_spit/train/ALLOCARIDARA_ATTACK/to_label_1061.jpg,1060,1061,train,train,ALLOCARIDARA_ATTACK,ALLOCARIDARA_ATTACK,23,True,False
DLD_FinalDataset_224_spit/train/ALLOCARIDARA_ATTACK/to_label_1061.jpg,DLD_FinalDataset_224_spit/train/ALLOCARIDARA_ATTACK/to_label_1062.jpg,1061,1062,train,train,ALLOCARIDARA_ATTACK,ALLOCARIDARA_ATTACK,26,True,False
DLD_FinalDataset_224_spit/train/ALLOCARIDARA_ATTACK/to_label_1062.jpg,DLD_FinalDataset_224_spit/test/ALLOCARIDARA_ATTACK/to_label_1063.jpg,1062,1063,train,test,ALLOCARIDARA_ATTACK,ALLOCARIDARA_ATTACK,29,True,True
DLD_FinalDataset_224_spit/test/ALLOCARIDARA_ATTACK/to_label_1063.jpg,DLD_FinalDataset_224_spit/test/ALLOCARIDARA_ATTACK/to_label_1064.jpg,1063,1064,test,test,ALLOCARIDARA_ATTACK,ALLOCARIDARA_ATTACK,26,True,False
DLD_FinalDataset_224_spit/test/ALLOCARIDARA_ATTACK/to_label_1064.jpg,DLD_FinalDataset_224_spit/train/ALLOCARIDARA_ATTACK/to_label_1065.jpg,1064,1065,test,train,ALLOCARIDARA_ATTACK,ALLOCARIDARA_ATTACK,36,True,True
DLD_FinalDataset_224_spit/train/ALLOCARIDARA_ATTACK/to_label_1065.jpg,DLD_FinalDataset_224_spit/train/ALLOCARIDARA_ATTACK/to_label_1066.jpg,1065,1066,train,train,ALLOCARIDARA_ATTACK,ALLOCARIDARA_ATTACK,35,True,False
DLD_FinalDataset_224_spit/train/ALLOCARIDARA_ATTACK/to_label_1066.jpg,DLD_FinalDataset_224_spit/train/ALLOCARIDARA_ATTACK/to_label_1067.jpg,1066,1067,train,train,ALLOCARIDARA_ATTACK,ALLOCARIDARA_ATTACK,36,True,False
DLD_FinalDataset_224_spit/train/ALLOCARIDARA_ATTACK/to_label_1067.jpg,DLD_FinalDataset_224_spit/test/ALLOCARIDARA_ATTACK/to_label_1068.jpg,1067,1068,train,test,ALLOCARIDARA_ATTACK,ALLOCARIDARA_ATTACK,38,True,True
DLD_FinalDataset_224_spit/test/ALLOCARIDARA_ATTACK/to_label_1068.jpg,DLD_FinalDataset_224_spit/val/ALLOCARIDARA_ATTACK/to_label_1069.jpg,1068,1069,test,val,ALLOCARIDARA_ATTACK,ALLOCARIDARA_ATTACK,42,True,True
DLD_FinalDataset_224_spit/val/ALLOCARIDARA_ATTACK/to_label_1069.jpg,DLD_FinalDataset_224_spit/train/ALLOCARIDARA_ATTACK/to_label_1070.jpg,1069,1070,val,train,ALLOCARIDARA_ATTACK,ALLOCARIDARA_ATTACK,39,True,True
DLD_FinalDataset_224_spit/train/ALLOCARIDARA_ATTACK/to_label_1070.jpg,DLD_FinalDataset_224_spit/train/ALLOCARIDARA_ATTACK/to_label_1071.jpg,1070,1071,train,train,ALLOCARIDARA_ATTACK,ALLOCARIDARA_ATTACK,36,True,False
DLD_FinalDataset_224_spit/train/ALLOCARIDARA_ATTACK/to_label_1071.jpg,DLD_FinalDataset_224_spit/val/ALLOCARIDARA_ATTACK/to_label_1072.jpg,1071,1072,train,val,ALLOCARIDARA_ATTACK,ALLOCARIDARA_ATTACK,30,True,True
DLD_FinalDataset_224_spit/val/ALLOCARIDARA_ATTACK/to_label_1072.jpg,DLD_FinalDataset_224_spit/train/ALLOCARIDARA_ATTACK/to_label_1073.jpg,1072,1073,val,train,ALLOCARIDARA_ATTACK,ALLOCARIDARA_ATTACK,30,True,True
DLD_FinalDataset_224_spit/train/ALLOCARIDARA_ATTACK/to_label_1073.jpg,DLD_FinalDataset_224_spit/test/ALLOCARIDARA_ATTACK/to_label_1074.jpg,1073,1074,train,test,ALLOCARIDARA_ATTACK,ALLOCARIDARA_ATTACK,32,True,True
DLD_FinalDataset_224_spit/test/ALLOCARIDARA_ATTACK/to_label_1074.jpg,DLD_FinalDataset_224_spit/test/ALLOCARIDARA_ATTACK/to_label_1075.jpg,1074,1075,test,test,ALLOCARIDARA_ATTACK,ALLOCARIDARA_ATTACK,39,True,False
DLD_FinalDataset_224_spit/test/ALLOCARIDARA_ATTACK/to_label_1075.jpg,DLD_FinalDataset_224_spit/test/ALLOCARIDARA_ATTACK/to_label_1076.jpg,1075,1076,test,test,ALLOCARIDARA_ATTACK,ALLOCARIDARA_ATTACK,35,True,False
DLD_FinalDataset_224_spit/test/ALLOCARIDARA_ATTACK/to_label_1076.jpg,DLD_FinalDataset_224_spit/train/ALLOCARIDARA_ATTACK/to_label_1077.jpg,1076,1077,test,train,ALLOCARIDARA_ATTACK,ALLOCARIDARA_ATTACK,26,True,True
DLD_FinalDataset_224_spit/train/ALLOCARIDARA_ATTACK/to_label_1077.jpg,DLD_FinalDataset_224_spit/train/ALLOCARIDARA_ATTACK/to_label_1078.jpg,1077,1078,train,train,ALLOCARIDARA_ATTACK,ALLOCARIDARA_ATTACK,36,True,False
DLD_FinalDataset_224_spit/train/ALLOCARIDARA_ATTACK/to_label_1078.jpg,DLD_FinalDataset_224_spit/test/ALLOCARIDARA_ATTACK/to_label_1079.jpg,1078,1079,train,test,ALLOCARIDARA_ATTACK,ALLOCARIDARA_ATTACK,39,True,True
DLD_FinalDataset_224_spit/test/ALLOCARIDARA_ATTACK/to_label_1079.jpg,DLD_FinalDataset_224_spit/train/ALLOCARIDARA_ATTACK/to_label_1080.jpg,1079,1080,test,train,ALLOCARIDARA_ATTACK,ALLOCARIDARA_ATTACK,37,True,True
DLD_FinalDataset_224_spit/train/ALLOCARIDARA_ATTACK/to_label_1080.jpg,DLD_FinalDataset_224_spit/test/ALLOCARIDARA_ATTACK/to_label_1081.jpg,1080,1081,train,test,ALLOCARIDARA_ATTACK,ALLOCARIDARA_ATTACK,32,True,True
DLD_FinalDataset_224_spit/test/ALLOCARIDARA_ATTACK/to_label_1081.jpg,DLD_FinalDataset_224_spit/train/ALLOCARIDARA_ATTACK/to_label_1082.jpg,1081,1082,test,train,ALLOCARIDARA_ATTACK,ALLOCARIDARA_ATTACK,31,True,True
DLD_FinalDataset_224_spit/train/ALLOCARIDARA_ATTACK/to_label_1082.jpg,DLD_FinalDataset_224_spit/train/ALLOCARIDARA_ATTACK/to_label_1083.jpg,1082,1083,train,train,ALLOCARIDARA_ATTACK,ALLOCARIDARA_ATTACK,31,True,False
DLD_FinalDataset_224_spit/train/ALLOCARIDARA_ATTACK/to_label_1083.jpg,DLD_FinalDataset_224_spit/train/ALLOCARIDARA_ATTACK/to_label_1084.jpg,1083,1084,train,train,ALLOCARIDARA_ATTACK,ALLOCARIDARA_ATTACK,31,True,False
DLD_FinalDataset_224_spit/train/ALLOCARIDARA_ATTACK/to_label_1084.jpg,DLD_FinalDataset_224_spit/val/ALLOCARIDARA_ATTACK/to_label_1085.jpg,1084,1085,train,val,ALLOCARIDARA_ATTACK,ALLOCARIDARA_ATTACK,29,True,True
DLD_FinalDataset_224_spit/val/ALLOCARIDARA_ATTACK/to_label_1085.jpg,DLD_FinalDataset_224_spit/val/ALLOCARIDARA_ATTACK/to_label_1086.jpg,1085,1086,val,val,ALLOCARIDARA_ATTACK,ALLOCARIDARA_ATTACK,34,True,False
DLD_FinalDataset_224_spit/val/ALLOCARIDARA_ATTACK/to_label_1086.jpg,DLD_FinalDataset_224_spit/val/ALLOCARIDARA_ATTACK/to_label_1087.jpg,1086,1087,val,val,ALLOCARIDARA_ATTACK,ALLOCARIDARA_ATTACK,35,True,False
DLD_FinalDataset_224_spit/val/ALLOCARIDARA_ATTACK/to_label_1087.jpg,DLD_FinalDataset_224_spit/test/ALLOCARIDARA_ATTACK/to_label_1088.jpg,1087,1088,val,test,ALLOCARIDARA_ATTACK,ALLOCARIDARA_ATTACK,25,True,True
DLD_FinalDataset_224_spit/test/ALLOCARIDARA_ATTACK/to_label_1088.jpg,DLD_FinalDataset_224_spit/train/ALLOCARIDARA_ATTACK/to_label_1089.jpg,1088,1089,test,train,ALLOCARIDARA_ATTACK,ALLOCARIDARA_ATTACK,30,True,True
DLD_FinalDataset_224_spit/train/ALLOCARIDARA_ATTACK/to_label_1089.jpg,DLD_FinalDataset_224_spit/val/ALLOCARIDARA_ATTACK/to_label_1090.jpg,1089,1090,train,val,ALLOCARIDARA_ATTACK,ALLOCARIDARA_ATTACK,29,True,True
DLD_FinalDataset_224_spit/val/ALLOCARIDARA_ATTACK/to_label_1090.jpg,DLD_FinalDataset_224_spit/val/ALLOCARIDARA_ATTACK/to_label_1091.jpg,1090,1091,val,val,ALLOCARIDARA_ATTACK,ALLOCARIDARA_ATTACK,30,True,False
DLD_FinalDataset_224_spit/val/ALLOCARIDARA_ATTACK/to_label_1091.jpg,DLD_FinalDataset_224_spit/train/ALLOCARIDARA_ATTACK/to_label_1092.jpg,1091,1092,val,train,ALLOCARIDARA_ATTACK,ALLOCARIDARA_ATTACK,32,True,True
DLD_FinalDataset_224_spit/train/ALLOCARIDARA_ATTACK/to_label_1092.jpg,DLD_FinalDataset_224_spit/test/ALLOCARIDARA_ATTACK/to_label_1093.jpg,1092,1093,train,test,ALLOCARIDARA_ATTACK,ALLOCARIDARA_ATTACK,37,True,True
DLD_FinalDataset_224_spit/test/ALLOCARIDARA_ATTACK/to_label_1093.jpg,DLD_FinalDataset_224_spit/train/ALLOCARIDARA_ATTACK/to_label_1094.jpg,1093,1094,test,train,ALLOCARIDARA_ATTACK,ALLOCARIDARA_ATTACK,30,True,True
DLD_FinalDataset_224_spit/train/ALLOCARIDARA_ATTACK/to_label_1094.jpg,DLD_FinalDataset_224_spit/test/ALLOCARIDARA_ATTACK/to_label_1095.jpg,1094,1095,train,test,ALLOCARIDARA_ATTACK,ALLOCARIDARA_ATTACK,28,True,True
DLD_FinalDataset_224_spit/test/ALLOCARIDARA_ATTACK/to_label_1095.jpg,DLD_FinalDataset_224_spit/train/ALLOCARIDARA_ATTACK/to_label_1096.jpg,1095,1096,test,train,ALLOCARIDARA_ATTACK,ALLOCARIDARA_ATTACK,26,True,True
DLD_FinalDataset_224_spit/train/ALLOCARIDARA_ATTACK/to_label_1096.jpg,DLD_FinalDataset_224_spit/train/ALLOCARIDARA_ATTACK/to_label_1097.jpg,1096,1097,train,train,ALLOCARIDARA_ATTACK,ALLOCARIDARA_ATTACK,27,True,False
DLD_FinalDataset_224_spit/train/ALLOCARIDARA_ATTACK/to_label_1097.jpg,DLD_FinalDataset_224_spit/train/ALLOCARIDARA_ATTACK/to_label_1098.jpg,1097,1098,train,train,ALLOCARIDARA_ATTACK,ALLOCARIDARA_ATTACK,31,True,False
DLD_FinalDataset_224_spit/train/ALLOCARIDARA_ATTACK/to_label_1098.jpg,DLD_FinalDataset_224_spit/train/ALLOCARIDARA_ATTACK/to_label_1099.jpg,1098,1099,train,train,ALLOCARIDARA_ATTACK,ALLOCARIDARA_ATTACK,22,True,False
DLD_FinalDataset_224_spit/train/ALLOCARIDARA_ATTACK/to_label_1099.jpg,DLD_FinalDataset_224_spit/train/ALLOCARIDARA_ATTACK/to_label_1100.jpg,1099,1100,train,train,ALLOCARIDARA_ATTACK,ALLOCARIDARA_ATTACK,29,True,False
DLD_FinalDataset_224_spit/train/ALLOCARIDARA_ATTACK/to_label_1100.jpg,DLD_FinalDataset_224_spit/train/ALLOCARIDARA_ATTACK/to_label_1101.jpg,1100,1101,train,train,ALLOCARIDARA_ATTACK,ALLOCARIDARA_ATTACK,26,True,False
DLD_FinalDataset_224_spit/train/ALLOCARIDARA_ATTACK/to_label_1101.jpg,DLD_FinalDataset_224_spit/train/ALLOCARIDARA_ATTACK/to_label_1102.jpg,1101,1102,train,train,ALLOCARIDARA_ATTACK,ALLOCARIDARA_ATTACK,31,True,False
DLD_FinalDataset_224_spit/train/ALLOCARIDARA_ATTACK/to_label_1102.jpg,DLD_FinalDataset_224_spit/train/ALLOCARIDARA_ATTACK/to_label_1103.jpg,1102,1103,train,train,ALLOCARIDARA_ATTACK,ALLOCARIDARA_ATTACK,38,True,False
DLD_FinalDataset_224_spit/train/ALLOCARIDARA_ATTACK/to_label_1103.jpg,DLD_FinalDataset_224_spit/train/ALLOCARIDARA_ATTACK/to_label_1104.jpg,1103,1104,train,train,ALLOCARIDARA_ATTACK,ALLOCARIDARA_ATTACK,34,True,False
DLD_FinalDataset_224_spit/train/ALLOCARIDARA_ATTACK/to_label_1104.jpg,DLD_FinalDataset_224_spit/val/ALLOCARIDARA_ATTACK/to_label_1105.jpg,1104,1105,train,val,ALLOCARIDARA_ATTACK,ALLOCARIDARA_ATTACK,33,True,True
DLD_FinalDataset_224_spit/val/ALLOCARIDARA_ATTACK/to_label_1105.jpg,DLD_FinalDataset_224_spit/test/ALLOCARIDARA_ATTACK/to_label_1106.jpg,1105,1106,val,test,ALLOCARIDARA_ATTACK,ALLOCARIDARA_ATTACK,30,True,True
DLD_FinalDataset_224_spit/test/ALLOCARIDARA_ATTACK/to_label_1106.jpg,DLD_FinalDataset_224_spit/train/ALLOCARIDARA_ATTACK/to_label_1107.jpg,1106,1107,test,train,ALLOCARIDARA_ATTACK,ALLOCARIDARA_ATTACK,36,True,True
DLD_FinalDataset_224_spit/train/ALLOCARIDARA_ATTACK/to_label_1107.jpg,DLD_FinalDataset_224_spit/train/ALLOCARIDARA_ATTACK/to_label_1108.jpg,1107,1108,train,train,ALLOCARIDARA_ATTACK,ALLOCARIDARA_ATTACK,26,True,False
DLD_FinalDataset_224_spit/train/ALLOCARIDARA_ATTACK/to_label_1108.jpg,DLD_FinalDataset_224_spit/train/ALLOCARIDARA_ATTACK/to_label_1109.jpg,1108,1109,train,train,ALLOCARIDARA_ATTACK,ALLOCARIDARA_ATTACK,31,True,False
DLD_FinalDataset_224_spit/train/ALLOCARIDARA_ATTACK/to_label_1109.jpg,DLD_FinalDataset_224_spit/test/ALLOCARIDARA_ATTACK/to_label_1110.jpg,1109,1110,train,test,ALLOCARIDARA_ATTACK,ALLOCARIDARA_ATTACK,35,True,True
DLD_FinalDataset_224_spit/test/ALLOCARIDARA_ATTACK/to_label_1110.jpg,DLD_FinalDataset_224_spit/train/ALLOCARIDARA_ATTACK/to_label_1111.jpg,1110,1111,test,train,ALLOCARIDARA_ATTACK,ALLOCARIDARA_ATTACK,30,True,True
DLD_FinalDataset_224_spit/train/ALLOCARIDARA_ATTACK/to_label_1111.jpg,DLD_FinalDataset_224_spit/train/ALLOCARIDARA_ATTACK/to_label_1112.jpg,1111,1112,train,train,ALLOCARIDARA_ATTACK,ALLOCARIDARA_ATTACK,29,True,False
DLD_FinalDataset_224_spit/train/ALLOCARIDARA_ATTACK/to_label_1112.jpg,DLD_FinalDataset_224_spit/train/ALLOCARIDARA_ATTACK/to_label_1113.jpg,1112,1113,train,train,ALLOCARIDARA_ATTACK,ALLOCARIDARA_ATTACK,38,True,False
DLD_FinalDataset_224_spit/train/ALLOCARIDARA_ATTACK/to_label_1113.jpg,DLD_FinalDataset_224_spit/train/ALLOCARIDARA_ATTACK/to_label_1114.jpg,1113,1114,train,train,ALLOCARIDARA_ATTACK,ALLOCARIDARA_ATTACK,30,True,False
DLD_FinalDataset_224_spit/train/ALLOCARIDARA_ATTACK/to_label_1114.jpg,DLD_FinalDataset_224_spit/train/ALLOCARIDARA_ATTACK/to_label_1115.jpg,1114,1115,train,train,ALLOCARIDARA_ATTACK,ALLOCARIDARA_ATTACK,27,True,False
DLD_FinalDataset_224_spit/train/ALLOCARIDARA_ATTACK/to_label_1115.jpg,DLD_FinalDataset_224_spit/val/ALLOCARIDARA_ATTACK/to_label_1116.jpg,1115,1116,train,val,ALLOCARIDARA_ATTACK,ALLOCARIDARA_ATTACK,31,True,True
DLD_FinalDataset_224_spit/val/ALLOCARIDARA_ATTACK/to_label_1116.jpg,DLD_FinalDataset_224_spit/train/ALLOCARIDARA_ATTACK/to_label_1117.jpg,1116,1117,val,train,ALLOCARIDARA_ATTACK,ALLOCARIDARA_ATTACK,37,True,True
DLD_FinalDataset_224_spit/train/ALLOCARIDARA_ATTACK/to_label_1117.jpg,DLD_FinalDataset_224_spit/test/ALLOCARIDARA_ATTACK/to_label_1118.jpg,1117,1118,train,test,ALLOCARIDARA_ATTACK,ALLOCARIDARA_ATTACK,33,True,True
DLD_FinalDataset_224_spit/test/ALLOCARIDARA_ATTACK/to_label_1118.jpg,DLD_FinalDataset_224_spit/val/ALLOCARIDARA_ATTACK/to_label_1119.jpg,1118,1119,test,val,ALLOCARIDARA_ATTACK,ALLOCARIDARA_ATTACK,32,True,True
DLD_FinalDataset_224_spit/val/ALLOCARIDARA_ATTACK/to_label_1119.jpg,DLD_FinalDataset_224_spit/train/ALLOCARIDARA_ATTACK/to_label_1120.jpg,1119,1120,val,train,ALLOCARIDARA_ATTACK,ALLOCARIDARA_ATTACK,30,True,True
DLD_FinalDataset_224_spit/train/ALLOCARIDARA_ATTACK/to_label_1120.jpg,DLD_FinalDataset_224_spit/train/ALLOCARIDARA_ATTACK/to_label_1121.jpg,1120,1121,train,train,ALLOCARIDARA_ATTACK,ALLOCARIDARA_ATTACK,33,True,False
DLD_FinalDataset_224_spit/train/ALLOCARIDARA_ATTACK/to_label_1121.jpg,DLD_FinalDataset_224_spit/train/ALLOCARIDARA_ATTACK/to_label_1122.jpg,1121,1122,train,train,ALLOCARIDARA_ATTACK,ALLOCARIDARA_ATTACK,30,True,False
DLD_FinalDataset_224_spit/train/ALLOCARIDARA_ATTACK/to_label_1122.jpg,DLD_FinalDataset_224_spit/train/ALLOCARIDARA_ATTACK/to_label_1123.jpg,1122,1123,train,train,ALLOCARIDARA_ATTACK,ALLOCARIDARA_ATTACK,35,True,False
DLD_FinalDataset_224_spit/train/ALLOCARIDARA_ATTACK/to_label_1123.jpg,DLD_FinalDataset_224_spit/train/ALLOCARIDARA_ATTACK/to_label_1124.jpg,1123,1124,train,train,ALLOCARIDARA_ATTACK,ALLOCARIDARA_ATTACK,38,True,False
DLD_FinalDataset_224_spit/train/ALLOCARIDARA_ATTACK/to_label_1124.jpg,DLD_FinalDataset_224_spit/train/ALLOCARIDARA_ATTACK/to_label_1125.jpg,1124,1125,train,train,ALLOCARIDARA_ATTACK,ALLOCARIDARA_ATTACK,39,True,False
DLD_FinalDataset_224_spit/train/ALLOCARIDARA_ATTACK/to_label_1125.jpg,DLD_FinalDataset_224_spit/train/ALLOCARIDARA_ATTACK/to_label_1126.jpg,1125,1126,train,train,ALLOCARIDARA_ATTACK,ALLOCARIDARA_ATTACK,31,True,False
DLD_FinalDataset_224_spit/train/ALLOCARIDARA_ATTACK/to_label_1126.jpg,DLD_FinalDataset_224_spit/test/ALLOCARIDARA_ATTACK/to_label_1127.jpg,1126,1127,train,test,ALLOCARIDARA_ATTACK,ALLOCARIDARA_ATTACK,30,True,True
DLD_FinalDataset_224_spit/test/ALLOCARIDARA_ATTACK/to_label_1127.jpg,DLD_FinalDataset_224_spit/train/ALLOCARIDARA_ATTACK/to_label_1128.jpg,1127,1128,test,train,ALLOCARIDARA_ATTACK,ALLOCARIDARA_ATTACK,27,True,True
DLD_FinalDataset_224_spit/train/ALLOCARIDARA_ATTACK/to_label_1128.jpg,DLD_FinalDataset_224_spit/val/ALLOCARIDARA_ATTACK/to_label_1129.jpg,1128,1129,train,val,ALLOCARIDARA_ATTACK,ALLOCARIDARA_ATTACK,36,True,True
DLD_FinalDataset_224_spit/val/ALLOCARIDARA_ATTACK/to_label_1129.jpg,DLD_FinalDataset_224_spit/train/ALLOCARIDARA_ATTACK/to_label_1130.jpg,1129,1130,val,train,ALLOCARIDARA_ATTACK,ALLOCARIDARA_ATTACK,33,True,True
DLD_FinalDataset_224_spit/train/ALLOCARIDARA_ATTACK/to_label_1130.jpg,DLD_FinalDataset_224_spit/train/ALLOCARIDARA_ATTACK/to_label_1131.jpg,1130,1131,train,train,ALLOCARIDARA_ATTACK,ALLOCARIDARA_ATTACK,37,True,False
DLD_FinalDataset_224_spit/train/ALLOCARIDARA_ATTACK/to_label_1131.jpg,DLD_FinalDataset_224_spit/train/ALLOCARIDARA_ATTACK/to_label_1132.jpg,1131,1132,train,train,ALLOCARIDARA_ATTACK,ALLOCARIDARA_ATTACK,27,True,False
DLD_FinalDataset_224_spit/train/ALLOCARIDARA_ATTACK/to_label_1132.jpg,DLD_FinalDataset_224_spit/train/ALLOCARIDARA_ATTACK/to_label_1133.jpg,1132,1133,train,train,ALLOCARIDARA_ATTACK,ALLOCARIDARA_ATTACK,35,True,False
DLD_FinalDataset_224_spit/train/ALLOCARIDARA_ATTACK/to_label_1135.jpg,DLD_FinalDataset_224_spit/train/ALLOCARIDARA_ATTACK/to_label_1136.jpg,1135,1136,train,train,ALLOCARIDARA_ATTACK,ALLOCARIDARA_ATTACK,33,True,False
DLD_FinalDataset_224_spit/train/ALLOCARIDARA_ATTACK/to_label_1136.jpg,DLD_FinalDataset_224_spit/train/ALLOCARIDARA_ATTACK/to_label_1137.jpg,1136,1137,train,train,ALLOCARIDARA_ATTACK,ALLOCARIDARA_ATTACK,32,True,False
DLD_FinalDataset_224_spit/train/ALLOCARIDARA_ATTACK/to_label_1137.jpg,DLD_FinalDataset_224_spit/train/ALLOCARIDARA_ATTACK/to_label_1138.jpg,1137,1138,train,train,ALLOCARIDARA_ATTACK,ALLOCARIDARA_ATTACK,32,True,False
DLD_FinalDataset_224_spit/train/ALLOCARIDARA_ATTACK/to_label_1138.jpg,DLD_FinalDataset_224_spit/train/ALLOCARIDARA_ATTACK/to_label_1139.jpg,1138,1139,train,train,ALLOCARIDARA_ATTACK,ALLOCARIDARA_ATTACK,25,True,False
DLD_FinalDataset_224_spit/train/ALLOCARIDARA_ATTACK/to_label_1139.jpg,DLD_FinalDataset_224_spit/train/ALLOCARIDARA_ATTACK/to_label_1140.jpg,1139,1140,train,train,ALLOCARIDARA_ATTACK,ALLOCARIDARA_ATTACK,29,True,False
DLD_FinalDataset_224_spit/train/ALLOCARIDARA_ATTACK/to_label_1140.jpg,DLD_FinalDataset_224_spit/train/ALLOCARIDARA_ATTACK/to_label_1141.jpg,1140,1141,train,train,ALLOCARIDARA_ATTACK,ALLOCARIDARA_ATTACK,33,True,False
DLD_FinalDataset_224_spit/train/ALLOCARIDARA_ATTACK/to_label_1141.jpg,DLD_FinalDataset_224_spit/train/ALLOCARIDARA_ATTACK/to_label_1142.jpg,1141,1142,train,train,ALLOCARIDARA_ATTACK,ALLOCARIDARA_ATTACK,36,True,False
DLD_FinalDataset_224_spit/train/ALLOCARIDARA_ATTACK/to_label_1142.jpg,DLD_FinalDataset_224_spit/val/ALLOCARIDARA_ATTACK/to_label_1143.jpg,1142,1143,train,val,ALLOCARIDARA_ATTACK,ALLOCARIDARA_ATTACK,27,True,True
DLD_FinalDataset_224_spit/val/ALLOCARIDARA_ATTACK/to_label_1143.jpg,DLD_FinalDataset_224_spit/train/ALLOCARIDARA_ATTACK/to_label_1144.jpg,1143,1144,val,train,ALLOCARIDARA_ATTACK,ALLOCARIDARA_ATTACK,34,True,True
DLD_FinalDataset_224_spit/train/ALLOCARIDARA_ATTACK/to_label_1144.jpg,DLD_FinalDataset_224_spit/train/ALLOCARIDARA_ATTACK/to_label_1145.jpg,1144,1145,train,train,ALLOCARIDARA_ATTACK,ALLOCARIDARA_ATTACK,29,True,False
DLD_FinalDataset_224_spit/train/ALLOCARIDARA_ATTACK/to_label_1145.jpg,DLD_FinalDataset_224_spit/test/ALLOCARIDARA_ATTACK/to_label_1146.jpg,1145,1146,train,test,ALLOCARIDARA_ATTACK,ALLOCARIDARA_ATTACK,32,True,True
DLD_FinalDataset_224_spit/test/ALLOCARIDARA_ATTACK/to_label_1146.jpg,DLD_FinalDataset_224_spit/test/ALLOCARIDARA_ATTACK/to_label_1147.jpg,1146,1147,test,test,ALLOCARIDARA_ATTACK,ALLOCARIDARA_ATTACK,30,True,False
DLD_FinalDataset_224_spit/test/ALLOCARIDARA_ATTACK/to_label_1147.jpg,DLD_FinalDataset_224_spit/train/ALLOCARIDARA_ATTACK/to_label_1148.jpg,1147,1148,test,train,ALLOCARIDARA_ATTACK,ALLOCARIDARA_ATTACK,30,True,True
DLD_FinalDataset_224_spit/train/ALLOCARIDARA_ATTACK/to_label_1148.jpg,DLD_FinalDataset_224_spit/test/ALLOCARIDARA_ATTACK/to_label_1149.jpg,1148,1149,train,test,ALLOCARIDARA_ATTACK,ALLOCARIDARA_ATTACK,32,True,True
DLD_FinalDataset_224_spit/test/ALLOCARIDARA_ATTACK/to_label_1149.jpg,DLD_FinalDataset_224_spit/train/ALLOCARIDARA_ATTACK/to_label_1150.jpg,1149,1150,test,train,ALLOCARIDARA_ATTACK,ALLOCARIDARA_ATTACK,33,True,True
DLD_FinalDataset_224_spit/train/ALLOCARIDARA_ATTACK/to_label_1150.jpg,DLD_FinalDataset_224_spit/test/ALLOCARIDARA_ATTACK/to_label_1151.jpg,1150,1151,train,test,ALLOCARIDARA_ATTACK,ALLOCARIDARA_ATTACK,35,True,True
DLD_FinalDataset_224_spit/test/ALLOCARIDARA_ATTACK/to_label_1151.jpg,DLD_FinalDataset_224_spit/train/ALLOCARIDARA_ATTACK/to_label_1152.jpg,1151,1152,test,train,ALLOCARIDARA_ATTACK,ALLOCARIDARA_ATTACK,26,True,True
DLD_FinalDataset_224_spit/train/ALLOCARIDARA_ATTACK/to_label_1152.jpg,DLD_FinalDataset_224_spit/train/ALLOCARIDARA_ATTACK/to_label_1153.jpg,1152,1153,train,train,ALLOCARIDARA_ATTACK,ALLOCARIDARA_ATTACK,33,True,False
DLD_FinalDataset_224_spit/train/ALLOCARIDARA_ATTACK/to_label_1153.jpg,DLD_FinalDataset_224_spit/train/ALLOCARIDARA_ATTACK/to_label_1154.jpg,1153,1154,train,train,ALLOCARIDARA_ATTACK,ALLOCARIDARA_ATTACK,38,True,False
DLD_FinalDataset_224_spit/train/ALLOCARIDARA_ATTACK/to_label_1154.jpg,DLD_FinalDataset_224_spit/train/ALLOCARIDARA_ATTACK/to_label_1155.jpg,1154,1155,train,train,ALLOCARIDARA_ATTACK,ALLOCARIDARA_ATTACK,29,True,False
DLD_FinalDataset_224_spit/train/ALLOCARIDARA_ATTACK/to_label_1155.jpg,DLD_FinalDataset_224_spit/train/ALLOCARIDARA_ATTACK/to_label_1156.jpg,1155,1156,train,train,ALLOCARIDARA_ATTACK,ALLOCARIDARA_ATTACK,27,True,False
DLD_FinalDataset_224_spit/train/ALLOCARIDARA_ATTACK/to_label_1156.jpg,DLD_FinalDataset_224_spit/train/ALLOCARIDARA_ATTACK/to_label_1157.jpg,1156,1157,train,train,ALLOCARIDARA_ATTACK,ALLOCARIDARA_ATTACK,35,True,False
DLD_FinalDataset_224_spit/train/ALLOCARIDARA_ATTACK/to_label_1157.jpg,DLD_FinalDataset_224_spit/test/ALLOCARIDARA_ATTACK/to_label_1158.jpg,1157,1158,train,test,ALLOCARIDARA_ATTACK,ALLOCARIDARA_ATTACK,35,True,True
DLD_FinalDataset_224_spit/test/ALLOCARIDARA_ATTACK/to_label_1158.jpg,DLD_FinalDataset_224_spit/train/ALLOCARIDARA_ATTACK/to_label_1159.jpg,1158,1159,test,train,ALLOCARIDARA_ATTACK,ALLOCARIDARA_ATTACK,23,True,True
DLD_FinalDataset_224_spit/train/ALLOCARIDARA_ATTACK/to_label_1159.jpg,DLD_FinalDataset_224_spit/train/ALLOCARIDARA_ATTACK/to_label_1160.jpg,1159,1160,train,train,ALLOCARIDARA_ATTACK,ALLOCARIDARA_ATTACK,33,True,False
DLD_FinalDataset_224_spit/train/ALLOCARIDARA_ATTACK/to_label_1160.jpg,DLD_FinalDataset_224_spit/train/ALLOCARIDARA_ATTACK/to_label_1161.jpg,1160,1161,train,train,ALLOCARIDARA_ATTACK,ALLOCARIDARA_ATTACK,31,True,False
DLD_FinalDataset_224_spit/train/ALLOCARIDARA_ATTACK/to_label_1161.jpg,DLD_FinalDataset_224_spit/train/ALLOCARIDARA_ATTACK/to_label_1162.jpg,1161,1162,train,train,ALLOCARIDARA_ATTACK,ALLOCARIDARA_ATTACK,22,True,False
DLD_FinalDataset_224_spit/train/ALLOCARIDARA_ATTACK/to_label_1162.jpg,DLD_FinalDataset_224_spit/train/ALLOCARIDARA_ATTACK/to_label_1163.jpg,1162,1163,train,train,ALLOCARIDARA_ATTACK,ALLOCARIDARA_ATTACK,35,True,False
DLD_FinalDataset_224_spit/train/ALLOCARIDARA_ATTACK/to_label_1163.jpg,DLD_FinalDataset_224_spit/train/ALLOCARIDARA_ATTACK/to_label_1164.jpg,1163,1164,train,train,ALLOCARIDARA_ATTACK,ALLOCARIDARA_ATTACK,25,True,False
DLD_FinalDataset_224_spit/train/ALLOCARIDARA_ATTACK/to_label_1164.jpg,DLD_FinalDataset_224_spit/test/ALLOCARIDARA_ATTACK/to_label_1165.jpg,1164,1165,train,test,ALLOCARIDARA_ATTACK,ALLOCARIDARA_ATTACK,36,True,True
DLD_FinalDataset_224_spit/test/ALLOCARIDARA_ATTACK/to_label_1165.jpg,DLD_FinalDataset_224_spit/train/ALLOCARIDARA_ATTACK/to_label_1166.jpg,1165,1166,test,train,ALLOCARIDARA_ATTACK,ALLOCARIDARA_ATTACK,36,True,True
DLD_FinalDataset_224_spit/train/ALLOCARIDARA_ATTACK/to_label_1166.jpg,DLD_FinalDataset_224_spit/train/ALLOCARIDARA_ATTACK/to_label_1167.jpg,1166,1167,train,train,ALLOCARIDARA_ATTACK,ALLOCARIDARA_ATTACK,29,True,False
DLD_FinalDataset_224_spit/train/ALLOCARIDARA_ATTACK/to_label_1167.jpg,DLD_FinalDataset_224_spit/val/ALLOCARIDARA_ATTACK/to_label_1168.jpg,1167,1168,train,val,ALLOCARIDARA_ATTACK,ALLOCARIDARA_ATTACK,30,True,True
DLD_FinalDataset_224_spit/val/ALLOCARIDARA_ATTACK/to_label_1168.jpg,DLD_FinalDataset_224_spit/train/ALLOCARIDARA_ATTACK/to_label_1169.jpg,1168,1169,val,train,ALLOCARIDARA_ATTACK,ALLOCARIDARA_ATTACK,18,True,True
DLD_FinalDataset_224_spit/train/ALLOCARIDARA_ATTACK/to_label_1169.jpg,DLD_FinalDataset_224_spit/train/ALLOCARIDARA_ATTACK/to_label_1170.jpg,1169,1170,train,train,ALLOCARIDARA_ATTACK,ALLOCARIDARA_ATTACK,34,True,False
DLD_FinalDataset_224_spit/train/ALLOCARIDARA_ATTACK/to_label_1170.jpg,DLD_FinalDataset_224_spit/train/ALLOCARIDARA_ATTACK/to_label_1171.jpg,1170,1171,train,train,ALLOCARIDARA_ATTACK,ALLOCARIDARA_ATTACK,33,True,False
DLD_FinalDataset_224_spit/train/ALLOCARIDARA_ATTACK/to_label_1171.jpg,DLD_FinalDataset_224_spit/train/ALLOCARIDARA_ATTACK/to_label_1172.jpg,1171,1172,train,train,ALLOCARIDARA_ATTACK,ALLOCARIDARA_ATTACK,36,True,False
DLD_FinalDataset_224_spit/train/ALLOCARIDARA_ATTACK/to_label_1172.jpg,DLD_FinalDataset_224_spit/train/ALLOCARIDARA_ATTACK/to_label_1173.jpg,1172,1173,train,train,ALLOCARIDARA_ATTACK,ALLOCARIDARA_ATTACK,27,True,False
DLD_FinalDataset_224_spit/train/ALLOCARIDARA_ATTACK/to_label_1173.jpg,DLD_FinalDataset_224_spit/train/ALLOCARIDARA_ATTACK/to_label_1174.jpg,1173,1174,train,train,ALLOCARIDARA_ATTACK,ALLOCARIDARA_ATTACK,27,True,False
DLD_FinalDataset_224_spit/train/ALLOCARIDARA_ATTACK/to_label_1174.jpg,DLD_FinalDataset_224_spit/test/ALLOCARIDARA_ATTACK/to_label_1175.jpg,1174,1175,train,test,ALLOCARIDARA_ATTACK,ALLOCARIDARA_ATTACK,26,True,True
DLD_FinalDataset_224_spit/test/ALLOCARIDARA_ATTACK/to_label_1175.jpg,DLD_FinalDataset_224_spit/train/ALLOCARIDARA_ATTACK/to_label_1176.jpg,1175,1176,test,train,ALLOCARIDARA_ATTACK,ALLOCARIDARA_ATTACK,29,True,True
DLD_FinalDataset_224_spit/train/ALLOCARIDARA_ATTACK/to_label_1176.jpg,DLD_FinalDataset_224_spit/train/ALLOCARIDARA_ATTACK/to_label_1177.jpg,1176,1177,train,train,ALLOCARIDARA_ATTACK,ALLOCARIDARA_ATTACK,46,True,False
DLD_FinalDataset_224_spit/train/ALLOCARIDARA_ATTACK/to_label_1177.jpg,DLD_FinalDataset_224_spit/val/ALLOCARIDARA_ATTACK/to_label_1178.jpg,1177,1178,train,val,ALLOCARIDARA_ATTACK,ALLOCARIDARA_ATTACK,28,True,True
DLD_FinalDataset_224_spit/val/ALLOCARIDARA_ATTACK/to_label_1178.jpg,DLD_FinalDataset_224_spit/train/ALLOCARIDARA_ATTACK/to_label_1179.jpg,1178,1179,val,train,ALLOCARIDARA_ATTACK,ALLOCARIDARA_ATTACK,32,True,True
DLD_FinalDataset_224_spit/train/ALLOCARIDARA_ATTACK/to_label_1179.jpg,DLD_FinalDataset_224_spit/train/ALLOCARIDARA_ATTACK/to_label_1180.jpg,1179,1180,train,train,ALLOCARIDARA_ATTACK,ALLOCARIDARA_ATTACK,37,True,False
DLD_FinalDataset_224_spit/train/ALLOCARIDARA_ATTACK/to_label_1180.jpg,DLD_FinalDataset_224_spit/train/ALLOCARIDARA_ATTACK/to_label_1181.jpg,1180,1181,train,train,ALLOCARIDARA_ATTACK,ALLOCARIDARA_ATTACK,29,True,False
DLD_FinalDataset_224_spit/train/ALLOCARIDARA_ATTACK/to_label_1181.jpg,DLD_FinalDataset_224_spit/train/ALLOCARIDARA_ATTACK/to_label_1182.jpg,1181,1182,train,train,ALLOCARIDARA_ATTACK,ALLOCARIDARA_ATTACK,29,True,False
DLD_FinalDataset_224_spit/train/ALLOCARIDARA_ATTACK/to_label_1182.jpg,DLD_FinalDataset_224_spit/train/ALLOCARIDARA_ATTACK/to_label_1183.jpg,1182,1183,train,train,ALLOCARIDARA_ATTACK,ALLOCARIDARA_ATTACK,36,True,False
DLD_FinalDataset_224_spit/train/ALLOCARIDARA_ATTACK/to_label_1183.jpg,DLD_FinalDataset_224_spit/val/ALLOCARIDARA_ATTACK/to_label_1184.jpg,1183,1184,train,val,ALLOCARIDARA_ATTACK,ALLOCARIDARA_ATTACK,30,True,True
DLD_FinalDataset_224_spit/val/ALLOCARIDARA_ATTACK/to_label_1184.jpg,DLD_FinalDataset_224_spit/train/ALLOCARIDARA_ATTACK/to_label_1185.jpg,1184,1185,val,train,ALLOCARIDARA_ATTACK,ALLOCARIDARA_ATTACK,27,True,True
DLD_FinalDataset_224_spit/train/ALLOCARIDARA_ATTACK/to_label_1185.jpg,DLD_FinalDataset_224_spit/train/ALLOCARIDARA_ATTACK/to_label_1186.jpg,1185,1186,train,train,ALLOCARIDARA_ATTACK,ALLOCARIDARA_ATTACK,28,True,False
DLD_FinalDataset_224_spit/train/ALLOCARIDARA_ATTACK/to_label_1186.jpg,DLD_FinalDataset_224_spit/train/ALLOCARIDARA_ATTACK/to_label_1187.jpg,1186,1187,train,train,ALLOCARIDARA_ATTACK,ALLOCARIDARA_ATTACK,33,True,False
DLD_FinalDataset_224_spit/train/ALLOCARIDARA_ATTACK/to_label_1187.jpg,DLD_FinalDataset_224_spit/train/ALLOCARIDARA_ATTACK/to_label_1188.jpg,1187,1188,train,train,ALLOCARIDARA_ATTACK,ALLOCARIDARA_ATTACK,31,True,False
DLD_FinalDataset_224_spit/train/ALLOCARIDARA_ATTACK/to_label_1188.jpg,DLD_FinalDataset_224_spit/train/ALLOCARIDARA_ATTACK/to_label_1189.jpg,1188,1189,train,train,ALLOCARIDARA_ATTACK,ALLOCARIDARA_ATTACK,26,True,False
DLD_FinalDataset_224_spit/train/ALLOCARIDARA_ATTACK/to_label_1189.jpg,DLD_FinalDataset_224_spit/train/ALLOCARIDARA_ATTACK/to_label_1190.jpg,1189,1190,train,train,ALLOCARIDARA_ATTACK,ALLOCARIDARA_ATTACK,33,True,False
DLD_FinalDataset_224_spit/train/ALLOCARIDARA_ATTACK/to_label_1190.jpg,DLD_FinalDataset_224_spit/train/ALLOCARIDARA_ATTACK/to_label_1191.jpg,1190,1191,train,train,ALLOCARIDARA_ATTACK,ALLOCARIDARA_ATTACK,31,True,False
DLD_FinalDataset_224_spit/train/ALLOCARIDARA_ATTACK/to_label_1191.jpg,DLD_FinalDataset_224_spit/train/ALLOCARIDARA_ATTACK/to_label_1192.jpg,1191,1192,train,train,ALLOCARIDARA_ATTACK,ALLOCARIDARA_ATTACK,30,True,False
DLD_FinalDataset_224_spit/train/ALLOCARIDARA_ATTACK/to_label_1192.jpg,DLD_FinalDataset_224_spit/train/ALLOCARIDARA_ATTACK/to_label_1193.jpg,1192,1193,train,train,ALLOCARIDARA_ATTACK,ALLOCARIDARA_ATTACK,25,True,False
DLD_FinalDataset_224_spit/train/ALLOCARIDARA_ATTACK/to_label_1193.jpg,DLD_FinalDataset_224_spit/train/ALLOCARIDARA_ATTACK/to_label_1194.jpg,1193,1194,train,train,ALLOCARIDARA_ATTACK,ALLOCARIDARA_ATTACK,31,True,False
DLD_FinalDataset_224_spit/train/ALLOCARIDARA_ATTACK/to_label_1194.jpg,DLD_FinalDataset_224_spit/train/ALLOCARIDARA_ATTACK/to_label_1195.jpg,1194,1195,train,train,ALLOCARIDARA_ATTACK,ALLOCARIDARA_ATTACK,34,True,False
DLD_FinalDataset_224_spit/train/ALLOCARIDARA_ATTACK/to_label_1195.jpg,DLD_FinalDataset_224_spit/train/ALLOCARIDARA_ATTACK/to_label_1196.jpg,1195,1196,train,train,ALLOCARIDARA_ATTACK,ALLOCARIDARA_ATTACK,35,True,False
DLD_FinalDataset_224_spit/train/ALLOCARIDARA_ATTACK/to_label_1196.jpg,DLD_FinalDataset_224_spit/train/ALLOCARIDARA_ATTACK/to_label_1197.jpg,1196,1197,train,train,ALLOCARIDARA_ATTACK,ALLOCARIDARA_ATTACK,31,True,False
DLD_FinalDataset_224_spit/train/ALLOCARIDARA_ATTACK/to_label_1197.jpg,DLD_FinalDataset_224_spit/train/ALLOCARIDARA_ATTACK/to_label_1198.jpg,1197,1198,train,train,ALLOCARIDARA_ATTACK,ALLOCARIDARA_ATTACK,27,True,False
DLD_FinalDataset_224_spit/train/ALLOCARIDARA_ATTACK/to_label_1198.jpg,DLD_FinalDataset_224_spit/train/ALLOCARIDARA_ATTACK/to_label_1199.jpg,1198,1199,train,train,ALLOCARIDARA_ATTACK,ALLOCARIDARA_ATTACK,35,True,False
DLD_FinalDataset_224_spit/train/ALLOCARIDARA_ATTACK/to_label_1199.jpg,DLD_FinalDataset_224_spit/train/ALLOCARIDARA_ATTACK/to_label_1200.jpg,1199,1200,train,train,ALLOCARIDARA_ATTACK,ALLOCARIDARA_ATTACK,32,True,False
DLD_FinalDataset_224_spit/train/ALLOCARIDARA_ATTACK/to_label_1200.jpg,DLD_FinalDataset_224_spit/train/ALLOCARIDARA_ATTACK/to_label_1201.jpg,1200,1201,train,train,ALLOCARIDARA_ATTACK,ALLOCARIDARA_ATTACK,33,True,False
DLD_FinalDataset_224_spit/train/ALLOCARIDARA_ATTACK/to_label_1201.jpg,DLD_FinalDataset_224_spit/test/ALLOCARIDARA_ATTACK/to_label_1202.jpg,1201,1202,train,test,ALLOCARIDARA_ATTACK,ALLOCARIDARA_ATTACK,38,True,True
DLD_FinalDataset_224_spit/test/ALLOCARIDARA_ATTACK/to_label_1202.jpg,DLD_FinalDataset_224_spit/train/ALLOCARIDARA_ATTACK/to_label_1203.jpg,1202,1203,test,train,ALLOCARIDARA_ATTACK,ALLOCARIDARA_ATTACK,37,True,True
DLD_FinalDataset_224_spit/train/ALLOCARIDARA_ATTACK/to_label_1203.jpg,DLD_FinalDataset_224_spit/train/ALLOCARIDARA_ATTACK/to_label_1204.jpg,1203,1204,train,train,ALLOCARIDARA_ATTACK,ALLOCARIDARA_ATTACK,32,True,False
DLD_FinalDataset_224_spit/train/ALLOCARIDARA_ATTACK/to_label_1204.jpg,DLD_FinalDataset_224_spit/train/ALLOCARIDARA_ATTACK/to_label_1205.jpg,1204,1205,train,train,ALLOCARIDARA_ATTACK,ALLOCARIDARA_ATTACK,33,True,False
DLD_FinalDataset_224_spit/train/ALLOCARIDARA_ATTACK/to_label_1205.jpg,DLD_FinalDataset_224_spit/test/ALLOCARIDARA_ATTACK/to_label_1206.jpg,1205,1206,train,test,ALLOCARIDARA_ATTACK,ALLOCARIDARA_ATTACK,30,True,True
DLD_FinalDataset_224_spit/test/ALLOCARIDARA_ATTACK/to_label_1206.jpg,DLD_FinalDataset_224_spit/train/ALLOCARIDARA_ATTACK/to_label_1207.jpg,1206,1207,test,train,ALLOCARIDARA_ATTACK,ALLOCARIDARA_ATTACK,20,True,True
DLD_FinalDataset_224_spit/train/ALLOCARIDARA_ATTACK/to_label_1207.jpg,DLD_FinalDataset_224_spit/test/ALLOCARIDARA_ATTACK/to_label_1208.jpg,1207,1208,train,test,ALLOCARIDARA_ATTACK,ALLOCARIDARA_ATTACK,29,True,True
DLD_FinalDataset_224_spit/test/ALLOCARIDARA_ATTACK/to_label_1208.jpg,DLD_FinalDataset_224_spit/test/ALLOCARIDARA_ATTACK/to_label_1209.jpg,1208,1209,test,test,ALLOCARIDARA_ATTACK,ALLOCARIDARA_ATTACK,31,True,False
DLD_FinalDataset_224_spit/test/ALLOCARIDARA_ATTACK/to_label_1209.jpg,DLD_FinalDataset_224_spit/train/ALLOCARIDARA_ATTACK/to_label_1210.jpg,1209,1210,test,train,ALLOCARIDARA_ATTACK,ALLOCARIDARA_ATTACK,20,True,True
DLD_FinalDataset_224_spit/train/ALLOCARIDARA_ATTACK/to_label_1210.jpg,DLD_FinalDataset_224_spit/train/ALLOCARIDARA_ATTACK/to_label_1211.jpg,1210,1211,train,train,ALLOCARIDARA_ATTACK,ALLOCARIDARA_ATTACK,28,True,False
DLD_FinalDataset_224_spit/train/ALLOCARIDARA_ATTACK/to_label_1211.jpg,DLD_FinalDataset_224_spit/train/ALLOCARIDARA_ATTACK/to_label_1212.jpg,1211,1212,train,train,ALLOCARIDARA_ATTACK,ALLOCARIDARA_ATTACK,39,True,False
DLD_FinalDataset_224_spit/train/ALLOCARIDARA_ATTACK/to_label_1212.jpg,DLD_FinalDataset_224_spit/train/ALLOCARIDARA_ATTACK/to_label_1213.jpg,1212,1213,train,train,ALLOCARIDARA_ATTACK,ALLOCARIDARA_ATTACK,31,True,False
DLD_FinalDataset_224_spit/train/ALLOCARIDARA_ATTACK/to_label_1213.jpg,DLD_FinalDataset_224_spit/test/ALLOCARIDARA_ATTACK/to_label_1214.jpg,1213,1214,train,test,ALLOCARIDARA_ATTACK,ALLOCARIDARA_ATTACK,32,True,True
DLD_FinalDataset_224_spit/test/ALLOCARIDARA_ATTACK/to_label_1214.jpg,DLD_FinalDataset_224_spit/train/ALLOCARIDARA_ATTACK/to_label_1215.jpg,1214,1215,test,train,ALLOCARIDARA_ATTACK,ALLOCARIDARA_ATTACK,33,True,True
DLD_FinalDataset_224_spit/train/ALLOCARIDARA_ATTACK/to_label_1215.jpg,DLD_FinalDataset_224_spit/train/ALLOCARIDARA_ATTACK/to_label_1216.jpg,1215,1216,train,train,ALLOCARIDARA_ATTACK,ALLOCARIDARA_ATTACK,36,True,False
DLD_FinalDataset_224_spit/train/ALLOCARIDARA_ATTACK/to_label_1216.jpg,DLD_FinalDataset_224_spit/train/ALLOCARIDARA_ATTACK/to_label_1217.jpg,1216,1217,train,train,ALLOCARIDARA_ATTACK,ALLOCARIDARA_ATTACK,37,True,False
DLD_FinalDataset_224_spit/train/ALLOCARIDARA_ATTACK/to_label_1217.jpg,DLD_FinalDataset_224_spit/test/ALLOCARIDARA_ATTACK/to_label_1218.jpg,1217,1218,train,test,ALLOCARIDARA_ATTACK,ALLOCARIDARA_ATTACK,29,True,True
DLD_FinalDataset_224_spit/test/ALLOCARIDARA_ATTACK/to_label_1218.jpg,DLD_FinalDataset_224_spit/test/ALLOCARIDARA_ATTACK/to_label_1219.jpg,1218,1219,test,test,ALLOCARIDARA_ATTACK,ALLOCARIDARA_ATTACK,30,True,False
DLD_FinalDataset_224_spit/test/ALLOCARIDARA_ATTACK/to_label_1219.jpg,DLD_FinalDataset_224_spit/test/ALLOCARIDARA_ATTACK/to_label_1220.jpg,1219,1220,test,test,ALLOCARIDARA_ATTACK,ALLOCARIDARA_ATTACK,36,True,False
DLD_FinalDataset_224_spit/test/ALLOCARIDARA_ATTACK/to_label_1220.jpg,DLD_FinalDataset_224_spit/test/ALLOCARIDARA_ATTACK/to_label_1221.jpg,1220,1221,test,test,ALLOCARIDARA_ATTACK,ALLOCARIDARA_ATTACK,33,True,False
DLD_FinalDataset_224_spit/test/ALLOCARIDARA_ATTACK/to_label_1221.jpg,DLD_FinalDataset_224_spit/test/ALLOCARIDARA_ATTACK/to_label_1222.jpg,1221,1222,test,test,ALLOCARIDARA_ATTACK,ALLOCARIDARA_ATTACK,27,True,False
DLD_FinalDataset_224_spit/test/ALLOCARIDARA_ATTACK/to_label_1222.jpg,DLD_FinalDataset_224_spit/test/ALLOCARIDARA_ATTACK/to_label_1223.jpg,1222,1223,test,test,ALLOCARIDARA_ATTACK,ALLOCARIDARA_ATTACK,34,True,False
DLD_FinalDataset_224_spit/test/ALLOCARIDARA_ATTACK/to_label_1223.jpg,DLD_FinalDataset_224_spit/train/ALLOCARIDARA_ATTACK/to_label_1224.jpg,1223,1224,test,train,ALLOCARIDARA_ATTACK,ALLOCARIDARA_ATTACK,33,True,True
DLD_FinalDataset_224_spit/train/ALLOCARIDARA_ATTACK/to_label_1224.jpg,DLD_FinalDataset_224_spit/test/ALLOCARIDARA_ATTACK/to_label_1225.jpg,1224,1225,train,test,ALLOCARIDARA_ATTACK,ALLOCARIDARA_ATTACK,32,True,True
DLD_FinalDataset_224_spit/test/ALLOCARIDARA_ATTACK/to_label_1225.jpg,DLD_FinalDataset_224_spit/train/ALLOCARIDARA_ATTACK/to_label_1226.jpg,1225,1226,test,train,ALLOCARIDARA_ATTACK,ALLOCARIDARA_ATTACK,37,True,True
DLD_FinalDataset_224_spit/train/ALLOCARIDARA_ATTACK/to_label_1226.jpg,DLD_FinalDataset_224_spit/train/ALLOCARIDARA_ATTACK/to_label_1227.jpg,1226,1227,train,train,ALLOCARIDARA_ATTACK,ALLOCARIDARA_ATTACK,28,True,False
DLD_FinalDataset_224_spit/train/ALLOCARIDARA_ATTACK/to_label_1227.jpg,DLD_FinalDataset_224_spit/test/ALLOCARIDARA_ATTACK/to_label_1228.jpg,1227,1228,train,test,ALLOCARIDARA_ATTACK,ALLOCARIDARA_ATTACK,25,True,True
DLD_FinalDataset_224_spit/test/ALLOCARIDARA_ATTACK/to_label_1228.jpg,DLD_FinalDataset_224_spit/train/ALLOCARIDARA_ATTACK/to_label_1229.jpg,1228,1229,test,train,ALLOCARIDARA_ATTACK,ALLOCARIDARA_ATTACK,36,True,True
DLD_FinalDataset_224_spit/train/ALLOCARIDARA_ATTACK/to_label_1229.jpg,DLD_FinalDataset_224_spit/train/ALLOCARIDARA_ATTACK/to_label_1230.jpg,1229,1230,train,train,ALLOCARIDARA_ATTACK,ALLOCARIDARA_ATTACK,26,True,False
DLD_FinalDataset_224_spit/train/ALLOCARIDARA_ATTACK/to_label_1230.jpg,DLD_FinalDataset_224_spit/train/ALLOCARIDARA_ATTACK/to_label_1231.jpg,1230,1231,train,train,ALLOCARIDARA_ATTACK,ALLOCARIDARA_ATTACK,38,True,False
DLD_FinalDataset_224_spit/train/ALLOCARIDARA_ATTACK/to_label_1231.jpg,DLD_FinalDataset_224_spit/train/ALLOCARIDARA_ATTACK/to_label_1232.jpg,1231,1232,train,train,ALLOCARIDARA_ATTACK,ALLOCARIDARA_ATTACK,29,True,False
DLD_FinalDataset_224_spit/train/ALLOCARIDARA_ATTACK/to_label_1232.jpg,DLD_FinalDataset_224_spit/train/ALLOCARIDARA_ATTACK/to_label_1233.jpg,1232,1233,train,train,ALLOCARIDARA_ATTACK,ALLOCARIDARA_ATTACK,33,True,False
DLD_FinalDataset_224_spit/train/ALLOCARIDARA_ATTACK/to_label_1233.jpg,DLD_FinalDataset_224_spit/train/ALLOCARIDARA_ATTACK/to_label_1234.jpg,1233,1234,train,train,ALLOCARIDARA_ATTACK,ALLOCARIDARA_ATTACK,29,True,False
DLD_FinalDataset_224_spit/train/ALLOCARIDARA_ATTACK/to_label_1234.jpg,DLD_FinalDataset_224_spit/train/ALLOCARIDARA_ATTACK/to_label_1235.jpg,1234,1235,train,train,ALLOCARIDARA_ATTACK,ALLOCARIDARA_ATTACK,36,True,False
DLD_FinalDataset_224_spit/train/ALLOCARIDARA_ATTACK/to_label_1235.jpg,DLD_FinalDataset_224_spit/train/ALLOCARIDARA_ATTACK/to_label_1236.jpg,1235,1236,train,train,ALLOCARIDARA_ATTACK,ALLOCARIDARA_ATTACK,28,True,False
DLD_FinalDataset_224_spit/train/ALLOCARIDARA_ATTACK/to_label_1236.jpg,DLD_FinalDataset_224_spit/val/ALLOCARIDARA_ATTACK/to_label_1237.jpg,1236,1237,train,val,ALLOCARIDARA_ATTACK,ALLOCARIDARA_ATTACK,31,True,True
DLD_FinalDataset_224_spit/val/ALLOCARIDARA_ATTACK/to_label_1237.jpg,DLD_FinalDataset_224_spit/train/ALLOCARIDARA_ATTACK/to_label_1238.jpg,1237,1238,val,train,ALLOCARIDARA_ATTACK,ALLOCARIDARA_ATTACK,35,True,True
DLD_FinalDataset_224_spit/train/ALLOCARIDARA_ATTACK/to_label_1238.jpg,DLD_FinalDataset_224_spit/train/ALLOCARIDARA_ATTACK/to_label_1239.jpg,1238,1239,train,train,ALLOCARIDARA_ATTACK,ALLOCARIDARA_ATTACK,35,True,False
DLD_FinalDataset_224_spit/train/ALLOCARIDARA_ATTACK/to_label_1239.jpg,DLD_FinalDataset_224_spit/train/ALLOCARIDARA_ATTACK/to_label_1240.jpg,1239,1240,train,train,ALLOCARIDARA_ATTACK,ALLOCARIDARA_ATTACK,41,True,False
DLD_FinalDataset_224_spit/train/ALLOCARIDARA_ATTACK/to_label_1240.jpg,DLD_FinalDataset_224_spit/val/ALLOCARIDARA_ATTACK/to_label_1241.jpg,1240,1241,train,val,ALLOCARIDARA_ATTACK,ALLOCARIDARA_ATTACK,34,True,True
DLD_FinalDataset_224_spit/val/ALLOCARIDARA_ATTACK/to_label_1241.jpg,DLD_FinalDataset_224_spit/train/ALLOCARIDARA_ATTACK/to_label_1242.jpg,1241,1242,val,train,ALLOCARIDARA_ATTACK,ALLOCARIDARA_ATTACK,27,True,True
DLD_FinalDataset_224_spit/train/ALLOCARIDARA_ATTACK/to_label_1242.jpg,DLD_FinalDataset_224_spit/train/ALLOCARIDARA_ATTACK/to_label_1243.jpg,1242,1243,train,train,ALLOCARIDARA_ATTACK,ALLOCARIDARA_ATTACK,30,True,False
DLD_FinalDataset_224_spit/train/ALLOCARIDARA_ATTACK/to_label_1243.jpg,DLD_FinalDataset_224_spit/train/ALLOCARIDARA_ATTACK/to_label_1244.jpg,1243,1244,train,train,ALLOCARIDARA_ATTACK,ALLOCARIDARA_ATTACK,32,True,False
DLD_FinalDataset_224_spit/train/ALLOCARIDARA_ATTACK/to_label_1244.jpg,DLD_FinalDataset_224_spit/test/ALLOCARIDARA_ATTACK/to_label_1245.jpg,1244,1245,train,test,ALLOCARIDARA_ATTACK,ALLOCARIDARA_ATTACK,28,True,True
DLD_FinalDataset_224_spit/test/ALLOCARIDARA_ATTACK/to_label_1245.jpg,DLD_FinalDataset_224_spit/train/ALLOCARIDARA_ATTACK/to_label_1246.jpg,1245,1246,test,train,ALLOCARIDARA_ATTACK,ALLOCARIDARA_ATTACK,36,True,True
DLD_FinalDataset_224_spit/train/ALLOCARIDARA_ATTACK/to_label_1246.jpg,DLD_FinalDataset_224_spit/train/ALLOCARIDARA_ATTACK/to_label_1247.jpg,1246,1247,train,train,ALLOCARIDARA_ATTACK,ALLOCARIDARA_ATTACK,28,True,False
DLD_FinalDataset_224_spit/train/ALLOCARIDARA_ATTACK/to_label_1247.jpg,DLD_FinalDataset_224_spit/train/ALLOCARIDARA_ATTACK/to_label_1248.jpg,1247,1248,train,train,ALLOCARIDARA_ATTACK,ALLOCARIDARA_ATTACK,33,True,False
DLD_FinalDataset_224_spit/train/ALLOCARIDARA_ATTACK/to_label_1248.jpg,DLD_FinalDataset_224_spit/test/ALLOCARIDARA_ATTACK/to_label_1249.jpg,1248,1249,train,test,ALLOCARIDARA_ATTACK,ALLOCARIDARA_ATTACK,33,True,True
DLD_FinalDataset_224_spit/test/ALLOCARIDARA_ATTACK/to_label_1249.jpg,DLD_FinalDataset_224_spit/train/ALLOCARIDARA_ATTACK/to_label_1250.jpg,1249,1250,test,train,ALLOCARIDARA_ATTACK,ALLOCARIDARA_ATTACK,35,True,True
DLD_FinalDataset_224_spit/train/ALLOCARIDARA_ATTACK/to_label_1250.jpg,DLD_FinalDataset_224_spit/train/ALLOCARIDARA_ATTACK/to_label_1251.jpg,1250,1251,train,train,ALLOCARIDARA_ATTACK,ALLOCARIDARA_ATTACK,34,True,False
DLD_FinalDataset_224_spit/train/ALLOCARIDARA_ATTACK/to_label_1251.jpg,DLD_FinalDataset_224_spit/train/ALLOCARIDARA_ATTACK/to_label_1252.jpg,1251,1252,train,train,ALLOCARIDARA_ATTACK,ALLOCARIDARA_ATTACK,29,True,False
DLD_FinalDataset_224_spit/train/ALLOCARIDARA_ATTACK/to_label_1252.jpg,DLD_FinalDataset_224_spit/train/ALLOCARIDARA_ATTACK/to_label_1253.jpg,1252,1253,train,train,ALLOCARIDARA_ATTACK,ALLOCARIDARA_ATTACK,23,True,False
DLD_FinalDataset_224_spit/train/ALLOCARIDARA_ATTACK/to_label_1253.jpg,DLD_FinalDataset_224_spit/test/ALLOCARIDARA_ATTACK/to_label_1254.jpg,1253,1254,train,test,ALLOCARIDARA_ATTACK,ALLOCARIDARA_ATTACK,31,True,True
DLD_FinalDataset_224_spit/test/ALLOCARIDARA_ATTACK/to_label_1254.jpg,DLD_FinalDataset_224_spit/train/ALLOCARIDARA_ATTACK/to_label_1255.jpg,1254,1255,test,train,ALLOCARIDARA_ATTACK,ALLOCARIDARA_ATTACK,29,True,True
DLD_FinalDataset_224_spit/train/ALLOCARIDARA_ATTACK/to_label_1257.jpg,DLD_FinalDataset_224_spit/val/ALLOCARIDARA_ATTACK/to_label_1258.jpg,1257,1258,train,val,ALLOCARIDARA_ATTACK,ALLOCARIDARA_ATTACK,34,True,True
DLD_FinalDataset_224_spit/val/ALLOCARIDARA_ATTACK/to_label_1258.jpg,DLD_FinalDataset_224_spit/train/ALLOCARIDARA_ATTACK/to_label_1259.jpg,1258,1259,val,train,ALLOCARIDARA_ATTACK,ALLOCARIDARA_ATTACK,29,True,True
DLD_FinalDataset_224_spit/train/ALLOCARIDARA_ATTACK/to_label_1259.jpg,DLD_FinalDataset_224_spit/train/ALLOCARIDARA_ATTACK/to_label_1260.jpg,1259,1260,train,train,ALLOCARIDARA_ATTACK,ALLOCARIDARA_ATTACK,32,True,False
DLD_FinalDataset_224_spit/train/ALLOCARIDARA_ATTACK/to_label_1260.jpg,DLD_FinalDataset_224_spit/test/ALLOCARIDARA_ATTACK/to_label_1261.jpg,1260,1261,train,test,ALLOCARIDARA_ATTACK,ALLOCARIDARA_ATTACK,24,True,True
DLD_FinalDataset_224_spit/test/ALLOCARIDARA_ATTACK/to_label_1261.jpg,DLD_FinalDataset_224_spit/train/ALLOCARIDARA_ATTACK/to_label_1262.jpg,1261,1262,test,train,ALLOCARIDARA_ATTACK,ALLOCARIDARA_ATTACK,28,True,True
DLD_FinalDataset_224_spit/train/ALLOCARIDARA_ATTACK/to_label_1262.jpg,DLD_FinalDataset_224_spit/train/ALLOCARIDARA_ATTACK/to_label_1263.jpg,1262,1263,train,train,ALLOCARIDARA_ATTACK,ALLOCARIDARA_ATTACK,35,True,False
DLD_FinalDataset_224_spit/train/ALLOCARIDARA_ATTACK/to_label_1263.jpg,DLD_FinalDataset_224_spit/train/ALLOCARIDARA_ATTACK/to_label_1264.jpg,1263,1264,train,train,ALLOCARIDARA_ATTACK,ALLOCARIDARA_ATTACK,23,True,False
DLD_FinalDataset_224_spit/train/ALLOCARIDARA_ATTACK/to_label_1264.jpg,DLD_FinalDataset_224_spit/test/ALLOCARIDARA_ATTACK/to_label_1265.jpg,1264,1265,train,test,ALLOCARIDARA_ATTACK,ALLOCARIDARA_ATTACK,28,True,True
DLD_FinalDataset_224_spit/test/ALLOCARIDARA_ATTACK/to_label_1265.jpg,DLD_FinalDataset_224_spit/train/ALLOCARIDARA_ATTACK/to_label_1266.jpg,1265,1266,test,train,ALLOCARIDARA_ATTACK,ALLOCARIDARA_ATTACK,35,True,True
DLD_FinalDataset_224_spit/train/ALLOCARIDARA_ATTACK/to_label_1266.jpg,DLD_FinalDataset_224_spit/train/ALLOCARIDARA_ATTACK/to_label_1267.jpg,1266,1267,train,train,ALLOCARIDARA_ATTACK,ALLOCARIDARA_ATTACK,28,True,False
DLD_FinalDataset_224_spit/train/ALLOCARIDARA_ATTACK/to_label_1267.jpg,DLD_FinalDataset_224_spit/train/ALLOCARIDARA_ATTACK/to_label_1268.jpg,1267,1268,train,train,ALLOCARIDARA_ATTACK,ALLOCARIDARA_ATTACK,37,True,False
DLD_FinalDataset_224_spit/train/ALLOCARIDARA_ATTACK/to_label_1268.jpg,DLD_FinalDataset_224_spit/train/ALLOCARIDARA_ATTACK/to_label_1269.jpg,1268,1269,train,train,ALLOCARIDARA_ATTACK,ALLOCARIDARA_ATTACK,36,True,False
DLD_FinalDataset_224_spit/train/ALLOCARIDARA_ATTACK/to_label_1269.jpg,DLD_FinalDataset_224_spit/val/ALLOCARIDARA_ATTACK/to_label_1270.jpg,1269,1270,train,val,ALLOCARIDARA_ATTACK,ALLOCARIDARA_ATTACK,32,True,True
DLD_FinalDataset_224_spit/val/ALLOCARIDARA_ATTACK/to_label_1270.jpg,DLD_FinalDataset_224_spit/test/ALLOCARIDARA_ATTACK/to_label_1271.jpg,1270,1271,val,test,ALLOCARIDARA_ATTACK,ALLOCARIDARA_ATTACK,32,True,True
DLD_FinalDataset_224_spit/test/ALLOCARIDARA_ATTACK/to_label_1271.jpg,DLD_FinalDataset_224_spit/train/ALLOCARIDARA_ATTACK/to_label_1272.jpg,1271,1272,test,train,ALLOCARIDARA_ATTACK,ALLOCARIDARA_ATTACK,32,True,True
DLD_FinalDataset_224_spit/train/ALLOCARIDARA_ATTACK/to_label_1272.jpg,DLD_FinalDataset_224_spit/train/ALLOCARIDARA_ATTACK/to_label_1273.jpg,1272,1273,train,train,ALLOCARIDARA_ATTACK,ALLOCARIDARA_ATTACK,34,True,False
DLD_FinalDataset_224_spit/train/ALLOCARIDARA_ATTACK/to_label_1273.jpg,DLD_FinalDataset_224_spit/train/ALLOCARIDARA_ATTACK/to_label_1274.jpg,1273,1274,train,train,ALLOCARIDARA_ATTACK,ALLOCARIDARA_ATTACK,31,True,False
DLD_FinalDataset_224_spit/train/ALLOCARIDARA_ATTACK/to_label_1274.jpg,DLD_FinalDataset_224_spit/train/ALLOCARIDARA_ATTACK/to_label_1275.jpg,1274,1275,train,train,ALLOCARIDARA_ATTACK,ALLOCARIDARA_ATTACK,38,True,False
DLD_FinalDataset_224_spit/train/ALLOCARIDARA_ATTACK/to_label_1275.jpg,DLD_FinalDataset_224_spit/test/ALLOCARIDARA_ATTACK/to_label_1276.jpg,1275,1276,train,test,ALLOCARIDARA_ATTACK,ALLOCARIDARA_ATTACK,42,True,True
DLD_FinalDataset_224_spit/test/ALLOCARIDARA_ATTACK/to_label_1276.jpg,DLD_FinalDataset_224_spit/val/ALLOCARIDARA_ATTACK/to_label_1277.jpg,1276,1277,test,val,ALLOCARIDARA_ATTACK,ALLOCARIDARA_ATTACK,31,True,True
DLD_FinalDataset_224_spit/val/ALLOCARIDARA_ATTACK/to_label_1277.jpg,DLD_FinalDataset_224_spit/train/ALLOCARIDARA_ATTACK/to_label_1278.jpg,1277,1278,val,train,ALLOCARIDARA_ATTACK,ALLOCARIDARA_ATTACK,26,True,True
DLD_FinalDataset_224_spit/train/ALLOCARIDARA_ATTACK/to_label_1278.jpg,DLD_FinalDataset_224_spit/train/ALLOCARIDARA_ATTACK/to_label_1279.jpg,1278,1279,train,train,ALLOCARIDARA_ATTACK,ALLOCARIDARA_ATTACK,30,True,False
DLD_FinalDataset_224_spit/train/ALLOCARIDARA_ATTACK/to_label_1279.jpg,DLD_FinalDataset_224_spit/train/ALLOCARIDARA_ATTACK/to_label_1280.jpg,1279,1280,train,train,ALLOCARIDARA_ATTACK,ALLOCARIDARA_ATTACK,32,True,False
DLD_FinalDataset_224_spit/train/ALLOCARIDARA_ATTACK/to_label_1280.jpg,DLD_FinalDataset_224_spit/train/ALLOCARIDARA_ATTACK/to_label_1281.jpg,1280,1281,train,train,ALLOCARIDARA_ATTACK,ALLOCARIDARA_ATTACK,27,True,False
DLD_FinalDataset_224_spit/train/ALLOCARIDARA_ATTACK/to_label_1281.jpg,DLD_FinalDataset_224_spit/train/ALLOCARIDARA_ATTACK/to_label_1282.jpg,1281,1282,train,train,ALLOCARIDARA_ATTACK,ALLOCARIDARA_ATTACK,33,True,False
DLD_FinalDataset_224_spit/train/ALLOCARIDARA_ATTACK/to_label_1282.jpg,DLD_FinalDataset_224_spit/train/ALLOCARIDARA_ATTACK/to_label_1283.jpg,1282,1283,train,train,ALLOCARIDARA_ATTACK,ALLOCARIDARA_ATTACK,36,True,False
DLD_FinalDataset_224_spit/train/ALLOCARIDARA_ATTACK/to_label_1283.jpg,DLD_FinalDataset_224_spit/train/ALLOCARIDARA_ATTACK/to_label_1284.jpg,1283,1284,train,train,ALLOCARIDARA_ATTACK,ALLOCARIDARA_ATTACK,31,True,False
DLD_FinalDataset_224_spit/train/ALLOCARIDARA_ATTACK/to_label_1284.jpg,DLD_FinalDataset_224_spit/train/ALLOCARIDARA_ATTACK/to_label_1285.jpg,1284,1285,train,train,ALLOCARIDARA_ATTACK,ALLOCARIDARA_ATTACK,38,True,False
DLD_FinalDataset_224_spit/train/ALLOCARIDARA_ATTACK/to_label_1285.jpg,DLD_FinalDataset_224_spit/val/ALLOCARIDARA_ATTACK/to_label_1286.jpg,1285,1286,train,val,ALLOCARIDARA_ATTACK,ALLOCARIDARA_ATTACK,26,True,True
DLD_FinalDataset_224_spit/val/ALLOCARIDARA_ATTACK/to_label_1286.jpg,DLD_FinalDataset_224_spit/train/ALLOCARIDARA_ATTACK/to_label_1287.jpg,1286,1287,val,train,ALLOCARIDARA_ATTACK,ALLOCARIDARA_ATTACK,35,True,True
DLD_FinalDataset_224_spit/train/ALLOCARIDARA_ATTACK/to_label_1287.jpg,DLD_FinalDataset_224_spit/train/ALLOCARIDARA_ATTACK/to_label_1288.jpg,1287,1288,train,train,ALLOCARIDARA_ATTACK,ALLOCARIDARA_ATTACK,37,True,False
DLD_FinalDataset_224_spit/train/ALLOCARIDARA_ATTACK/to_label_1288.jpg,DLD_FinalDataset_224_spit/train/ALLOCARIDARA_ATTACK/to_label_1289.jpg,1288,1289,train,train,ALLOCARIDARA_ATTACK,ALLOCARIDARA_ATTACK,23,True,False
DLD_FinalDataset_224_spit/train/ALLOCARIDARA_ATTACK/to_label_1289.jpg,DLD_FinalDataset_224_spit/train/ALLOCARIDARA_ATTACK/to_label_1290.jpg,1289,1290,train,train,ALLOCARIDARA_ATTACK,ALLOCARIDARA_ATTACK,31,True,False
DLD_FinalDataset_224_spit/train/ALLOCARIDARA_ATTACK/to_label_1290.jpg,DLD_FinalDataset_224_spit/val/ALLOCARIDARA_ATTACK/to_label_1291.jpg,1290,1291,train,val,ALLOCARIDARA_ATTACK,ALLOCARIDARA_ATTACK,30,True,True
DLD_FinalDataset_224_spit/val/ALLOCARIDARA_ATTACK/to_label_1291.jpg,DLD_FinalDataset_224_spit/test/ALLOCARIDARA_ATTACK/to_label_1292.jpg,1291,1292,val,test,ALLOCARIDARA_ATTACK,ALLOCARIDARA_ATTACK,38,True,True
DLD_FinalDataset_224_spit/test/ALLOCARIDARA_ATTACK/to_label_1292.jpg,DLD_FinalDataset_224_spit/train/ALLOCARIDARA_ATTACK/to_label_1293.jpg,1292,1293,test,train,ALLOCARIDARA_ATTACK,ALLOCARIDARA_ATTACK,35,True,True
DLD_FinalDataset_224_spit/train/ALLOCARIDARA_ATTACK/to_label_1293.jpg,DLD_FinalDataset_224_spit/train/ALLOCARIDARA_ATTACK/to_label_1294.jpg,1293,1294,train,train,ALLOCARIDARA_ATTACK,ALLOCARIDARA_ATTACK,35,True,False
DLD_FinalDataset_224_spit/train/ALLOCARIDARA_ATTACK/to_label_1294.jpg,DLD_FinalDataset_224_spit/train/ALLOCARIDARA_ATTACK/to_label_1295.jpg,1294,1295,train,train,ALLOCARIDARA_ATTACK,ALLOCARIDARA_ATTACK,32,True,False
DLD_FinalDataset_224_spit/train/ALLOCARIDARA_ATTACK/to_label_1295.jpg,DLD_FinalDataset_224_spit/train/ALLOCARIDARA_ATTACK/to_label_1296.jpg,1295,1296,train,train,ALLOCARIDARA_ATTACK,ALLOCARIDARA_ATTACK,38,True,False
DLD_FinalDataset_224_spit/train/ALLOCARIDARA_ATTACK/to_label_1296.jpg,DLD_FinalDataset_224_spit/test/ALLOCARIDARA_ATTACK/to_label_1297.jpg,1296,1297,train,test,ALLOCARIDARA_ATTACK,ALLOCARIDARA_ATTACK,27,True,True
DLD_FinalDataset_224_spit/test/ALLOCARIDARA_ATTACK/to_label_1297.jpg,DLD_FinalDataset_224_spit/train/ALLOCARIDARA_ATTACK/to_label_1298.jpg,1297,1298,test,train,ALLOCARIDARA_ATTACK,ALLOCARIDARA_ATTACK,24,True,True
DLD_FinalDataset_224_spit/train/ALLOCARIDARA_ATTACK/to_label_1298.jpg,DLD_FinalDataset_224_spit/train/ALLOCARIDARA_ATTACK/to_label_1299.jpg,1298,1299,train,train,ALLOCARIDARA_ATTACK,ALLOCARIDARA_ATTACK,34,True,False
DLD_FinalDataset_224_spit/train/ALLOCARIDARA_ATTACK/to_label_1299.jpg,DLD_FinalDataset_224_spit/train/ALLOCARIDARA_ATTACK/to_label_1300.jpg,1299,1300,train,train,ALLOCARIDARA_ATTACK,ALLOCARIDARA_ATTACK,34,True,False
DLD_FinalDataset_224_spit/train/ALLOCARIDARA_ATTACK/to_label_1300.jpg,DLD_FinalDataset_224_spit/test/ALLOCARIDARA_ATTACK/to_label_1301.jpg,1300,1301,train,test,ALLOCARIDARA_ATTACK,ALLOCARIDARA_ATTACK,31,True,True
DLD_FinalDataset_224_spit/test/ALLOCARIDARA_ATTACK/to_label_1301.jpg,DLD_FinalDataset_224_spit/train/ALLOCARIDARA_ATTACK/to_label_1302.jpg,1301,1302,test,train,ALLOCARIDARA_ATTACK,ALLOCARIDARA_ATTACK,30,True,True
DLD_FinalDataset_224_spit/train/ALLOCARIDARA_ATTACK/to_label_1302.jpg,DLD_FinalDataset_224_spit/val/ALLOCARIDARA_ATTACK/to_label_1303.jpg,1302,1303,train,val,ALLOCARIDARA_ATTACK,ALLOCARIDARA_ATTACK,33,True,True
DLD_FinalDataset_224_spit/val/ALLOCARIDARA_ATTACK/to_label_1303.jpg,DLD_FinalDataset_224_spit/train/ALLOCARIDARA_ATTACK/to_label_1304.jpg,1303,1304,val,train,ALLOCARIDARA_ATTACK,ALLOCARIDARA_ATTACK,30,True,True
DLD_FinalDataset_224_spit/train/ALLOCARIDARA_ATTACK/to_label_1304.jpg,DLD_FinalDataset_224_spit/test/ALLOCARIDARA_ATTACK/to_label_1305.jpg,1304,1305,train,test,ALLOCARIDARA_ATTACK,ALLOCARIDARA_ATTACK,30,True,True
DLD_FinalDataset_224_spit/test/ALLOCARIDARA_ATTACK/to_label_1305.jpg,DLD_FinalDataset_224_spit/train/ALLOCARIDARA_ATTACK/to_label_1306.jpg,1305,1306,test,train,ALLOCARIDARA_ATTACK,ALLOCARIDARA_ATTACK,33,True,True
DLD_FinalDataset_224_spit/train/ALLOCARIDARA_ATTACK/to_label_1306.jpg,DLD_FinalDataset_224_spit/val/ALLOCARIDARA_ATTACK/to_label_1307.jpg,1306,1307,train,val,ALLOCARIDARA_ATTACK,ALLOCARIDARA_ATTACK,31,True,True
DLD_FinalDataset_224_spit/val/ALLOCARIDARA_ATTACK/to_label_1307.jpg,DLD_FinalDataset_224_spit/train/ALLOCARIDARA_ATTACK/to_label_1308.jpg,1307,1308,val,train,ALLOCARIDARA_ATTACK,ALLOCARIDARA_ATTACK,33,True,True
DLD_FinalDataset_224_spit/train/ALLOCARIDARA_ATTACK/to_label_1308.jpg,DLD_FinalDataset_224_spit/test/ALLOCARIDARA_ATTACK/to_label_1309.jpg,1308,1309,train,test,ALLOCARIDARA_ATTACK,ALLOCARIDARA_ATTACK,32,True,True
DLD_FinalDataset_224_spit/test/ALLOCARIDARA_ATTACK/to_label_1309.jpg,DLD_FinalDataset_224_spit/test/ALLOCARIDARA_ATTACK/to_label_1310.jpg,1309,1310,test,test,ALLOCARIDARA_ATTACK,ALLOCARIDARA_ATTACK,28,True,False
DLD_FinalDataset_224_spit/test/ALLOCARIDARA_ATTACK/to_label_1310.jpg,DLD_FinalDataset_224_spit/val/ALLOCARIDARA_ATTACK/to_label_1311.jpg,1310,1311,test,val,ALLOCARIDARA_ATTACK,ALLOCARIDARA_ATTACK,40,True,True
DLD_FinalDataset_224_spit/val/ALLOCARIDARA_ATTACK/to_label_1311.jpg,DLD_FinalDataset_224_spit/train/ALLOCARIDARA_ATTACK/to_label_1312.jpg,1311,1312,val,train,ALLOCARIDARA_ATTACK,ALLOCARIDARA_ATTACK,30,True,True
DLD_FinalDataset_224_spit/train/ALLOCARIDARA_ATTACK/to_label_1312.jpg,DLD_FinalDataset_224_spit/train/ALLOCARIDARA_ATTACK/to_label_1313.jpg,1312,1313,train,train,ALLOCARIDARA_ATTACK,ALLOCARIDARA_ATTACK,37,True,False
DLD_FinalDataset_224_spit/train/ALLOCARIDARA_ATTACK/to_label_1313.jpg,DLD_FinalDataset_224_spit/train/ALLOCARIDARA_ATTACK/to_label_1314.jpg,1313,1314,train,train,ALLOCARIDARA_ATTACK,ALLOCARIDARA_ATTACK,31,True,False
DLD_FinalDataset_224_spit/train/ALLOCARIDARA_ATTACK/to_label_1314.jpg,DLD_FinalDataset_224_spit/train/ALLOCARIDARA_ATTACK/to_label_1315.jpg,1314,1315,train,train,ALLOCARIDARA_ATTACK,ALLOCARIDARA_ATTACK,29,True,False
DLD_FinalDataset_224_spit/train/ALLOCARIDARA_ATTACK/to_label_1315.jpg,DLD_FinalDataset_224_spit/train/ALLOCARIDARA_ATTACK/to_label_1316.jpg,1315,1316,train,train,ALLOCARIDARA_ATTACK,ALLOCARIDARA_ATTACK,30,True,False
DLD_FinalDataset_224_spit/train/ALLOCARIDARA_ATTACK/to_label_1316.jpg,DLD_FinalDataset_224_spit/test/ALLOCARIDARA_ATTACK/to_label_1317.jpg,1316,1317,train,test,ALLOCARIDARA_ATTACK,ALLOCARIDARA_ATTACK,36,True,True
DLD_FinalDataset_224_spit/test/ALLOCARIDARA_ATTACK/to_label_1317.jpg,DLD_FinalDataset_224_spit/train/ALLOCARIDARA_ATTACK/to_label_1318.jpg,1317,1318,test,train,ALLOCARIDARA_ATTACK,ALLOCARIDARA_ATTACK,33,True,True
DLD_FinalDataset_224_spit/train/ALLOCARIDARA_ATTACK/to_label_1318.jpg,DLD_FinalDataset_224_spit/train/ALLOCARIDARA_ATTACK/to_label_1319.jpg,1318,1319,train,train,ALLOCARIDARA_ATTACK,ALLOCARIDARA_ATTACK,37,True,False
DLD_FinalDataset_224_spit/train/ALLOCARIDARA_ATTACK/to_label_1319.jpg,DLD_FinalDataset_224_spit/test/ALLOCARIDARA_ATTACK/to_label_1320.jpg,1319,1320,train,test,ALLOCARIDARA_ATTACK,ALLOCARIDARA_ATTACK,41,True,True
DLD_FinalDataset_224_spit/test/ALLOCARIDARA_ATTACK/to_label_1320.jpg,DLD_FinalDataset_224_spit/train/ALLOCARIDARA_ATTACK/to_label_1321.jpg,1320,1321,test,train,ALLOCARIDARA_ATTACK,ALLOCARIDARA_ATTACK,28,True,True
DLD_FinalDataset_224_spit/train/ALLOCARIDARA_ATTACK/to_label_1321.jpg,DLD_FinalDataset_224_spit/val/ALLOCARIDARA_ATTACK/to_label_1322.jpg,1321,1322,train,val,ALLOCARIDARA_ATTACK,ALLOCARIDARA_ATTACK,32,True,True
DLD_FinalDataset_224_spit/val/ALLOCARIDARA_ATTACK/to_label_1322.jpg,DLD_FinalDataset_224_spit/test/ALLOCARIDARA_ATTACK/to_label_1323.jpg,1322,1323,val,test,ALLOCARIDARA_ATTACK,ALLOCARIDARA_ATTACK,35,True,True
DLD_FinalDataset_224_spit/test/ALLOCARIDARA_ATTACK/to_label_1323.jpg,DLD_FinalDataset_224_spit/train/ALLOCARIDARA_ATTACK/to_label_1324.jpg,1323,1324,test,train,ALLOCARIDARA_ATTACK,ALLOCARIDARA_ATTACK,36,True,True
DLD_FinalDataset_224_spit/train/ALLOCARIDARA_ATTACK/to_label_1324.jpg,DLD_FinalDataset_224_spit/val/ALLOCARIDARA_ATTACK/to_label_1325.jpg,1324,1325,train,val,ALLOCARIDARA_ATTACK,ALLOCARIDARA_ATTACK,38,True,True
DLD_FinalDataset_224_spit/val/ALLOCARIDARA_ATTACK/to_label_1325.jpg,DLD_FinalDataset_224_spit/train/ALLOCARIDARA_ATTACK/to_label_1326.jpg,1325,1326,val,train,ALLOCARIDARA_ATTACK,ALLOCARIDARA_ATTACK,36,True,True
DLD_FinalDataset_224_spit/train/ALLOCARIDARA_ATTACK/to_label_1326.jpg,DLD_FinalDataset_224_spit/val/ALLOCARIDARA_ATTACK/to_label_1327.jpg,1326,1327,train,val,ALLOCARIDARA_ATTACK,ALLOCARIDARA_ATTACK,28,True,True
DLD_FinalDataset_224_spit/val/ALLOCARIDARA_ATTACK/to_label_1327.jpg,DLD_FinalDataset_224_spit/train/ALLOCARIDARA_ATTACK/to_label_1328.jpg,1327,1328,val,train,ALLOCARIDARA_ATTACK,ALLOCARIDARA_ATTACK,27,True,True
DLD_FinalDataset_224_spit/train/ALLOCARIDARA_ATTACK/to_label_1328.jpg,DLD_FinalDataset_224_spit/train/ALLOCARIDARA_ATTACK/to_label_1329.jpg,1328,1329,train,train,ALLOCARIDARA_ATTACK,ALLOCARIDARA_ATTACK,25,True,False
DLD_FinalDataset_224_spit/train/ALLOCARIDARA_ATTACK/to_label_1329.jpg,DLD_FinalDataset_224_spit/val/ALLOCARIDARA_ATTACK/to_label_1330.jpg,1329,1330,train,val,ALLOCARIDARA_ATTACK,ALLOCARIDARA_ATTACK,27,True,True
DLD_FinalDataset_224_spit/val/ALLOCARIDARA_ATTACK/to_label_1330.jpg,DLD_FinalDataset_224_spit/train/ALLOCARIDARA_ATTACK/to_label_1331.jpg,1330,1331,val,train,ALLOCARIDARA_ATTACK,ALLOCARIDARA_ATTACK,27,True,True
DLD_FinalDataset_224_spit/train/ALLOCARIDARA_ATTACK/to_label_1331.jpg,DLD_FinalDataset_224_spit/test/ALLOCARIDARA_ATTACK/to_label_1332.jpg,1331,1332,train,test,ALLOCARIDARA_ATTACK,ALLOCARIDARA_ATTACK,27,True,True
DLD_FinalDataset_224_spit/test/ALLOCARIDARA_ATTACK/to_label_1332.jpg,DLD_FinalDataset_224_spit/train/ALLOCARIDARA_ATTACK/to_label_1333.jpg,1332,1333,test,train,ALLOCARIDARA_ATTACK,ALLOCARIDARA_ATTACK,27,True,True
DLD_FinalDataset_224_spit/train/ALLOCARIDARA_ATTACK/to_label_1333.jpg,DLD_FinalDataset_224_spit/test/ALLOCARIDARA_ATTACK/to_label_1334.jpg,1333,1334,train,test,ALLOCARIDARA_ATTACK,ALLOCARIDARA_ATTACK,27,True,True
DLD_FinalDataset_224_spit/test/ALLOCARIDARA_ATTACK/to_label_1334.jpg,DLD_FinalDataset_224_spit/train/ALLOCARIDARA_ATTACK/to_label_1335.jpg,1334,1335,test,train,ALLOCARIDARA_ATTACK,ALLOCARIDARA_ATTACK,30,True,True
DLD_FinalDataset_224_spit/train/ALLOCARIDARA_ATTACK/to_label_1335.jpg,DLD_FinalDataset_224_spit/train/ALLOCARIDARA_ATTACK/to_label_1336.jpg,1335,1336,train,train,ALLOCARIDARA_ATTACK,ALLOCARIDARA_ATTACK,27,True,False
DLD_FinalDataset_224_spit/train/ALLOCARIDARA_ATTACK/to_label_1336.jpg,DLD_FinalDataset_224_spit/train/ALLOCARIDARA_ATTACK/to_label_1337.jpg,1336,1337,train,train,ALLOCARIDARA_ATTACK,ALLOCARIDARA_ATTACK,30,True,False
DLD_FinalDataset_224_spit/train/ALLOCARIDARA_ATTACK/to_label_1337.jpg,DLD_FinalDataset_224_spit/test/ALLOCARIDARA_ATTACK/to_label_1338.jpg,1337,1338,train,test,ALLOCARIDARA_ATTACK,ALLOCARIDARA_ATTACK,28,True,True
DLD_FinalDataset_224_spit/test/ALLOCARIDARA_ATTACK/to_label_1338.jpg,DLD_FinalDataset_224_spit/val/ALLOCARIDARA_ATTACK/to_label_1339.jpg,1338,1339,test,val,ALLOCARIDARA_ATTACK,ALLOCARIDARA_ATTACK,30,True,True
DLD_FinalDataset_224_spit/val/ALLOCARIDARA_ATTACK/to_label_1339.jpg,DLD_FinalDataset_224_spit/train/ALLOCARIDARA_ATTACK/to_label_1340.jpg,1339,1340,val,train,ALLOCARIDARA_ATTACK,ALLOCARIDARA_ATTACK,30,True,True
DLD_FinalDataset_224_spit/train/ALLOCARIDARA_ATTACK/to_label_1340.jpg,DLD_FinalDataset_224_spit/train/ALLOCARIDARA_ATTACK/to_label_1341.jpg,1340,1341,train,train,ALLOCARIDARA_ATTACK,ALLOCARIDARA_ATTACK,31,True,False
DLD_FinalDataset_224_spit/train/ALLOCARIDARA_ATTACK/to_label_1341.jpg,DLD_FinalDataset_224_spit/val/ALLOCARIDARA_ATTACK/to_label_1342.jpg,1341,1342,train,val,ALLOCARIDARA_ATTACK,ALLOCARIDARA_ATTACK,28,True,True
DLD_FinalDataset_224_spit/val/ALLOCARIDARA_ATTACK/to_label_1342.jpg,DLD_FinalDataset_224_spit/test/ALLOCARIDARA_ATTACK/to_label_1343.jpg,1342,1343,val,test,ALLOCARIDARA_ATTACK,ALLOCARIDARA_ATTACK,34,True,True
DLD_FinalDataset_224_spit/test/ALLOCARIDARA_ATTACK/to_label_1343.jpg,DLD_FinalDataset_224_spit/test/ALLOCARIDARA_ATTACK/to_label_1344.jpg,1343,1344,test,test,ALLOCARIDARA_ATTACK,ALLOCARIDARA_ATTACK,32,True,False
DLD_FinalDataset_224_spit/test/ALLOCARIDARA_ATTACK/to_label_1344.jpg,DLD_FinalDataset_224_spit/train/ALLOCARIDARA_ATTACK/to_label_1345.jpg,1344,1345,test,train,ALLOCARIDARA_ATTACK,ALLOCARIDARA_ATTACK,26,True,True
DLD_FinalDataset_224_spit/train/ALLOCARIDARA_ATTACK/to_label_1345.jpg,DLD_FinalDataset_224_spit/train/ALLOCARIDARA_ATTACK/to_label_1346.jpg,1345,1346,train,train,ALLOCARIDARA_ATTACK,ALLOCARIDARA_ATTACK,30,True,False
DLD_FinalDataset_224_spit/train/ALLOCARIDARA_ATTACK/to_label_1346.jpg,DLD_FinalDataset_224_spit/train/ALLOCARIDARA_ATTACK/to_label_1347.jpg,1346,1347,train,train,ALLOCARIDARA_ATTACK,ALLOCARIDARA_ATTACK,35,True,False
DLD_FinalDataset_224_spit/train/ALLOCARIDARA_ATTACK/to_label_1347.jpg,DLD_FinalDataset_224_spit/train/ALLOCARIDARA_ATTACK/to_label_1348.jpg,1347,1348,train,train,ALLOCARIDARA_ATTACK,ALLOCARIDARA_ATTACK,37,True,False
DLD_FinalDataset_224_spit/train/ALLOCARIDARA_ATTACK/to_label_1348.jpg,DLD_FinalDataset_224_spit/val/ALLOCARIDARA_ATTACK/to_label_1349.jpg,1348,1349,train,val,ALLOCARIDARA_ATTACK,ALLOCARIDARA_ATTACK,32,True,True
DLD_FinalDataset_224_spit/val/ALLOCARIDARA_ATTACK/to_label_1349.jpg,DLD_FinalDataset_224_spit/train/ALLOCARIDARA_ATTACK/to_label_1350.jpg,1349,1350,val,train,ALLOCARIDARA_ATTACK,ALLOCARIDARA_ATTACK,29,True,True
DLD_FinalDataset_224_spit/train/ALLOCARIDARA_ATTACK/to_label_1350.jpg,DLD_FinalDataset_224_spit/train/ALLOCARIDARA_ATTACK/to_label_1351.jpg,1350,1351,train,train,ALLOCARIDARA_ATTACK,ALLOCARIDARA_ATTACK,25,True,False
DLD_FinalDataset_224_spit/train/ALLOCARIDARA_ATTACK/to_label_1351.jpg,DLD_FinalDataset_224_spit/train/ALLOCARIDARA_ATTACK/to_label_1352.jpg,1351,1352,train,train,ALLOCARIDARA_ATTACK,ALLOCARIDARA_ATTACK,30,True,False
DLD_FinalDataset_224_spit/train/ALLOCARIDARA_ATTACK/to_label_1352.jpg,DLD_FinalDataset_224_spit/test/ALLOCARIDARA_ATTACK/to_label_1353.jpg,1352,1353,train,test,ALLOCARIDARA_ATTACK,ALLOCARIDARA_ATTACK,30,True,True
DLD_FinalDataset_224_spit/test/ALLOCARIDARA_ATTACK/to_label_1353.jpg,DLD_FinalDataset_224_spit/train/ALLOCARIDARA_ATTACK/to_label_1354.jpg,1353,1354,test,train,ALLOCARIDARA_ATTACK,ALLOCARIDARA_ATTACK,30,True,True
DLD_FinalDataset_224_spit/train/ALLOCARIDARA_ATTACK/to_label_1354.jpg,DLD_FinalDataset_224_spit/train/ALLOCARIDARA_ATTACK/to_label_1355.jpg,1354,1355,train,train,ALLOCARIDARA_ATTACK,ALLOCARIDARA_ATTACK,37,True,False
DLD_FinalDataset_224_spit/train/ALLOCARIDARA_ATTACK/to_label_1355.jpg,DLD_FinalDataset_224_spit/train/ALLOCARIDARA_ATTACK/to_label_1356.jpg,1355,1356,train,train,ALLOCARIDARA_ATTACK,ALLOCARIDARA_ATTACK,41,True,False
DLD_FinalDataset_224_spit/train/ALLOCARIDARA_ATTACK/to_label_1356.jpg,DLD_FinalDataset_224_spit/val/ALLOCARIDARA_ATTACK/to_label_1357.jpg,1356,1357,train,val,ALLOCARIDARA_ATTACK,ALLOCARIDARA_ATTACK,32,True,True
DLD_FinalDataset_224_spit/val/ALLOCARIDARA_ATTACK/to_label_1357.jpg,DLD_FinalDataset_224_spit/train/ALLOCARIDARA_ATTACK/to_label_1358.jpg,1357,1358,val,train,ALLOCARIDARA_ATTACK,ALLOCARIDARA_ATTACK,23,True,True
DLD_FinalDataset_224_spit/train/ALLOCARIDARA_ATTACK/to_label_1358.jpg,DLD_FinalDataset_224_spit/train/ALLOCARIDARA_ATTACK/to_label_1359.jpg,1358,1359,train,train,ALLOCARIDARA_ATTACK,ALLOCARIDARA_ATTACK,33,True,False
DLD_FinalDataset_224_spit/train/ALLOCARIDARA_ATTACK/to_label_1359.jpg,DLD_FinalDataset_224_spit/train/ALLOCARIDARA_ATTACK/to_label_1360.jpg,1359,1360,train,train,ALLOCARIDARA_ATTACK,ALLOCARIDARA_ATTACK,37,True,False
DLD_FinalDataset_224_spit/train/ALLOCARIDARA_ATTACK/to_label_1360.jpg,DLD_FinalDataset_224_spit/test/ALLOCARIDARA_ATTACK/to_label_1361.jpg,1360,1361,train,test,ALLOCARIDARA_ATTACK,ALLOCARIDARA_ATTACK,30,True,True
DLD_FinalDataset_224_spit/test/ALLOCARIDARA_ATTACK/to_label_1361.jpg,DLD_FinalDataset_224_spit/val/ALLOCARIDARA_ATTACK/to_label_1362.jpg,1361,1362,test,val,ALLOCARIDARA_ATTACK,ALLOCARIDARA_ATTACK,29,True,True
DLD_FinalDataset_224_spit/val/ALLOCARIDARA_ATTACK/to_label_1362.jpg,DLD_FinalDataset_224_spit/train/ALLOCARIDARA_ATTACK/to_label_1363.jpg,1362,1363,val,train,ALLOCARIDARA_ATTACK,ALLOCARIDARA_ATTACK,29,True,True
DLD_FinalDataset_224_spit/train/ALLOCARIDARA_ATTACK/to_label_1363.jpg,DLD_FinalDataset_224_spit/train/ALLOCARIDARA_ATTACK/to_label_1364.jpg,1363,1364,train,train,ALLOCARIDARA_ATTACK,ALLOCARIDARA_ATTACK,28,True,False
DLD_FinalDataset_224_spit/train/ALLOCARIDARA_ATTACK/to_label_1364.jpg,DLD_FinalDataset_224_spit/train/ALLOCARIDARA_ATTACK/to_label_1365.jpg,1364,1365,train,train,ALLOCARIDARA_ATTACK,ALLOCARIDARA_ATTACK,28,True,False
DLD_FinalDataset_224_spit/train/ALLOCARIDARA_ATTACK/to_label_1365.jpg,DLD_FinalDataset_224_spit/test/ALLOCARIDARA_ATTACK/to_label_1366.jpg,1365,1366,train,test,ALLOCARIDARA_ATTACK,ALLOCARIDARA_ATTACK,32,True,True
DLD_FinalDataset_224_spit/test/ALLOCARIDARA_ATTACK/to_label_1366.jpg,DLD_FinalDataset_224_spit/train/ALLOCARIDARA_ATTACK/to_label_1367.jpg,1366,1367,test,train,ALLOCARIDARA_ATTACK,ALLOCARIDARA_ATTACK,26,True,True
DLD_FinalDataset_224_spit/train/ALLOCARIDARA_ATTACK/to_label_1367.jpg,DLD_FinalDataset_224_spit/val/ALLOCARIDARA_ATTACK/to_label_1368.jpg,1367,1368,train,val,ALLOCARIDARA_ATTACK,ALLOCARIDARA_ATTACK,27,True,True
DLD_FinalDataset_224_spit/val/ALLOCARIDARA_ATTACK/to_label_1368.jpg,DLD_FinalDataset_224_spit/train/ALLOCARIDARA_ATTACK/to_label_1369.jpg,1368,1369,val,train,ALLOCARIDARA_ATTACK,ALLOCARIDARA_ATTACK,34,True,True
DLD_FinalDataset_224_spit/train/ALLOCARIDARA_ATTACK/to_label_1369.jpg,DLD_FinalDataset_224_spit/val/ALLOCARIDARA_ATTACK/to_label_1370.jpg,1369,1370,train,val,ALLOCARIDARA_ATTACK,ALLOCARIDARA_ATTACK,28,True,True
DLD_FinalDataset_224_spit/val/ALLOCARIDARA_ATTACK/to_label_1370.jpg,DLD_FinalDataset_224_spit/train/ALLOCARIDARA_ATTACK/to_label_1371.jpg,1370,1371,val,train,ALLOCARIDARA_ATTACK,ALLOCARIDARA_ATTACK,33,True,True
DLD_FinalDataset_224_spit/train/ALLOCARIDARA_ATTACK/to_label_1371.jpg,DLD_FinalDataset_224_spit/test/ALLOCARIDARA_ATTACK/to_label_1372.jpg,1371,1372,train,test,ALLOCARIDARA_ATTACK,ALLOCARIDARA_ATTACK,33,True,True
DLD_FinalDataset_224_spit/test/ALLOCARIDARA_ATTACK/to_label_1372.jpg,DLD_FinalDataset_224_spit/test/ALLOCARIDARA_ATTACK/to_label_1373.jpg,1372,1373,test,test,ALLOCARIDARA_ATTACK,ALLOCARIDARA_ATTACK,34,True,False
DLD_FinalDataset_224_spit/test/ALLOCARIDARA_ATTACK/to_label_1373.jpg,DLD_FinalDataset_224_spit/val/ALLOCARIDARA_ATTACK/to_label_1374.jpg,1373,1374,test,val,ALLOCARIDARA_ATTACK,ALLOCARIDARA_ATTACK,31,True,True
DLD_FinalDataset_224_spit/val/ALLOCARIDARA_ATTACK/to_label_1374.jpg,DLD_FinalDataset_224_spit/train/ALLOCARIDARA_ATTACK/to_label_1375.jpg,1374,1375,val,train,ALLOCARIDARA_ATTACK,ALLOCARIDARA_ATTACK,37,True,True
DLD_FinalDataset_224_spit/train/ALLOCARIDARA_ATTACK/to_label_1375.jpg,DLD_FinalDataset_224_spit/train/ALLOCARIDARA_ATTACK/to_label_1376.jpg,1375,1376,train,train,ALLOCARIDARA_ATTACK,ALLOCARIDARA_ATTACK,38,True,False
DLD_FinalDataset_224_spit/train/ALLOCARIDARA_ATTACK/to_label_1376.jpg,DLD_FinalDataset_224_spit/train/ALLOCARIDARA_ATTACK/to_label_1377.jpg,1376,1377,train,train,ALLOCARIDARA_ATTACK,ALLOCARIDARA_ATTACK,37,True,False
DLD_FinalDataset_224_spit/test/ALLOCARIDARA_ATTACK/to_label_1379.jpg,DLD_FinalDataset_224_spit/test/ALLOCARIDARA_ATTACK/to_label_1380.jpg,1379,1380,test,test,ALLOCARIDARA_ATTACK,ALLOCARIDARA_ATTACK,29,True,False
DLD_FinalDataset_224_spit/test/ALLOCARIDARA_ATTACK/to_label_1380.jpg,DLD_FinalDataset_224_spit/train/ALLOCARIDARA_ATTACK/to_label_1381.jpg,1380,1381,test,train,ALLOCARIDARA_ATTACK,ALLOCARIDARA_ATTACK,38,True,True
DLD_FinalDataset_224_spit/train/ALLOCARIDARA_ATTACK/to_label_1381.jpg,DLD_FinalDataset_224_spit/test/ALLOCARIDARA_ATTACK/to_label_1382.jpg,1381,1382,train,test,ALLOCARIDARA_ATTACK,ALLOCARIDARA_ATTACK,32,True,True
DLD_FinalDataset_224_spit/test/ALLOCARIDARA_ATTACK/to_label_1382.jpg,DLD_FinalDataset_224_spit/train/ALLOCARIDARA_ATTACK/to_label_1383.jpg,1382,1383,test,train,ALLOCARIDARA_ATTACK,ALLOCARIDARA_ATTACK,36,True,True
DLD_FinalDataset_224_spit/train/ALLOCARIDARA_ATTACK/to_label_1383.jpg,DLD_FinalDataset_224_spit/train/ALLOCARIDARA_ATTACK/to_label_1384.jpg,1383,1384,train,train,ALLOCARIDARA_ATTACK,ALLOCARIDARA_ATTACK,24,True,False
DLD_FinalDataset_224_spit/train/ALLOCARIDARA_ATTACK/to_label_1384.jpg,DLD_FinalDataset_224_spit/train/ALLOCARIDARA_ATTACK/to_label_1385.jpg,1384,1385,train,train,ALLOCARIDARA_ATTACK,ALLOCARIDARA_ATTACK,29,True,False
DLD_FinalDataset_224_spit/train/ALLOCARIDARA_ATTACK/to_label_1385.jpg,DLD_FinalDataset_224_spit/train/ALLOCARIDARA_ATTACK/to_label_1386.jpg,1385,1386,train,train,ALLOCARIDARA_ATTACK,ALLOCARIDARA_ATTACK,29,True,False
DLD_FinalDataset_224_spit/train/ALLOCARIDARA_ATTACK/to_label_1386.jpg,DLD_FinalDataset_224_spit/test/ALLOCARIDARA_ATTACK/to_label_1387.jpg,1386,1387,train,test,ALLOCARIDARA_ATTACK,ALLOCARIDARA_ATTACK,28,True,True
DLD_FinalDataset_224_spit/test/ALLOCARIDARA_ATTACK/to_label_1387.jpg,DLD_FinalDataset_224_spit/train/ALLOCARIDARA_ATTACK/to_label_1388.jpg,1387,1388,test,train,ALLOCARIDARA_ATTACK,ALLOCARIDARA_ATTACK,36,True,True
DLD_FinalDataset_224_spit/train/ALLOCARIDARA_ATTACK/to_label_1388.jpg,DLD_FinalDataset_224_spit/test/ALLOCARIDARA_ATTACK/to_label_1389.jpg,1388,1389,train,test,ALLOCARIDARA_ATTACK,ALLOCARIDARA_ATTACK,32,True,True
DLD_FinalDataset_224_spit/test/ALLOCARIDARA_ATTACK/to_label_1389.jpg,DLD_FinalDataset_224_spit/train/ALLOCARIDARA_ATTACK/to_label_1390.jpg,1389,1390,test,train,ALLOCARIDARA_ATTACK,ALLOCARIDARA_ATTACK,27,True,True
DLD_FinalDataset_224_spit/train/ALLOCARIDARA_ATTACK/to_label_1390.jpg,DLD_FinalDataset_224_spit/train/ALLOCARIDARA_ATTACK/to_label_1391.jpg,1390,1391,train,train,ALLOCARIDARA_ATTACK,ALLOCARIDARA_ATTACK,38,True,False
DLD_FinalDataset_224_spit/train/ALLOCARIDARA_ATTACK/to_label_1391.jpg,DLD_FinalDataset_224_spit/test/ALLOCARIDARA_ATTACK/to_label_1392.jpg,1391,1392,train,test,ALLOCARIDARA_ATTACK,ALLOCARIDARA_ATTACK,33,True,True
DLD_FinalDataset_224_spit/test/ALLOCARIDARA_ATTACK/to_label_1392.jpg,DLD_FinalDataset_224_spit/val/ALLOCARIDARA_ATTACK/to_label_1393.jpg,1392,1393,test,val,ALLOCARIDARA_ATTACK,ALLOCARIDARA_ATTACK,28,True,True
DLD_FinalDataset_224_spit/val/ALLOCARIDARA_ATTACK/to_label_1393.jpg,DLD_FinalDataset_224_spit/train/ALLOCARIDARA_ATTACK/to_label_1394.jpg,1393,1394,val,train,ALLOCARIDARA_ATTACK,ALLOCARIDARA_ATTACK,35,True,True
DLD_FinalDataset_224_spit/train/ALLOCARIDARA_ATTACK/to_label_1394.jpg,DLD_FinalDataset_224_spit/train/ALLOCARIDARA_ATTACK/to_label_1395.jpg,1394,1395,train,train,ALLOCARIDARA_ATTACK,ALLOCARIDARA_ATTACK,35,True,False
DLD_FinalDataset_224_spit/train/ALLOCARIDARA_ATTACK/to_label_1395.jpg,DLD_FinalDataset_224_spit/train/ALLOCARIDARA_ATTACK/to_label_1396.jpg,1395,1396,train,train,ALLOCARIDARA_ATTACK,ALLOCARIDARA_ATTACK,36,True,False
DLD_FinalDataset_224_spit/train/ALLOCARIDARA_ATTACK/to_label_1396.jpg,DLD_FinalDataset_224_spit/train/ALLOCARIDARA_ATTACK/to_label_1397.jpg,1396,1397,train,train,ALLOCARIDARA_ATTACK,ALLOCARIDARA_ATTACK,34,True,False
DLD_FinalDataset_224_spit/train/ALLOCARIDARA_ATTACK/to_label_1397.jpg,DLD_FinalDataset_224_spit/train/ALLOCARIDARA_ATTACK/to_label_1398.jpg,1397,1398,train,train,ALLOCARIDARA_ATTACK,ALLOCARIDARA_ATTACK,21,True,False
DLD_FinalDataset_224_spit/train/ALLOCARIDARA_ATTACK/to_label_1398.jpg,DLD_FinalDataset_224_spit/train/ALLOCARIDARA_ATTACK/to_label_1399.jpg,1398,1399,train,train,ALLOCARIDARA_ATTACK,ALLOCARIDARA_ATTACK,28,True,False
DLD_FinalDataset_224_spit/train/ALLOCARIDARA_ATTACK/to_label_1399.jpg,DLD_FinalDataset_224_spit/val/ALLOCARIDARA_ATTACK/to_label_1400.jpg,1399,1400,train,val,ALLOCARIDARA_ATTACK,ALLOCARIDARA_ATTACK,27,True,True
DLD_FinalDataset_224_spit/train/ALLOCARIDARA_ATTACK/to_label_1402.jpg,DLD_FinalDataset_224_spit/test/ALLOCARIDARA_ATTACK/to_label_1403.jpg,1402,1403,train,test,ALLOCARIDARA_ATTACK,ALLOCARIDARA_ATTACK,30,True,True
DLD_FinalDataset_224_spit/test/ALLOCARIDARA_ATTACK/to_label_1403.jpg,DLD_FinalDataset_224_spit/train/ALLOCARIDARA_ATTACK/to_label_1404.jpg,1403,1404,test,train,ALLOCARIDARA_ATTACK,ALLOCARIDARA_ATTACK,33,True,True
DLD_FinalDataset_224_spit/train/ALLOCARIDARA_ATTACK/to_label_1404.jpg,DLD_FinalDataset_224_spit/train/ALLOCARIDARA_ATTACK/to_label_1405.jpg,1404,1405,train,train,ALLOCARIDARA_ATTACK,ALLOCARIDARA_ATTACK,31,True,False
DLD_FinalDataset_224_spit/train/ALLOCARIDARA_ATTACK/to_label_1405.jpg,DLD_FinalDataset_224_spit/train/ALLOCARIDARA_ATTACK/to_label_1406.jpg,1405,1406,train,train,ALLOCARIDARA_ATTACK,ALLOCARIDARA_ATTACK,35,True,False
DLD_FinalDataset_224_spit/train/ALLOCARIDARA_ATTACK/to_label_1406.jpg,DLD_FinalDataset_224_spit/test/ALLOCARIDARA_ATTACK/to_label_1407.jpg,1406,1407,train,test,ALLOCARIDARA_ATTACK,ALLOCARIDARA_ATTACK,23,True,True
DLD_FinalDataset_224_spit/test/ALLOCARIDARA_ATTACK/to_label_1407.jpg,DLD_FinalDataset_224_spit/train/ALLOCARIDARA_ATTACK/to_label_1408.jpg,1407,1408,test,train,ALLOCARIDARA_ATTACK,ALLOCARIDARA_ATTACK,28,True,True
DLD_FinalDataset_224_spit/train/ALLOCARIDARA_ATTACK/to_label_1408.jpg,DLD_FinalDataset_224_spit/train/ALLOCARIDARA_ATTACK/to_label_1409.jpg,1408,1409,train,train,ALLOCARIDARA_ATTACK,ALLOCARIDARA_ATTACK,24,True,False
DLD_FinalDataset_224_spit/train/ALLOCARIDARA_ATTACK/to_label_1409.jpg,DLD_FinalDataset_224_spit/train/ALLOCARIDARA_ATTACK/to_label_1410.jpg,1409,1410,train,train,ALLOCARIDARA_ATTACK,ALLOCARIDARA_ATTACK,25,True,False
DLD_FinalDataset_224_spit/train/ALLOCARIDARA_ATTACK/to_label_1410.jpg,DLD_FinalDataset_224_spit/test/ALLOCARIDARA_ATTACK/to_label_1411.jpg,1410,1411,train,test,ALLOCARIDARA_ATTACK,ALLOCARIDARA_ATTACK,30,True,True
DLD_FinalDataset_224_spit/test/ALLOCARIDARA_ATTACK/to_label_1411.jpg,DLD_FinalDataset_224_spit/train/ALLOCARIDARA_ATTACK/to_label_1412.jpg,1411,1412,test,train,ALLOCARIDARA_ATTACK,ALLOCARIDARA_ATTACK,38,True,True
DLD_FinalDataset_224_spit/train/ALLOCARIDARA_ATTACK/to_label_1412.jpg,DLD_FinalDataset_224_spit/train/ALLOCARIDARA_ATTACK/to_label_1413.jpg,1412,1413,train,train,ALLOCARIDARA_ATTACK,ALLOCARIDARA_ATTACK,30,True,False
DLD_FinalDataset_224_spit/train/ALLOCARIDARA_ATTACK/to_label_1413.jpg,DLD_FinalDataset_224_spit/train/ALLOCARIDARA_ATTACK/to_label_1414.jpg,1413,1414,train,train,ALLOCARIDARA_ATTACK,ALLOCARIDARA_ATTACK,35,True,False
DLD_FinalDataset_224_spit/train/ALLOCARIDARA_ATTACK/to_label_1414.jpg,DLD_FinalDataset_224_spit/train/ALLOCARIDARA_ATTACK/to_label_1415.jpg,1414,1415,train,train,ALLOCARIDARA_ATTACK,ALLOCARIDARA_ATTACK,28,True,False
DLD_FinalDataset_224_spit/train/ALLOCARIDARA_ATTACK/to_label_1415.jpg,DLD_FinalDataset_224_spit/train/ALLOCARIDARA_ATTACK/to_label_1416.jpg,1415,1416,train,train,ALLOCARIDARA_ATTACK,ALLOCARIDARA_ATTACK,27,True,False
DLD_FinalDataset_224_spit/train/ALLOCARIDARA_ATTACK/to_label_1416.jpg,DLD_FinalDataset_224_spit/train/ALLOCARIDARA_ATTACK/to_label_1417.jpg,1416,1417,train,train,ALLOCARIDARA_ATTACK,ALLOCARIDARA_ATTACK,33,True,False
DLD_FinalDataset_224_spit/train/ALLOCARIDARA_ATTACK/to_label_1417.jpg,DLD_FinalDataset_224_spit/val/ALLOCARIDARA_ATTACK/to_label_1418.jpg,1417,1418,train,val,ALLOCARIDARA_ATTACK,ALLOCARIDARA_ATTACK,30,True,True
DLD_FinalDataset_224_spit/val/ALLOCARIDARA_ATTACK/to_label_1418.jpg,DLD_FinalDataset_224_spit/train/ALLOCARIDARA_ATTACK/to_label_1419.jpg,1418,1419,val,train,ALLOCARIDARA_ATTACK,ALLOCARIDARA_ATTACK,28,True,True
DLD_FinalDataset_224_spit/train/ALLOCARIDARA_ATTACK/to_label_1419.jpg,DLD_FinalDataset_224_spit/train/ALLOCARIDARA_ATTACK/to_label_1420.jpg,1419,1420,train,train,ALLOCARIDARA_ATTACK,ALLOCARIDARA_ATTACK,28,True,False
DLD_FinalDataset_224_spit/train/ALLOCARIDARA_ATTACK/to_label_1420.jpg,DLD_FinalDataset_224_spit/test/ALLOCARIDARA_ATTACK/to_label_1421.jpg,1420,1421,train,test,ALLOCARIDARA_ATTACK,ALLOCARIDARA_ATTACK,34,True,True
DLD_FinalDataset_224_spit/test/ALLOCARIDARA_ATTACK/to_label_1421.jpg,DLD_FinalDataset_224_spit/test/ALLOCARIDARA_ATTACK/to_label_1422.jpg,1421,1422,test,test,ALLOCARIDARA_ATTACK,ALLOCARIDARA_ATTACK,31,True,False
DLD_FinalDataset_224_spit/test/ALLOCARIDARA_ATTACK/to_label_1422.jpg,DLD_FinalDataset_224_spit/train/ALLOCARIDARA_ATTACK/to_label_1423.jpg,1422,1423,test,train,ALLOCARIDARA_ATTACK,ALLOCARIDARA_ATTACK,22,True,True
DLD_FinalDataset_224_spit/train/ALLOCARIDARA_ATTACK/to_label_1423.jpg,DLD_FinalDataset_224_spit/test/ALLOCARIDARA_ATTACK/to_label_1424.jpg,1423,1424,train,test,ALLOCARIDARA_ATTACK,ALLOCARIDARA_ATTACK,29,True,True
DLD_FinalDataset_224_spit/test/ALLOCARIDARA_ATTACK/to_label_1424.jpg,DLD_FinalDataset_224_spit/test/ALLOCARIDARA_ATTACK/to_label_1425.jpg,1424,1425,test,test,ALLOCARIDARA_ATTACK,ALLOCARIDARA_ATTACK,33,True,False
DLD_FinalDataset_224_spit/test/ALLOCARIDARA_ATTACK/to_label_1425.jpg,DLD_FinalDataset_224_spit/train/ALLOCARIDARA_ATTACK/to_label_1426.jpg,1425,1426,test,train,ALLOCARIDARA_ATTACK,ALLOCARIDARA_ATTACK,30,True,True
DLD_FinalDataset_224_spit/train/ALLOCARIDARA_ATTACK/to_label_1426.jpg,DLD_FinalDataset_224_spit/train/ALLOCARIDARA_ATTACK/to_label_1427.jpg,1426,1427,train,train,ALLOCARIDARA_ATTACK,ALLOCARIDARA_ATTACK,28,True,False
DLD_FinalDataset_224_spit/train/ALLOCARIDARA_ATTACK/to_label_1427.jpg,DLD_FinalDataset_224_spit/train/ALLOCARIDARA_ATTACK/to_label_1428.jpg,1427,1428,train,train,ALLOCARIDARA_ATTACK,ALLOCARIDARA_ATTACK,27,True,False
DLD_FinalDataset_224_spit/train/ALLOCARIDARA_ATTACK/to_label_1428.jpg,DLD_FinalDataset_224_spit/test/ALLOCARIDARA_ATTACK/to_label_1429.jpg,1428,1429,train,test,ALLOCARIDARA_ATTACK,ALLOCARIDARA_ATTACK,27,True,True
DLD_FinalDataset_224_spit/test/ALLOCARIDARA_ATTACK/to_label_1429.jpg,DLD_FinalDataset_224_spit/test/ALLOCARIDARA_ATTACK/to_label_1430.jpg,1429,1430,test,test,ALLOCARIDARA_ATTACK,ALLOCARIDARA_ATTACK,35,True,False
DLD_FinalDataset_224_spit/test/ALLOCARIDARA_ATTACK/to_label_1430.jpg,DLD_FinalDataset_224_spit/train/ALLOCARIDARA_ATTACK/to_label_1431.jpg,1430,1431,test,train,ALLOCARIDARA_ATTACK,ALLOCARIDARA_ATTACK,31,True,True
DLD_FinalDataset_224_spit/train/ALLOCARIDARA_ATTACK/to_label_1431.jpg,DLD_FinalDataset_224_spit/train/ALLOCARIDARA_ATTACK/to_label_1432.jpg,1431,1432,train,train,ALLOCARIDARA_ATTACK,ALLOCARIDARA_ATTACK,32,True,False
DLD_FinalDataset_224_spit/train/ALLOCARIDARA_ATTACK/to_label_1432.jpg,DLD_FinalDataset_224_spit/test/ALLOCARIDARA_ATTACK/to_label_1433.jpg,1432,1433,train,test,ALLOCARIDARA_ATTACK,ALLOCARIDARA_ATTACK,30,True,True
DLD_FinalDataset_224_spit/test/ALLOCARIDARA_ATTACK/to_label_1433.jpg,DLD_FinalDataset_224_spit/train/ALLOCARIDARA_ATTACK/to_label_1434.jpg,1433,1434,test,train,ALLOCARIDARA_ATTACK,ALLOCARIDARA_ATTACK,37,True,True
DLD_FinalDataset_224_spit/train/ALLOCARIDARA_ATTACK/to_label_1434.jpg,DLD_FinalDataset_224_spit/val/ALLOCARIDARA_ATTACK/to_label_1435.jpg,1434,1435,train,val,ALLOCARIDARA_ATTACK,ALLOCARIDARA_ATTACK,32,True,True
DLD_FinalDataset_224_spit/val/ALLOCARIDARA_ATTACK/to_label_1435.jpg,DLD_FinalDataset_224_spit/train/ALLOCARIDARA_ATTACK/to_label_1436.jpg,1435,1436,val,train,ALLOCARIDARA_ATTACK,ALLOCARIDARA_ATTACK,23,True,True
DLD_FinalDataset_224_spit/train/ALLOCARIDARA_ATTACK/to_label_1436.jpg,DLD_FinalDataset_224_spit/test/ALLOCARIDARA_ATTACK/to_label_1437.jpg,1436,1437,train,test,ALLOCARIDARA_ATTACK,ALLOCARIDARA_ATTACK,37,True,True
DLD_FinalDataset_224_spit/test/ALLOCARIDARA_ATTACK/to_label_1437.jpg,DLD_FinalDataset_224_spit/test/ALLOCARIDARA_ATTACK/to_label_1438.jpg,1437,1438,test,test,ALLOCARIDARA_ATTACK,ALLOCARIDARA_ATTACK,34,True,False
DLD_FinalDataset_224_spit/test/ALLOCARIDARA_ATTACK/to_label_1438.jpg,DLD_FinalDataset_224_spit/train/ALLOCARIDARA_ATTACK/to_label_1439.jpg,1438,1439,test,train,ALLOCARIDARA_ATTACK,ALLOCARIDARA_ATTACK,38,True,True
DLD_FinalDataset_224_spit/train/ALLOCARIDARA_ATTACK/to_label_1439.jpg,DLD_FinalDataset_224_spit/train/ALLOCARIDARA_ATTACK/to_label_1440.jpg,1439,1440,train,train,ALLOCARIDARA_ATTACK,ALLOCARIDARA_ATTACK,32,True,False
DLD_FinalDataset_224_spit/train/ALLOCARIDARA_ATTACK/to_label_1440.jpg,DLD_FinalDataset_224_spit/val/ALLOCARIDARA_ATTACK/to_label_1441.jpg,1440,1441,train,val,ALLOCARIDARA_ATTACK,ALLOCARIDARA_ATTACK,38,True,True
DLD_FinalDataset_224_spit/val/ALLOCARIDARA_ATTACK/to_label_1441.jpg,DLD_FinalDataset_224_spit/test/ALLOCARIDARA_ATTACK/to_label_1442.jpg,1441,1442,val,test,ALLOCARIDARA_ATTACK,ALLOCARIDARA_ATTACK,39,True,True
DLD_FinalDataset_224_spit/test/ALLOCARIDARA_ATTACK/to_label_1442.jpg,DLD_FinalDataset_224_spit/train/ALLOCARIDARA_ATTACK/to_label_1443.jpg,1442,1443,test,train,ALLOCARIDARA_ATTACK,ALLOCARIDARA_ATTACK,34,True,True
DLD_FinalDataset_224_spit/train/ALLOCARIDARA_ATTACK/to_label_1443.jpg,DLD_FinalDataset_224_spit/train/ALLOCARIDARA_ATTACK/to_label_1444.jpg,1443,1444,train,train,ALLOCARIDARA_ATTACK,ALLOCARIDARA_ATTACK,32,True,False
DLD_FinalDataset_224_spit/train/ALLOCARIDARA_ATTACK/to_label_1444.jpg,DLD_FinalDataset_224_spit/train/ALLOCARIDARA_ATTACK/to_label_1445.jpg,1444,1445,train,train,ALLOCARIDARA_ATTACK,ALLOCARIDARA_ATTACK,30,True,False
DLD_FinalDataset_224_spit/train/ALLOCARIDARA_ATTACK/to_label_1445.jpg,DLD_FinalDataset_224_spit/val/ALLOCARIDARA_ATTACK/to_label_1446.jpg,1445,1446,train,val,ALLOCARIDARA_ATTACK,ALLOCARIDARA_ATTACK,37,True,True
DLD_FinalDataset_224_spit/val/ALLOCARIDARA_ATTACK/to_label_1446.jpg,DLD_FinalDataset_224_spit/train/ALLOCARIDARA_ATTACK/to_label_1447.jpg,1446,1447,val,train,ALLOCARIDARA_ATTACK,ALLOCARIDARA_ATTACK,30,True,True
DLD_FinalDataset_224_spit/train/ALLOCARIDARA_ATTACK/to_label_1447.jpg,DLD_FinalDataset_224_spit/train/ALLOCARIDARA_ATTACK/to_label_1448.jpg,1447,1448,train,train,ALLOCARIDARA_ATTACK,ALLOCARIDARA_ATTACK,31,True,False
DLD_FinalDataset_224_spit/train/ALLOCARIDARA_ATTACK/to_label_1448.jpg,DLD_FinalDataset_224_spit/train/ALLOCARIDARA_ATTACK/to_label_1449.jpg,1448,1449,train,train,ALLOCARIDARA_ATTACK,ALLOCARIDARA_ATTACK,25,True,False
DLD_FinalDataset_224_spit/train/ALLOCARIDARA_ATTACK/to_label_1449.jpg,DLD_FinalDataset_224_spit/train/ALLOCARIDARA_ATTACK/to_label_1450.jpg,1449,1450,train,train,ALLOCARIDARA_ATTACK,ALLOCARIDARA_ATTACK,34,True,False
DLD_FinalDataset_224_spit/train/ALLOCARIDARA_ATTACK/to_label_1450.jpg,DLD_FinalDataset_224_spit/train/ALLOCARIDARA_ATTACK/to_label_1451.jpg,1450,1451,train,train,ALLOCARIDARA_ATTACK,ALLOCARIDARA_ATTACK,36,True,False
DLD_FinalDataset_224_spit/train/ALLOCARIDARA_ATTACK/to_label_1451.jpg,DLD_FinalDataset_224_spit/val/ALLOCARIDARA_ATTACK/to_label_1452.jpg,1451,1452,train,val,ALLOCARIDARA_ATTACK,ALLOCARIDARA_ATTACK,23,True,True
DLD_FinalDataset_224_spit/val/ALLOCARIDARA_ATTACK/to_label_1452.jpg,DLD_FinalDataset_224_spit/test/ALLOCARIDARA_ATTACK/to_label_1453.jpg,1452,1453,val,test,ALLOCARIDARA_ATTACK,ALLOCARIDARA_ATTACK,34,True,True
DLD_FinalDataset_224_spit/test/ALLOCARIDARA_ATTACK/to_label_1453.jpg,DLD_FinalDataset_224_spit/train/ALLOCARIDARA_ATTACK/to_label_1454.jpg,1453,1454,test,train,ALLOCARIDARA_ATTACK,ALLOCARIDARA_ATTACK,34,True,True
DLD_FinalDataset_224_spit/train/ALLOCARIDARA_ATTACK/to_label_1454.jpg,DLD_FinalDataset_224_spit/test/ALLOCARIDARA_ATTACK/to_label_1455.jpg,1454,1455,train,test,ALLOCARIDARA_ATTACK,ALLOCARIDARA_ATTACK,28,True,True
DLD_FinalDataset_224_spit/test/ALLOCARIDARA_ATTACK/to_label_1455.jpg,DLD_FinalDataset_224_spit/train/ALLOCARIDARA_ATTACK/to_label_1456.jpg,1455,1456,test,train,ALLOCARIDARA_ATTACK,ALLOCARIDARA_ATTACK,30,True,True
DLD_FinalDataset_224_spit/train/ALLOCARIDARA_ATTACK/to_label_1456.jpg,DLD_FinalDataset_224_spit/val/ALLOCARIDARA_ATTACK/to_label_1457.jpg,1456,1457,train,val,ALLOCARIDARA_ATTACK,ALLOCARIDARA_ATTACK,33,True,True
DLD_FinalDataset_224_spit/val/ALLOCARIDARA_ATTACK/to_label_1457.jpg,DLD_FinalDataset_224_spit/val/ALLOCARIDARA_ATTACK/to_label_1458.jpg,1457,1458,val,val,ALLOCARIDARA_ATTACK,ALLOCARIDARA_ATTACK,28,True,False
DLD_FinalDataset_224_spit/val/ALLOCARIDARA_ATTACK/to_label_1458.jpg,DLD_FinalDataset_224_spit/train/ALLOCARIDARA_ATTACK/to_label_1459.jpg,1458,1459,val,train,ALLOCARIDARA_ATTACK,ALLOCARIDARA_ATTACK,25,True,True
DLD_FinalDataset_224_spit/train/ALLOCARIDARA_ATTACK/to_label_1459.jpg,DLD_FinalDataset_224_spit/train/ALLOCARIDARA_ATTACK/to_label_1460.jpg,1459,1460,train,train,ALLOCARIDARA_ATTACK,ALLOCARIDARA_ATTACK,24,True,False
DLD_FinalDataset_224_spit/train/ALLOCARIDARA_ATTACK/to_label_1460.jpg,DLD_FinalDataset_224_spit/train/ALLOCARIDARA_ATTACK/to_label_1461.jpg,1460,1461,train,train,ALLOCARIDARA_ATTACK,ALLOCARIDARA_ATTACK,28,True,False
DLD_FinalDataset_224_spit/train/ALLOCARIDARA_ATTACK/to_label_1461.jpg,DLD_FinalDataset_224_spit/val/ALLOCARIDARA_ATTACK/to_label_1462.jpg,1461,1462,train,val,ALLOCARIDARA_ATTACK,ALLOCARIDARA_ATTACK,35,True,True
DLD_FinalDataset_224_spit/val/ALLOCARIDARA_ATTACK/to_label_1462.jpg,DLD_FinalDataset_224_spit/train/ALLOCARIDARA_ATTACK/to_label_1463.jpg,1462,1463,val,train,ALLOCARIDARA_ATTACK,ALLOCARIDARA_ATTACK,26,True,True
DLD_FinalDataset_224_spit/train/ALLOCARIDARA_ATTACK/to_label_1463.jpg,DLD_FinalDataset_224_spit/val/ALLOCARIDARA_ATTACK/to_label_1464.jpg,1463,1464,train,val,ALLOCARIDARA_ATTACK,ALLOCARIDARA_ATTACK,28,True,True
DLD_FinalDataset_224_spit/val/ALLOCARIDARA_ATTACK/to_label_1464.jpg,DLD_FinalDataset_224_spit/train/ALLOCARIDARA_ATTACK/to_label_1465.jpg,1464,1465,val,train,ALLOCARIDARA_ATTACK,ALLOCARIDARA_ATTACK,30,True,True
DLD_FinalDataset_224_spit/train/ALLOCARIDARA_ATTACK/to_label_1465.jpg,DLD_FinalDataset_224_spit/val/ALLOCARIDARA_ATTACK/to_label_1466.jpg,1465,1466,train,val,ALLOCARIDARA_ATTACK,ALLOCARIDARA_ATTACK,26,True,True
DLD_FinalDataset_224_spit/val/ALLOCARIDARA_ATTACK/to_label_1466.jpg,DLD_FinalDataset_224_spit/train/ALLOCARIDARA_ATTACK/to_label_1467.jpg,1466,1467,val,train,ALLOCARIDARA_ATTACK,ALLOCARIDARA_ATTACK,31,True,True
DLD_FinalDataset_224_spit/train/ALLOCARIDARA_ATTACK/to_label_1467.jpg,DLD_FinalDataset_224_spit/train/ALLOCARIDARA_ATTACK/to_label_1468.jpg,1467,1468,train,train,ALLOCARIDARA_ATTACK,ALLOCARIDARA_ATTACK,26,True,False
DLD_FinalDataset_224_spit/train/ALLOCARIDARA_ATTACK/to_label_1468.jpg,DLD_FinalDataset_224_spit/train/ALLOCARIDARA_ATTACK/to_label_1469.jpg,1468,1469,train,train,ALLOCARIDARA_ATTACK,ALLOCARIDARA_ATTACK,32,True,False
DLD_FinalDataset_224_spit/train/ALLOCARIDARA_ATTACK/to_label_1469.jpg,DLD_FinalDataset_224_spit/val/ALLOCARIDARA_ATTACK/to_label_1470.jpg,1469,1470,train,val,ALLOCARIDARA_ATTACK,ALLOCARIDARA_ATTACK,28,True,True
DLD_FinalDataset_224_spit/val/ALLOCARIDARA_ATTACK/to_label_1470.jpg,DLD_FinalDataset_224_spit/train/ALLOCARIDARA_ATTACK/to_label_1471.jpg,1470,1471,val,train,ALLOCARIDARA_ATTACK,ALLOCARIDARA_ATTACK,31,True,True
DLD_FinalDataset_224_spit/train/ALLOCARIDARA_ATTACK/to_label_1471.jpg,DLD_FinalDataset_224_spit/train/ALLOCARIDARA_ATTACK/to_label_1472.jpg,1471,1472,train,train,ALLOCARIDARA_ATTACK,ALLOCARIDARA_ATTACK,31,True,False
DLD_FinalDataset_224_spit/train/ALLOCARIDARA_ATTACK/to_label_1472.jpg,DLD_FinalDataset_224_spit/train/ALLOCARIDARA_ATTACK/to_label_1473.jpg,1472,1473,train,train,ALLOCARIDARA_ATTACK,ALLOCARIDARA_ATTACK,33,True,False
DLD_FinalDataset_224_spit/train/ALLOCARIDARA_ATTACK/to_label_1473.jpg,DLD_FinalDataset_224_spit/train/ALLOCARIDARA_ATTACK/to_label_1474.jpg,1473,1474,train,train,ALLOCARIDARA_ATTACK,ALLOCARIDARA_ATTACK,42,True,False
DLD_FinalDataset_224_spit/train/ALLOCARIDARA_ATTACK/to_label_1474.jpg,DLD_FinalDataset_224_spit/val/ALLOCARIDARA_ATTACK/to_label_1475.jpg,1474,1475,train,val,ALLOCARIDARA_ATTACK,ALLOCARIDARA_ATTACK,38,True,True
DLD_FinalDataset_224_spit/val/ALLOCARIDARA_ATTACK/to_label_1475.jpg,DLD_FinalDataset_224_spit/train/ALLOCARIDARA_ATTACK/to_label_1476.jpg,1475,1476,val,train,ALLOCARIDARA_ATTACK,ALLOCARIDARA_ATTACK,41,True,True
DLD_FinalDataset_224_spit/train/ALLOCARIDARA_ATTACK/to_label_1476.jpg,DLD_FinalDataset_224_spit/train/ALLOCARIDARA_ATTACK/to_label_1477.jpg,1476,1477,train,train,ALLOCARIDARA_ATTACK,ALLOCARIDARA_ATTACK,27,True,False
DLD_FinalDataset_224_spit/train/ALLOCARIDARA_ATTACK/to_label_1477.jpg,DLD_FinalDataset_224_spit/train/ALLOCARIDARA_ATTACK/to_label_1478.jpg,1477,1478,train,train,ALLOCARIDARA_ATTACK,ALLOCARIDARA_ATTACK,30,True,False
DLD_FinalDataset_224_spit/train/ALLOCARIDARA_ATTACK/to_label_1478.jpg,DLD_FinalDataset_224_spit/train/ALLOCARIDARA_ATTACK/to_label_1479.jpg,1478,1479,train,train,ALLOCARIDARA_ATTACK,ALLOCARIDARA_ATTACK,35,True,False
DLD_FinalDataset_224_spit/train/ALLOCARIDARA_ATTACK/to_label_1479.jpg,DLD_FinalDataset_224_spit/test/ALLOCARIDARA_ATTACK/to_label_1480.jpg,1479,1480,train,test,ALLOCARIDARA_ATTACK,ALLOCARIDARA_ATTACK,38,True,True
DLD_FinalDataset_224_spit/test/ALLOCARIDARA_ATTACK/to_label_1480.jpg,DLD_FinalDataset_224_spit/val/ALLOCARIDARA_ATTACK/to_label_1481.jpg,1480,1481,test,val,ALLOCARIDARA_ATTACK,ALLOCARIDARA_ATTACK,34,True,True
DLD_FinalDataset_224_spit/val/ALLOCARIDARA_ATTACK/to_label_1481.jpg,DLD_FinalDataset_224_spit/train/ALLOCARIDARA_ATTACK/to_label_1482.jpg,1481,1482,val,train,ALLOCARIDARA_ATTACK,ALLOCARIDARA_ATTACK,24,True,True
DLD_FinalDataset_224_spit/train/ALLOCARIDARA_ATTACK/to_label_1482.jpg,DLD_FinalDataset_224_spit/train/ALLOCARIDARA_ATTACK/to_label_1483.jpg,1482,1483,train,train,ALLOCARIDARA_ATTACK,ALLOCARIDARA_ATTACK,19,True,False
DLD_FinalDataset_224_spit/train/ALLOCARIDARA_ATTACK/to_label_1483.jpg,DLD_FinalDataset_224_spit/train/ALLOCARIDARA_ATTACK/to_label_1484.jpg,1483,1484,train,train,ALLOCARIDARA_ATTACK,ALLOCARIDARA_ATTACK,29,True,False
DLD_FinalDataset_224_spit/train/ALLOCARIDARA_ATTACK/to_label_1484.jpg,DLD_FinalDataset_224_spit/train/ALLOCARIDARA_ATTACK/to_label_1485.jpg,1484,1485,train,train,ALLOCARIDARA_ATTACK,ALLOCARIDARA_ATTACK,26,True,False
DLD_FinalDataset_224_spit/train/ALLOCARIDARA_ATTACK/to_label_1485.jpg,DLD_FinalDataset_224_spit/train/ALLOCARIDARA_ATTACK/to_label_1486.jpg,1485,1486,train,train,ALLOCARIDARA_ATTACK,ALLOCARIDARA_ATTACK,36,True,False
DLD_FinalDataset_224_spit/train/ALLOCARIDARA_ATTACK/to_label_1486.jpg,DLD_FinalDataset_224_spit/train/ALLOCARIDARA_ATTACK/to_label_1487.jpg,1486,1487,train,train,ALLOCARIDARA_ATTACK,ALLOCARIDARA_ATTACK,33,True,False
DLD_FinalDataset_224_spit/train/ALLOCARIDARA_ATTACK/to_label_1487.jpg,DLD_FinalDataset_224_spit/train/ALLOCARIDARA_ATTACK/to_label_1488.jpg,1487,1488,train,train,ALLOCARIDARA_ATTACK,ALLOCARIDARA_ATTACK,23,True,False
DLD_FinalDataset_224_spit/train/ALLOCARIDARA_ATTACK/to_label_1488.jpg,DLD_FinalDataset_224_spit/train/ALLOCARIDARA_ATTACK/to_label_1489.jpg,1488,1489,train,train,ALLOCARIDARA_ATTACK,ALLOCARIDARA_ATTACK,30,True,False
DLD_FinalDataset_224_spit/train/ALLOCARIDARA_ATTACK/to_label_1489.jpg,DLD_FinalDataset_224_spit/val/ALLOCARIDARA_ATTACK/to_label_1490.jpg,1489,1490,train,val,ALLOCARIDARA_ATTACK,ALLOCARIDARA_ATTACK,40,True,True
DLD_FinalDataset_224_spit/val/ALLOCARIDARA_ATTACK/to_label_1490.jpg,DLD_FinalDataset_224_spit/train/ALLOCARIDARA_ATTACK/to_label_1491.jpg,1490,1491,val,train,ALLOCARIDARA_ATTACK,ALLOCARIDARA_ATTACK,37,True,True
DLD_FinalDataset_224_spit/train/ALLOCARIDARA_ATTACK/to_label_1491.jpg,DLD_FinalDataset_224_spit/train/ALLOCARIDARA_ATTACK/to_label_1492.jpg,1491,1492,train,train,ALLOCARIDARA_ATTACK,ALLOCARIDARA_ATTACK,29,True,False
DLD_FinalDataset_224_spit/train/ALLOCARIDARA_ATTACK/to_label_1492.jpg,DLD_FinalDataset_224_spit/train/ALLOCARIDARA_ATTACK/to_label_1493.jpg,1492,1493,train,train,ALLOCARIDARA_ATTACK,ALLOCARIDARA_ATTACK,33,True,False
DLD_FinalDataset_224_spit/train/ALLOCARIDARA_ATTACK/to_label_1493.jpg,DLD_FinalDataset_224_spit/train/ALLOCARIDARA_ATTACK/to_label_1494.jpg,1493,1494,train,train,ALLOCARIDARA_ATTACK,ALLOCARIDARA_ATTACK,39,True,False
DLD_FinalDataset_224_spit/train/ALLOCARIDARA_ATTACK/to_label_1494.jpg,DLD_FinalDataset_224_spit/val/ALLOCARIDARA_ATTACK/to_label_1495.jpg,1494,1495,train,val,ALLOCARIDARA_ATTACK,ALLOCARIDARA_ATTACK,41,True,True
DLD_FinalDataset_224_spit/val/ALLOCARIDARA_ATTACK/to_label_1495.jpg,DLD_FinalDataset_224_spit/test/ALLOCARIDARA_ATTACK/to_label_1496.jpg,1495,1496,val,test,ALLOCARIDARA_ATTACK,ALLOCARIDARA_ATTACK,35,True,True
DLD_FinalDataset_224_spit/test/ALLOCARIDARA_ATTACK/to_label_1496.jpg,DLD_FinalDataset_224_spit/train/ALLOCARIDARA_ATTACK/to_label_1497.jpg,1496,1497,test,train,ALLOCARIDARA_ATTACK,ALLOCARIDARA_ATTACK,36,True,True
DLD_FinalDataset_224_spit/train/ALLOCARIDARA_ATTACK/to_label_1497.jpg,DLD_FinalDataset_224_spit/test/ALLOCARIDARA_ATTACK/to_label_1498.jpg,1497,1498,train,test,ALLOCARIDARA_ATTACK,ALLOCARIDARA_ATTACK,30,True,True
DLD_FinalDataset_224_spit/test/ALLOCARIDARA_ATTACK/to_label_1498.jpg,DLD_FinalDataset_224_spit/test/ALLOCARIDARA_ATTACK/to_label_1499.jpg,1498,1499,test,test,ALLOCARIDARA_ATTACK,ALLOCARIDARA_ATTACK,31,True,False
DLD_FinalDataset_224_spit/train/ALLOCARIDARA_ATTACK/to_label_1501.jpg,DLD_FinalDataset_224_spit/train/ALLOCARIDARA_ATTACK/to_label_1502.jpg,1501,1502,train,train,ALLOCARIDARA_ATTACK,ALLOCARIDARA_ATTACK,26,True,False
DLD_FinalDataset_224_spit/train/ALLOCARIDARA_ATTACK/to_label_1502.jpg,DLD_FinalDataset_224_spit/train/ALLOCARIDARA_ATTACK/to_label_1503.jpg,1502,1503,train,train,ALLOCARIDARA_ATTACK,ALLOCARIDARA_ATTACK,29,True,False
DLD_FinalDataset_224_spit/train/ALLOCARIDARA_ATTACK/to_label_1503.jpg,DLD_FinalDataset_224_spit/train/ALLOCARIDARA_ATTACK/to_label_1504.jpg,1503,1504,train,train,ALLOCARIDARA_ATTACK,ALLOCARIDARA_ATTACK,31,True,False
DLD_FinalDataset_224_spit/train/ALLOCARIDARA_ATTACK/to_label_1504.jpg,DLD_FinalDataset_224_spit/train/ALLOCARIDARA_ATTACK/to_label_1505.jpg,1504,1505,train,train,ALLOCARIDARA_ATTACK,ALLOCARIDARA_ATTACK,29,True,False
DLD_FinalDataset_224_spit/train/ALLOCARIDARA_ATTACK/to_label_1505.jpg,DLD_FinalDataset_224_spit/train/ALLOCARIDARA_ATTACK/to_label_1506.jpg,1505,1506,train,train,ALLOCARIDARA_ATTACK,ALLOCARIDARA_ATTACK,23,True,False
DLD_FinalDataset_224_spit/train/ALLOCARIDARA_ATTACK/to_label_1506.jpg,DLD_FinalDataset_224_spit/train/ALLOCARIDARA_ATTACK/to_label_1507.jpg,1506,1507,train,train,ALLOCARIDARA_ATTACK,ALLOCARIDARA_ATTACK,21,True,False
DLD_FinalDataset_224_spit/train/ALLOCARIDARA_ATTACK/to_label_1507.jpg,DLD_FinalDataset_224_spit/train/ALLOCARIDARA_ATTACK/to_label_1508.jpg,1507,1508,train,train,ALLOCARIDARA_ATTACK,ALLOCARIDARA_ATTACK,35,True,False
DLD_FinalDataset_224_spit/train/ALLOCARIDARA_ATTACK/to_label_1508.jpg,DLD_FinalDataset_224_spit/test/ALLOCARIDARA_ATTACK/to_label_1509.jpg,1508,1509,train,test,ALLOCARIDARA_ATTACK,ALLOCARIDARA_ATTACK,26,True,True
DLD_FinalDataset_224_spit/test/ALLOCARIDARA_ATTACK/to_label_1509.jpg,DLD_FinalDataset_224_spit/train/ALLOCARIDARA_ATTACK/to_label_1510.jpg,1509,1510,test,train,ALLOCARIDARA_ATTACK,ALLOCARIDARA_ATTACK,26,True,True
DLD_FinalDataset_224_spit/train/ALLOCARIDARA_ATTACK/to_label_1510.jpg,DLD_FinalDataset_224_spit/val/ALLOCARIDARA_ATTACK/to_label_1511.jpg,1510,1511,train,val,ALLOCARIDARA_ATTACK,ALLOCARIDARA_ATTACK,42,True,True
DLD_FinalDataset_224_spit/val/ALLOCARIDARA_ATTACK/to_label_1511.jpg,DLD_FinalDataset_224_spit/train/ALLOCARIDARA_ATTACK/to_label_1512.jpg,1511,1512,val,train,ALLOCARIDARA_ATTACK,ALLOCARIDARA_ATTACK,27,True,True
DLD_FinalDataset_224_spit/train/ALLOCARIDARA_ATTACK/to_label_1512.jpg,DLD_FinalDataset_224_spit/test/ALLOCARIDARA_ATTACK/to_label_1513.jpg,1512,1513,train,test,ALLOCARIDARA_ATTACK,ALLOCARIDARA_ATTACK,35,True,True
DLD_FinalDataset_224_spit/test/ALLOCARIDARA_ATTACK/to_label_1513.jpg,DLD_FinalDataset_224_spit/train/ALLOCARIDARA_ATTACK/to_label_1514.jpg,1513,1514,test,train,ALLOCARIDARA_ATTACK,ALLOCARIDARA_ATTACK,33,True,True
DLD_FinalDataset_224_spit/train/ALLOCARIDARA_ATTACK/to_label_1514.jpg,DLD_FinalDataset_224_spit/test/ALLOCARIDARA_ATTACK/to_label_1515.jpg,1514,1515,train,test,ALLOCARIDARA_ATTACK,ALLOCARIDARA_ATTACK,34,True,True
DLD_FinalDataset_224_spit/test/ALLOCARIDARA_ATTACK/to_label_1515.jpg,DLD_FinalDataset_224_spit/train/ALLOCARIDARA_ATTACK/to_label_1516.jpg,1515,1516,test,train,ALLOCARIDARA_ATTACK,ALLOCARIDARA_ATTACK,32,True,True
DLD_FinalDataset_224_spit/train/ALLOCARIDARA_ATTACK/to_label_1516.jpg,DLD_FinalDataset_224_spit/train/ALLOCARIDARA_ATTACK/to_label_1517.jpg,1516,1517,train,train,ALLOCARIDARA_ATTACK,ALLOCARIDARA_ATTACK,44,True,False
DLD_FinalDataset_224_spit/train/ALLOCARIDARA_ATTACK/to_label_1517.jpg,DLD_FinalDataset_224_spit/train/ALLOCARIDARA_ATTACK/to_label_1518.jpg,1517,1518,train,train,ALLOCARIDARA_ATTACK,ALLOCARIDARA_ATTACK,25,True,False
DLD_FinalDataset_224_spit/train/ALLOCARIDARA_ATTACK/to_label_1518.jpg,DLD_FinalDataset_224_spit/train/ALLOCARIDARA_ATTACK/to_label_1519.jpg,1518,1519,train,train,ALLOCARIDARA_ATTACK,ALLOCARIDARA_ATTACK,34,True,False
DLD_FinalDataset_224_spit/train/ALLOCARIDARA_ATTACK/to_label_1519.jpg,DLD_FinalDataset_224_spit/val/ALLOCARIDARA_ATTACK/to_label_1520.jpg,1519,1520,train,val,ALLOCARIDARA_ATTACK,ALLOCARIDARA_ATTACK,35,True,True
DLD_FinalDataset_224_spit/val/ALLOCARIDARA_ATTACK/to_label_1520.jpg,DLD_FinalDataset_224_spit/test/ALLOCARIDARA_ATTACK/to_label_1521.jpg,1520,1521,val,test,ALLOCARIDARA_ATTACK,ALLOCARIDARA_ATTACK,27,True,True
DLD_FinalDataset_224_spit/test/ALLOCARIDARA_ATTACK/to_label_1521.jpg,DLD_FinalDataset_224_spit/train/ALLOCARIDARA_ATTACK/to_label_1522.jpg,1521,1522,test,train,ALLOCARIDARA_ATTACK,ALLOCARIDARA_ATTACK,30,True,True
DLD_FinalDataset_224_spit/train/ALLOCARIDARA_ATTACK/to_label_1522.jpg,DLD_FinalDataset_224_spit/train/ALLOCARIDARA_ATTACK/to_label_1523.jpg,1522,1523,train,train,ALLOCARIDARA_ATTACK,ALLOCARIDARA_ATTACK,29,True,False
DLD_FinalDataset_224_spit/train/ALLOCARIDARA_ATTACK/to_label_1523.jpg,DLD_FinalDataset_224_spit/train/ALLOCARIDARA_ATTACK/to_label_1524.jpg,1523,1524,train,train,ALLOCARIDARA_ATTACK,ALLOCARIDARA_ATTACK,33,True,False
DLD_FinalDataset_224_spit/train/ALLOCARIDARA_ATTACK/to_label_1524.jpg,DLD_FinalDataset_224_spit/train/ALLOCARIDARA_ATTACK/to_label_1525.jpg,1524,1525,train,train,ALLOCARIDARA_ATTACK,ALLOCARIDARA_ATTACK,16,True,False
DLD_FinalDataset_224_spit/train/ALLOCARIDARA_ATTACK/to_label_1525.jpg,DLD_FinalDataset_224_spit/test/ALLOCARIDARA_ATTACK/to_label_1526.jpg,1525,1526,train,test,ALLOCARIDARA_ATTACK,ALLOCARIDARA_ATTACK,36,True,True
DLD_FinalDataset_224_spit/test/ALLOCARIDARA_ATTACK/to_label_1526.jpg,DLD_FinalDataset_224_spit/train/ALLOCARIDARA_ATTACK/to_label_1527.jpg,1526,1527,test,train,ALLOCARIDARA_ATTACK,ALLOCARIDARA_ATTACK,17,True,True
DLD_FinalDataset_224_spit/train/ALLOCARIDARA_ATTACK/to_label_1527.jpg,DLD_FinalDataset_224_spit/train/ALLOCARIDARA_ATTACK/to_label_1528.jpg,1527,1528,train,train,ALLOCARIDARA_ATTACK,ALLOCARIDARA_ATTACK,35,True,False
DLD_FinalDataset_224_spit/train/ALLOCARIDARA_ATTACK/to_label_1528.jpg,DLD_FinalDataset_224_spit/train/ALLOCARIDARA_ATTACK/to_label_1529.jpg,1528,1529,train,train,ALLOCARIDARA_ATTACK,ALLOCARIDARA_ATTACK,35,True,False
DLD_FinalDataset_224_spit/train/ALLOCARIDARA_ATTACK/to_label_1529.jpg,DLD_FinalDataset_224_spit/test/ALLOCARIDARA_ATTACK/to_label_1530.jpg,1529,1530,train,test,ALLOCARIDARA_ATTACK,ALLOCARIDARA_ATTACK,37,True,True
DLD_FinalDataset_224_spit/test/ALLOCARIDARA_ATTACK/to_label_1530.jpg,DLD_FinalDataset_224_spit/train/ALLOCARIDARA_ATTACK/to_label_1531.jpg,1530,1531,test,train,ALLOCARIDARA_ATTACK,ALLOCARIDARA_ATTACK,30,True,True
DLD_FinalDataset_224_spit/train/ALLOCARIDARA_ATTACK/to_label_1531.jpg,DLD_FinalDataset_224_spit/test/ALLOCARIDARA_ATTACK/to_label_1532.jpg,1531,1532,train,test,ALLOCARIDARA_ATTACK,ALLOCARIDARA_ATTACK,36,True,True
DLD_FinalDataset_224_spit/test/ALLOCARIDARA_ATTACK/to_label_1532.jpg,DLD_FinalDataset_224_spit/train/ALLOCARIDARA_ATTACK/to_label_1533.jpg,1532,1533,test,train,ALLOCARIDARA_ATTACK,ALLOCARIDARA_ATTACK,32,True,True
DLD_FinalDataset_224_spit/train/ALLOCARIDARA_ATTACK/to_label_1533.jpg,DLD_FinalDataset_224_spit/train/ALLOCARIDARA_ATTACK/to_label_1534.jpg,1533,1534,train,train,ALLOCARIDARA_ATTACK,ALLOCARIDARA_ATTACK,36,True,False
DLD_FinalDataset_224_spit/train/ALLOCARIDARA_ATTACK/to_label_1534.jpg,DLD_FinalDataset_224_spit/test/ALLOCARIDARA_ATTACK/to_label_1535.jpg,1534,1535,train,test,ALLOCARIDARA_ATTACK,ALLOCARIDARA_ATTACK,39,True,True
DLD_FinalDataset_224_spit/test/ALLOCARIDARA_ATTACK/to_label_1535.jpg,DLD_FinalDataset_224_spit/val/ALLOCARIDARA_ATTACK/to_label_1536.jpg,1535,1536,test,val,ALLOCARIDARA_ATTACK,ALLOCARIDARA_ATTACK,21,True,True
DLD_FinalDataset_224_spit/val/ALLOCARIDARA_ATTACK/to_label_1536.jpg,DLD_FinalDataset_224_spit/train/ALLOCARIDARA_ATTACK/to_label_1537.jpg,1536,1537,val,train,ALLOCARIDARA_ATTACK,ALLOCARIDARA_ATTACK,32,True,True
DLD_FinalDataset_224_spit/train/ALLOCARIDARA_ATTACK/to_label_1537.jpg,DLD_FinalDataset_224_spit/train/ALLOCARIDARA_ATTACK/to_label_1538.jpg,1537,1538,train,train,ALLOCARIDARA_ATTACK,ALLOCARIDARA_ATTACK,29,True,False
DLD_FinalDataset_224_spit/train/ALLOCARIDARA_ATTACK/to_label_1538.jpg,DLD_FinalDataset_224_spit/test/ALLOCARIDARA_ATTACK/to_label_1539.jpg,1538,1539,train,test,ALLOCARIDARA_ATTACK,ALLOCARIDARA_ATTACK,30,True,True
DLD_FinalDataset_224_spit/test/ALLOCARIDARA_ATTACK/to_label_1539.jpg,DLD_FinalDataset_224_spit/train/ALLOCARIDARA_ATTACK/to_label_1540.jpg,1539,1540,test,train,ALLOCARIDARA_ATTACK,ALLOCARIDARA_ATTACK,32,True,True
DLD_FinalDataset_224_spit/train/ALLOCARIDARA_ATTACK/to_label_1540.jpg,DLD_FinalDataset_224_spit/test/ALLOCARIDARA_ATTACK/to_label_1541.jpg,1540,1541,train,test,ALLOCARIDARA_ATTACK,ALLOCARIDARA_ATTACK,34,True,True
DLD_FinalDataset_224_spit/test/ALLOCARIDARA_ATTACK/to_label_1541.jpg,DLD_FinalDataset_224_spit/train/ALLOCARIDARA_ATTACK/to_label_1542.jpg,1541,1542,test,train,ALLOCARIDARA_ATTACK,ALLOCARIDARA_ATTACK,40,True,True
DLD_FinalDataset_224_spit/train/ALLOCARIDARA_ATTACK/to_label_1542.jpg,DLD_FinalDataset_224_spit/train/ALLOCARIDARA_ATTACK/to_label_1543.jpg,1542,1543,train,train,ALLOCARIDARA_ATTACK,ALLOCARIDARA_ATTACK,33,True,False
DLD_FinalDataset_224_spit/train/ALLOCARIDARA_ATTACK/to_label_1543.jpg,DLD_FinalDataset_224_spit/train/ALLOCARIDARA_ATTACK/to_label_1544.jpg,1543,1544,train,train,ALLOCARIDARA_ATTACK,ALLOCARIDARA_ATTACK,36,True,False
DLD_FinalDataset_224_spit/train/ALLOCARIDARA_ATTACK/to_label_1544.jpg,DLD_FinalDataset_224_spit/train/ALLOCARIDARA_ATTACK/to_label_1545.jpg,1544,1545,train,train,ALLOCARIDARA_ATTACK,ALLOCARIDARA_ATTACK,38,True,False
DLD_FinalDataset_224_spit/train/ALLOCARIDARA_ATTACK/to_label_1545.jpg,DLD_FinalDataset_224_spit/test/ALLOCARIDARA_ATTACK/to_label_1546.jpg,1545,1546,train,test,ALLOCARIDARA_ATTACK,ALLOCARIDARA_ATTACK,33,True,True
DLD_FinalDataset_224_spit/test/ALLOCARIDARA_ATTACK/to_label_1546.jpg,DLD_FinalDataset_224_spit/train/ALLOCARIDARA_ATTACK/to_label_1547.jpg,1546,1547,test,train,ALLOCARIDARA_ATTACK,ALLOCARIDARA_ATTACK,37,True,True
DLD_FinalDataset_224_spit/train/ALLOCARIDARA_ATTACK/to_label_1547.jpg,DLD_FinalDataset_224_spit/train/ALLOCARIDARA_ATTACK/to_label_1548.jpg,1547,1548,train,train,ALLOCARIDARA_ATTACK,ALLOCARIDARA_ATTACK,14,True,False
DLD_FinalDataset_224_spit/train/ALLOCARIDARA_ATTACK/to_label_1548.jpg,DLD_FinalDataset_224_spit/test/ALLOCARIDARA_ATTACK/to_label_1549.jpg,1548,1549,train,test,ALLOCARIDARA_ATTACK,ALLOCARIDARA_ATTACK,29,True,True
DLD_FinalDataset_224_spit/test/ALLOCARIDARA_ATTACK/to_label_1549.jpg,DLD_FinalDataset_224_spit/train/ALLOCARIDARA_ATTACK/to_label_1550.jpg,1549,1550,test,train,ALLOCARIDARA_ATTACK,ALLOCARIDARA_ATTACK,32,True,True
DLD_FinalDataset_224_spit/train/ALLOCARIDARA_ATTACK/to_label_1550.jpg,DLD_FinalDataset_224_spit/train/ALLOCARIDARA_ATTACK/to_label_1551.jpg,1550,1551,train,train,ALLOCARIDARA_ATTACK,ALLOCARIDARA_ATTACK,31,True,False
DLD_FinalDataset_224_spit/train/ALLOCARIDARA_ATTACK/to_label_1551.jpg,DLD_FinalDataset_224_spit/train/ALLOCARIDARA_ATTACK/to_label_1552.jpg,1551,1552,train,train,ALLOCARIDARA_ATTACK,ALLOCARIDARA_ATTACK,33,True,False
DLD_FinalDataset_224_spit/train/ALLOCARIDARA_ATTACK/to_label_1552.jpg,DLD_FinalDataset_224_spit/val/ALLOCARIDARA_ATTACK/to_label_1553.jpg,1552,1553,train,val,ALLOCARIDARA_ATTACK,ALLOCARIDARA_ATTACK,31,True,True
DLD_FinalDataset_224_spit/val/ALLOCARIDARA_ATTACK/to_label_1553.jpg,DLD_FinalDataset_224_spit/train/ALLOCARIDARA_ATTACK/to_label_1554.jpg,1553,1554,val,train,ALLOCARIDARA_ATTACK,ALLOCARIDARA_ATTACK,32,True,True
DLD_FinalDataset_224_spit/train/ALLOCARIDARA_ATTACK/to_label_1554.jpg,DLD_FinalDataset_224_spit/train/ALLOCARIDARA_ATTACK/to_label_1555.jpg,1554,1555,train,train,ALLOCARIDARA_ATTACK,ALLOCARIDARA_ATTACK,29,True,False
DLD_FinalDataset_224_spit/train/ALLOCARIDARA_ATTACK/to_label_1555.jpg,DLD_FinalDataset_224_spit/test/ALLOCARIDARA_ATTACK/to_label_1556.jpg,1555,1556,train,test,ALLOCARIDARA_ATTACK,ALLOCARIDARA_ATTACK,35,True,True
DLD_FinalDataset_224_spit/test/ALLOCARIDARA_ATTACK/to_label_1556.jpg,DLD_FinalDataset_224_spit/train/ALLOCARIDARA_ATTACK/to_label_1557.jpg,1556,1557,test,train,ALLOCARIDARA_ATTACK,ALLOCARIDARA_ATTACK,29,True,True
DLD_FinalDataset_224_spit/train/ALLOCARIDARA_ATTACK/to_label_1557.jpg,DLD_FinalDataset_224_spit/val/ALLOCARIDARA_ATTACK/to_label_1558.jpg,1557,1558,train,val,ALLOCARIDARA_ATTACK,ALLOCARIDARA_ATTACK,30,True,True
DLD_FinalDataset_224_spit/val/ALLOCARIDARA_ATTACK/to_label_1558.jpg,DLD_FinalDataset_224_spit/val/ALLOCARIDARA_ATTACK/to_label_1559.jpg,1558,1559,val,val,ALLOCARIDARA_ATTACK,ALLOCARIDARA_ATTACK,36,True,False
DLD_FinalDataset_224_spit/val/ALLOCARIDARA_ATTACK/to_label_1559.jpg,DLD_FinalDataset_224_spit/train/ALLOCARIDARA_ATTACK/to_label_1560.jpg,1559,1560,val,train,ALLOCARIDARA_ATTACK,ALLOCARIDARA_ATTACK,31,True,True
DLD_FinalDataset_224_spit/train/ALLOCARIDARA_ATTACK/to_label_1560.jpg,DLD_FinalDataset_224_spit/train/ALLOCARIDARA_ATTACK/to_label_1561.jpg,1560,1561,train,train,ALLOCARIDARA_ATTACK,ALLOCARIDARA_ATTACK,32,True,False
DLD_FinalDataset_224_spit/train/ALLOCARIDARA_ATTACK/to_label_1561.jpg,DLD_FinalDataset_224_spit/test/ALLOCARIDARA_ATTACK/to_label_1562.jpg,1561,1562,train,test,ALLOCARIDARA_ATTACK,ALLOCARIDARA_ATTACK,31,True,True
DLD_FinalDataset_224_spit/test/ALLOCARIDARA_ATTACK/to_label_1562.jpg,DLD_FinalDataset_224_spit/test/ALLOCARIDARA_ATTACK/to_label_1563.jpg,1562,1563,test,test,ALLOCARIDARA_ATTACK,ALLOCARIDARA_ATTACK,22,True,False
DLD_FinalDataset_224_spit/test/ALLOCARIDARA_ATTACK/to_label_1563.jpg,DLD_FinalDataset_224_spit/train/ALLOCARIDARA_ATTACK/to_label_1564.jpg,1563,1564,test,train,ALLOCARIDARA_ATTACK,ALLOCARIDARA_ATTACK,35,True,True
DLD_FinalDataset_224_spit/train/ALLOCARIDARA_ATTACK/to_label_1564.jpg,DLD_FinalDataset_224_spit/val/ALLOCARIDARA_ATTACK/to_label_1565.jpg,1564,1565,train,val,ALLOCARIDARA_ATTACK,ALLOCARIDARA_ATTACK,29,True,True
DLD_FinalDataset_224_spit/val/ALLOCARIDARA_ATTACK/to_label_1565.jpg,DLD_FinalDataset_224_spit/test/ALLOCARIDARA_ATTACK/to_label_1566.jpg,1565,1566,val,test,ALLOCARIDARA_ATTACK,ALLOCARIDARA_ATTACK,30,True,True
DLD_FinalDataset_224_spit/test/ALLOCARIDARA_ATTACK/to_label_1566.jpg,DLD_FinalDataset_224_spit/train/ALLOCARIDARA_ATTACK/to_label_1567.jpg,1566,1567,test,train,ALLOCARIDARA_ATTACK,ALLOCARIDARA_ATTACK,30,True,True
DLD_FinalDataset_224_spit/train/ALLOCARIDARA_ATTACK/to_label_1567.jpg,DLD_FinalDataset_224_spit/test/ALLOCARIDARA_ATTACK/to_label_1568.jpg,1567,1568,train,test,ALLOCARIDARA_ATTACK,ALLOCARIDARA_ATTACK,27,True,True
DLD_FinalDataset_224_spit/test/ALLOCARIDARA_ATTACK/to_label_1568.jpg,DLD_FinalDataset_224_spit/train/ALLOCARIDARA_ATTACK/to_label_1569.jpg,1568,1569,test,train,ALLOCARIDARA_ATTACK,ALLOCARIDARA_ATTACK,29,True,True
DLD_FinalDataset_224_spit/train/ALLOCARIDARA_ATTACK/to_label_1569.jpg,DLD_FinalDataset_224_spit/train/ALLOCARIDARA_ATTACK/to_label_1570.jpg,1569,1570,train,train,ALLOCARIDARA_ATTACK,ALLOCARIDARA_ATTACK,27,True,False
DLD_FinalDataset_224_spit/train/ALLOCARIDARA_ATTACK/to_label_1570.jpg,DLD_FinalDataset_224_spit/train/ALLOCARIDARA_ATTACK/to_label_1571.jpg,1570,1571,train,train,ALLOCARIDARA_ATTACK,ALLOCARIDARA_ATTACK,36,True,False
DLD_FinalDataset_224_spit/train/ALLOCARIDARA_ATTACK/to_label_1571.jpg,DLD_FinalDataset_224_spit/train/ALLOCARIDARA_ATTACK/to_label_1572.jpg,1571,1572,train,train,ALLOCARIDARA_ATTACK,ALLOCARIDARA_ATTACK,32,True,False
DLD_FinalDataset_224_spit/train/ALLOCARIDARA_ATTACK/to_label_1572.jpg,DLD_FinalDataset_224_spit/test/ALLOCARIDARA_ATTACK/to_label_1573.jpg,1572,1573,train,test,ALLOCARIDARA_ATTACK,ALLOCARIDARA_ATTACK,23,True,True
DLD_FinalDataset_224_spit/test/ALLOCARIDARA_ATTACK/to_label_1573.jpg,DLD_FinalDataset_224_spit/train/ALLOCARIDARA_ATTACK/to_label_1574.jpg,1573,1574,test,train,ALLOCARIDARA_ATTACK,ALLOCARIDARA_ATTACK,29,True,True
DLD_FinalDataset_224_spit/train/ALLOCARIDARA_ATTACK/to_label_1574.jpg,DLD_FinalDataset_224_spit/train/ALLOCARIDARA_ATTACK/to_label_1575.jpg,1574,1575,train,train,ALLOCARIDARA_ATTACK,ALLOCARIDARA_ATTACK,32,True,False
DLD_FinalDataset_224_spit/train/ALLOCARIDARA_ATTACK/to_label_1575.jpg,DLD_FinalDataset_224_spit/train/ALLOCARIDARA_ATTACK/to_label_1576.jpg,1575,1576,train,train,ALLOCARIDARA_ATTACK,ALLOCARIDARA_ATTACK,29,True,False
DLD_FinalDataset_224_spit/train/ALLOCARIDARA_ATTACK/to_label_1576.jpg,DLD_FinalDataset_224_spit/train/ALLOCARIDARA_ATTACK/to_label_1577.jpg,1576,1577,train,train,ALLOCARIDARA_ATTACK,ALLOCARIDARA_ATTACK,34,True,False
DLD_FinalDataset_224_spit/train/ALLOCARIDARA_ATTACK/to_label_1577.jpg,DLD_FinalDataset_224_spit/train/ALLOCARIDARA_ATTACK/to_label_1578.jpg,1577,1578,train,train,ALLOCARIDARA_ATTACK,ALLOCARIDARA_ATTACK,25,True,False
DLD_FinalDataset_224_spit/train/ALLOCARIDARA_ATTACK/to_label_1578.jpg,DLD_FinalDataset_224_spit/train/ALLOCARIDARA_ATTACK/to_label_1579.jpg,1578,1579,train,train,ALLOCARIDARA_ATTACK,ALLOCARIDARA_ATTACK,32,True,False
DLD_FinalDataset_224_spit/train/ALLOCARIDARA_ATTACK/to_label_1579.jpg,DLD_FinalDataset_224_spit/train/ALLOCARIDARA_ATTACK/to_label_1580.jpg,1579,1580,train,train,ALLOCARIDARA_ATTACK,ALLOCARIDARA_ATTACK,30,True,False
DLD_FinalDataset_224_spit/train/ALLOCARIDARA_ATTACK/to_label_1580.jpg,DLD_FinalDataset_224_spit/train/ALLOCARIDARA_ATTACK/to_label_1581.jpg,1580,1581,train,train,ALLOCARIDARA_ATTACK,ALLOCARIDARA_ATTACK,29,True,False
DLD_FinalDataset_224_spit/train/ALLOCARIDARA_ATTACK/to_label_1581.jpg,DLD_FinalDataset_224_spit/train/ALLOCARIDARA_ATTACK/to_label_1582.jpg,1581,1582,train,train,ALLOCARIDARA_ATTACK,ALLOCARIDARA_ATTACK,39,True,False
DLD_FinalDataset_224_spit/train/ALLOCARIDARA_ATTACK/to_label_1582.jpg,DLD_FinalDataset_224_spit/train/ALLOCARIDARA_ATTACK/to_label_1583.jpg,1582,1583,train,train,ALLOCARIDARA_ATTACK,ALLOCARIDARA_ATTACK,29,True,False
DLD_FinalDataset_224_spit/train/ALLOCARIDARA_ATTACK/to_label_1583.jpg,DLD_FinalDataset_224_spit/val/ALLOCARIDARA_ATTACK/to_label_1584.jpg,1583,1584,train,val,ALLOCARIDARA_ATTACK,ALLOCARIDARA_ATTACK,24,True,True
DLD_FinalDataset_224_spit/val/ALLOCARIDARA_ATTACK/to_label_1584.jpg,DLD_FinalDataset_224_spit/train/ALLOCARIDARA_ATTACK/to_label_1585.jpg,1584,1585,val,train,ALLOCARIDARA_ATTACK,ALLOCARIDARA_ATTACK,26,True,True
DLD_FinalDataset_224_spit/train/ALLOCARIDARA_ATTACK/to_label_1585.jpg,DLD_FinalDataset_224_spit/train/ALLOCARIDARA_ATTACK/to_label_1586.jpg,1585,1586,train,train,ALLOCARIDARA_ATTACK,ALLOCARIDARA_ATTACK,30,True,False
DLD_FinalDataset_224_spit/train/ALLOCARIDARA_ATTACK/to_label_1586.jpg,DLD_FinalDataset_224_spit/train/ALLOCARIDARA_ATTACK/to_label_1587.jpg,1586,1587,train,train,ALLOCARIDARA_ATTACK,ALLOCARIDARA_ATTACK,17,True,False
DLD_FinalDataset_224_spit/train/ALLOCARIDARA_ATTACK/to_label_1587.jpg,DLD_FinalDataset_224_spit/train/ALLOCARIDARA_ATTACK/to_label_1588.jpg,1587,1588,train,train,ALLOCARIDARA_ATTACK,ALLOCARIDARA_ATTACK,28,True,False
DLD_FinalDataset_224_spit/train/ALLOCARIDARA_ATTACK/to_label_1588.jpg,DLD_FinalDataset_224_spit/test/ALLOCARIDARA_ATTACK/to_label_1589.jpg,1588,1589,train,test,ALLOCARIDARA_ATTACK,ALLOCARIDARA_ATTACK,27,True,True
DLD_FinalDataset_224_spit/test/ALLOCARIDARA_ATTACK/to_label_1589.jpg,DLD_FinalDataset_224_spit/train/ALLOCARIDARA_ATTACK/to_label_1590.jpg,1589,1590,test,train,ALLOCARIDARA_ATTACK,ALLOCARIDARA_ATTACK,31,True,True
DLD_FinalDataset_224_spit/train/ALLOCARIDARA_ATTACK/to_label_1590.jpg,DLD_FinalDataset_224_spit/train/ALLOCARIDARA_ATTACK/to_label_1591.jpg,1590,1591,train,train,ALLOCARIDARA_ATTACK,ALLOCARIDARA_ATTACK,34,True,False
DLD_FinalDataset_224_spit/train/ALLOCARIDARA_ATTACK/to_label_1591.jpg,DLD_FinalDataset_224_spit/test/ALLOCARIDARA_ATTACK/to_label_1592.jpg,1591,1592,train,test,ALLOCARIDARA_ATTACK,ALLOCARIDARA_ATTACK,36,True,True
DLD_FinalDataset_224_spit/test/ALLOCARIDARA_ATTACK/to_label_1592.jpg,DLD_FinalDataset_224_spit/train/ALLOCARIDARA_ATTACK/to_label_1593.jpg,1592,1593,test,train,ALLOCARIDARA_ATTACK,ALLOCARIDARA_ATTACK,26,True,True
DLD_FinalDataset_224_spit/train/ALLOCARIDARA_ATTACK/to_label_1593.jpg,DLD_FinalDataset_224_spit/train/ALLOCARIDARA_ATTACK/to_label_1594.jpg,1593,1594,train,train,ALLOCARIDARA_ATTACK,ALLOCARIDARA_ATTACK,26,True,False
DLD_FinalDataset_224_spit/train/ALLOCARIDARA_ATTACK/to_label_1594.jpg,DLD_FinalDataset_224_spit/test/ALLOCARIDARA_ATTACK/to_label_1595.jpg,1594,1595,train,test,ALLOCARIDARA_ATTACK,ALLOCARIDARA_ATTACK,35,True,True
DLD_FinalDataset_224_spit/test/ALLOCARIDARA_ATTACK/to_label_1595.jpg,DLD_FinalDataset_224_spit/test/ALLOCARIDARA_ATTACK/to_label_1596.jpg,1595,1596,test,test,ALLOCARIDARA_ATTACK,ALLOCARIDARA_ATTACK,33,True,False
DLD_FinalDataset_224_spit/test/ALLOCARIDARA_ATTACK/to_label_1596.jpg,DLD_FinalDataset_224_spit/train/ALLOCARIDARA_ATTACK/to_label_1597.jpg,1596,1597,test,train,ALLOCARIDARA_ATTACK,ALLOCARIDARA_ATTACK,30,True,True
DLD_FinalDataset_224_spit/train/ALLOCARIDARA_ATTACK/to_label_1597.jpg,DLD_FinalDataset_224_spit/train/ALLOCARIDARA_ATTACK/to_label_1598.jpg,1597,1598,train,train,ALLOCARIDARA_ATTACK,ALLOCARIDARA_ATTACK,29,True,False
DLD_FinalDataset_224_spit/train/ALLOCARIDARA_ATTACK/to_label_1598.jpg,DLD_FinalDataset_224_spit/train/ALLOCARIDARA_ATTACK/to_label_1599.jpg,1598,1599,train,train,ALLOCARIDARA_ATTACK,ALLOCARIDARA_ATTACK,25,True,False
DLD_FinalDataset_224_spit/train/ALLOCARIDARA_ATTACK/to_label_1599.jpg,DLD_FinalDataset_224_spit/train/ALLOCARIDARA_ATTACK/to_label_1600.jpg,1599,1600,train,train,ALLOCARIDARA_ATTACK,ALLOCARIDARA_ATTACK,37,True,False
DLD_FinalDataset_224_spit/train/ALLOCARIDARA_ATTACK/to_label_1600.jpg,DLD_FinalDataset_224_spit/train/ALLOCARIDARA_ATTACK/to_label_1601.jpg,1600,1601,train,train,ALLOCARIDARA_ATTACK,ALLOCARIDARA_ATTACK,31,True,False
DLD_FinalDataset_224_spit/train/ALLOCARIDARA_ATTACK/to_label_1601.jpg,DLD_FinalDataset_224_spit/val/ALLOCARIDARA_ATTACK/to_label_1602.jpg,1601,1602,train,val,ALLOCARIDARA_ATTACK,ALLOCARIDARA_ATTACK,32,True,True
DLD_FinalDataset_224_spit/val/ALLOCARIDARA_ATTACK/to_label_1602.jpg,DLD_FinalDataset_224_spit/test/ALLOCARIDARA_ATTACK/to_label_1603.jpg,1602,1603,val,test,ALLOCARIDARA_ATTACK,ALLOCARIDARA_ATTACK,34,True,True
DLD_FinalDataset_224_spit/test/ALLOCARIDARA_ATTACK/to_label_1603.jpg,DLD_FinalDataset_224_spit/test/ALLOCARIDARA_ATTACK/to_label_1604.jpg,1603,1604,test,test,ALLOCARIDARA_ATTACK,ALLOCARIDARA_ATTACK,27,True,False
DLD_FinalDataset_224_spit/test/ALLOCARIDARA_ATTACK/to_label_1604.jpg,DLD_FinalDataset_224_spit/val/ALLOCARIDARA_ATTACK/to_label_1605.jpg,1604,1605,test,val,ALLOCARIDARA_ATTACK,ALLOCARIDARA_ATTACK,31,True,True
DLD_FinalDataset_224_spit/val/ALLOCARIDARA_ATTACK/to_label_1605.jpg,DLD_FinalDataset_224_spit/train/ALLOCARIDARA_ATTACK/to_label_1606.jpg,1605,1606,val,train,ALLOCARIDARA_ATTACK,ALLOCARIDARA_ATTACK,34,True,True
DLD_FinalDataset_224_spit/train/ALLOCARIDARA_ATTACK/to_label_1606.jpg,DLD_FinalDataset_224_spit/train/ALLOCARIDARA_ATTACK/to_label_1607.jpg,1606,1607,train,train,ALLOCARIDARA_ATTACK,ALLOCARIDARA_ATTACK,37,True,False
DLD_FinalDataset_224_spit/train/ALLOCARIDARA_ATTACK/to_label_1607.jpg,DLD_FinalDataset_224_spit/test/ALLOCARIDARA_ATTACK/to_label_1608.jpg,1607,1608,train,test,ALLOCARIDARA_ATTACK,ALLOCARIDARA_ATTACK,37,True,True
DLD_FinalDataset_224_spit/test/ALLOCARIDARA_ATTACK/to_label_1608.jpg,DLD_FinalDataset_224_spit/val/ALLOCARIDARA_ATTACK/to_label_1609.jpg,1608,1609,test,val,ALLOCARIDARA_ATTACK,ALLOCARIDARA_ATTACK,42,True,True
DLD_FinalDataset_224_spit/val/ALLOCARIDARA_ATTACK/to_label_1609.jpg,DLD_FinalDataset_224_spit/test/ALLOCARIDARA_ATTACK/to_label_1610.jpg,1609,1610,val,test,ALLOCARIDARA_ATTACK,ALLOCARIDARA_ATTACK,31,True,True
DLD_FinalDataset_224_spit/test/ALLOCARIDARA_ATTACK/to_label_1610.jpg,DLD_FinalDataset_224_spit/test/ALLOCARIDARA_ATTACK/to_label_1611.jpg,1610,1611,test,test,ALLOCARIDARA_ATTACK,ALLOCARIDARA_ATTACK,30,True,False
DLD_FinalDataset_224_spit/test/ALLOCARIDARA_ATTACK/to_label_1611.jpg,DLD_FinalDataset_224_spit/test/ALLOCARIDARA_ATTACK/to_label_1612.jpg,1611,1612,test,test,ALLOCARIDARA_ATTACK,ALLOCARIDARA_ATTACK,38,True,False
DLD_FinalDataset_224_spit/test/ALLOCARIDARA_ATTACK/to_label_1612.jpg,DLD_FinalDataset_224_spit/train/ALLOCARIDARA_ATTACK/to_label_1613.jpg,1612,1613,test,train,ALLOCARIDARA_ATTACK,ALLOCARIDARA_ATTACK,26,True,True
DLD_FinalDataset_224_spit/train/ALLOCARIDARA_ATTACK/to_label_1613.jpg,DLD_FinalDataset_224_spit/train/ALLOCARIDARA_ATTACK/to_label_1614.jpg,1613,1614,train,train,ALLOCARIDARA_ATTACK,ALLOCARIDARA_ATTACK,31,True,False
DLD_FinalDataset_224_spit/train/ALLOCARIDARA_ATTACK/to_label_1614.jpg,DLD_FinalDataset_224_spit/train/ALLOCARIDARA_ATTACK/to_label_1615.jpg,1614,1615,train,train,ALLOCARIDARA_ATTACK,ALLOCARIDARA_ATTACK,27,True,False
DLD_FinalDataset_224_spit/train/ALLOCARIDARA_ATTACK/to_label_1615.jpg,DLD_FinalDataset_224_spit/train/ALLOCARIDARA_ATTACK/to_label_1616.jpg,1615,1616,train,train,ALLOCARIDARA_ATTACK,ALLOCARIDARA_ATTACK,33,True,False
DLD_FinalDataset_224_spit/train/ALLOCARIDARA_ATTACK/to_label_1616.jpg,DLD_FinalDataset_224_spit/train/ALLOCARIDARA_ATTACK/to_label_1617.jpg,1616,1617,train,train,ALLOCARIDARA_ATTACK,ALLOCARIDARA_ATTACK,32,True,False
DLD_FinalDataset_224_spit/train/ALLOCARIDARA_ATTACK/to_label_1617.jpg,DLD_FinalDataset_224_spit/val/ALLOCARIDARA_ATTACK/to_label_1618.jpg,1617,1618,train,val,ALLOCARIDARA_ATTACK,ALLOCARIDARA_ATTACK,29,True,True
DLD_FinalDataset_224_spit/val/ALLOCARIDARA_ATTACK/to_label_1618.jpg,DLD_FinalDataset_224_spit/test/ALLOCARIDARA_ATTACK/to_label_1619.jpg,1618,1619,val,test,ALLOCARIDARA_ATTACK,ALLOCARIDARA_ATTACK,31,True,True
DLD_FinalDataset_224_spit/test/ALLOCARIDARA_ATTACK/to_label_1619.jpg,DLD_FinalDataset_224_spit/train/ALLOCARIDARA_ATTACK/to_label_1620.jpg,1619,1620,test,train,ALLOCARIDARA_ATTACK,ALLOCARIDARA_ATTACK,34,True,True
DLD_FinalDataset_224_spit/train/ALLOCARIDARA_ATTACK/to_label_1620.jpg,DLD_FinalDataset_224_spit/train/ALLOCARIDARA_ATTACK/to_label_1621.jpg,1620,1621,train,train,ALLOCARIDARA_ATTACK,ALLOCARIDARA_ATTACK,35,True,False
DLD_FinalDataset_224_spit/train/ALLOCARIDARA_ATTACK/to_label_1621.jpg,DLD_FinalDataset_224_spit/train/ALLOCARIDARA_ATTACK/to_label_1622.jpg,1621,1622,train,train,ALLOCARIDARA_ATTACK,ALLOCARIDARA_ATTACK,29,True,False
DLD_FinalDataset_224_spit/train/ALLOCARIDARA_ATTACK/to_label_1622.jpg,DLD_FinalDataset_224_spit/train/ALLOCARIDARA_ATTACK/to_label_1623.jpg,1622,1623,train,train,ALLOCARIDARA_ATTACK,ALLOCARIDARA_ATTACK,36,True,False
DLD_FinalDataset_224_spit/train/ALLOCARIDARA_ATTACK/to_label_1623.jpg,DLD_FinalDataset_224_spit/train/ALLOCARIDARA_ATTACK/to_label_1624.jpg,1623,1624,train,train,ALLOCARIDARA_ATTACK,ALLOCARIDARA_ATTACK,33,True,False
DLD_FinalDataset_224_spit/train/ALLOCARIDARA_ATTACK/to_label_1624.jpg,DLD_FinalDataset_224_spit/train/ALLOCARIDARA_ATTACK/to_label_1625.jpg,1624,1625,train,train,ALLOCARIDARA_ATTACK,ALLOCARIDARA_ATTACK,29,True,False
DLD_FinalDataset_224_spit/train/ALLOCARIDARA_ATTACK/to_label_1625.jpg,DLD_FinalDataset_224_spit/train/ALLOCARIDARA_ATTACK/to_label_1626.jpg,1625,1626,train,train,ALLOCARIDARA_ATTACK,ALLOCARIDARA_ATTACK,35,True,False
DLD_FinalDataset_224_spit/train/ALLOCARIDARA_ATTACK/to_label_1626.jpg,DLD_FinalDataset_224_spit/test/ALLOCARIDARA_ATTACK/to_label_1627.jpg,1626,1627,train,test,ALLOCARIDARA_ATTACK,ALLOCARIDARA_ATTACK,30,True,True
DLD_FinalDataset_224_spit/test/ALLOCARIDARA_ATTACK/to_label_1627.jpg,DLD_FinalDataset_224_spit/train/ALLOCARIDARA_ATTACK/to_label_1628.jpg,1627,1628,test,train,ALLOCARIDARA_ATTACK,ALLOCARIDARA_ATTACK,19,True,True
DLD_FinalDataset_224_spit/train/ALLOCARIDARA_ATTACK/to_label_1628.jpg,DLD_FinalDataset_224_spit/train/ALLOCARIDARA_ATTACK/to_label_1629.jpg,1628,1629,train,train,ALLOCARIDARA_ATTACK,ALLOCARIDARA_ATTACK,35,True,False
DLD_FinalDataset_224_spit/train/ALLOCARIDARA_ATTACK/to_label_1629.jpg,DLD_FinalDataset_224_spit/train/ALLOCARIDARA_ATTACK/to_label_1630.jpg,1629,1630,train,train,ALLOCARIDARA_ATTACK,ALLOCARIDARA_ATTACK,34,True,False
DLD_FinalDataset_224_spit/train/ALLOCARIDARA_ATTACK/to_label_1630.jpg,DLD_FinalDataset_224_spit/train/ALLOCARIDARA_ATTACK/to_label_1631.jpg,1630,1631,train,train,ALLOCARIDARA_ATTACK,ALLOCARIDARA_ATTACK,26,True,False
DLD_FinalDataset_224_spit/train/ALLOCARIDARA_ATTACK/to_label_1631.jpg,DLD_FinalDataset_224_spit/train/ALLOCARIDARA_ATTACK/to_label_1632.jpg,1631,1632,train,train,ALLOCARIDARA_ATTACK,ALLOCARIDARA_ATTACK,35,True,False
DLD_FinalDataset_224_spit/train/ALLOCARIDARA_ATTACK/to_label_1632.jpg,DLD_FinalDataset_224_spit/train/ALLOCARIDARA_ATTACK/to_label_1633.jpg,1632,1633,train,train,ALLOCARIDARA_ATTACK,ALLOCARIDARA_ATTACK,36,True,False
DLD_FinalDataset_224_spit/train/ALLOCARIDARA_ATTACK/to_label_1633.jpg,DLD_FinalDataset_224_spit/test/ALLOCARIDARA_ATTACK/to_label_1634.jpg,1633,1634,train,test,ALLOCARIDARA_ATTACK,ALLOCARIDARA_ATTACK,26,True,True
DLD_FinalDataset_224_spit/test/ALLOCARIDARA_ATTACK/to_label_1634.jpg,DLD_FinalDataset_224_spit/val/ALLOCARIDARA_ATTACK/to_label_1635.jpg,1634,1635,test,val,ALLOCARIDARA_ATTACK,ALLOCARIDARA_ATTACK,28,True,True
DLD_FinalDataset_224_spit/val/ALLOCARIDARA_ATTACK/to_label_1635.jpg,DLD_FinalDataset_224_spit/train/ALLOCARIDARA_ATTACK/to_label_1636.jpg,1635,1636,val,train,ALLOCARIDARA_ATTACK,ALLOCARIDARA_ATTACK,35,True,True
DLD_FinalDataset_224_spit/train/ALLOCARIDARA_ATTACK/to_label_1636.jpg,DLD_FinalDataset_224_spit/train/ALLOCARIDARA_ATTACK/to_label_1637.jpg,1636,1637,train,train,ALLOCARIDARA_ATTACK,ALLOCARIDARA_ATTACK,33,True,False
DLD_FinalDataset_224_spit/train/ALLOCARIDARA_ATTACK/to_label_1637.jpg,DLD_FinalDataset_224_spit/train/ALLOCARIDARA_ATTACK/to_label_1638.jpg,1637,1638,train,train,ALLOCARIDARA_ATTACK,ALLOCARIDARA_ATTACK,32,True,False
DLD_FinalDataset_224_spit/train/ALLOCARIDARA_ATTACK/to_label_1638.jpg,DLD_FinalDataset_224_spit/train/ALLOCARIDARA_ATTACK/to_label_1639.jpg,1638,1639,train,train,ALLOCARIDARA_ATTACK,ALLOCARIDARA_ATTACK,37,True,False
DLD_FinalDataset_224_spit/train/ALLOCARIDARA_ATTACK/to_label_1639.jpg,DLD_FinalDataset_224_spit/train/ALLOCARIDARA_ATTACK/to_label_1640.jpg,1639,1640,train,train,ALLOCARIDARA_ATTACK,ALLOCARIDARA_ATTACK,28,True,False
DLD_FinalDataset_224_spit/train/ALLOCARIDARA_ATTACK/to_label_1640.jpg,DLD_FinalDataset_224_spit/train/ALLOCARIDARA_ATTACK/to_label_1641.jpg,1640,1641,train,train,ALLOCARIDARA_ATTACK,ALLOCARIDARA_ATTACK,25,True,False
DLD_FinalDataset_224_spit/train/ALLOCARIDARA_ATTACK/to_label_1641.jpg,DLD_FinalDataset_224_spit/train/ALLOCARIDARA_ATTACK/to_label_1642.jpg,1641,1642,train,train,ALLOCARIDARA_ATTACK,ALLOCARIDARA_ATTACK,24,True,False
DLD_FinalDataset_224_spit/train/ALLOCARIDARA_ATTACK/to_label_1642.jpg,DLD_FinalDataset_224_spit/test/ALLOCARIDARA_ATTACK/to_label_1643.jpg,1642,1643,train,test,ALLOCARIDARA_ATTACK,ALLOCARIDARA_ATTACK,30,True,True
DLD_FinalDataset_224_spit/test/ALLOCARIDARA_ATTACK/to_label_1643.jpg,DLD_FinalDataset_224_spit/test/ALLOCARIDARA_ATTACK/to_label_1644.jpg,1643,1644,test,test,ALLOCARIDARA_ATTACK,ALLOCARIDARA_ATTACK,32,True,False
DLD_FinalDataset_224_spit/test/ALLOCARIDARA_ATTACK/to_label_1644.jpg,DLD_FinalDataset_224_spit/test/ALLOCARIDARA_ATTACK/to_label_1645.jpg,1644,1645,test,test,ALLOCARIDARA_ATTACK,ALLOCARIDARA_ATTACK,33,True,False
DLD_FinalDataset_224_spit/test/ALLOCARIDARA_ATTACK/to_label_1645.jpg,DLD_FinalDataset_224_spit/train/ALLOCARIDARA_ATTACK/to_label_1646.jpg,1645,1646,test,train,ALLOCARIDARA_ATTACK,ALLOCARIDARA_ATTACK,37,True,True
DLD_FinalDataset_224_spit/train/ALLOCARIDARA_ATTACK/to_label_1646.jpg,DLD_FinalDataset_224_spit/train/ALLOCARIDARA_ATTACK/to_label_1647.jpg,1646,1647,train,train,ALLOCARIDARA_ATTACK,ALLOCARIDARA_ATTACK,35,True,False
DLD_FinalDataset_224_spit/train/ALLOCARIDARA_ATTACK/to_label_1647.jpg,DLD_FinalDataset_224_spit/train/ALLOCARIDARA_ATTACK/to_label_1648.jpg,1647,1648,train,train,ALLOCARIDARA_ATTACK,ALLOCARIDARA_ATTACK,29,True,False
DLD_FinalDataset_224_spit/train/ALLOCARIDARA_ATTACK/to_label_1648.jpg,DLD_FinalDataset_224_spit/test/ALLOCARIDARA_ATTACK/to_label_1649.jpg,1648,1649,train,test,ALLOCARIDARA_ATTACK,ALLOCARIDARA_ATTACK,33,True,True
DLD_FinalDataset_224_spit/test/ALLOCARIDARA_ATTACK/to_label_1649.jpg,DLD_FinalDataset_224_spit/train/ALLOCARIDARA_ATTACK/to_label_1650.jpg,1649,1650,test,train,ALLOCARIDARA_ATTACK,ALLOCARIDARA_ATTACK,27,True,True
DLD_FinalDataset_224_spit/train/ALLOCARIDARA_ATTACK/to_label_1650.jpg,DLD_FinalDataset_224_spit/train/ALLOCARIDARA_ATTACK/to_label_1651.jpg,1650,1651,train,train,ALLOCARIDARA_ATTACK,ALLOCARIDARA_ATTACK,37,True,False
DLD_FinalDataset_224_spit/train/ALLOCARIDARA_ATTACK/to_label_1651.jpg,DLD_FinalDataset_224_spit/test/ALLOCARIDARA_ATTACK/to_label_1652.jpg,1651,1652,train,test,ALLOCARIDARA_ATTACK,ALLOCARIDARA_ATTACK,26,True,True
DLD_FinalDataset_224_spit/test/ALLOCARIDARA_ATTACK/to_label_1652.jpg,DLD_FinalDataset_224_spit/train/ALLOCARIDARA_ATTACK/to_label_1653.jpg,1652,1653,test,train,ALLOCARIDARA_ATTACK,ALLOCARIDARA_ATTACK,40,True,True
DLD_FinalDataset_224_spit/train/ALLOCARIDARA_ATTACK/to_label_1653.jpg,DLD_FinalDataset_224_spit/train/ALLOCARIDARA_ATTACK/to_label_1654.jpg,1653,1654,train,train,ALLOCARIDARA_ATTACK,ALLOCARIDARA_ATTACK,34,True,False
DLD_FinalDataset_224_spit/train/ALLOCARIDARA_ATTACK/to_label_1654.jpg,DLD_FinalDataset_224_spit/train/ALLOCARIDARA_ATTACK/to_label_1655.jpg,1654,1655,train,train,ALLOCARIDARA_ATTACK,ALLOCARIDARA_ATTACK,28,True,False
DLD_FinalDataset_224_spit/train/ALLOCARIDARA_ATTACK/to_label_1655.jpg,DLD_FinalDataset_224_spit/train/ALLOCARIDARA_ATTACK/to_label_1656.jpg,1655,1656,train,train,ALLOCARIDARA_ATTACK,ALLOCARIDARA_ATTACK,23,True,False
DLD_FinalDataset_224_spit/train/ALLOCARIDARA_ATTACK/to_label_1656.jpg,DLD_FinalDataset_224_spit/train/ALLOCARIDARA_ATTACK/to_label_1657.jpg,1656,1657,train,train,ALLOCARIDARA_ATTACK,ALLOCARIDARA_ATTACK,30,True,False
DLD_FinalDataset_224_spit/train/ALLOCARIDARA_ATTACK/to_label_1657.jpg,DLD_FinalDataset_224_spit/train/ALLOCARIDARA_ATTACK/to_label_1658.jpg,1657,1658,train,train,ALLOCARIDARA_ATTACK,ALLOCARIDARA_ATTACK,28,True,False
DLD_FinalDataset_224_spit/train/ALLOCARIDARA_ATTACK/to_label_1658.jpg,DLD_FinalDataset_224_spit/train/ALLOCARIDARA_ATTACK/to_label_1659.jpg,1658,1659,train,train,ALLOCARIDARA_ATTACK,ALLOCARIDARA_ATTACK,25,True,False
DLD_FinalDataset_224_spit/train/ALLOCARIDARA_ATTACK/to_label_1659.jpg,DLD_FinalDataset_224_spit/train/ALLOCARIDARA_ATTACK/to_label_1660.jpg,1659,1660,train,train,ALLOCARIDARA_ATTACK,ALLOCARIDARA_ATTACK,40,True,False
DLD_FinalDataset_224_spit/train/ALLOCARIDARA_ATTACK/to_label_1660.jpg,DLD_FinalDataset_224_spit/train/ALLOCARIDARA_ATTACK/to_label_1661.jpg,1660,1661,train,train,ALLOCARIDARA_ATTACK,ALLOCARIDARA_ATTACK,36,True,False
DLD_FinalDataset_224_spit/train/ALLOCARIDARA_ATTACK/to_label_1661.jpg,DLD_FinalDataset_224_spit/train/ALLOCARIDARA_ATTACK/to_label_1662.jpg,1661,1662,train,train,ALLOCARIDARA_ATTACK,ALLOCARIDARA_ATTACK,28,True,False
DLD_FinalDataset_224_spit/train/ALLOCARIDARA_ATTACK/to_label_1662.jpg,DLD_FinalDataset_224_spit/train/ALLOCARIDARA_ATTACK/to_label_1663.jpg,1662,1663,train,train,ALLOCARIDARA_ATTACK,ALLOCARIDARA_ATTACK,35,True,False
DLD_FinalDataset_224_spit/train/ALLOCARIDARA_ATTACK/to_label_1663.jpg,DLD_FinalDataset_224_spit/val/ALLOCARIDARA_ATTACK/to_label_1664.jpg,1663,1664,train,val,ALLOCARIDARA_ATTACK,ALLOCARIDARA_ATTACK,27,True,True
DLD_FinalDataset_224_spit/val/ALLOCARIDARA_ATTACK/to_label_1664.jpg,DLD_FinalDataset_224_spit/train/ALLOCARIDARA_ATTACK/to_label_1665.jpg,1664,1665,val,train,ALLOCARIDARA_ATTACK,ALLOCARIDARA_ATTACK,23,True,True
DLD_FinalDataset_224_spit/train/ALLOCARIDARA_ATTACK/to_label_1665.jpg,DLD_FinalDataset_224_spit/val/ALLOCARIDARA_ATTACK/to_label_1666.jpg,1665,1666,train,val,ALLOCARIDARA_ATTACK,ALLOCARIDARA_ATTACK,30,True,True
DLD_FinalDataset_224_spit/val/ALLOCARIDARA_ATTACK/to_label_1666.jpg,DLD_FinalDataset_224_spit/test/ALLOCARIDARA_ATTACK/to_label_1667.jpg,1666,1667,val,test,ALLOCARIDARA_ATTACK,ALLOCARIDARA_ATTACK,26,True,True
DLD_FinalDataset_224_spit/test/ALLOCARIDARA_ATTACK/to_label_1667.jpg,DLD_FinalDataset_224_spit/train/ALLOCARIDARA_ATTACK/to_label_1668.jpg,1667,1668,test,train,ALLOCARIDARA_ATTACK,ALLOCARIDARA_ATTACK,28,True,True
DLD_FinalDataset_224_spit/train/ALLOCARIDARA_ATTACK/to_label_1668.jpg,DLD_FinalDataset_224_spit/train/ALLOCARIDARA_ATTACK/to_label_1669.jpg,1668,1669,train,train,ALLOCARIDARA_ATTACK,ALLOCARIDARA_ATTACK,31,True,False
DLD_FinalDataset_224_spit/train/ALLOCARIDARA_ATTACK/to_label_1669.jpg,DLD_FinalDataset_224_spit/test/ALLOCARIDARA_ATTACK/to_label_1670.jpg,1669,1670,train,test,ALLOCARIDARA_ATTACK,ALLOCARIDARA_ATTACK,31,True,True
DLD_FinalDataset_224_spit/test/ALLOCARIDARA_ATTACK/to_label_1670.jpg,DLD_FinalDataset_224_spit/train/ALLOCARIDARA_ATTACK/to_label_1671.jpg,1670,1671,test,train,ALLOCARIDARA_ATTACK,ALLOCARIDARA_ATTACK,34,True,True
DLD_FinalDataset_224_spit/train/ALLOCARIDARA_ATTACK/to_label_1671.jpg,DLD_FinalDataset_224_spit/train/ALLOCARIDARA_ATTACK/to_label_1672.jpg,1671,1672,train,train,ALLOCARIDARA_ATTACK,ALLOCARIDARA_ATTACK,31,True,False
DLD_FinalDataset_224_spit/train/ALLOCARIDARA_ATTACK/to_label_1672.jpg,DLD_FinalDataset_224_spit/train/ALLOCARIDARA_ATTACK/to_label_1673.jpg,1672,1673,train,train,ALLOCARIDARA_ATTACK,ALLOCARIDARA_ATTACK,39,True,False
DLD_FinalDataset_224_spit/train/ALLOCARIDARA_ATTACK/to_label_1673.jpg,DLD_FinalDataset_224_spit/test/ALLOCARIDARA_ATTACK/to_label_1674.jpg,1673,1674,train,test,ALLOCARIDARA_ATTACK,ALLOCARIDARA_ATTACK,27,True,True
DLD_FinalDataset_224_spit/test/ALLOCARIDARA_ATTACK/to_label_1674.jpg,DLD_FinalDataset_224_spit/train/ALLOCARIDARA_ATTACK/to_label_1675.jpg,1674,1675,test,train,ALLOCARIDARA_ATTACK,ALLOCARIDARA_ATTACK,29,True,True
DLD_FinalDataset_224_spit/train/ALLOCARIDARA_ATTACK/to_label_1675.jpg,DLD_FinalDataset_224_spit/train/ALLOCARIDARA_ATTACK/to_label_1676.jpg,1675,1676,train,train,ALLOCARIDARA_ATTACK,ALLOCARIDARA_ATTACK,30,True,False
DLD_FinalDataset_224_spit/train/ALLOCARIDARA_ATTACK/to_label_1676.jpg,DLD_FinalDataset_224_spit/train/ALLOCARIDARA_ATTACK/to_label_1677.jpg,1676,1677,train,train,ALLOCARIDARA_ATTACK,ALLOCARIDARA_ATTACK,36,True,False
DLD_FinalDataset_224_spit/train/ALLOCARIDARA_ATTACK/to_label_1677.jpg,DLD_FinalDataset_224_spit/train/ALLOCARIDARA_ATTACK/to_label_1678.jpg,1677,1678,train,train,ALLOCARIDARA_ATTACK,ALLOCARIDARA_ATTACK,28,True,False
DLD_FinalDataset_224_spit/train/ALLOCARIDARA_ATTACK/to_label_1678.jpg,DLD_FinalDataset_224_spit/test/ALLOCARIDARA_ATTACK/to_label_1679.jpg,1678,1679,train,test,ALLOCARIDARA_ATTACK,ALLOCARIDARA_ATTACK,37,True,True
DLD_FinalDataset_224_spit/test/ALLOCARIDARA_ATTACK/to_label_1679.jpg,DLD_FinalDataset_224_spit/test/ALLOCARIDARA_ATTACK/to_label_1680.jpg,1679,1680,test,test,ALLOCARIDARA_ATTACK,ALLOCARIDARA_ATTACK,32,True,False
DLD_FinalDataset_224_spit/test/ALLOCARIDARA_ATTACK/to_label_1680.jpg,DLD_FinalDataset_224_spit/val/ALLOCARIDARA_ATTACK/to_label_1681.jpg,1680,1681,test,val,ALLOCARIDARA_ATTACK,ALLOCARIDARA_ATTACK,31,True,True
DLD_FinalDataset_224_spit/val/ALLOCARIDARA_ATTACK/to_label_1681.jpg,DLD_FinalDataset_224_spit/train/ALLOCARIDARA_ATTACK/to_label_1682.jpg,1681,1682,val,train,ALLOCARIDARA_ATTACK,ALLOCARIDARA_ATTACK,33,True,True
DLD_FinalDataset_224_spit/train/ALLOCARIDARA_ATTACK/to_label_1682.jpg,DLD_FinalDataset_224_spit/train/ALLOCARIDARA_ATTACK/to_label_1683.jpg,1682,1683,train,train,ALLOCARIDARA_ATTACK,ALLOCARIDARA_ATTACK,32,True,False
DLD_FinalDataset_224_spit/train/ALLOCARIDARA_ATTACK/to_label_1683.jpg,DLD_FinalDataset_224_spit/test/ALLOCARIDARA_ATTACK/to_label_1684.jpg,1683,1684,train,test,ALLOCARIDARA_ATTACK,ALLOCARIDARA_ATTACK,27,True,True
DLD_FinalDataset_224_spit/test/ALLOCARIDARA_ATTACK/to_label_1684.jpg,DLD_FinalDataset_224_spit/train/ALLOCARIDARA_ATTACK/to_label_1685.jpg,1684,1685,test,train,ALLOCARIDARA_ATTACK,ALLOCARIDARA_ATTACK,31,True,True
DLD_FinalDataset_224_spit/train/ALLOCARIDARA_ATTACK/to_label_1685.jpg,DLD_FinalDataset_224_spit/test/ALLOCARIDARA_ATTACK/to_label_1686.jpg,1685,1686,train,test,ALLOCARIDARA_ATTACK,ALLOCARIDARA_ATTACK,27,True,True
DLD_FinalDataset_224_spit/test/ALLOCARIDARA_ATTACK/to_label_1686.jpg,DLD_FinalDataset_224_spit/test/ALLOCARIDARA_ATTACK/to_label_1687.jpg,1686,1687,test,test,ALLOCARIDARA_ATTACK,ALLOCARIDARA_ATTACK,32,True,False
DLD_FinalDataset_224_spit/test/ALLOCARIDARA_ATTACK/to_label_1687.jpg,DLD_FinalDataset_224_spit/train/ALLOCARIDARA_ATTACK/to_label_1688.jpg,1687,1688,test,train,ALLOCARIDARA_ATTACK,ALLOCARIDARA_ATTACK,24,True,True
DLD_FinalDataset_224_spit/train/ALLOCARIDARA_ATTACK/to_label_1688.jpg,DLD_FinalDataset_224_spit/train/ALLOCARIDARA_ATTACK/to_label_1689.jpg,1688,1689,train,train,ALLOCARIDARA_ATTACK,ALLOCARIDARA_ATTACK,31,True,False
DLD_FinalDataset_224_spit/train/ALLOCARIDARA_ATTACK/to_label_1689.jpg,DLD_FinalDataset_224_spit/train/ALLOCARIDARA_ATTACK/to_label_1690.jpg,1689,1690,train,train,ALLOCARIDARA_ATTACK,ALLOCARIDARA_ATTACK,33,True,False
DLD_FinalDataset_224_spit/train/ALLOCARIDARA_ATTACK/to_label_1690.jpg,DLD_FinalDataset_224_spit/train/ALLOCARIDARA_ATTACK/to_label_1691.jpg,1690,1691,train,train,ALLOCARIDARA_ATTACK,ALLOCARIDARA_ATTACK,33,True,False
DLD_FinalDataset_224_spit/train/ALLOCARIDARA_ATTACK/to_label_1691.jpg,DLD_FinalDataset_224_spit/train/ALLOCARIDARA_ATTACK/to_label_1692.jpg,1691,1692,train,train,ALLOCARIDARA_ATTACK,ALLOCARIDARA_ATTACK,26,True,False
DLD_FinalDataset_224_spit/train/ALLOCARIDARA_ATTACK/to_label_1692.jpg,DLD_FinalDataset_224_spit/train/ALLOCARIDARA_ATTACK/to_label_1693.jpg,1692,1693,train,train,ALLOCARIDARA_ATTACK,ALLOCARIDARA_ATTACK,40,True,False
DLD_FinalDataset_224_spit/train/ALLOCARIDARA_ATTACK/to_label_1693.jpg,DLD_FinalDataset_224_spit/train/ALLOCARIDARA_ATTACK/to_label_1694.jpg,1693,1694,train,train,ALLOCARIDARA_ATTACK,ALLOCARIDARA_ATTACK,30,True,False
DLD_FinalDataset_224_spit/train/ALLOCARIDARA_ATTACK/to_label_1694.jpg,DLD_FinalDataset_224_spit/train/ALLOCARIDARA_ATTACK/to_label_1695.jpg,1694,1695,train,train,ALLOCARIDARA_ATTACK,ALLOCARIDARA_ATTACK,39,True,False
DLD_FinalDataset_224_spit/train/ALLOCARIDARA_ATTACK/to_label_1695.jpg,DLD_FinalDataset_224_spit/test/ALLOCARIDARA_ATTACK/to_label_1696.jpg,1695,1696,train,test,ALLOCARIDARA_ATTACK,ALLOCARIDARA_ATTACK,28,True,True
DLD_FinalDataset_224_spit/test/ALLOCARIDARA_ATTACK/to_label_1696.jpg,DLD_FinalDataset_224_spit/train/ALLOCARIDARA_ATTACK/to_label_1697.jpg,1696,1697,test,train,ALLOCARIDARA_ATTACK,ALLOCARIDARA_ATTACK,30,True,True
DLD_FinalDataset_224_spit/train/ALLOCARIDARA_ATTACK/to_label_1697.jpg,DLD_FinalDataset_224_spit/train/ALLOCARIDARA_ATTACK/to_label_1698.jpg,1697,1698,train,train,ALLOCARIDARA_ATTACK,ALLOCARIDARA_ATTACK,33,True,False
DLD_FinalDataset_224_spit/train/ALLOCARIDARA_ATTACK/to_label_1698.jpg,DLD_FinalDataset_224_spit/train/ALLOCARIDARA_ATTACK/to_label_1699.jpg,1698,1699,train,train,ALLOCARIDARA_ATTACK,ALLOCARIDARA_ATTACK,34,True,False
DLD_FinalDataset_224_spit/train/ALLOCARIDARA_ATTACK/to_label_1699.jpg,DLD_FinalDataset_224_spit/train/ALLOCARIDARA_ATTACK/to_label_1700.jpg,1699,1700,train,train,ALLOCARIDARA_ATTACK,ALLOCARIDARA_ATTACK,27,True,False
DLD_FinalDataset_224_spit/train/ALLOCARIDARA_ATTACK/to_label_1700.jpg,DLD_FinalDataset_224_spit/train/ALLOCARIDARA_ATTACK/to_label_1701.jpg,1700,1701,train,train,ALLOCARIDARA_ATTACK,ALLOCARIDARA_ATTACK,35,True,False
DLD_FinalDataset_224_spit/train/ALLOCARIDARA_ATTACK/to_label_1701.jpg,DLD_FinalDataset_224_spit/train/ALLOCARIDARA_ATTACK/to_label_1702.jpg,1701,1702,train,train,ALLOCARIDARA_ATTACK,ALLOCARIDARA_ATTACK,33,True,False
DLD_FinalDataset_224_spit/train/ALLOCARIDARA_ATTACK/to_label_1704.jpg,DLD_FinalDataset_224_spit/train/ALLOCARIDARA_ATTACK/to_label_1705.jpg,1704,1705,train,train,ALLOCARIDARA_ATTACK,ALLOCARIDARA_ATTACK,33,True,False
DLD_FinalDataset_224_spit/train/ALLOCARIDARA_ATTACK/to_label_1705.jpg,DLD_FinalDataset_224_spit/train/ALLOCARIDARA_ATTACK/to_label_1706.jpg,1705,1706,train,train,ALLOCARIDARA_ATTACK,ALLOCARIDARA_ATTACK,34,True,False
DLD_FinalDataset_224_spit/train/ALLOCARIDARA_ATTACK/to_label_1706.jpg,DLD_FinalDataset_224_spit/train/ALLOCARIDARA_ATTACK/to_label_1707.jpg,1706,1707,train,train,ALLOCARIDARA_ATTACK,ALLOCARIDARA_ATTACK,29,True,False
DLD_FinalDataset_224_spit/train/ALLOCARIDARA_ATTACK/to_label_1707.jpg,DLD_FinalDataset_224_spit/train/ALLOCARIDARA_ATTACK/to_label_1708.jpg,1707,1708,train,train,ALLOCARIDARA_ATTACK,ALLOCARIDARA_ATTACK,28,True,False
DLD_FinalDataset_224_spit/train/ALLOCARIDARA_ATTACK/to_label_1708.jpg,DLD_FinalDataset_224_spit/train/ALLOCARIDARA_ATTACK/to_label_1709.jpg,1708,1709,train,train,ALLOCARIDARA_ATTACK,ALLOCARIDARA_ATTACK,28,True,False
DLD_FinalDataset_224_spit/train/ALLOCARIDARA_ATTACK/to_label_1709.jpg,DLD_FinalDataset_224_spit/train/HEALTHY_LEAF/to_label_1710.jpg,1709,1710,train,train,ALLOCARIDARA_ATTACK,HEALTHY_LEAF,33,False,False
DLD_FinalDataset_224_spit/train/HEALTHY_LEAF/to_label_1710.jpg,DLD_FinalDataset_224_spit/train/HEALTHY_LEAF/to_label_1711.jpg,1710,1711,train,train,HEALTHY_LEAF,HEALTHY_LEAF,35,True,False
DLD_FinalDataset_224_spit/train/HEALTHY_LEAF/to_label_1711.jpg,DLD_FinalDataset_224_spit/val/HEALTHY_LEAF/to_label_1712.jpg,1711,1712,train,val,HEALTHY_LEAF,HEALTHY_LEAF,34,True,True
DLD_FinalDataset_224_spit/val/HEALTHY_LEAF/to_label_1712.jpg,DLD_FinalDataset_224_spit/train/HEALTHY_LEAF/to_label_1713.jpg,1712,1713,val,train,HEALTHY_LEAF,HEALTHY_LEAF,31,True,True
DLD_FinalDataset_224_spit/train/HEALTHY_LEAF/to_label_1713.jpg,DLD_FinalDataset_224_spit/train/HEALTHY_LEAF/to_label_1714.jpg,1713,1714,train,train,HEALTHY_LEAF,HEALTHY_LEAF,33,True,False
DLD_FinalDataset_224_spit/train/HEALTHY_LEAF/to_label_1714.jpg,DLD_FinalDataset_224_spit/test/HEALTHY_LEAF/to_label_1715.jpg,1714,1715,train,test,HEALTHY_LEAF,HEALTHY_LEAF,35,True,True
DLD_FinalDataset_224_spit/test/HEALTHY_LEAF/to_label_1715.jpg,DLD_FinalDataset_224_spit/train/HEALTHY_LEAF/to_label_1716.jpg,1715,1716,test,train,HEALTHY_LEAF,HEALTHY_LEAF,26,True,True
DLD_FinalDataset_224_spit/train/HEALTHY_LEAF/to_label_1716.jpg,DLD_FinalDataset_224_spit/test/HEALTHY_LEAF/to_label_1717.jpg,1716,1717,train,test,HEALTHY_LEAF,HEALTHY_LEAF,32,True,True
DLD_FinalDataset_224_spit/test/HEALTHY_LEAF/to_label_1717.jpg,DLD_FinalDataset_224_spit/train/HEALTHY_LEAF/to_label_1718.jpg,1717,1718,test,train,HEALTHY_LEAF,HEALTHY_LEAF,27,True,True
DLD_FinalDataset_224_spit/train/HEALTHY_LEAF/to_label_1718.jpg,DLD_FinalDataset_224_spit/train/HEALTHY_LEAF/to_label_1719.jpg,1718,1719,train,train,HEALTHY_LEAF,HEALTHY_LEAF,27,True,False
DLD_FinalDataset_224_spit/train/HEALTHY_LEAF/to_label_1719.jpg,DLD_FinalDataset_224_spit/test/HEALTHY_LEAF/to_label_1720.jpg,1719,1720,train,test,HEALTHY_LEAF,HEALTHY_LEAF,33,True,True
DLD_FinalDataset_224_spit/test/HEALTHY_LEAF/to_label_1720.jpg,DLD_FinalDataset_224_spit/train/HEALTHY_LEAF/to_label_1721.jpg,1720,1721,test,train,HEALTHY_LEAF,HEALTHY_LEAF,23,True,True
DLD_FinalDataset_224_spit/train/HEALTHY_LEAF/to_label_1721.jpg,DLD_FinalDataset_224_spit/train/HEALTHY_LEAF/to_label_1722.jpg,1721,1722,train,train,HEALTHY_LEAF,HEALTHY_LEAF,34,True,False
DLD_FinalDataset_224_spit/train/HEALTHY_LEAF/to_label_1722.jpg,DLD_FinalDataset_224_spit/train/HEALTHY_LEAF/to_label_1723.jpg,1722,1723,train,train,HEALTHY_LEAF,HEALTHY_LEAF,29,True,False
DLD_FinalDataset_224_spit/train/HEALTHY_LEAF/to_label_1723.jpg,DLD_FinalDataset_224_spit/train/HEALTHY_LEAF/to_label_1724.jpg,1723,1724,train,train,HEALTHY_LEAF,HEALTHY_LEAF,33,True,False
DLD_FinalDataset_224_spit/train/HEALTHY_LEAF/to_label_1724.jpg,DLD_FinalDataset_224_spit/train/HEALTHY_LEAF/to_label_1725.jpg,1724,1725,train,train,HEALTHY_LEAF,HEALTHY_LEAF,39,True,False
DLD_FinalDataset_224_spit/train/HEALTHY_LEAF/to_label_1725.jpg,DLD_FinalDataset_224_spit/train/HEALTHY_LEAF/to_label_1726.jpg,1725,1726,train,train,HEALTHY_LEAF,HEALTHY_LEAF,33,True,False
DLD_FinalDataset_224_spit/train/HEALTHY_LEAF/to_label_1726.jpg,DLD_FinalDataset_224_spit/train/HEALTHY_LEAF/to_label_1727.jpg,1726,1727,train,train,HEALTHY_LEAF,HEALTHY_LEAF,30,True,False
DLD_FinalDataset_224_spit/train/HEALTHY_LEAF/to_label_1727.jpg,DLD_FinalDataset_224_spit/train/HEALTHY_LEAF/to_label_1728.jpg,1727,1728,train,train,HEALTHY_LEAF,HEALTHY_LEAF,33,True,False
DLD_FinalDataset_224_spit/train/HEALTHY_LEAF/to_label_1728.jpg,DLD_FinalDataset_224_spit/train/HEALTHY_LEAF/to_label_1729.jpg,1728,1729,train,train,HEALTHY_LEAF,HEALTHY_LEAF,34,True,False
DLD_FinalDataset_224_spit/train/HEALTHY_LEAF/to_label_1729.jpg,DLD_FinalDataset_224_spit/train/HEALTHY_LEAF/to_label_1730.jpg,1729,1730,train,train,HEALTHY_LEAF,HEALTHY_LEAF,43,True,False
DLD_FinalDataset_224_spit/train/HEALTHY_LEAF/to_label_1730.jpg,DLD_FinalDataset_224_spit/train/HEALTHY_LEAF/to_label_1731.jpg,1730,1731,train,train,HEALTHY_LEAF,HEALTHY_LEAF,30,True,False
DLD_FinalDataset_224_spit/train/HEALTHY_LEAF/to_label_1731.jpg,DLD_FinalDataset_224_spit/train/HEALTHY_LEAF/to_label_1732.jpg,1731,1732,train,train,HEALTHY_LEAF,HEALTHY_LEAF,27,True,False
DLD_FinalDataset_224_spit/train/HEALTHY_LEAF/to_label_1732.jpg,DLD_FinalDataset_224_spit/test/HEALTHY_LEAF/to_label_1733.jpg,1732,1733,train,test,HEALTHY_LEAF,HEALTHY_LEAF,30,True,True
DLD_FinalDataset_224_spit/test/HEALTHY_LEAF/to_label_1733.jpg,DLD_FinalDataset_224_spit/train/HEALTHY_LEAF/to_label_1734.jpg,1733,1734,test,train,HEALTHY_LEAF,HEALTHY_LEAF,29,True,True
DLD_FinalDataset_224_spit/train/HEALTHY_LEAF/to_label_1734.jpg,DLD_FinalDataset_224_spit/test/HEALTHY_LEAF/to_label_1735.jpg,1734,1735,train,test,HEALTHY_LEAF,HEALTHY_LEAF,29,True,True
DLD_FinalDataset_224_spit/test/HEALTHY_LEAF/to_label_1735.jpg,DLD_FinalDataset_224_spit/train/HEALTHY_LEAF/to_label_1736.jpg,1735,1736,test,train,HEALTHY_LEAF,HEALTHY_LEAF,37,True,True
DLD_FinalDataset_224_spit/train/HEALTHY_LEAF/to_label_1736.jpg,DLD_FinalDataset_224_spit/train/HEALTHY_LEAF/to_label_1737.jpg,1736,1737,train,train,HEALTHY_LEAF,HEALTHY_LEAF,23,True,False
DLD_FinalDataset_224_spit/train/HEALTHY_LEAF/to_label_1737.jpg,DLD_FinalDataset_224_spit/train/HEALTHY_LEAF/to_label_1738.jpg,1737,1738,train,train,HEALTHY_LEAF,HEALTHY_LEAF,38,True,False
DLD_FinalDataset_224_spit/train/HEALTHY_LEAF/to_label_1738.jpg,DLD_FinalDataset_224_spit/test/HEALTHY_LEAF/to_label_1739.jpg,1738,1739,train,test,HEALTHY_LEAF,HEALTHY_LEAF,30,True,True
DLD_FinalDataset_224_spit/test/HEALTHY_LEAF/to_label_1739.jpg,DLD_FinalDataset_224_spit/test/HEALTHY_LEAF/to_label_1740.jpg,1739,1740,test,test,HEALTHY_LEAF,HEALTHY_LEAF,32,True,False
DLD_FinalDataset_224_spit/test/HEALTHY_LEAF/to_label_1740.jpg,DLD_FinalDataset_224_spit/val/HEALTHY_LEAF/to_label_1741.jpg,1740,1741,test,val,HEALTHY_LEAF,HEALTHY_LEAF,33,True,True
DLD_FinalDataset_224_spit/val/HEALTHY_LEAF/to_label_1741.jpg,DLD_FinalDataset_224_spit/train/HEALTHY_LEAF/to_label_1742.jpg,1741,1742,val,train,HEALTHY_LEAF,HEALTHY_LEAF,32,True,True
DLD_FinalDataset_224_spit/train/HEALTHY_LEAF/to_label_1742.jpg,DLD_FinalDataset_224_spit/val/HEALTHY_LEAF/to_label_1743.jpg,1742,1743,train,val,HEALTHY_LEAF,HEALTHY_LEAF,33,True,True
DLD_FinalDataset_224_spit/val/HEALTHY_LEAF/to_label_1743.jpg,DLD_FinalDataset_224_spit/train/HEALTHY_LEAF/to_label_1744.jpg,1743,1744,val,train,HEALTHY_LEAF,HEALTHY_LEAF,32,True,True
DLD_FinalDataset_224_spit/train/HEALTHY_LEAF/to_label_1744.jpg,DLD_FinalDataset_224_spit/train/HEALTHY_LEAF/to_label_1745.jpg,1744,1745,train,train,HEALTHY_LEAF,HEALTHY_LEAF,27,True,False
DLD_FinalDataset_224_spit/train/HEALTHY_LEAF/to_label_1745.jpg,DLD_FinalDataset_224_spit/train/HEALTHY_LEAF/to_label_1746.jpg,1745,1746,train,train,HEALTHY_LEAF,HEALTHY_LEAF,34,True,False
DLD_FinalDataset_224_spit/train/HEALTHY_LEAF/to_label_1746.jpg,DLD_FinalDataset_224_spit/train/HEALTHY_LEAF/to_label_1747.jpg,1746,1747,train,train,HEALTHY_LEAF,HEALTHY_LEAF,33,True,False
DLD_FinalDataset_224_spit/train/HEALTHY_LEAF/to_label_1747.jpg,DLD_FinalDataset_224_spit/train/HEALTHY_LEAF/to_label_1748.jpg,1747,1748,train,train,HEALTHY_LEAF,HEALTHY_LEAF,33,True,False
DLD_FinalDataset_224_spit/train/HEALTHY_LEAF/to_label_1748.jpg,DLD_FinalDataset_224_spit/val/HEALTHY_LEAF/to_label_1749.jpg,1748,1749,train,val,HEALTHY_LEAF,HEALTHY_LEAF,26,True,True
DLD_FinalDataset_224_spit/val/HEALTHY_LEAF/to_label_1749.jpg,DLD_FinalDataset_224_spit/train/HEALTHY_LEAF/to_label_1750.jpg,1749,1750,val,train,HEALTHY_LEAF,HEALTHY_LEAF,33,True,True
DLD_FinalDataset_224_spit/train/HEALTHY_LEAF/to_label_1750.jpg,DLD_FinalDataset_224_spit/train/HEALTHY_LEAF/to_label_1751.jpg,1750,1751,train,train,HEALTHY_LEAF,HEALTHY_LEAF,33,True,False
DLD_FinalDataset_224_spit/train/HEALTHY_LEAF/to_label_1751.jpg,DLD_FinalDataset_224_spit/train/HEALTHY_LEAF/to_label_1752.jpg,1751,1752,train,train,HEALTHY_LEAF,HEALTHY_LEAF,29,True,False
DLD_FinalDataset_224_spit/train/HEALTHY_LEAF/to_label_1752.jpg,DLD_FinalDataset_224_spit/train/HEALTHY_LEAF/to_label_1753.jpg,1752,1753,train,train,HEALTHY_LEAF,HEALTHY_LEAF,34,True,False
DLD_FinalDataset_224_spit/train/HEALTHY_LEAF/to_label_1753.jpg,DLD_FinalDataset_224_spit/test/HEALTHY_LEAF/to_label_1754.jpg,1753,1754,train,test,HEALTHY_LEAF,HEALTHY_LEAF,29,True,True
DLD_FinalDataset_224_spit/test/HEALTHY_LEAF/to_label_1754.jpg,DLD_FinalDataset_224_spit/train/HEALTHY_LEAF/to_label_1755.jpg,1754,1755,test,train,HEALTHY_LEAF,HEALTHY_LEAF,28,True,True
DLD_FinalDataset_224_spit/train/HEALTHY_LEAF/to_label_1755.jpg,DLD_FinalDataset_224_spit/train/HEALTHY_LEAF/to_label_1756.jpg,1755,1756,train,train,HEALTHY_LEAF,HEALTHY_LEAF,21,True,False
DLD_FinalDataset_224_spit/train/HEALTHY_LEAF/to_label_1756.jpg,DLD_FinalDataset_224_spit/train/HEALTHY_LEAF/to_label_1757.jpg,1756,1757,train,train,HEALTHY_LEAF,HEALTHY_LEAF,29,True,False
DLD_FinalDataset_224_spit/train/HEALTHY_LEAF/to_label_1757.jpg,DLD_FinalDataset_224_spit/train/HEALTHY_LEAF/to_label_1758.jpg,1757,1758,train,train,HEALTHY_LEAF,HEALTHY_LEAF,33,True,False
DLD_FinalDataset_224_spit/train/HEALTHY_LEAF/to_label_1758.jpg,DLD_FinalDataset_224_spit/val/HEALTHY_LEAF/to_label_1759.jpg,1758,1759,train,val,HEALTHY_LEAF,HEALTHY_LEAF,33,True,True
DLD_FinalDataset_224_spit/val/HEALTHY_LEAF/to_label_1759.jpg,DLD_FinalDataset_224_spit/train/HEALTHY_LEAF/to_label_1760.jpg,1759,1760,val,train,HEALTHY_LEAF,HEALTHY_LEAF,30,True,True
DLD_FinalDataset_224_spit/train/HEALTHY_LEAF/to_label_1760.jpg,DLD_FinalDataset_224_spit/train/HEALTHY_LEAF/to_label_1761.jpg,1760,1761,train,train,HEALTHY_LEAF,HEALTHY_LEAF,35,True,False
DLD_FinalDataset_224_spit/train/HEALTHY_LEAF/to_label_1761.jpg,DLD_FinalDataset_224_spit/train/HEALTHY_LEAF/to_label_1762.jpg,1761,1762,train,train,HEALTHY_LEAF,HEALTHY_LEAF,29,True,False
DLD_FinalDataset_224_spit/train/HEALTHY_LEAF/to_label_1762.jpg,DLD_FinalDataset_224_spit/train/HEALTHY_LEAF/to_label_1763.jpg,1762,1763,train,train,HEALTHY_LEAF,HEALTHY_LEAF,33,True,False
DLD_FinalDataset_224_spit/train/HEALTHY_LEAF/to_label_1763.jpg,DLD_FinalDataset_224_spit/test/HEALTHY_LEAF/to_label_1764.jpg,1763,1764,train,test,HEALTHY_LEAF,HEALTHY_LEAF,31,True,True
DLD_FinalDataset_224_spit/test/HEALTHY_LEAF/to_label_1764.jpg,DLD_FinalDataset_224_spit/val/HEALTHY_LEAF/to_label_1765.jpg,1764,1765,test,val,HEALTHY_LEAF,HEALTHY_LEAF,32,True,True
DLD_FinalDataset_224_spit/val/HEALTHY_LEAF/to_label_1765.jpg,DLD_FinalDataset_224_spit/train/HEALTHY_LEAF/to_label_1766.jpg,1765,1766,val,train,HEALTHY_LEAF,HEALTHY_LEAF,26,True,True
DLD_FinalDataset_224_spit/train/HEALTHY_LEAF/to_label_1766.jpg,DLD_FinalDataset_224_spit/train/HEALTHY_LEAF/to_label_1767.jpg,1766,1767,train,train,HEALTHY_LEAF,HEALTHY_LEAF,35,True,False
DLD_FinalDataset_224_spit/train/HEALTHY_LEAF/to_label_1767.jpg,DLD_FinalDataset_224_spit/train/HEALTHY_LEAF/to_label_1768.jpg,1767,1768,train,train,HEALTHY_LEAF,HEALTHY_LEAF,30,True,False
DLD_FinalDataset_224_spit/train/HEALTHY_LEAF/to_label_1768.jpg,DLD_FinalDataset_224_spit/test/HEALTHY_LEAF/to_label_1769.jpg,1768,1769,train,test,HEALTHY_LEAF,HEALTHY_LEAF,32,True,True
DLD_FinalDataset_224_spit/test/HEALTHY_LEAF/to_label_1769.jpg,DLD_FinalDataset_224_spit/val/HEALTHY_LEAF/to_label_1770.jpg,1769,1770,test,val,HEALTHY_LEAF,HEALTHY_LEAF,30,True,True
DLD_FinalDataset_224_spit/val/HEALTHY_LEAF/to_label_1770.jpg,DLD_FinalDataset_224_spit/train/HEALTHY_LEAF/to_label_1771.jpg,1770,1771,val,train,HEALTHY_LEAF,HEALTHY_LEAF,35,True,True
DLD_FinalDataset_224_spit/train/HEALTHY_LEAF/to_label_1771.jpg,DLD_FinalDataset_224_spit/train/HEALTHY_LEAF/to_label_1772.jpg,1771,1772,train,train,HEALTHY_LEAF,HEALTHY_LEAF,24,True,False
DLD_FinalDataset_224_spit/train/HEALTHY_LEAF/to_label_1772.jpg,DLD_FinalDataset_224_spit/test/HEALTHY_LEAF/to_label_1773.jpg,1772,1773,train,test,HEALTHY_LEAF,HEALTHY_LEAF,31,True,True
DLD_FinalDataset_224_spit/test/HEALTHY_LEAF/to_label_1773.jpg,DLD_FinalDataset_224_spit/train/HEALTHY_LEAF/to_label_1774.jpg,1773,1774,test,train,HEALTHY_LEAF,HEALTHY_LEAF,33,True,True
DLD_FinalDataset_224_spit/train/HEALTHY_LEAF/to_label_1774.jpg,DLD_FinalDataset_224_spit/test/HEALTHY_LEAF/to_label_1775.jpg,1774,1775,train,test,HEALTHY_LEAF,HEALTHY_LEAF,28,True,True
DLD_FinalDataset_224_spit/test/HEALTHY_LEAF/to_label_1775.jpg,DLD_FinalDataset_224_spit/test/HEALTHY_LEAF/to_label_1776.jpg,1775,1776,test,test,HEALTHY_LEAF,HEALTHY_LEAF,37,True,False
DLD_FinalDataset_224_spit/test/HEALTHY_LEAF/to_label_1776.jpg,DLD_FinalDataset_224_spit/test/HEALTHY_LEAF/to_label_1777.jpg,1776,1777,test,test,HEALTHY_LEAF,HEALTHY_LEAF,29,True,False
DLD_FinalDataset_224_spit/test/HEALTHY_LEAF/to_label_1777.jpg,DLD_FinalDataset_224_spit/train/HEALTHY_LEAF/to_label_1778.jpg,1777,1778,test,train,HEALTHY_LEAF,HEALTHY_LEAF,35,True,True
DLD_FinalDataset_224_spit/train/HEALTHY_LEAF/to_label_1778.jpg,DLD_FinalDataset_224_spit/train/HEALTHY_LEAF/to_label_1779.jpg,1778,1779,train,train,HEALTHY_LEAF,HEALTHY_LEAF,31,True,False
DLD_FinalDataset_224_spit/train/HEALTHY_LEAF/to_label_1779.jpg,DLD_FinalDataset_224_spit/test/HEALTHY_LEAF/to_label_1780.jpg,1779,1780,train,test,HEALTHY_LEAF,HEALTHY_LEAF,32,True,True
DLD_FinalDataset_224_spit/test/HEALTHY_LEAF/to_label_1780.jpg,DLD_FinalDataset_224_spit/train/HEALTHY_LEAF/to_label_1781.jpg,1780,1781,test,train,HEALTHY_LEAF,HEALTHY_LEAF,39,True,True
DLD_FinalDataset_224_spit/train/HEALTHY_LEAF/to_label_1781.jpg,DLD_FinalDataset_224_spit/val/HEALTHY_LEAF/to_label_1782.jpg,1781,1782,train,val,HEALTHY_LEAF,HEALTHY_LEAF,23,True,True
DLD_FinalDataset_224_spit/val/HEALTHY_LEAF/to_label_1782.jpg,DLD_FinalDataset_224_spit/train/HEALTHY_LEAF/to_label_1783.jpg,1782,1783,val,train,HEALTHY_LEAF,HEALTHY_LEAF,30,True,True
DLD_FinalDataset_224_spit/train/HEALTHY_LEAF/to_label_1783.jpg,DLD_FinalDataset_224_spit/train/HEALTHY_LEAF/to_label_1784.jpg,1783,1784,train,train,HEALTHY_LEAF,HEALTHY_LEAF,30,True,False
DLD_FinalDataset_224_spit/train/HEALTHY_LEAF/to_label_1784.jpg,DLD_FinalDataset_224_spit/train/HEALTHY_LEAF/to_label_1785.jpg,1784,1785,train,train,HEALTHY_LEAF,HEALTHY_LEAF,30,True,False
DLD_FinalDataset_224_spit/train/HEALTHY_LEAF/to_label_1785.jpg,DLD_FinalDataset_224_spit/test/HEALTHY_LEAF/to_label_1786.jpg,1785,1786,train,test,HEALTHY_LEAF,HEALTHY_LEAF,38,True,True
DLD_FinalDataset_224_spit/test/HEALTHY_LEAF/to_label_1786.jpg,DLD_FinalDataset_224_spit/test/HEALTHY_LEAF/to_label_1787.jpg,1786,1787,test,test,HEALTHY_LEAF,HEALTHY_LEAF,23,True,False
DLD_FinalDataset_224_spit/test/HEALTHY_LEAF/to_label_1787.jpg,DLD_FinalDataset_224_spit/test/HEALTHY_LEAF/to_label_1788.jpg,1787,1788,test,test,HEALTHY_LEAF,HEALTHY_LEAF,30,True,False
DLD_FinalDataset_224_spit/test/HEALTHY_LEAF/to_label_1788.jpg,DLD_FinalDataset_224_spit/train/HEALTHY_LEAF/to_label_1789.jpg,1788,1789,test,train,HEALTHY_LEAF,HEALTHY_LEAF,27,True,True
DLD_FinalDataset_224_spit/train/HEALTHY_LEAF/to_label_1789.jpg,DLD_FinalDataset_224_spit/train/HEALTHY_LEAF/to_label_1790.jpg,1789,1790,train,train,HEALTHY_LEAF,HEALTHY_LEAF,23,True,False
DLD_FinalDataset_224_spit/train/HEALTHY_LEAF/to_label_1790.jpg,DLD_FinalDataset_224_spit/test/HEALTHY_LEAF/to_label_1791.jpg,1790,1791,train,test,HEALTHY_LEAF,HEALTHY_LEAF,31,True,True
DLD_FinalDataset_224_spit/test/HEALTHY_LEAF/to_label_1791.jpg,DLD_FinalDataset_224_spit/test/HEALTHY_LEAF/to_label_1792.jpg,1791,1792,test,test,HEALTHY_LEAF,HEALTHY_LEAF,24,True,False
DLD_FinalDataset_224_spit/test/HEALTHY_LEAF/to_label_1792.jpg,DLD_FinalDataset_224_spit/train/HEALTHY_LEAF/to_label_1793.jpg,1792,1793,test,train,HEALTHY_LEAF,HEALTHY_LEAF,30,True,True
DLD_FinalDataset_224_spit/train/HEALTHY_LEAF/to_label_1793.jpg,DLD_FinalDataset_224_spit/val/HEALTHY_LEAF/to_label_1794.jpg,1793,1794,train,val,HEALTHY_LEAF,HEALTHY_LEAF,25,True,True
DLD_FinalDataset_224_spit/val/HEALTHY_LEAF/to_label_1794.jpg,DLD_FinalDataset_224_spit/train/HEALTHY_LEAF/to_label_1795.jpg,1794,1795,val,train,HEALTHY_LEAF,HEALTHY_LEAF,26,True,True
DLD_FinalDataset_224_spit/train/HEALTHY_LEAF/to_label_1795.jpg,DLD_FinalDataset_224_spit/val/HEALTHY_LEAF/to_label_1796.jpg,1795,1796,train,val,HEALTHY_LEAF,HEALTHY_LEAF,30,True,True
DLD_FinalDataset_224_spit/val/HEALTHY_LEAF/to_label_1796.jpg,DLD_FinalDataset_224_spit/train/HEALTHY_LEAF/to_label_1797.jpg,1796,1797,val,train,HEALTHY_LEAF,HEALTHY_LEAF,25,True,True
DLD_FinalDataset_224_spit/train/HEALTHY_LEAF/to_label_1797.jpg,DLD_FinalDataset_224_spit/val/HEALTHY_LEAF/to_label_1798.jpg,1797,1798,train,val,HEALTHY_LEAF,HEALTHY_LEAF,32,True,True
DLD_FinalDataset_224_spit/val/HEALTHY_LEAF/to_label_1798.jpg,DLD_FinalDataset_224_spit/train/HEALTHY_LEAF/to_label_1799.jpg,1798,1799,val,train,HEALTHY_LEAF,HEALTHY_LEAF,33,True,True
DLD_FinalDataset_224_spit/train/HEALTHY_LEAF/to_label_1799.jpg,DLD_FinalDataset_224_spit/train/HEALTHY_LEAF/to_label_1800.jpg,1799,1800,train,train,HEALTHY_LEAF,HEALTHY_LEAF,33,True,False
DLD_FinalDataset_224_spit/train/HEALTHY_LEAF/to_label_1800.jpg,DLD_FinalDataset_224_spit/train/HEALTHY_LEAF/to_label_1801.jpg,1800,1801,train,train,HEALTHY_LEAF,HEALTHY_LEAF,32,True,False
DLD_FinalDataset_224_spit/train/HEALTHY_LEAF/to_label_1801.jpg,DLD_FinalDataset_224_spit/train/HEALTHY_LEAF/to_label_1802.jpg,1801,1802,train,train,HEALTHY_LEAF,HEALTHY_LEAF,30,True,False
DLD_FinalDataset_224_spit/train/HEALTHY_LEAF/to_label_1802.jpg,DLD_FinalDataset_224_spit/train/HEALTHY_LEAF/to_label_1803.jpg,1802,1803,train,train,HEALTHY_LEAF,HEALTHY_LEAF,34,True,False
DLD_FinalDataset_224_spit/train/HEALTHY_LEAF/to_label_1803.jpg,DLD_FinalDataset_224_spit/train/HEALTHY_LEAF/to_label_1804.jpg,1803,1804,train,train,HEALTHY_LEAF,HEALTHY_LEAF,29,True,False
DLD_FinalDataset_224_spit/train/HEALTHY_LEAF/to_label_1804.jpg,DLD_FinalDataset_224_spit/train/HEALTHY_LEAF/to_label_1805.jpg,1804,1805,train,train,HEALTHY_LEAF,HEALTHY_LEAF,38,True,False
DLD_FinalDataset_224_spit/train/HEALTHY_LEAF/to_label_1805.jpg,DLD_FinalDataset_224_spit/val/HEALTHY_LEAF/to_label_1806.jpg,1805,1806,train,val,HEALTHY_LEAF,HEALTHY_LEAF,25,True,True
DLD_FinalDataset_224_spit/val/HEALTHY_LEAF/to_label_1806.jpg,DLD_FinalDataset_224_spit/val/HEALTHY_LEAF/to_label_1807.jpg,1806,1807,val,val,HEALTHY_LEAF,HEALTHY_LEAF,26,True,False
DLD_FinalDataset_224_spit/val/HEALTHY_LEAF/to_label_1807.jpg,DLD_FinalDataset_224_spit/train/HEALTHY_LEAF/to_label_1808.jpg,1807,1808,val,train,HEALTHY_LEAF,HEALTHY_LEAF,29,True,True
DLD_FinalDataset_224_spit/train/HEALTHY_LEAF/to_label_1808.jpg,DLD_FinalDataset_224_spit/train/HEALTHY_LEAF/to_label_1809.jpg,1808,1809,train,train,HEALTHY_LEAF,HEALTHY_LEAF,32,True,False
DLD_FinalDataset_224_spit/train/HEALTHY_LEAF/to_label_1809.jpg,DLD_FinalDataset_224_spit/train/HEALTHY_LEAF/to_label_1810.jpg,1809,1810,train,train,HEALTHY_LEAF,HEALTHY_LEAF,34,True,False
DLD_FinalDataset_224_spit/train/HEALTHY_LEAF/to_label_1810.jpg,DLD_FinalDataset_224_spit/test/HEALTHY_LEAF/to_label_1811.jpg,1810,1811,train,test,HEALTHY_LEAF,HEALTHY_LEAF,32,True,True
DLD_FinalDataset_224_spit/test/HEALTHY_LEAF/to_label_1811.jpg,DLD_FinalDataset_224_spit/train/HEALTHY_LEAF/to_label_1812.jpg,1811,1812,test,train,HEALTHY_LEAF,HEALTHY_LEAF,33,True,True
DLD_FinalDataset_224_spit/train/HEALTHY_LEAF/to_label_1812.jpg,DLD_FinalDataset_224_spit/train/HEALTHY_LEAF/to_label_1813.jpg,1812,1813,train,train,HEALTHY_LEAF,HEALTHY_LEAF,35,True,False
DLD_FinalDataset_224_spit/train/HEALTHY_LEAF/to_label_1813.jpg,DLD_FinalDataset_224_spit/train/HEALTHY_LEAF/to_label_1814.jpg,1813,1814,train,train,HEALTHY_LEAF,HEALTHY_LEAF,34,True,False
DLD_FinalDataset_224_spit/train/HEALTHY_LEAF/to_label_1814.jpg,DLD_FinalDataset_224_spit/train/HEALTHY_LEAF/to_label_1815.jpg,1814,1815,train,train,HEALTHY_LEAF,HEALTHY_LEAF,19,True,False
DLD_FinalDataset_224_spit/train/HEALTHY_LEAF/to_label_1815.jpg,DLD_FinalDataset_224_spit/train/HEALTHY_LEAF/to_label_1816.jpg,1815,1816,train,train,HEALTHY_LEAF,HEALTHY_LEAF,35,True,False
DLD_FinalDataset_224_spit/train/HEALTHY_LEAF/to_label_1816.jpg,DLD_FinalDataset_224_spit/test/HEALTHY_LEAF/to_label_1817.jpg,1816,1817,train,test,HEALTHY_LEAF,HEALTHY_LEAF,28,True,True
DLD_FinalDataset_224_spit/test/HEALTHY_LEAF/to_label_1817.jpg,DLD_FinalDataset_224_spit/train/HEALTHY_LEAF/to_label_1818.jpg,1817,1818,test,train,HEALTHY_LEAF,HEALTHY_LEAF,33,True,True
DLD_FinalDataset_224_spit/train/HEALTHY_LEAF/to_label_1818.jpg,DLD_FinalDataset_224_spit/test/HEALTHY_LEAF/to_label_1819.jpg,1818,1819,train,test,HEALTHY_LEAF,HEALTHY_LEAF,29,True,True
DLD_FinalDataset_224_spit/test/HEALTHY_LEAF/to_label_1819.jpg,DLD_FinalDataset_224_spit/test/HEALTHY_LEAF/to_label_1820.jpg,1819,1820,test,test,HEALTHY_LEAF,HEALTHY_LEAF,33,True,False
DLD_FinalDataset_224_spit/test/HEALTHY_LEAF/to_label_1820.jpg,DLD_FinalDataset_224_spit/train/HEALTHY_LEAF/to_label_1821.jpg,1820,1821,test,train,HEALTHY_LEAF,HEALTHY_LEAF,32,True,True
DLD_FinalDataset_224_spit/train/HEALTHY_LEAF/to_label_1821.jpg,DLD_FinalDataset_224_spit/train/HEALTHY_LEAF/to_label_1822.jpg,1821,1822,train,train,HEALTHY_LEAF,HEALTHY_LEAF,35,True,False
DLD_FinalDataset_224_spit/train/HEALTHY_LEAF/to_label_1822.jpg,DLD_FinalDataset_224_spit/train/HEALTHY_LEAF/to_label_1823.jpg,1822,1823,train,train,HEALTHY_LEAF,HEALTHY_LEAF,29,True,False
DLD_FinalDataset_224_spit/train/HEALTHY_LEAF/to_label_1823.jpg,DLD_FinalDataset_224_spit/train/HEALTHY_LEAF/to_label_1824.jpg,1823,1824,train,train,HEALTHY_LEAF,HEALTHY_LEAF,35,True,False
DLD_FinalDataset_224_spit/train/HEALTHY_LEAF/to_label_1824.jpg,DLD_FinalDataset_224_spit/train/HEALTHY_LEAF/to_label_1825.jpg,1824,1825,train,train,HEALTHY_LEAF,HEALTHY_LEAF,31,True,False
DLD_FinalDataset_224_spit/train/HEALTHY_LEAF/to_label_1825.jpg,DLD_FinalDataset_224_spit/train/HEALTHY_LEAF/to_label_1826.jpg,1825,1826,train,train,HEALTHY_LEAF,HEALTHY_LEAF,33,True,False
DLD_FinalDataset_224_spit/train/HEALTHY_LEAF/to_label_1826.jpg,DLD_FinalDataset_224_spit/train/HEALTHY_LEAF/to_label_1827.jpg,1826,1827,train,train,HEALTHY_LEAF,HEALTHY_LEAF,27,True,False
DLD_FinalDataset_224_spit/train/HEALTHY_LEAF/to_label_1827.jpg,DLD_FinalDataset_224_spit/test/HEALTHY_LEAF/to_label_1828.jpg,1827,1828,train,test,HEALTHY_LEAF,HEALTHY_LEAF,26,True,True
DLD_FinalDataset_224_spit/test/HEALTHY_LEAF/to_label_1828.jpg,DLD_FinalDataset_224_spit/train/HEALTHY_LEAF/to_label_1829.jpg,1828,1829,test,train,HEALTHY_LEAF,HEALTHY_LEAF,32,True,True
DLD_FinalDataset_224_spit/train/HEALTHY_LEAF/to_label_1829.jpg,DLD_FinalDataset_224_spit/val/HEALTHY_LEAF/to_label_1830.jpg,1829,1830,train,val,HEALTHY_LEAF,HEALTHY_LEAF,38,True,True
DLD_FinalDataset_224_spit/val/HEALTHY_LEAF/to_label_1830.jpg,DLD_FinalDataset_224_spit/train/HEALTHY_LEAF/to_label_1831.jpg,1830,1831,val,train,HEALTHY_LEAF,HEALTHY_LEAF,29,True,True
DLD_FinalDataset_224_spit/train/HEALTHY_LEAF/to_label_1831.jpg,DLD_FinalDataset_224_spit/train/HEALTHY_LEAF/to_label_1832.jpg,1831,1832,train,train,HEALTHY_LEAF,HEALTHY_LEAF,29,True,False
DLD_FinalDataset_224_spit/train/HEALTHY_LEAF/to_label_1832.jpg,DLD_FinalDataset_224_spit/train/HEALTHY_LEAF/to_label_1833.jpg,1832,1833,train,train,HEALTHY_LEAF,HEALTHY_LEAF,39,True,False
DLD_FinalDataset_224_spit/train/HEALTHY_LEAF/to_label_1833.jpg,DLD_FinalDataset_224_spit/train/HEALTHY_LEAF/to_label_1834.jpg,1833,1834,train,train,HEALTHY_LEAF,HEALTHY_LEAF,30,True,False
DLD_FinalDataset_224_spit/train/HEALTHY_LEAF/to_label_1834.jpg,DLD_FinalDataset_224_spit/train/HEALTHY_LEAF/to_label_1835.jpg,1834,1835,train,train,HEALTHY_LEAF,HEALTHY_LEAF,32,True,False
DLD_FinalDataset_224_spit/train/HEALTHY_LEAF/to_label_1835.jpg,DLD_FinalDataset_224_spit/train/HEALTHY_LEAF/to_label_1836.jpg,1835,1836,train,train,HEALTHY_LEAF,HEALTHY_LEAF,34,True,False
DLD_FinalDataset_224_spit/train/HEALTHY_LEAF/to_label_1836.jpg,DLD_FinalDataset_224_spit/train/HEALTHY_LEAF/to_label_1837.jpg,1836,1837,train,train,HEALTHY_LEAF,HEALTHY_LEAF,28,True,False
DLD_FinalDataset_224_spit/train/HEALTHY_LEAF/to_label_1837.jpg,DLD_FinalDataset_224_spit/train/HEALTHY_LEAF/to_label_1838.jpg,1837,1838,train,train,HEALTHY_LEAF,HEALTHY_LEAF,34,True,False
DLD_FinalDataset_224_spit/train/HEALTHY_LEAF/to_label_1838.jpg,DLD_FinalDataset_224_spit/train/HEALTHY_LEAF/to_label_1839.jpg,1838,1839,train,train,HEALTHY_LEAF,HEALTHY_LEAF,26,True,False
DLD_FinalDataset_224_spit/train/HEALTHY_LEAF/to_label_1839.jpg,DLD_FinalDataset_224_spit/train/HEALTHY_LEAF/to_label_1840.jpg,1839,1840,train,train,HEALTHY_LEAF,HEALTHY_LEAF,34,True,False
DLD_FinalDataset_224_spit/train/HEALTHY_LEAF/to_label_1840.jpg,DLD_FinalDataset_224_spit/train/HEALTHY_LEAF/to_label_1841.jpg,1840,1841,train,train,HEALTHY_LEAF,HEALTHY_LEAF,39,True,False
DLD_FinalDataset_224_spit/train/HEALTHY_LEAF/to_label_1841.jpg,DLD_FinalDataset_224_spit/train/HEALTHY_LEAF/to_label_1842.jpg,1841,1842,train,train,HEALTHY_LEAF,HEALTHY_LEAF,25,True,False
DLD_FinalDataset_224_spit/train/HEALTHY_LEAF/to_label_1842.jpg,DLD_FinalDataset_224_spit/train/HEALTHY_LEAF/to_label_1843.jpg,1842,1843,train,train,HEALTHY_LEAF,HEALTHY_LEAF,31,True,False
DLD_FinalDataset_224_spit/train/HEALTHY_LEAF/to_label_1843.jpg,DLD_FinalDataset_224_spit/train/HEALTHY_LEAF/to_label_1844.jpg,1843,1844,train,train,HEALTHY_LEAF,HEALTHY_LEAF,34,True,False
DLD_FinalDataset_224_spit/train/HEALTHY_LEAF/to_label_1844.jpg,DLD_FinalDataset_224_spit/train/HEALTHY_LEAF/to_label_1845.jpg,1844,1845,train,train,HEALTHY_LEAF,HEALTHY_LEAF,40,True,False
DLD_FinalDataset_224_spit/train/HEALTHY_LEAF/to_label_1845.jpg,DLD_FinalDataset_224_spit/test/HEALTHY_LEAF/to_label_1846.jpg,1845,1846,train,test,HEALTHY_LEAF,HEALTHY_LEAF,33,True,True
DLD_FinalDataset_224_spit/test/HEALTHY_LEAF/to_label_1846.jpg,DLD_FinalDataset_224_spit/val/HEALTHY_LEAF/to_label_1847.jpg,1846,1847,test,val,HEALTHY_LEAF,HEALTHY_LEAF,27,True,True
DLD_FinalDataset_224_spit/val/HEALTHY_LEAF/to_label_1847.jpg,DLD_FinalDataset_224_spit/train/HEALTHY_LEAF/to_label_1848.jpg,1847,1848,val,train,HEALTHY_LEAF,HEALTHY_LEAF,31,True,True
DLD_FinalDataset_224_spit/train/HEALTHY_LEAF/to_label_1848.jpg,DLD_FinalDataset_224_spit/test/HEALTHY_LEAF/to_label_1849.jpg,1848,1849,train,test,HEALTHY_LEAF,HEALTHY_LEAF,29,True,True
DLD_FinalDataset_224_spit/test/HEALTHY_LEAF/to_label_1849.jpg,DLD_FinalDataset_224_spit/train/HEALTHY_LEAF/to_label_1850.jpg,1849,1850,test,train,HEALTHY_LEAF,HEALTHY_LEAF,34,True,True
DLD_FinalDataset_224_spit/train/HEALTHY_LEAF/to_label_1850.jpg,DLD_FinalDataset_224_spit/test/HEALTHY_LEAF/to_label_1851.jpg,1850,1851,train,test,HEALTHY_LEAF,HEALTHY_LEAF,37,True,True
DLD_FinalDataset_224_spit/test/HEALTHY_LEAF/to_label_1851.jpg,DLD_FinalDataset_224_spit/train/HEALTHY_LEAF/to_label_1852.jpg,1851,1852,test,train,HEALTHY_LEAF,HEALTHY_LEAF,28,True,True
DLD_FinalDataset_224_spit/train/HEALTHY_LEAF/to_label_1852.jpg,DLD_FinalDataset_224_spit/train/HEALTHY_LEAF/to_label_1853.jpg,1852,1853,train,train,HEALTHY_LEAF,HEALTHY_LEAF,32,True,False
DLD_FinalDataset_224_spit/train/HEALTHY_LEAF/to_label_1853.jpg,DLD_FinalDataset_224_spit/train/HEALTHY_LEAF/to_label_1854.jpg,1853,1854,train,train,HEALTHY_LEAF,HEALTHY_LEAF,33,True,False
DLD_FinalDataset_224_spit/train/HEALTHY_LEAF/to_label_1854.jpg,DLD_FinalDataset_224_spit/train/HEALTHY_LEAF/to_label_1855.jpg,1854,1855,train,train,HEALTHY_LEAF,HEALTHY_LEAF,31,True,False
DLD_FinalDataset_224_spit/train/HEALTHY_LEAF/to_label_1855.jpg,DLD_FinalDataset_224_spit/train/HEALTHY_LEAF/to_label_1856.jpg,1855,1856,train,train,HEALTHY_LEAF,HEALTHY_LEAF,32,True,False
DLD_FinalDataset_224_spit/train/HEALTHY_LEAF/to_label_1856.jpg,DLD_FinalDataset_224_spit/train/HEALTHY_LEAF/to_label_1857.jpg,1856,1857,train,train,HEALTHY_LEAF,HEALTHY_LEAF,30,True,False
DLD_FinalDataset_224_spit/train/HEALTHY_LEAF/to_label_1857.jpg,DLD_FinalDataset_224_spit/train/HEALTHY_LEAF/to_label_1858.jpg,1857,1858,train,train,HEALTHY_LEAF,HEALTHY_LEAF,34,True,False
DLD_FinalDataset_224_spit/train/HEALTHY_LEAF/to_label_1858.jpg,DLD_FinalDataset_224_spit/train/HEALTHY_LEAF/to_label_1859.jpg,1858,1859,train,train,HEALTHY_LEAF,HEALTHY_LEAF,41,True,False
DLD_FinalDataset_224_spit/train/HEALTHY_LEAF/to_label_1859.jpg,DLD_FinalDataset_224_spit/train/HEALTHY_LEAF/to_label_1860.jpg,1859,1860,train,train,HEALTHY_LEAF,HEALTHY_LEAF,28,True,False
DLD_FinalDataset_224_spit/train/HEALTHY_LEAF/to_label_1860.jpg,DLD_FinalDataset_224_spit/train/HEALTHY_LEAF/to_label_1861.jpg,1860,1861,train,train,HEALTHY_LEAF,HEALTHY_LEAF,23,True,False
DLD_FinalDataset_224_spit/train/HEALTHY_LEAF/to_label_1861.jpg,DLD_FinalDataset_224_spit/train/HEALTHY_LEAF/to_label_1862.jpg,1861,1862,train,train,HEALTHY_LEAF,HEALTHY_LEAF,31,True,False
DLD_FinalDataset_224_spit/train/HEALTHY_LEAF/to_label_1862.jpg,DLD_FinalDataset_224_spit/train/HEALTHY_LEAF/to_label_1863.jpg,1862,1863,train,train,HEALTHY_LEAF,HEALTHY_LEAF,33,True,False
DLD_FinalDataset_224_spit/train/HEALTHY_LEAF/to_label_1863.jpg,DLD_FinalDataset_224_spit/train/HEALTHY_LEAF/to_label_1864.jpg,1863,1864,train,train,HEALTHY_LEAF,HEALTHY_LEAF,24,True,False
DLD_FinalDataset_224_spit/train/HEALTHY_LEAF/to_label_1864.jpg,DLD_FinalDataset_224_spit/test/HEALTHY_LEAF/to_label_1865.jpg,1864,1865,train,test,HEALTHY_LEAF,HEALTHY_LEAF,32,True,True
DLD_FinalDataset_224_spit/test/HEALTHY_LEAF/to_label_1865.jpg,DLD_FinalDataset_224_spit/train/HEALTHY_LEAF/to_label_1866.jpg,1865,1866,test,train,HEALTHY_LEAF,HEALTHY_LEAF,31,True,True
DLD_FinalDataset_224_spit/train/HEALTHY_LEAF/to_label_1866.jpg,DLD_FinalDataset_224_spit/train/HEALTHY_LEAF/to_label_1867.jpg,1866,1867,train,train,HEALTHY_LEAF,HEALTHY_LEAF,44,True,False
DLD_FinalDataset_224_spit/train/HEALTHY_LEAF/to_label_1867.jpg,DLD_FinalDataset_224_spit/test/HEALTHY_LEAF/to_label_1868.jpg,1867,1868,train,test,HEALTHY_LEAF,HEALTHY_LEAF,30,True,True
DLD_FinalDataset_224_spit/test/HEALTHY_LEAF/to_label_1868.jpg,DLD_FinalDataset_224_spit/train/HEALTHY_LEAF/to_label_1869.jpg,1868,1869,test,train,HEALTHY_LEAF,HEALTHY_LEAF,28,True,True
DLD_FinalDataset_224_spit/train/HEALTHY_LEAF/to_label_1869.jpg,DLD_FinalDataset_224_spit/train/HEALTHY_LEAF/to_label_1870.jpg,1869,1870,train,train,HEALTHY_LEAF,HEALTHY_LEAF,28,True,False
DLD_FinalDataset_224_spit/train/HEALTHY_LEAF/to_label_1870.jpg,DLD_FinalDataset_224_spit/train/HEALTHY_LEAF/to_label_1871.jpg,1870,1871,train,train,HEALTHY_LEAF,HEALTHY_LEAF,33,True,False
DLD_FinalDataset_224_spit/train/HEALTHY_LEAF/to_label_1871.jpg,DLD_FinalDataset_224_spit/train/HEALTHY_LEAF/to_label_1872.jpg,1871,1872,train,train,HEALTHY_LEAF,HEALTHY_LEAF,31,True,False
DLD_FinalDataset_224_spit/train/HEALTHY_LEAF/to_label_1872.jpg,DLD_FinalDataset_224_spit/train/HEALTHY_LEAF/to_label_1873.jpg,1872,1873,train,train,HEALTHY_LEAF,HEALTHY_LEAF,31,True,False
DLD_FinalDataset_224_spit/train/HEALTHY_LEAF/to_label_1873.jpg,DLD_FinalDataset_224_spit/train/HEALTHY_LEAF/to_label_1874.jpg,1873,1874,train,train,HEALTHY_LEAF,HEALTHY_LEAF,29,True,False
DLD_FinalDataset_224_spit/train/HEALTHY_LEAF/to_label_1874.jpg,DLD_FinalDataset_224_spit/test/HEALTHY_LEAF/to_label_1875.jpg,1874,1875,train,test,HEALTHY_LEAF,HEALTHY_LEAF,30,True,True
DLD_FinalDataset_224_spit/test/HEALTHY_LEAF/to_label_1875.jpg,DLD_FinalDataset_224_spit/train/HEALTHY_LEAF/to_label_1876.jpg,1875,1876,test,train,HEALTHY_LEAF,HEALTHY_LEAF,27,True,True
DLD_FinalDataset_224_spit/train/HEALTHY_LEAF/to_label_1876.jpg,DLD_FinalDataset_224_spit/train/HEALTHY_LEAF/to_label_1877.jpg,1876,1877,train,train,HEALTHY_LEAF,HEALTHY_LEAF,30,True,False
DLD_FinalDataset_224_spit/train/HEALTHY_LEAF/to_label_1877.jpg,DLD_FinalDataset_224_spit/val/HEALTHY_LEAF/to_label_1878.jpg,1877,1878,train,val,HEALTHY_LEAF,HEALTHY_LEAF,32,True,True
DLD_FinalDataset_224_spit/val/HEALTHY_LEAF/to_label_1878.jpg,DLD_FinalDataset_224_spit/train/HEALTHY_LEAF/to_label_1879.jpg,1878,1879,val,train,HEALTHY_LEAF,HEALTHY_LEAF,17,True,True
DLD_FinalDataset_224_spit/train/HEALTHY_LEAF/to_label_1879.jpg,DLD_FinalDataset_224_spit/train/HEALTHY_LEAF/to_label_1880.jpg,1879,1880,train,train,HEALTHY_LEAF,HEALTHY_LEAF,30,True,False
DLD_FinalDataset_224_spit/train/HEALTHY_LEAF/to_label_1880.jpg,DLD_FinalDataset_224_spit/train/HEALTHY_LEAF/to_label_1881.jpg,1880,1881,train,train,HEALTHY_LEAF,HEALTHY_LEAF,30,True,False
DLD_FinalDataset_224_spit/train/HEALTHY_LEAF/to_label_1881.jpg,DLD_FinalDataset_224_spit/train/HEALTHY_LEAF/to_label_1882.jpg,1881,1882,train,train,HEALTHY_LEAF,HEALTHY_LEAF,35,True,False
DLD_FinalDataset_224_spit/train/HEALTHY_LEAF/to_label_1882.jpg,DLD_FinalDataset_224_spit/train/HEALTHY_LEAF/to_label_1883.jpg,1882,1883,train,train,HEALTHY_LEAF,HEALTHY_LEAF,22,True,False
DLD_FinalDataset_224_spit/train/HEALTHY_LEAF/to_label_1883.jpg,DLD_FinalDataset_224_spit/test/HEALTHY_LEAF/to_label_1884.jpg,1883,1884,train,test,HEALTHY_LEAF,HEALTHY_LEAF,39,True,True
DLD_FinalDataset_224_spit/test/HEALTHY_LEAF/to_label_1884.jpg,DLD_FinalDataset_224_spit/train/HEALTHY_LEAF/to_label_1885.jpg,1884,1885,test,train,HEALTHY_LEAF,HEALTHY_LEAF,31,True,True
DLD_FinalDataset_224_spit/train/HEALTHY_LEAF/to_label_1885.jpg,DLD_FinalDataset_224_spit/train/HEALTHY_LEAF/to_label_1886.jpg,1885,1886,train,train,HEALTHY_LEAF,HEALTHY_LEAF,27,True,False
DLD_FinalDataset_224_spit/train/HEALTHY_LEAF/to_label_1886.jpg,DLD_FinalDataset_224_spit/train/HEALTHY_LEAF/to_label_1887.jpg,1886,1887,train,train,HEALTHY_LEAF,HEALTHY_LEAF,27,True,False
DLD_FinalDataset_224_spit/train/HEALTHY_LEAF/to_label_1887.jpg,DLD_FinalDataset_224_spit/train/HEALTHY_LEAF/to_label_1888.jpg,1887,1888,train,train,HEALTHY_LEAF,HEALTHY_LEAF,31,True,False
DLD_FinalDataset_224_spit/train/HEALTHY_LEAF/to_label_1888.jpg,DLD_FinalDataset_224_spit/train/HEALTHY_LEAF/to_label_1889.jpg,1888,1889,train,train,HEALTHY_LEAF,HEALTHY_LEAF,22,True,False
DLD_FinalDataset_224_spit/train/HEALTHY_LEAF/to_label_1889.jpg,DLD_FinalDataset_224_spit/train/HEALTHY_LEAF/to_label_1890.jpg,1889,1890,train,train,HEALTHY_LEAF,HEALTHY_LEAF,29,True,False
DLD_FinalDataset_224_spit/train/HEALTHY_LEAF/to_label_1890.jpg,DLD_FinalDataset_224_spit/train/HEALTHY_LEAF/to_label_1891.jpg,1890,1891,train,train,HEALTHY_LEAF,HEALTHY_LEAF,28,True,False
DLD_FinalDataset_224_spit/train/HEALTHY_LEAF/to_label_1891.jpg,DLD_FinalDataset_224_spit/train/HEALTHY_LEAF/to_label_1892.jpg,1891,1892,train,train,HEALTHY_LEAF,HEALTHY_LEAF,27,True,False
DLD_FinalDataset_224_spit/train/HEALTHY_LEAF/to_label_1892.jpg,DLD_FinalDataset_224_spit/train/HEALTHY_LEAF/to_label_1893.jpg,1892,1893,train,train,HEALTHY_LEAF,HEALTHY_LEAF,42,True,False
DLD_FinalDataset_224_spit/train/HEALTHY_LEAF/to_label_1893.jpg,DLD_FinalDataset_224_spit/test/HEALTHY_LEAF/to_label_1894.jpg,1893,1894,train,test,HEALTHY_LEAF,HEALTHY_LEAF,33,True,True
DLD_FinalDataset_224_spit/test/HEALTHY_LEAF/to_label_1894.jpg,DLD_FinalDataset_224_spit/train/HEALTHY_LEAF/to_label_1895.jpg,1894,1895,test,train,HEALTHY_LEAF,HEALTHY_LEAF,27,True,True
DLD_FinalDataset_224_spit/train/HEALTHY_LEAF/to_label_1895.jpg,DLD_FinalDataset_224_spit/train/HEALTHY_LEAF/to_label_1896.jpg,1895,1896,train,train,HEALTHY_LEAF,HEALTHY_LEAF,24,True,False
DLD_FinalDataset_224_spit/train/HEALTHY_LEAF/to_label_1896.jpg,DLD_FinalDataset_224_spit/train/HEALTHY_LEAF/to_label_1897.jpg,1896,1897,train,train,HEALTHY_LEAF,HEALTHY_LEAF,37,True,False
DLD_FinalDataset_224_spit/train/HEALTHY_LEAF/to_label_1897.jpg,DLD_FinalDataset_224_spit/train/HEALTHY_LEAF/to_label_1898.jpg,1897,1898,train,train,HEALTHY_LEAF,HEALTHY_LEAF,29,True,False
DLD_FinalDataset_224_spit/train/HEALTHY_LEAF/to_label_1898.jpg,DLD_FinalDataset_224_spit/train/HEALTHY_LEAF/to_label_1899.jpg,1898,1899,train,train,HEALTHY_LEAF,HEALTHY_LEAF,30,True,False
DLD_FinalDataset_224_spit/train/HEALTHY_LEAF/to_label_1899.jpg,DLD_FinalDataset_224_spit/train/HEALTHY_LEAF/to_label_1900.jpg,1899,1900,train,train,HEALTHY_LEAF,HEALTHY_LEAF,30,True,False
DLD_FinalDataset_224_spit/train/HEALTHY_LEAF/to_label_1900.jpg,DLD_FinalDataset_224_spit/train/HEALTHY_LEAF/to_label_1901.jpg,1900,1901,train,train,HEALTHY_LEAF,HEALTHY_LEAF,39,True,False
DLD_FinalDataset_224_spit/train/HEALTHY_LEAF/to_label_1901.jpg,DLD_FinalDataset_224_spit/val/HEALTHY_LEAF/to_label_1902.jpg,1901,1902,train,val,HEALTHY_LEAF,HEALTHY_LEAF,33,True,True
DLD_FinalDataset_224_spit/val/HEALTHY_LEAF/to_label_1902.jpg,DLD_FinalDataset_224_spit/train/HEALTHY_LEAF/to_label_1903.jpg,1902,1903,val,train,HEALTHY_LEAF,HEALTHY_LEAF,32,True,True
DLD_FinalDataset_224_spit/train/HEALTHY_LEAF/to_label_1903.jpg,DLD_FinalDataset_224_spit/train/HEALTHY_LEAF/to_label_1904.jpg,1903,1904,train,train,HEALTHY_LEAF,HEALTHY_LEAF,29,True,False
DLD_FinalDataset_224_spit/train/HEALTHY_LEAF/to_label_1904.jpg,DLD_FinalDataset_224_spit/train/HEALTHY_LEAF/to_label_1905.jpg,1904,1905,train,train,HEALTHY_LEAF,HEALTHY_LEAF,40,True,False
DLD_FinalDataset_224_spit/train/HEALTHY_LEAF/to_label_1905.jpg,DLD_FinalDataset_224_spit/test/HEALTHY_LEAF/to_label_1906.jpg,1905,1906,train,test,HEALTHY_LEAF,HEALTHY_LEAF,29,True,True
DLD_FinalDataset_224_spit/test/HEALTHY_LEAF/to_label_1906.jpg,DLD_FinalDataset_224_spit/train/HEALTHY_LEAF/to_label_1907.jpg,1906,1907,test,train,HEALTHY_LEAF,HEALTHY_LEAF,28,True,True
DLD_FinalDataset_224_spit/train/HEALTHY_LEAF/to_label_1907.jpg,DLD_FinalDataset_224_spit/test/HEALTHY_LEAF/to_label_1908.jpg,1907,1908,train,test,HEALTHY_LEAF,HEALTHY_LEAF,32,True,True
DLD_FinalDataset_224_spit/test/HEALTHY_LEAF/to_label_1908.jpg,DLD_FinalDataset_224_spit/test/HEALTHY_LEAF/to_label_1909.jpg,1908,1909,test,test,HEALTHY_LEAF,HEALTHY_LEAF,25,True,False
DLD_FinalDataset_224_spit/test/HEALTHY_LEAF/to_label_1909.jpg,DLD_FinalDataset_224_spit/train/HEALTHY_LEAF/to_label_1910.jpg,1909,1910,test,train,HEALTHY_LEAF,HEALTHY_LEAF,25,True,True
DLD_FinalDataset_224_spit/train/HEALTHY_LEAF/to_label_1910.jpg,DLD_FinalDataset_224_spit/train/HEALTHY_LEAF/to_label_1911.jpg,1910,1911,train,train,HEALTHY_LEAF,HEALTHY_LEAF,37,True,False
DLD_FinalDataset_224_spit/train/HEALTHY_LEAF/to_label_1911.jpg,DLD_FinalDataset_224_spit/train/HEALTHY_LEAF/to_label_1912.jpg,1911,1912,train,train,HEALTHY_LEAF,HEALTHY_LEAF,27,True,False
DLD_FinalDataset_224_spit/train/HEALTHY_LEAF/to_label_1912.jpg,DLD_FinalDataset_224_spit/train/HEALTHY_LEAF/to_label_1913.jpg,1912,1913,train,train,HEALTHY_LEAF,HEALTHY_LEAF,35,True,False
DLD_FinalDataset_224_spit/train/HEALTHY_LEAF/to_label_1913.jpg,DLD_FinalDataset_224_spit/val/HEALTHY_LEAF/to_label_1914.jpg,1913,1914,train,val,HEALTHY_LEAF,HEALTHY_LEAF,34,True,True
DLD_FinalDataset_224_spit/val/HEALTHY_LEAF/to_label_1914.jpg,DLD_FinalDataset_224_spit/train/HEALTHY_LEAF/to_label_1915.jpg,1914,1915,val,train,HEALTHY_LEAF,HEALTHY_LEAF,35,True,True
DLD_FinalDataset_224_spit/train/HEALTHY_LEAF/to_label_1915.jpg,DLD_FinalDataset_224_spit/train/HEALTHY_LEAF/to_label_1916.jpg,1915,1916,train,train,HEALTHY_LEAF,HEALTHY_LEAF,35,True,False
DLD_FinalDataset_224_spit/train/HEALTHY_LEAF/to_label_1916.jpg,DLD_FinalDataset_224_spit/train/HEALTHY_LEAF/to_label_1917.jpg,1916,1917,train,train,HEALTHY_LEAF,HEALTHY_LEAF,29,True,False
DLD_FinalDataset_224_spit/train/HEALTHY_LEAF/to_label_1917.jpg,DLD_FinalDataset_224_spit/test/HEALTHY_LEAF/to_label_1918.jpg,1917,1918,train,test,HEALTHY_LEAF,HEALTHY_LEAF,30,True,True
DLD_FinalDataset_224_spit/test/HEALTHY_LEAF/to_label_1918.jpg,DLD_FinalDataset_224_spit/test/HEALTHY_LEAF/to_label_1919.jpg,1918,1919,test,test,HEALTHY_LEAF,HEALTHY_LEAF,26,True,False
DLD_FinalDataset_224_spit/test/HEALTHY_LEAF/to_label_1919.jpg,DLD_FinalDataset_224_spit/test/HEALTHY_LEAF/to_label_1920.jpg,1919,1920,test,test,HEALTHY_LEAF,HEALTHY_LEAF,36,True,False
DLD_FinalDataset_224_spit/test/HEALTHY_LEAF/to_label_1920.jpg,DLD_FinalDataset_224_spit/val/HEALTHY_LEAF/to_label_1921.jpg,1920,1921,test,val,HEALTHY_LEAF,HEALTHY_LEAF,32,True,True
DLD_FinalDataset_224_spit/val/HEALTHY_LEAF/to_label_1921.jpg,DLD_FinalDataset_224_spit/train/HEALTHY_LEAF/to_label_1922.jpg,1921,1922,val,train,HEALTHY_LEAF,HEALTHY_LEAF,29,True,True
DLD_FinalDataset_224_spit/train/HEALTHY_LEAF/to_label_1922.jpg,DLD_FinalDataset_224_spit/val/HEALTHY_LEAF/to_label_1923.jpg,1922,1923,train,val,HEALTHY_LEAF,HEALTHY_LEAF,28,True,True
DLD_FinalDataset_224_spit/val/HEALTHY_LEAF/to_label_1923.jpg,DLD_FinalDataset_224_spit/train/HEALTHY_LEAF/to_label_1924.jpg,1923,1924,val,train,HEALTHY_LEAF,HEALTHY_LEAF,31,True,True
DLD_FinalDataset_224_spit/train/HEALTHY_LEAF/to_label_1924.jpg,DLD_FinalDataset_224_spit/val/HEALTHY_LEAF/to_label_1925.jpg,1924,1925,train,val,HEALTHY_LEAF,HEALTHY_LEAF,32,True,True
DLD_FinalDataset_224_spit/val/HEALTHY_LEAF/to_label_1925.jpg,DLD_FinalDataset_224_spit/train/HEALTHY_LEAF/to_label_1926.jpg,1925,1926,val,train,HEALTHY_LEAF,HEALTHY_LEAF,28,True,True
DLD_FinalDataset_224_spit/train/HEALTHY_LEAF/to_label_1926.jpg,DLD_FinalDataset_224_spit/train/HEALTHY_LEAF/to_label_1927.jpg,1926,1927,train,train,HEALTHY_LEAF,HEALTHY_LEAF,31,True,False
DLD_FinalDataset_224_spit/train/HEALTHY_LEAF/to_label_1927.jpg,DLD_FinalDataset_224_spit/test/HEALTHY_LEAF/to_label_1928.jpg,1927,1928,train,test,HEALTHY_LEAF,HEALTHY_LEAF,33,True,True
DLD_FinalDataset_224_spit/test/HEALTHY_LEAF/to_label_1928.jpg,DLD_FinalDataset_224_spit/train/HEALTHY_LEAF/to_label_1929.jpg,1928,1929,test,train,HEALTHY_LEAF,HEALTHY_LEAF,36,True,True
DLD_FinalDataset_224_spit/train/HEALTHY_LEAF/to_label_1929.jpg,DLD_FinalDataset_224_spit/train/HEALTHY_LEAF/to_label_1930.jpg,1929,1930,train,train,HEALTHY_LEAF,HEALTHY_LEAF,30,True,False
DLD_FinalDataset_224_spit/train/HEALTHY_LEAF/to_label_1930.jpg,DLD_FinalDataset_224_spit/train/HEALTHY_LEAF/to_label_1931.jpg,1930,1931,train,train,HEALTHY_LEAF,HEALTHY_LEAF,31,True,False
DLD_FinalDataset_224_spit/train/HEALTHY_LEAF/to_label_1931.jpg,DLD_FinalDataset_224_spit/train/HEALTHY_LEAF/to_label_1932.jpg,1931,1932,train,train,HEALTHY_LEAF,HEALTHY_LEAF,33,True,False
DLD_FinalDataset_224_spit/train/HEALTHY_LEAF/to_label_1932.jpg,DLD_FinalDataset_224_spit/train/HEALTHY_LEAF/to_label_1933.jpg,1932,1933,train,train,HEALTHY_LEAF,HEALTHY_LEAF,31,True,False
DLD_FinalDataset_224_spit/train/HEALTHY_LEAF/to_label_1933.jpg,DLD_FinalDataset_224_spit/train/HEALTHY_LEAF/to_label_1934.jpg,1933,1934,train,train,HEALTHY_LEAF,HEALTHY_LEAF,31,True,False
DLD_FinalDataset_224_spit/train/HEALTHY_LEAF/to_label_1934.jpg,DLD_FinalDataset_224_spit/train/HEALTHY_LEAF/to_label_1935.jpg,1934,1935,train,train,HEALTHY_LEAF,HEALTHY_LEAF,31,True,False
DLD_FinalDataset_224_spit/train/HEALTHY_LEAF/to_label_1935.jpg,DLD_FinalDataset_224_spit/train/HEALTHY_LEAF/to_label_1936.jpg,1935,1936,train,train,HEALTHY_LEAF,HEALTHY_LEAF,29,True,False
DLD_FinalDataset_224_spit/train/HEALTHY_LEAF/to_label_1936.jpg,DLD_FinalDataset_224_spit/test/HEALTHY_LEAF/to_label_1937.jpg,1936,1937,train,test,HEALTHY_LEAF,HEALTHY_LEAF,27,True,True
DLD_FinalDataset_224_spit/test/HEALTHY_LEAF/to_label_1937.jpg,DLD_FinalDataset_224_spit/train/HEALTHY_LEAF/to_label_1938.jpg,1937,1938,test,train,HEALTHY_LEAF,HEALTHY_LEAF,26,True,True
DLD_FinalDataset_224_spit/train/HEALTHY_LEAF/to_label_1938.jpg,DLD_FinalDataset_224_spit/train/HEALTHY_LEAF/to_label_1939.jpg,1938,1939,train,train,HEALTHY_LEAF,HEALTHY_LEAF,38,True,False
DLD_FinalDataset_224_spit/train/HEALTHY_LEAF/to_label_1939.jpg,DLD_FinalDataset_224_spit/train/HEALTHY_LEAF/to_label_1940.jpg,1939,1940,train,train,HEALTHY_LEAF,HEALTHY_LEAF,31,True,False
DLD_FinalDataset_224_spit/train/HEALTHY_LEAF/to_label_1940.jpg,DLD_FinalDataset_224_spit/val/HEALTHY_LEAF/to_label_1941.jpg,1940,1941,train,val,HEALTHY_LEAF,HEALTHY_LEAF,26,True,True
DLD_FinalDataset_224_spit/val/HEALTHY_LEAF/to_label_1941.jpg,DLD_FinalDataset_224_spit/train/HEALTHY_LEAF/to_label_1942.jpg,1941,1942,val,train,HEALTHY_LEAF,HEALTHY_LEAF,31,True,True
DLD_FinalDataset_224_spit/train/HEALTHY_LEAF/to_label_1942.jpg,DLD_FinalDataset_224_spit/train/HEALTHY_LEAF/to_label_1943.jpg,1942,1943,train,train,HEALTHY_LEAF,HEALTHY_LEAF,32,True,False
DLD_FinalDataset_224_spit/train/HEALTHY_LEAF/to_label_1943.jpg,DLD_FinalDataset_224_spit/train/HEALTHY_LEAF/to_label_1944.jpg,1943,1944,train,train,HEALTHY_LEAF,HEALTHY_LEAF,35,True,False
DLD_FinalDataset_224_spit/train/HEALTHY_LEAF/to_label_1944.jpg,DLD_FinalDataset_224_spit/test/HEALTHY_LEAF/to_label_1945.jpg,1944,1945,train,test,HEALTHY_LEAF,HEALTHY_LEAF,25,True,True
DLD_FinalDataset_224_spit/test/HEALTHY_LEAF/to_label_1945.jpg,DLD_FinalDataset_224_spit/train/HEALTHY_LEAF/to_label_1946.jpg,1945,1946,test,train,HEALTHY_LEAF,HEALTHY_LEAF,36,True,True
DLD_FinalDataset_224_spit/train/HEALTHY_LEAF/to_label_1946.jpg,DLD_FinalDataset_224_spit/test/HEALTHY_LEAF/to_label_1947.jpg,1946,1947,train,test,HEALTHY_LEAF,HEALTHY_LEAF,32,True,True
DLD_FinalDataset_224_spit/test/HEALTHY_LEAF/to_label_1947.jpg,DLD_FinalDataset_224_spit/train/HEALTHY_LEAF/to_label_1948.jpg,1947,1948,test,train,HEALTHY_LEAF,HEALTHY_LEAF,33,True,True
DLD_FinalDataset_224_spit/train/HEALTHY_LEAF/to_label_1948.jpg,DLD_FinalDataset_224_spit/test/HEALTHY_LEAF/to_label_1949.jpg,1948,1949,train,test,HEALTHY_LEAF,HEALTHY_LEAF,29,True,True
DLD_FinalDataset_224_spit/test/HEALTHY_LEAF/to_label_1949.jpg,DLD_FinalDataset_224_spit/train/HEALTHY_LEAF/to_label_1950.jpg,1949,1950,test,train,HEALTHY_LEAF,HEALTHY_LEAF,27,True,True
DLD_FinalDataset_224_spit/train/HEALTHY_LEAF/to_label_1950.jpg,DLD_FinalDataset_224_spit/train/HEALTHY_LEAF/to_label_1951.jpg,1950,1951,train,train,HEALTHY_LEAF,HEALTHY_LEAF,38,True,False
DLD_FinalDataset_224_spit/train/HEALTHY_LEAF/to_label_1951.jpg,DLD_FinalDataset_224_spit/train/HEALTHY_LEAF/to_label_1952.jpg,1951,1952,train,train,HEALTHY_LEAF,HEALTHY_LEAF,33,True,False
DLD_FinalDataset_224_spit/train/HEALTHY_LEAF/to_label_1952.jpg,DLD_FinalDataset_224_spit/train/HEALTHY_LEAF/to_label_1953.jpg,1952,1953,train,train,HEALTHY_LEAF,HEALTHY_LEAF,28,True,False
DLD_FinalDataset_224_spit/train/HEALTHY_LEAF/to_label_1953.jpg,DLD_FinalDataset_224_spit/test/HEALTHY_LEAF/to_label_1954.jpg,1953,1954,train,test,HEALTHY_LEAF,HEALTHY_LEAF,28,True,True
DLD_FinalDataset_224_spit/test/HEALTHY_LEAF/to_label_1954.jpg,DLD_FinalDataset_224_spit/train/HEALTHY_LEAF/to_label_1955.jpg,1954,1955,test,train,HEALTHY_LEAF,HEALTHY_LEAF,20,True,True
DLD_FinalDataset_224_spit/train/HEALTHY_LEAF/to_label_1955.jpg,DLD_FinalDataset_224_spit/train/HEALTHY_LEAF/to_label_1956.jpg,1955,1956,train,train,HEALTHY_LEAF,HEALTHY_LEAF,29,True,False
DLD_FinalDataset_224_spit/train/HEALTHY_LEAF/to_label_1956.jpg,DLD_FinalDataset_224_spit/val/HEALTHY_LEAF/to_label_1957.jpg,1956,1957,train,val,HEALTHY_LEAF,HEALTHY_LEAF,34,True,True
DLD_FinalDataset_224_spit/val/HEALTHY_LEAF/to_label_1957.jpg,DLD_FinalDataset_224_spit/train/HEALTHY_LEAF/to_label_1958.jpg,1957,1958,val,train,HEALTHY_LEAF,HEALTHY_LEAF,31,True,True
DLD_FinalDataset_224_spit/train/HEALTHY_LEAF/to_label_1958.jpg,DLD_FinalDataset_224_spit/train/HEALTHY_LEAF/to_label_1959.jpg,1958,1959,train,train,HEALTHY_LEAF,HEALTHY_LEAF,35,True,False
DLD_FinalDataset_224_spit/train/HEALTHY_LEAF/to_label_1959.jpg,DLD_FinalDataset_224_spit/val/HEALTHY_LEAF/to_label_1960.jpg,1959,1960,train,val,HEALTHY_LEAF,HEALTHY_LEAF,28,True,True
DLD_FinalDataset_224_spit/val/HEALTHY_LEAF/to_label_1960.jpg,DLD_FinalDataset_224_spit/train/HEALTHY_LEAF/to_label_1961.jpg,1960,1961,val,train,HEALTHY_LEAF,HEALTHY_LEAF,21,True,True
DLD_FinalDataset_224_spit/train/HEALTHY_LEAF/to_label_1961.jpg,DLD_FinalDataset_224_spit/train/HEALTHY_LEAF/to_label_1962.jpg,1961,1962,train,train,HEALTHY_LEAF,HEALTHY_LEAF,35,True,False
DLD_FinalDataset_224_spit/train/HEALTHY_LEAF/to_label_1962.jpg,DLD_FinalDataset_224_spit/train/HEALTHY_LEAF/to_label_1963.jpg,1962,1963,train,train,HEALTHY_LEAF,HEALTHY_LEAF,23,True,False
DLD_FinalDataset_224_spit/train/HEALTHY_LEAF/to_label_1963.jpg,DLD_FinalDataset_224_spit/val/HEALTHY_LEAF/to_label_1964.jpg,1963,1964,train,val,HEALTHY_LEAF,HEALTHY_LEAF,28,True,True
DLD_FinalDataset_224_spit/val/HEALTHY_LEAF/to_label_1964.jpg,DLD_FinalDataset_224_spit/train/HEALTHY_LEAF/to_label_1965.jpg,1964,1965,val,train,HEALTHY_LEAF,HEALTHY_LEAF,29,True,True
DLD_FinalDataset_224_spit/train/HEALTHY_LEAF/to_label_1965.jpg,DLD_FinalDataset_224_spit/train/HEALTHY_LEAF/to_label_1966.jpg,1965,1966,train,train,HEALTHY_LEAF,HEALTHY_LEAF,35,True,False
DLD_FinalDataset_224_spit/train/HEALTHY_LEAF/to_label_1966.jpg,DLD_FinalDataset_224_spit/train/HEALTHY_LEAF/to_label_1967.jpg,1966,1967,train,train,HEALTHY_LEAF,HEALTHY_LEAF,18,True,False
DLD_FinalDataset_224_spit/train/HEALTHY_LEAF/to_label_1967.jpg,DLD_FinalDataset_224_spit/train/HEALTHY_LEAF/to_label_1968.jpg,1967,1968,train,train,HEALTHY_LEAF,HEALTHY_LEAF,33,True,False
DLD_FinalDataset_224_spit/train/HEALTHY_LEAF/to_label_1968.jpg,DLD_FinalDataset_224_spit/test/HEALTHY_LEAF/to_label_1969.jpg,1968,1969,train,test,HEALTHY_LEAF,HEALTHY_LEAF,25,True,True
DLD_FinalDataset_224_spit/test/HEALTHY_LEAF/to_label_1969.jpg,DLD_FinalDataset_224_spit/val/HEALTHY_LEAF/to_label_1970.jpg,1969,1970,test,val,HEALTHY_LEAF,HEALTHY_LEAF,30,True,True
DLD_FinalDataset_224_spit/val/HEALTHY_LEAF/to_label_1970.jpg,DLD_FinalDataset_224_spit/val/HEALTHY_LEAF/to_label_1971.jpg,1970,1971,val,val,HEALTHY_LEAF,HEALTHY_LEAF,31,True,False
DLD_FinalDataset_224_spit/val/HEALTHY_LEAF/to_label_1971.jpg,DLD_FinalDataset_224_spit/train/HEALTHY_LEAF/to_label_1972.jpg,1971,1972,val,train,HEALTHY_LEAF,HEALTHY_LEAF,29,True,True
DLD_FinalDataset_224_spit/train/HEALTHY_LEAF/to_label_1972.jpg,DLD_FinalDataset_224_spit/train/HEALTHY_LEAF/to_label_1973.jpg,1972,1973,train,train,HEALTHY_LEAF,HEALTHY_LEAF,30,True,False
DLD_FinalDataset_224_spit/train/HEALTHY_LEAF/to_label_1973.jpg,DLD_FinalDataset_224_spit/train/HEALTHY_LEAF/to_label_1974.jpg,1973,1974,train,train,HEALTHY_LEAF,HEALTHY_LEAF,34,True,False
DLD_FinalDataset_224_spit/train/HEALTHY_LEAF/to_label_1974.jpg,DLD_FinalDataset_224_spit/test/HEALTHY_LEAF/to_label_1975.jpg,1974,1975,train,test,HEALTHY_LEAF,HEALTHY_LEAF,25,True,True
DLD_FinalDataset_224_spit/test/HEALTHY_LEAF/to_label_1975.jpg,DLD_FinalDataset_224_spit/test/HEALTHY_LEAF/to_label_1976.jpg,1975,1976,test,test,HEALTHY_LEAF,HEALTHY_LEAF,40,True,False
DLD_FinalDataset_224_spit/test/HEALTHY_LEAF/to_label_1976.jpg,DLD_FinalDataset_224_spit/train/HEALTHY_LEAF/to_label_1977.jpg,1976,1977,test,train,HEALTHY_LEAF,HEALTHY_LEAF,36,True,True
DLD_FinalDataset_224_spit/train/HEALTHY_LEAF/to_label_1977.jpg,DLD_FinalDataset_224_spit/train/HEALTHY_LEAF/to_label_1978.jpg,1977,1978,train,train,HEALTHY_LEAF,HEALTHY_LEAF,27,True,False
DLD_FinalDataset_224_spit/train/HEALTHY_LEAF/to_label_1978.jpg,DLD_FinalDataset_224_spit/train/HEALTHY_LEAF/to_label_1979.jpg,1978,1979,train,train,HEALTHY_LEAF,HEALTHY_LEAF,31,True,False
DLD_FinalDataset_224_spit/train/HEALTHY_LEAF/to_label_1979.jpg,DLD_FinalDataset_224_spit/train/HEALTHY_LEAF/to_label_1980.jpg,1979,1980,train,train,HEALTHY_LEAF,HEALTHY_LEAF,25,True,False
DLD_FinalDataset_224_spit/train/HEALTHY_LEAF/to_label_1980.jpg,DLD_FinalDataset_224_spit/train/HEALTHY_LEAF/to_label_1981.jpg,1980,1981,train,train,HEALTHY_LEAF,HEALTHY_LEAF,25,True,False
DLD_FinalDataset_224_spit/train/HEALTHY_LEAF/to_label_1981.jpg,DLD_FinalDataset_224_spit/train/HEALTHY_LEAF/to_label_1982.jpg,1981,1982,train,train,HEALTHY_LEAF,HEALTHY_LEAF,27,True,False
DLD_FinalDataset_224_spit/train/HEALTHY_LEAF/to_label_1982.jpg,DLD_FinalDataset_224_spit/train/HEALTHY_LEAF/to_label_1983.jpg,1982,1983,train,train,HEALTHY_LEAF,HEALTHY_LEAF,33,True,False
DLD_FinalDataset_224_spit/train/HEALTHY_LEAF/to_label_1983.jpg,DLD_FinalDataset_224_spit/train/HEALTHY_LEAF/to_label_1984.jpg,1983,1984,train,train,HEALTHY_LEAF,HEALTHY_LEAF,27,True,False
DLD_FinalDataset_224_spit/train/HEALTHY_LEAF/to_label_1984.jpg,DLD_FinalDataset_224_spit/test/HEALTHY_LEAF/to_label_1985.jpg,1984,1985,train,test,HEALTHY_LEAF,HEALTHY_LEAF,29,True,True
DLD_FinalDataset_224_spit/test/HEALTHY_LEAF/to_label_1985.jpg,DLD_FinalDataset_224_spit/train/HEALTHY_LEAF/to_label_1986.jpg,1985,1986,test,train,HEALTHY_LEAF,HEALTHY_LEAF,30,True,True
DLD_FinalDataset_224_spit/train/HEALTHY_LEAF/to_label_1986.jpg,DLD_FinalDataset_224_spit/test/HEALTHY_LEAF/to_label_1987.jpg,1986,1987,train,test,HEALTHY_LEAF,HEALTHY_LEAF,23,True,True
DLD_FinalDataset_224_spit/test/HEALTHY_LEAF/to_label_1987.jpg,DLD_FinalDataset_224_spit/train/HEALTHY_LEAF/to_label_1988.jpg,1987,1988,test,train,HEALTHY_LEAF,HEALTHY_LEAF,39,True,True
DLD_FinalDataset_224_spit/train/HEALTHY_LEAF/to_label_1988.jpg,DLD_FinalDataset_224_spit/train/HEALTHY_LEAF/to_label_1989.jpg,1988,1989,train,train,HEALTHY_LEAF,HEALTHY_LEAF,35,True,False
DLD_FinalDataset_224_spit/train/HEALTHY_LEAF/to_label_1989.jpg,DLD_FinalDataset_224_spit/test/HEALTHY_LEAF/to_label_1990.jpg,1989,1990,train,test,HEALTHY_LEAF,HEALTHY_LEAF,36,True,True
DLD_FinalDataset_224_spit/test/HEALTHY_LEAF/to_label_1990.jpg,DLD_FinalDataset_224_spit/test/HEALTHY_LEAF/to_label_1991.jpg,1990,1991,test,test,HEALTHY_LEAF,HEALTHY_LEAF,34,True,False
DLD_FinalDataset_224_spit/test/HEALTHY_LEAF/to_label_1991.jpg,DLD_FinalDataset_224_spit/train/HEALTHY_LEAF/to_label_1992.jpg,1991,1992,test,train,HEALTHY_LEAF,HEALTHY_LEAF,32,True,True
DLD_FinalDataset_224_spit/train/HEALTHY_LEAF/to_label_1992.jpg,DLD_FinalDataset_224_spit/train/HEALTHY_LEAF/to_label_1993.jpg,1992,1993,train,train,HEALTHY_LEAF,HEALTHY_LEAF,36,True,False
DLD_FinalDataset_224_spit/train/HEALTHY_LEAF/to_label_1993.jpg,DLD_FinalDataset_224_spit/train/HEALTHY_LEAF/to_label_1994.jpg,1993,1994,train,train,HEALTHY_LEAF,HEALTHY_LEAF,25,True,False
DLD_FinalDataset_224_spit/train/HEALTHY_LEAF/to_label_1994.jpg,DLD_FinalDataset_224_spit/train/HEALTHY_LEAF/to_label_1995.jpg,1994,1995,train,train,HEALTHY_LEAF,HEALTHY_LEAF,26,True,False
DLD_FinalDataset_224_spit/train/HEALTHY_LEAF/to_label_1995.jpg,DLD_FinalDataset_224_spit/test/HEALTHY_LEAF/to_label_1996.jpg,1995,1996,train,test,HEALTHY_LEAF,HEALTHY_LEAF,32,True,True
DLD_FinalDataset_224_spit/test/HEALTHY_LEAF/to_label_1996.jpg,DLD_FinalDataset_224_spit/train/HEALTHY_LEAF/to_label_1997.jpg,1996,1997,test,train,HEALTHY_LEAF,HEALTHY_LEAF,25,True,True
DLD_FinalDataset_224_spit/train/HEALTHY_LEAF/to_label_1997.jpg,DLD_FinalDataset_224_spit/train/HEALTHY_LEAF/to_label_1998.jpg,1997,1998,train,train,HEALTHY_LEAF,HEALTHY_LEAF,23,True,False
DLD_FinalDataset_224_spit/train/HEALTHY_LEAF/to_label_1998.jpg,DLD_FinalDataset_224_spit/train/HEALTHY_LEAF/to_label_1999.jpg,1998,1999,train,train,HEALTHY_LEAF,HEALTHY_LEAF,26,True,False
DLD_FinalDataset_224_spit/train/HEALTHY_LEAF/to_label_1999.jpg,DLD_FinalDataset_224_spit/test/HEALTHY_LEAF/to_label_2000.jpg,1999,2000,train,test,HEALTHY_LEAF,HEALTHY_LEAF,29,True,True
DLD_FinalDataset_224_spit/test/HEALTHY_LEAF/to_label_2000.jpg,DLD_FinalDataset_224_spit/train/HEALTHY_LEAF/to_label_2001.jpg,2000,2001,test,train,HEALTHY_LEAF,HEALTHY_LEAF,36,True,True
DLD_FinalDataset_224_spit/train/HEALTHY_LEAF/to_label_2001.jpg,DLD_FinalDataset_224_spit/test/HEALTHY_LEAF/to_label_2002.jpg,2001,2002,train,test,HEALTHY_LEAF,HEALTHY_LEAF,32,True,True
DLD_FinalDataset_224_spit/test/HEALTHY_LEAF/to_label_2002.jpg,DLD_FinalDataset_224_spit/train/HEALTHY_LEAF/to_label_2003.jpg,2002,2003,test,train,HEALTHY_LEAF,HEALTHY_LEAF,22,True,True
DLD_FinalDataset_224_spit/train/HEALTHY_LEAF/to_label_2003.jpg,DLD_FinalDataset_224_spit/test/HEALTHY_LEAF/to_label_2004.jpg,2003,2004,train,test,HEALTHY_LEAF,HEALTHY_LEAF,29,True,True
DLD_FinalDataset_224_spit/test/HEALTHY_LEAF/to_label_2004.jpg,DLD_FinalDataset_224_spit/train/HEALTHY_LEAF/to_label_2005.jpg,2004,2005,test,train,HEALTHY_LEAF,HEALTHY_LEAF,36,True,True
DLD_FinalDataset_224_spit/train/HEALTHY_LEAF/to_label_2005.jpg,DLD_FinalDataset_224_spit/test/HEALTHY_LEAF/to_label_2006.jpg,2005,2006,train,test,HEALTHY_LEAF,HEALTHY_LEAF,29,True,True
DLD_FinalDataset_224_spit/test/HEALTHY_LEAF/to_label_2006.jpg,DLD_FinalDataset_224_spit/train/HEALTHY_LEAF/to_label_2007.jpg,2006,2007,test,train,HEALTHY_LEAF,HEALTHY_LEAF,23,True,True
DLD_FinalDataset_224_spit/train/HEALTHY_LEAF/to_label_2007.jpg,DLD_FinalDataset_224_spit/test/HEALTHY_LEAF/to_label_2008.jpg,2007,2008,train,test,HEALTHY_LEAF,HEALTHY_LEAF,38,True,True
DLD_FinalDataset_224_spit/test/HEALTHY_LEAF/to_label_2008.jpg,DLD_FinalDataset_224_spit/val/HEALTHY_LEAF/to_label_2009.jpg,2008,2009,test,val,HEALTHY_LEAF,HEALTHY_LEAF,30,True,True
DLD_FinalDataset_224_spit/val/HEALTHY_LEAF/to_label_2009.jpg,DLD_FinalDataset_224_spit/train/HEALTHY_LEAF/to_label_2010.jpg,2009,2010,val,train,HEALTHY_LEAF,HEALTHY_LEAF,36,True,True
DLD_FinalDataset_224_spit/train/HEALTHY_LEAF/to_label_2010.jpg,DLD_FinalDataset_224_spit/train/HEALTHY_LEAF/to_label_2011.jpg,2010,2011,train,train,HEALTHY_LEAF,HEALTHY_LEAF,27,True,False
DLD_FinalDataset_224_spit/train/HEALTHY_LEAF/to_label_2011.jpg,DLD_FinalDataset_224_spit/train/HEALTHY_LEAF/to_label_2012.jpg,2011,2012,train,train,HEALTHY_LEAF,HEALTHY_LEAF,35,True,False
DLD_FinalDataset_224_spit/train/HEALTHY_LEAF/to_label_2012.jpg,DLD_FinalDataset_224_spit/train/HEALTHY_LEAF/to_label_2013.jpg,2012,2013,train,train,HEALTHY_LEAF,HEALTHY_LEAF,32,True,False
DLD_FinalDataset_224_spit/train/HEALTHY_LEAF/to_label_2013.jpg,DLD_FinalDataset_224_spit/train/HEALTHY_LEAF/to_label_2014.jpg,2013,2014,train,train,HEALTHY_LEAF,HEALTHY_LEAF,31,True,False
DLD_FinalDataset_224_spit/train/HEALTHY_LEAF/to_label_2014.jpg,DLD_FinalDataset_224_spit/val/HEALTHY_LEAF/to_label_2015.jpg,2014,2015,train,val,HEALTHY_LEAF,HEALTHY_LEAF,20,True,True
DLD_FinalDataset_224_spit/val/HEALTHY_LEAF/to_label_2015.jpg,DLD_FinalDataset_224_spit/val/HEALTHY_LEAF/to_label_2016.jpg,2015,2016,val,val,HEALTHY_LEAF,HEALTHY_LEAF,31,True,False
DLD_FinalDataset_224_spit/val/HEALTHY_LEAF/to_label_2016.jpg,DLD_FinalDataset_224_spit/train/HEALTHY_LEAF/to_label_2017.jpg,2016,2017,val,train,HEALTHY_LEAF,HEALTHY_LEAF,38,True,True
DLD_FinalDataset_224_spit/train/HEALTHY_LEAF/to_label_2017.jpg,DLD_FinalDataset_224_spit/train/HEALTHY_LEAF/to_label_2018.jpg,2017,2018,train,train,HEALTHY_LEAF,HEALTHY_LEAF,29,True,False
DLD_FinalDataset_224_spit/train/HEALTHY_LEAF/to_label_2018.jpg,DLD_FinalDataset_224_spit/val/HEALTHY_LEAF/to_label_2019.jpg,2018,2019,train,val,HEALTHY_LEAF,HEALTHY_LEAF,25,True,True
DLD_FinalDataset_224_spit/val/HEALTHY_LEAF/to_label_2019.jpg,DLD_FinalDataset_224_spit/test/HEALTHY_LEAF/to_label_2020.jpg,2019,2020,val,test,HEALTHY_LEAF,HEALTHY_LEAF,21,True,True
DLD_FinalDataset_224_spit/test/HEALTHY_LEAF/to_label_2020.jpg,DLD_FinalDataset_224_spit/train/HEALTHY_LEAF/to_label_2021.jpg,2020,2021,test,train,HEALTHY_LEAF,HEALTHY_LEAF,34,True,True
DLD_FinalDataset_224_spit/train/HEALTHY_LEAF/to_label_2021.jpg,DLD_FinalDataset_224_spit/test/HEALTHY_LEAF/to_label_2022.jpg,2021,2022,train,test,HEALTHY_LEAF,HEALTHY_LEAF,27,True,True
DLD_FinalDataset_224_spit/test/HEALTHY_LEAF/to_label_2022.jpg,DLD_FinalDataset_224_spit/train/HEALTHY_LEAF/to_label_2023.jpg,2022,2023,test,train,HEALTHY_LEAF,HEALTHY_LEAF,36,True,True
DLD_FinalDataset_224_spit/train/HEALTHY_LEAF/to_label_2023.jpg,DLD_FinalDataset_224_spit/test/HEALTHY_LEAF/to_label_2024.jpg,2023,2024,train,test,HEALTHY_LEAF,HEALTHY_LEAF,40,True,True
DLD_FinalDataset_224_spit/test/HEALTHY_LEAF/to_label_2024.jpg,DLD_FinalDataset_224_spit/train/HEALTHY_LEAF/to_label_2025.jpg,2024,2025,test,train,HEALTHY_LEAF,HEALTHY_LEAF,30,True,True
DLD_FinalDataset_224_spit/train/HEALTHY_LEAF/to_label_2025.jpg,DLD_FinalDataset_224_spit/test/HEALTHY_LEAF/to_label_2026.jpg,2025,2026,train,test,HEALTHY_LEAF,HEALTHY_LEAF,31,True,True
DLD_FinalDataset_224_spit/test/HEALTHY_LEAF/to_label_2026.jpg,DLD_FinalDataset_224_spit/train/HEALTHY_LEAF/to_label_2027.jpg,2026,2027,test,train,HEALTHY_LEAF,HEALTHY_LEAF,29,True,True
DLD_FinalDataset_224_spit/train/HEALTHY_LEAF/to_label_2027.jpg,DLD_FinalDataset_224_spit/test/HEALTHY_LEAF/to_label_2028.jpg,2027,2028,train,test,HEALTHY_LEAF,HEALTHY_LEAF,32,True,True
DLD_FinalDataset_224_spit/test/HEALTHY_LEAF/to_label_2028.jpg,DLD_FinalDataset_224_spit/val/HEALTHY_LEAF/to_label_2029.jpg,2028,2029,test,val,HEALTHY_LEAF,HEALTHY_LEAF,34,True,True
DLD_FinalDataset_224_spit/val/HEALTHY_LEAF/to_label_2029.jpg,DLD_FinalDataset_224_spit/train/HEALTHY_LEAF/to_label_2030.jpg,2029,2030,val,train,HEALTHY_LEAF,HEALTHY_LEAF,27,True,True
DLD_FinalDataset_224_spit/train/HEALTHY_LEAF/to_label_2030.jpg,DLD_FinalDataset_224_spit/test/HEALTHY_LEAF/to_label_2031.jpg,2030,2031,train,test,HEALTHY_LEAF,HEALTHY_LEAF,32,True,True
DLD_FinalDataset_224_spit/test/HEALTHY_LEAF/to_label_2031.jpg,DLD_FinalDataset_224_spit/train/HEALTHY_LEAF/to_label_2032.jpg,2031,2032,test,train,HEALTHY_LEAF,HEALTHY_LEAF,30,True,True
DLD_FinalDataset_224_spit/train/HEALTHY_LEAF/to_label_2032.jpg,DLD_FinalDataset_224_spit/train/HEALTHY_LEAF/to_label_2033.jpg,2032,2033,train,train,HEALTHY_LEAF,HEALTHY_LEAF,31,True,False
DLD_FinalDataset_224_spit/train/HEALTHY_LEAF/to_label_2033.jpg,DLD_FinalDataset_224_spit/train/HEALTHY_LEAF/to_label_2034.jpg,2033,2034,train,train,HEALTHY_LEAF,HEALTHY_LEAF,36,True,False
DLD_FinalDataset_224_spit/train/HEALTHY_LEAF/to_label_2034.jpg,DLD_FinalDataset_224_spit/train/HEALTHY_LEAF/to_label_2035.jpg,2034,2035,train,train,HEALTHY_LEAF,HEALTHY_LEAF,34,True,False
DLD_FinalDataset_224_spit/train/HEALTHY_LEAF/to_label_2035.jpg,DLD_FinalDataset_224_spit/train/HEALTHY_LEAF/to_label_2036.jpg,2035,2036,train,train,HEALTHY_LEAF,HEALTHY_LEAF,33,True,False
DLD_FinalDataset_224_spit/train/HEALTHY_LEAF/to_label_2036.jpg,DLD_FinalDataset_224_spit/val/HEALTHY_LEAF/to_label_2037.jpg,2036,2037,train,val,HEALTHY_LEAF,HEALTHY_LEAF,23,True,True
DLD_FinalDataset_224_spit/val/HEALTHY_LEAF/to_label_2037.jpg,DLD_FinalDataset_224_spit/test/HEALTHY_LEAF/to_label_2038.jpg,2037,2038,val,test,HEALTHY_LEAF,HEALTHY_LEAF,29,True,True
DLD_FinalDataset_224_spit/test/HEALTHY_LEAF/to_label_2038.jpg,DLD_FinalDataset_224_spit/train/HEALTHY_LEAF/to_label_2039.jpg,2038,2039,test,train,HEALTHY_LEAF,HEALTHY_LEAF,27,True,True
DLD_FinalDataset_224_spit/train/HEALTHY_LEAF/to_label_2039.jpg,DLD_FinalDataset_224_spit/train/HEALTHY_LEAF/to_label_2040.jpg,2039,2040,train,train,HEALTHY_LEAF,HEALTHY_LEAF,28,True,False
DLD_FinalDataset_224_spit/train/HEALTHY_LEAF/to_label_2040.jpg,DLD_FinalDataset_224_spit/train/HEALTHY_LEAF/to_label_2041.jpg,2040,2041,train,train,HEALTHY_LEAF,HEALTHY_LEAF,24,True,False
DLD_FinalDataset_224_spit/train/HEALTHY_LEAF/to_label_2041.jpg,DLD_FinalDataset_224_spit/val/HEALTHY_LEAF/to_label_2042.jpg,2041,2042,train,val,HEALTHY_LEAF,HEALTHY_LEAF,38,True,True
DLD_FinalDataset_224_spit/val/HEALTHY_LEAF/to_label_2042.jpg,DLD_FinalDataset_224_spit/val/HEALTHY_LEAF/to_label_2043.jpg,2042,2043,val,val,HEALTHY_LEAF,HEALTHY_LEAF,34,True,False
DLD_FinalDataset_224_spit/val/HEALTHY_LEAF/to_label_2043.jpg,DLD_FinalDataset_224_spit/test/HEALTHY_LEAF/to_label_2044.jpg,2043,2044,val,test,HEALTHY_LEAF,HEALTHY_LEAF,31,True,True
DLD_FinalDataset_224_spit/test/HEALTHY_LEAF/to_label_2044.jpg,DLD_FinalDataset_224_spit/train/HEALTHY_LEAF/to_label_2045.jpg,2044,2045,test,train,HEALTHY_LEAF,HEALTHY_LEAF,34,True,True
DLD_FinalDataset_224_spit/train/HEALTHY_LEAF/to_label_2045.jpg,DLD_FinalDataset_224_spit/train/HEALTHY_LEAF/to_label_2046.jpg,2045,2046,train,train,HEALTHY_LEAF,HEALTHY_LEAF,34,True,False
DLD_FinalDataset_224_spit/train/HEALTHY_LEAF/to_label_2046.jpg,DLD_FinalDataset_224_spit/train/HEALTHY_LEAF/to_label_2047.jpg,2046,2047,train,train,HEALTHY_LEAF,HEALTHY_LEAF,29,True,False
DLD_FinalDataset_224_spit/train/HEALTHY_LEAF/to_label_2047.jpg,DLD_FinalDataset_224_spit/train/HEALTHY_LEAF/to_label_2048.jpg,2047,2048,train,train,HEALTHY_LEAF,HEALTHY_LEAF,37,True,False
DLD_FinalDataset_224_spit/train/HEALTHY_LEAF/to_label_2048.jpg,DLD_FinalDataset_224_spit/train/HEALTHY_LEAF/to_label_2049.jpg,2048,2049,train,train,HEALTHY_LEAF,HEALTHY_LEAF,24,True,False
DLD_FinalDataset_224_spit/train/HEALTHY_LEAF/to_label_2049.jpg,DLD_FinalDataset_224_spit/train/HEALTHY_LEAF/to_label_2050.jpg,2049,2050,train,train,HEALTHY_LEAF,HEALTHY_LEAF,33,True,False
DLD_FinalDataset_224_spit/train/HEALTHY_LEAF/to_label_2050.jpg,DLD_FinalDataset_224_spit/train/HEALTHY_LEAF/to_label_2051.jpg,2050,2051,train,train,HEALTHY_LEAF,HEALTHY_LEAF,39,True,False
DLD_FinalDataset_224_spit/train/HEALTHY_LEAF/to_label_2051.jpg,DLD_FinalDataset_224_spit/test/HEALTHY_LEAF/to_label_2052.jpg,2051,2052,train,test,HEALTHY_LEAF,HEALTHY_LEAF,35,True,True
DLD_FinalDataset_224_spit/test/HEALTHY_LEAF/to_label_2052.jpg,DLD_FinalDataset_224_spit/train/HEALTHY_LEAF/to_label_2053.jpg,2052,2053,test,train,HEALTHY_LEAF,HEALTHY_LEAF,29,True,True
DLD_FinalDataset_224_spit/train/HEALTHY_LEAF/to_label_2053.jpg,DLD_FinalDataset_224_spit/val/HEALTHY_LEAF/to_label_2054.jpg,2053,2054,train,val,HEALTHY_LEAF,HEALTHY_LEAF,30,True,True
DLD_FinalDataset_224_spit/val/HEALTHY_LEAF/to_label_2054.jpg,DLD_FinalDataset_224_spit/train/HEALTHY_LEAF/to_label_2055.jpg,2054,2055,val,train,HEALTHY_LEAF,HEALTHY_LEAF,27,True,True
DLD_FinalDataset_224_spit/train/HEALTHY_LEAF/to_label_2055.jpg,DLD_FinalDataset_224_spit/val/HEALTHY_LEAF/to_label_2056.jpg,2055,2056,train,val,HEALTHY_LEAF,HEALTHY_LEAF,20,True,True
DLD_FinalDataset_224_spit/val/HEALTHY_LEAF/to_label_2056.jpg,DLD_FinalDataset_224_spit/train/HEALTHY_LEAF/to_label_2057.jpg,2056,2057,val,train,HEALTHY_LEAF,HEALTHY_LEAF,33,True,True
DLD_FinalDataset_224_spit/train/HEALTHY_LEAF/to_label_2057.jpg,DLD_FinalDataset_224_spit/train/HEALTHY_LEAF/to_label_2058.jpg,2057,2058,train,train,HEALTHY_LEAF,HEALTHY_LEAF,36,True,False
DLD_FinalDataset_224_spit/train/HEALTHY_LEAF/to_label_2058.jpg,DLD_FinalDataset_224_spit/train/HEALTHY_LEAF/to_label_2059.jpg,2058,2059,train,train,HEALTHY_LEAF,HEALTHY_LEAF,27,True,False
DLD_FinalDataset_224_spit/train/HEALTHY_LEAF/to_label_2059.jpg,DLD_FinalDataset_224_spit/train/HEALTHY_LEAF/to_label_2060.jpg,2059,2060,train,train,HEALTHY_LEAF,HEALTHY_LEAF,28,True,False
DLD_FinalDataset_224_spit/train/HEALTHY_LEAF/to_label_2060.jpg,DLD_FinalDataset_224_spit/test/HEALTHY_LEAF/to_label_2061.jpg,2060,2061,train,test,HEALTHY_LEAF,HEALTHY_LEAF,31,True,True
DLD_FinalDataset_224_spit/test/HEALTHY_LEAF/to_label_2061.jpg,DLD_FinalDataset_224_spit/val/HEALTHY_LEAF/to_label_2062.jpg,2061,2062,test,val,HEALTHY_LEAF,HEALTHY_LEAF,27,True,True
DLD_FinalDataset_224_spit/val/HEALTHY_LEAF/to_label_2062.jpg,DLD_FinalDataset_224_spit/train/HEALTHY_LEAF/to_label_2063.jpg,2062,2063,val,train,HEALTHY_LEAF,HEALTHY_LEAF,31,True,True
DLD_FinalDataset_224_spit/train/HEALTHY_LEAF/to_label_2063.jpg,DLD_FinalDataset_224_spit/train/HEALTHY_LEAF/to_label_2064.jpg,2063,2064,train,train,HEALTHY_LEAF,HEALTHY_LEAF,34,True,False
DLD_FinalDataset_224_spit/train/HEALTHY_LEAF/to_label_2064.jpg,DLD_FinalDataset_224_spit/test/HEALTHY_LEAF/to_label_2065.jpg,2064,2065,train,test,HEALTHY_LEAF,HEALTHY_LEAF,30,True,True
DLD_FinalDataset_224_spit/test/HEALTHY_LEAF/to_label_2065.jpg,DLD_FinalDataset_224_spit/train/HEALTHY_LEAF/to_label_2066.jpg,2065,2066,test,train,HEALTHY_LEAF,HEALTHY_LEAF,34,True,True
DLD_FinalDataset_224_spit/train/HEALTHY_LEAF/to_label_2066.jpg,DLD_FinalDataset_224_spit/test/HEALTHY_LEAF/to_label_2067.jpg,2066,2067,train,test,HEALTHY_LEAF,HEALTHY_LEAF,35,True,True
DLD_FinalDataset_224_spit/test/HEALTHY_LEAF/to_label_2067.jpg,DLD_FinalDataset_224_spit/train/HEALTHY_LEAF/to_label_2068.jpg,2067,2068,test,train,HEALTHY_LEAF,HEALTHY_LEAF,32,True,True
DLD_FinalDataset_224_spit/train/HEALTHY_LEAF/to_label_2068.jpg,DLD_FinalDataset_224_spit/val/HEALTHY_LEAF/to_label_2069.jpg,2068,2069,train,val,HEALTHY_LEAF,HEALTHY_LEAF,25,True,True
DLD_FinalDataset_224_spit/val/HEALTHY_LEAF/to_label_2069.jpg,DLD_FinalDataset_224_spit/train/HEALTHY_LEAF/to_label_2070.jpg,2069,2070,val,train,HEALTHY_LEAF,HEALTHY_LEAF,37,True,True
DLD_FinalDataset_224_spit/train/HEALTHY_LEAF/to_label_2070.jpg,DLD_FinalDataset_224_spit/test/HEALTHY_LEAF/to_label_2071.jpg,2070,2071,train,test,HEALTHY_LEAF,HEALTHY_LEAF,33,True,True
DLD_FinalDataset_224_spit/test/HEALTHY_LEAF/to_label_2071.jpg,DLD_FinalDataset_224_spit/val/HEALTHY_LEAF/to_label_2072.jpg,2071,2072,test,val,HEALTHY_LEAF,HEALTHY_LEAF,29,True,True
DLD_FinalDataset_224_spit/val/HEALTHY_LEAF/to_label_2072.jpg,DLD_FinalDataset_224_spit/val/HEALTHY_LEAF/to_label_2073.jpg,2072,2073,val,val,HEALTHY_LEAF,HEALTHY_LEAF,35,True,False
DLD_FinalDataset_224_spit/val/HEALTHY_LEAF/to_label_2073.jpg,DLD_FinalDataset_224_spit/train/HEALTHY_LEAF/to_label_2074.jpg,2073,2074,val,train,HEALTHY_LEAF,HEALTHY_LEAF,34,True,True
DLD_FinalDataset_224_spit/train/HEALTHY_LEAF/to_label_2074.jpg,DLD_FinalDataset_224_spit/val/HEALTHY_LEAF/to_label_2075.jpg,2074,2075,train,val,HEALTHY_LEAF,HEALTHY_LEAF,28,True,True
DLD_FinalDataset_224_spit/val/HEALTHY_LEAF/to_label_2075.jpg,DLD_FinalDataset_224_spit/train/HEALTHY_LEAF/to_label_2076.jpg,2075,2076,val,train,HEALTHY_LEAF,HEALTHY_LEAF,30,True,True
DLD_FinalDataset_224_spit/train/HEALTHY_LEAF/to_label_2076.jpg,DLD_FinalDataset_224_spit/train/HEALTHY_LEAF/to_label_2077.jpg,2076,2077,train,train,HEALTHY_LEAF,HEALTHY_LEAF,26,True,False
DLD_FinalDataset_224_spit/train/HEALTHY_LEAF/to_label_2077.jpg,DLD_FinalDataset_224_spit/train/HEALTHY_LEAF/to_label_2078.jpg,2077,2078,train,train,HEALTHY_LEAF,HEALTHY_LEAF,32,True,False
DLD_FinalDataset_224_spit/train/HEALTHY_LEAF/to_label_2078.jpg,DLD_FinalDataset_224_spit/train/HEALTHY_LEAF/to_label_2079.jpg,2078,2079,train,train,HEALTHY_LEAF,HEALTHY_LEAF,30,True,False
DLD_FinalDataset_224_spit/train/HEALTHY_LEAF/to_label_2079.jpg,DLD_FinalDataset_224_spit/test/HEALTHY_LEAF/to_label_2080.jpg,2079,2080,train,test,HEALTHY_LEAF,HEALTHY_LEAF,25,True,True
DLD_FinalDataset_224_spit/test/HEALTHY_LEAF/to_label_2080.jpg,DLD_FinalDataset_224_spit/test/HEALTHY_LEAF/to_label_2081.jpg,2080,2081,test,test,HEALTHY_LEAF,HEALTHY_LEAF,40,True,False
DLD_FinalDataset_224_spit/test/HEALTHY_LEAF/to_label_2081.jpg,DLD_FinalDataset_224_spit/train/HEALTHY_LEAF/to_label_2082.jpg,2081,2082,test,train,HEALTHY_LEAF,HEALTHY_LEAF,36,True,True
DLD_FinalDataset_224_spit/train/HEALTHY_LEAF/to_label_2082.jpg,DLD_FinalDataset_224_spit/train/HEALTHY_LEAF/to_label_2083.jpg,2082,2083,train,train,HEALTHY_LEAF,HEALTHY_LEAF,32,True,False
DLD_FinalDataset_224_spit/train/HEALTHY_LEAF/to_label_2083.jpg,DLD_FinalDataset_224_spit/train/HEALTHY_LEAF/to_label_2084.jpg,2083,2084,train,train,HEALTHY_LEAF,HEALTHY_LEAF,34,True,False
DLD_FinalDataset_224_spit/train/HEALTHY_LEAF/to_label_2084.jpg,DLD_FinalDataset_224_spit/train/HEALTHY_LEAF/to_label_2085.jpg,2084,2085,train,train,HEALTHY_LEAF,HEALTHY_LEAF,25,True,False
DLD_FinalDataset_224_spit/train/HEALTHY_LEAF/to_label_2085.jpg,DLD_FinalDataset_224_spit/train/HEALTHY_LEAF/to_label_2086.jpg,2085,2086,train,train,HEALTHY_LEAF,HEALTHY_LEAF,32,True,False
DLD_FinalDataset_224_spit/train/HEALTHY_LEAF/to_label_2086.jpg,DLD_FinalDataset_224_spit/test/HEALTHY_LEAF/to_label_2087.jpg,2086,2087,train,test,HEALTHY_LEAF,HEALTHY_LEAF,29,True,True
DLD_FinalDataset_224_spit/test/HEALTHY_LEAF/to_label_2087.jpg,DLD_FinalDataset_224_spit/train/HEALTHY_LEAF/to_label_2088.jpg,2087,2088,test,train,HEALTHY_LEAF,HEALTHY_LEAF,33,True,True
DLD_FinalDataset_224_spit/train/HEALTHY_LEAF/to_label_2088.jpg,DLD_FinalDataset_224_spit/train/HEALTHY_LEAF/to_label_2089.jpg,2088,2089,train,train,HEALTHY_LEAF,HEALTHY_LEAF,29,True,False
DLD_FinalDataset_224_spit/train/HEALTHY_LEAF/to_label_2089.jpg,DLD_FinalDataset_224_spit/train/HEALTHY_LEAF/to_label_2090.jpg,2089,2090,train,train,HEALTHY_LEAF,HEALTHY_LEAF,33,True,False
DLD_FinalDataset_224_spit/train/HEALTHY_LEAF/to_label_2090.jpg,DLD_FinalDataset_224_spit/train/HEALTHY_LEAF/to_label_2091.jpg,2090,2091,train,train,HEALTHY_LEAF,HEALTHY_LEAF,29,True,False
DLD_FinalDataset_224_spit/train/HEALTHY_LEAF/to_label_2091.jpg,DLD_FinalDataset_224_spit/train/HEALTHY_LEAF/to_label_2092.jpg,2091,2092,train,train,HEALTHY_LEAF,HEALTHY_LEAF,28,True,False
DLD_FinalDataset_224_spit/train/HEALTHY_LEAF/to_label_2092.jpg,DLD_FinalDataset_224_spit/train/HEALTHY_LEAF/to_label_2093.jpg,2092,2093,train,train,HEALTHY_LEAF,HEALTHY_LEAF,34,True,False
DLD_FinalDataset_224_spit/train/HEALTHY_LEAF/to_label_2093.jpg,DLD_FinalDataset_224_spit/train/HEALTHY_LEAF/to_label_2094.jpg,2093,2094,train,train,HEALTHY_LEAF,HEALTHY_LEAF,21,True,False
DLD_FinalDataset_224_spit/train/HEALTHY_LEAF/to_label_2094.jpg,DLD_FinalDataset_224_spit/train/HEALTHY_LEAF/to_label_2095.jpg,2094,2095,train,train,HEALTHY_LEAF,HEALTHY_LEAF,32,True,False
DLD_FinalDataset_224_spit/train/HEALTHY_LEAF/to_label_2095.jpg,DLD_FinalDataset_224_spit/train/HEALTHY_LEAF/to_label_2096.jpg,2095,2096,train,train,HEALTHY_LEAF,HEALTHY_LEAF,25,True,False
DLD_FinalDataset_224_spit/train/HEALTHY_LEAF/to_label_2096.jpg,DLD_FinalDataset_224_spit/train/HEALTHY_LEAF/to_label_2097.jpg,2096,2097,train,train,HEALTHY_LEAF,HEALTHY_LEAF,32,True,False
DLD_FinalDataset_224_spit/train/HEALTHY_LEAF/to_label_2097.jpg,DLD_FinalDataset_224_spit/val/HEALTHY_LEAF/to_label_2098.jpg,2097,2098,train,val,HEALTHY_LEAF,HEALTHY_LEAF,29,True,True
DLD_FinalDataset_224_spit/val/HEALTHY_LEAF/to_label_2098.jpg,DLD_FinalDataset_224_spit/train/HEALTHY_LEAF/to_label_2099.jpg,2098,2099,val,train,HEALTHY_LEAF,HEALTHY_LEAF,31,True,True
DLD_FinalDataset_224_spit/train/HEALTHY_LEAF/to_label_2099.jpg,DLD_FinalDataset_224_spit/train/HEALTHY_LEAF/to_label_2100.jpg,2099,2100,train,train,HEALTHY_LEAF,HEALTHY_LEAF,33,True,False
DLD_FinalDataset_224_spit/train/HEALTHY_LEAF/to_label_2100.jpg,DLD_FinalDataset_224_spit/train/HEALTHY_LEAF/to_label_2101.jpg,2100,2101,train,train,HEALTHY_LEAF,HEALTHY_LEAF,33,True,False
DLD_FinalDataset_224_spit/train/HEALTHY_LEAF/to_label_2101.jpg,DLD_FinalDataset_224_spit/train/HEALTHY_LEAF/to_label_2102.jpg,2101,2102,train,train,HEALTHY_LEAF,HEALTHY_LEAF,27,True,False
DLD_FinalDataset_224_spit/train/HEALTHY_LEAF/to_label_2102.jpg,DLD_FinalDataset_224_spit/train/HEALTHY_LEAF/to_label_2103.jpg,2102,2103,train,train,HEALTHY_LEAF,HEALTHY_LEAF,24,True,False
DLD_FinalDataset_224_spit/train/HEALTHY_LEAF/to_label_2103.jpg,DLD_FinalDataset_224_spit/train/HEALTHY_LEAF/to_label_2104.jpg,2103,2104,train,train,HEALTHY_LEAF,HEALTHY_LEAF,33,True,False
DLD_FinalDataset_224_spit/train/HEALTHY_LEAF/to_label_2104.jpg,DLD_FinalDataset_224_spit/train/HEALTHY_LEAF/to_label_2105.jpg,2104,2105,train,train,HEALTHY_LEAF,HEALTHY_LEAF,38,True,False
DLD_FinalDataset_224_spit/train/HEALTHY_LEAF/to_label_2105.jpg,DLD_FinalDataset_224_spit/train/HEALTHY_LEAF/to_label_2106.jpg,2105,2106,train,train,HEALTHY_LEAF,HEALTHY_LEAF,33,True,False
DLD_FinalDataset_224_spit/train/HEALTHY_LEAF/to_label_2106.jpg,DLD_FinalDataset_224_spit/train/HEALTHY_LEAF/to_label_2107.jpg,2106,2107,train,train,HEALTHY_LEAF,HEALTHY_LEAF,24,True,False
DLD_FinalDataset_224_spit/train/HEALTHY_LEAF/to_label_2107.jpg,DLD_FinalDataset_224_spit/train/HEALTHY_LEAF/to_label_2108.jpg,2107,2108,train,train,HEALTHY_LEAF,HEALTHY_LEAF,36,True,False
DLD_FinalDataset_224_spit/train/HEALTHY_LEAF/to_label_2108.jpg,DLD_FinalDataset_224_spit/train/HEALTHY_LEAF/to_label_2109.jpg,2108,2109,train,train,HEALTHY_LEAF,HEALTHY_LEAF,33,True,False
DLD_FinalDataset_224_spit/train/HEALTHY_LEAF/to_label_2109.jpg,DLD_FinalDataset_224_spit/train/HEALTHY_LEAF/to_label_2110.jpg,2109,2110,train,train,HEALTHY_LEAF,HEALTHY_LEAF,33,True,False
DLD_FinalDataset_224_spit/train/HEALTHY_LEAF/to_label_2110.jpg,DLD_FinalDataset_224_spit/train/HEALTHY_LEAF/to_label_2111.jpg,2110,2111,train,train,HEALTHY_LEAF,HEALTHY_LEAF,32,True,False
DLD_FinalDataset_224_spit/train/HEALTHY_LEAF/to_label_2111.jpg,DLD_FinalDataset_224_spit/train/HEALTHY_LEAF/to_label_2112.jpg,2111,2112,train,train,HEALTHY_LEAF,HEALTHY_LEAF,32,True,False
DLD_FinalDataset_224_spit/train/HEALTHY_LEAF/to_label_2112.jpg,DLD_FinalDataset_224_spit/train/HEALTHY_LEAF/to_label_2113.jpg,2112,2113,train,train,HEALTHY_LEAF,HEALTHY_LEAF,31,True,False
DLD_FinalDataset_224_spit/train/HEALTHY_LEAF/to_label_2113.jpg,DLD_FinalDataset_224_spit/test/HEALTHY_LEAF/to_label_2114.jpg,2113,2114,train,test,HEALTHY_LEAF,HEALTHY_LEAF,36,True,True
DLD_FinalDataset_224_spit/test/HEALTHY_LEAF/to_label_2114.jpg,DLD_FinalDataset_224_spit/val/HEALTHY_LEAF/to_label_2115.jpg,2114,2115,test,val,HEALTHY_LEAF,HEALTHY_LEAF,27,True,True
DLD_FinalDataset_224_spit/val/HEALTHY_LEAF/to_label_2115.jpg,DLD_FinalDataset_224_spit/train/HEALTHY_LEAF/to_label_2116.jpg,2115,2116,val,train,HEALTHY_LEAF,HEALTHY_LEAF,29,True,True
DLD_FinalDataset_224_spit/train/HEALTHY_LEAF/to_label_2116.jpg,DLD_FinalDataset_224_spit/train/HEALTHY_LEAF/to_label_2117.jpg,2116,2117,train,train,HEALTHY_LEAF,HEALTHY_LEAF,34,True,False
DLD_FinalDataset_224_spit/train/HEALTHY_LEAF/to_label_2117.jpg,DLD_FinalDataset_224_spit/test/HEALTHY_LEAF/to_label_2118.jpg,2117,2118,train,test,HEALTHY_LEAF,HEALTHY_LEAF,29,True,True
DLD_FinalDataset_224_spit/test/HEALTHY_LEAF/to_label_2118.jpg,DLD_FinalDataset_224_spit/train/HEALTHY_LEAF/to_label_2119.jpg,2118,2119,test,train,HEALTHY_LEAF,HEALTHY_LEAF,26,True,True
DLD_FinalDataset_224_spit/train/HEALTHY_LEAF/to_label_2119.jpg,DLD_FinalDataset_224_spit/train/HEALTHY_LEAF/to_label_2120.jpg,2119,2120,train,train,HEALTHY_LEAF,HEALTHY_LEAF,33,True,False
DLD_FinalDataset_224_spit/train/HEALTHY_LEAF/to_label_2120.jpg,DLD_FinalDataset_224_spit/train/HEALTHY_LEAF/to_label_2121.jpg,2120,2121,train,train,HEALTHY_LEAF,HEALTHY_LEAF,31,True,False
DLD_FinalDataset_224_spit/train/HEALTHY_LEAF/to_label_2121.jpg,DLD_FinalDataset_224_spit/train/HEALTHY_LEAF/to_label_2122.jpg,2121,2122,train,train,HEALTHY_LEAF,HEALTHY_LEAF,35,True,False
DLD_FinalDataset_224_spit/train/HEALTHY_LEAF/to_label_2122.jpg,DLD_FinalDataset_224_spit/train/HEALTHY_LEAF/to_label_2123.jpg,2122,2123,train,train,HEALTHY_LEAF,HEALTHY_LEAF,28,True,False
DLD_FinalDataset_224_spit/train/HEALTHY_LEAF/to_label_2123.jpg,DLD_FinalDataset_224_spit/train/HEALTHY_LEAF/to_label_2124.jpg,2123,2124,train,train,HEALTHY_LEAF,HEALTHY_LEAF,29,True,False
DLD_FinalDataset_224_spit/train/HEALTHY_LEAF/to_label_2124.jpg,DLD_FinalDataset_224_spit/train/HEALTHY_LEAF/to_label_2125.jpg,2124,2125,train,train,HEALTHY_LEAF,HEALTHY_LEAF,34,True,False
DLD_FinalDataset_224_spit/train/HEALTHY_LEAF/to_label_2125.jpg,DLD_FinalDataset_224_spit/train/HEALTHY_LEAF/to_label_2126.jpg,2125,2126,train,train,HEALTHY_LEAF,HEALTHY_LEAF,35,True,False
DLD_FinalDataset_224_spit/train/HEALTHY_LEAF/to_label_2126.jpg,DLD_FinalDataset_224_spit/train/HEALTHY_LEAF/to_label_2127.jpg,2126,2127,train,train,HEALTHY_LEAF,HEALTHY_LEAF,32,True,False
DLD_FinalDataset_224_spit/train/HEALTHY_LEAF/to_label_2127.jpg,DLD_FinalDataset_224_spit/train/HEALTHY_LEAF/to_label_2128.jpg,2127,2128,train,train,HEALTHY_LEAF,HEALTHY_LEAF,36,True,False
DLD_FinalDataset_224_spit/train/HEALTHY_LEAF/to_label_2128.jpg,DLD_FinalDataset_224_spit/train/HEALTHY_LEAF/to_label_2129.jpg,2128,2129,train,train,HEALTHY_LEAF,HEALTHY_LEAF,28,True,False
DLD_FinalDataset_224_spit/train/HEALTHY_LEAF/to_label_2129.jpg,DLD_FinalDataset_224_spit/train/HEALTHY_LEAF/to_label_2130.jpg,2129,2130,train,train,HEALTHY_LEAF,HEALTHY_LEAF,32,True,False
DLD_FinalDataset_224_spit/train/HEALTHY_LEAF/to_label_2130.jpg,DLD_FinalDataset_224_spit/train/HEALTHY_LEAF/to_label_2131.jpg,2130,2131,train,train,HEALTHY_LEAF,HEALTHY_LEAF,40,True,False
DLD_FinalDataset_224_spit/train/HEALTHY_LEAF/to_label_2131.jpg,DLD_FinalDataset_224_spit/train/HEALTHY_LEAF/to_label_2132.jpg,2131,2132,train,train,HEALTHY_LEAF,HEALTHY_LEAF,32,True,False
DLD_FinalDataset_224_spit/train/HEALTHY_LEAF/to_label_2132.jpg,DLD_FinalDataset_224_spit/val/HEALTHY_LEAF/to_label_2133.jpg,2132,2133,train,val,HEALTHY_LEAF,HEALTHY_LEAF,31,True,True
DLD_FinalDataset_224_spit/val/HEALTHY_LEAF/to_label_2133.jpg,DLD_FinalDataset_224_spit/train/HEALTHY_LEAF/to_label_2134.jpg,2133,2134,val,train,HEALTHY_LEAF,HEALTHY_LEAF,36,True,True
DLD_FinalDataset_224_spit/train/HEALTHY_LEAF/to_label_2134.jpg,DLD_FinalDataset_224_spit/test/HEALTHY_LEAF/to_label_2135.jpg,2134,2135,train,test,HEALTHY_LEAF,HEALTHY_LEAF,33,True,True
DLD_FinalDataset_224_spit/test/HEALTHY_LEAF/to_label_2135.jpg,DLD_FinalDataset_224_spit/train/HEALTHY_LEAF/to_label_2136.jpg,2135,2136,test,train,HEALTHY_LEAF,HEALTHY_LEAF,34,True,True
DLD_FinalDataset_224_spit/train/HEALTHY_LEAF/to_label_2136.jpg,DLD_FinalDataset_224_spit/train/HEALTHY_LEAF/to_label_2137.jpg,2136,2137,train,train,HEALTHY_LEAF,HEALTHY_LEAF,29,True,False
DLD_FinalDataset_224_spit/train/HEALTHY_LEAF/to_label_2137.jpg,DLD_FinalDataset_224_spit/val/HEALTHY_LEAF/to_label_2138.jpg,2137,2138,train,val,HEALTHY_LEAF,HEALTHY_LEAF,32,True,True
DLD_FinalDataset_224_spit/val/HEALTHY_LEAF/to_label_2138.jpg,DLD_FinalDataset_224_spit/test/HEALTHY_LEAF/to_label_2139.jpg,2138,2139,val,test,HEALTHY_LEAF,HEALTHY_LEAF,31,True,True
DLD_FinalDataset_224_spit/test/HEALTHY_LEAF/to_label_2139.jpg,DLD_FinalDataset_224_spit/train/HEALTHY_LEAF/to_label_2140.jpg,2139,2140,test,train,HEALTHY_LEAF,HEALTHY_LEAF,34,True,True
DLD_FinalDataset_224_spit/train/HEALTHY_LEAF/to_label_2140.jpg,DLD_FinalDataset_224_spit/train/HEALTHY_LEAF/to_label_2141.jpg,2140,2141,train,train,HEALTHY_LEAF,HEALTHY_LEAF,31,True,False
DLD_FinalDataset_224_spit/train/HEALTHY_LEAF/to_label_2141.jpg,DLD_FinalDataset_224_spit/test/HEALTHY_LEAF/to_label_2142.jpg,2141,2142,train,test,HEALTHY_LEAF,HEALTHY_LEAF,35,True,True
DLD_FinalDataset_224_spit/test/HEALTHY_LEAF/to_label_2142.jpg,DLD_FinalDataset_224_spit/test/HEALTHY_LEAF/to_label_2143.jpg,2142,2143,test,test,HEALTHY_LEAF,HEALTHY_LEAF,41,True,False
DLD_FinalDataset_224_spit/test/HEALTHY_LEAF/to_label_2143.jpg,DLD_FinalDataset_224_spit/train/HEALTHY_LEAF/to_label_2144.jpg,2143,2144,test,train,HEALTHY_LEAF,HEALTHY_LEAF,41,True,True
DLD_FinalDataset_224_spit/train/HEALTHY_LEAF/to_label_2144.jpg,DLD_FinalDataset_224_spit/train/HEALTHY_LEAF/to_label_2145.jpg,2144,2145,train,train,HEALTHY_LEAF,HEALTHY_LEAF,31,True,False
DLD_FinalDataset_224_spit/train/HEALTHY_LEAF/to_label_2145.jpg,DLD_FinalDataset_224_spit/test/HEALTHY_LEAF/to_label_2146.jpg,2145,2146,train,test,HEALTHY_LEAF,HEALTHY_LEAF,27,True,True
DLD_FinalDataset_224_spit/test/HEALTHY_LEAF/to_label_2146.jpg,DLD_FinalDataset_224_spit/train/HEALTHY_LEAF/to_label_2147.jpg,2146,2147,test,train,HEALTHY_LEAF,HEALTHY_LEAF,40,True,True
DLD_FinalDataset_224_spit/train/HEALTHY_LEAF/to_label_2147.jpg,DLD_FinalDataset_224_spit/train/HEALTHY_LEAF/to_label_2148.jpg,2147,2148,train,train,HEALTHY_LEAF,HEALTHY_LEAF,37,True,False
DLD_FinalDataset_224_spit/train/HEALTHY_LEAF/to_label_2148.jpg,DLD_FinalDataset_224_spit/test/HEALTHY_LEAF/to_label_2149.jpg,2148,2149,train,test,HEALTHY_LEAF,HEALTHY_LEAF,36,True,True
DLD_FinalDataset_224_spit/test/HEALTHY_LEAF/to_label_2149.jpg,DLD_FinalDataset_224_spit/val/HEALTHY_LEAF/to_label_2150.jpg,2149,2150,test,val,HEALTHY_LEAF,HEALTHY_LEAF,26,True,True
DLD_FinalDataset_224_spit/val/HEALTHY_LEAF/to_label_2150.jpg,DLD_FinalDataset_224_spit/train/HEALTHY_LEAF/to_label_2151.jpg,2150,2151,val,train,HEALTHY_LEAF,HEALTHY_LEAF,28,True,True
DLD_FinalDataset_224_spit/train/HEALTHY_LEAF/to_label_2151.jpg,DLD_FinalDataset_224_spit/val/HEALTHY_LEAF/to_label_2152.jpg,2151,2152,train,val,HEALTHY_LEAF,HEALTHY_LEAF,31,True,True
DLD_FinalDataset_224_spit/val/HEALTHY_LEAF/to_label_2152.jpg,DLD_FinalDataset_224_spit/train/HEALTHY_LEAF/to_label_2153.jpg,2152,2153,val,train,HEALTHY_LEAF,HEALTHY_LEAF,19,True,True
DLD_FinalDataset_224_spit/train/HEALTHY_LEAF/to_label_2153.jpg,DLD_FinalDataset_224_spit/train/HEALTHY_LEAF/to_label_2154.jpg,2153,2154,train,train,HEALTHY_LEAF,HEALTHY_LEAF,29,True,False
DLD_FinalDataset_224_spit/train/HEALTHY_LEAF/to_label_2154.jpg,DLD_FinalDataset_224_spit/test/HEALTHY_LEAF/to_label_2155.jpg,2154,2155,train,test,HEALTHY_LEAF,HEALTHY_LEAF,37,True,True
DLD_FinalDataset_224_spit/test/HEALTHY_LEAF/to_label_2155.jpg,DLD_FinalDataset_224_spit/train/HEALTHY_LEAF/to_label_2156.jpg,2155,2156,test,train,HEALTHY_LEAF,HEALTHY_LEAF,28,True,True
DLD_FinalDataset_224_spit/train/HEALTHY_LEAF/to_label_2156.jpg,DLD_FinalDataset_224_spit/test/HEALTHY_LEAF/to_label_2157.jpg,2156,2157,train,test,HEALTHY_LEAF,HEALTHY_LEAF,20,True,True
DLD_FinalDataset_224_spit/test/HEALTHY_LEAF/to_label_2157.jpg,DLD_FinalDataset_224_spit/train/HEALTHY_LEAF/to_label_2158.jpg,2157,2158,test,train,HEALTHY_LEAF,HEALTHY_LEAF,28,True,True
DLD_FinalDataset_224_spit/train/HEALTHY_LEAF/to_label_2158.jpg,DLD_FinalDataset_224_spit/test/HEALTHY_LEAF/to_label_2159.jpg,2158,2159,train,test,HEALTHY_LEAF,HEALTHY_LEAF,36,True,True
DLD_FinalDataset_224_spit/test/HEALTHY_LEAF/to_label_2159.jpg,DLD_FinalDataset_224_spit/train/HEALTHY_LEAF/to_label_2160.jpg,2159,2160,test,train,HEALTHY_LEAF,HEALTHY_LEAF,26,True,True
DLD_FinalDataset_224_spit/train/HEALTHY_LEAF/to_label_2160.jpg,DLD_FinalDataset_224_spit/train/HEALTHY_LEAF/to_label_2161.jpg,2160,2161,train,train,HEALTHY_LEAF,HEALTHY_LEAF,41,True,False
DLD_FinalDataset_224_spit/train/HEALTHY_LEAF/to_label_2161.jpg,DLD_FinalDataset_224_spit/train/HEALTHY_LEAF/to_label_2162.jpg,2161,2162,train,train,HEALTHY_LEAF,HEALTHY_LEAF,31,True,False
DLD_FinalDataset_224_spit/train/HEALTHY_LEAF/to_label_2162.jpg,DLD_FinalDataset_224_spit/test/HEALTHY_LEAF/to_label_2163.jpg,2162,2163,train,test,HEALTHY_LEAF,HEALTHY_LEAF,30,True,True
DLD_FinalDataset_224_spit/test/HEALTHY_LEAF/to_label_2163.jpg,DLD_FinalDataset_224_spit/train/HEALTHY_LEAF/to_label_2164.jpg,2163,2164,test,train,HEALTHY_LEAF,HEALTHY_LEAF,31,True,True
DLD_FinalDataset_224_spit/train/HEALTHY_LEAF/to_label_2164.jpg,DLD_FinalDataset_224_spit/train/HEALTHY_LEAF/to_label_2165.jpg,2164,2165,train,train,HEALTHY_LEAF,HEALTHY_LEAF,37,True,False
DLD_FinalDataset_224_spit/train/HEALTHY_LEAF/to_label_2165.jpg,DLD_FinalDataset_224_spit/train/HEALTHY_LEAF/to_label_2166.jpg,2165,2166,train,train,HEALTHY_LEAF,HEALTHY_LEAF,37,True,False
DLD_FinalDataset_224_spit/train/HEALTHY_LEAF/to_label_2166.jpg,DLD_FinalDataset_224_spit/val/HEALTHY_LEAF/to_label_2167.jpg,2166,2167,train,val,HEALTHY_LEAF,HEALTHY_LEAF,29,True,True
DLD_FinalDataset_224_spit/val/HEALTHY_LEAF/to_label_2167.jpg,DLD_FinalDataset_224_spit/train/HEALTHY_LEAF/to_label_2168.jpg,2167,2168,val,train,HEALTHY_LEAF,HEALTHY_LEAF,32,True,True
DLD_FinalDataset_224_spit/train/HEALTHY_LEAF/to_label_2168.jpg,DLD_FinalDataset_224_spit/train/HEALTHY_LEAF/to_label_2169.jpg,2168,2169,train,train,HEALTHY_LEAF,HEALTHY_LEAF,38,True,False
DLD_FinalDataset_224_spit/train/HEALTHY_LEAF/to_label_2169.jpg,DLD_FinalDataset_224_spit/train/HEALTHY_LEAF/to_label_2170.jpg,2169,2170,train,train,HEALTHY_LEAF,HEALTHY_LEAF,31,True,False
DLD_FinalDataset_224_spit/train/HEALTHY_LEAF/to_label_2170.jpg,DLD_FinalDataset_224_spit/train/HEALTHY_LEAF/to_label_2171.jpg,2170,2171,train,train,HEALTHY_LEAF,HEALTHY_LEAF,36,True,False
DLD_FinalDataset_224_spit/train/HEALTHY_LEAF/to_label_2171.jpg,DLD_FinalDataset_224_spit/train/HEALTHY_LEAF/to_label_2172.jpg,2171,2172,train,train,HEALTHY_LEAF,HEALTHY_LEAF,31,True,False
DLD_FinalDataset_224_spit/train/HEALTHY_LEAF/to_label_2172.jpg,DLD_FinalDataset_224_spit/train/HEALTHY_LEAF/to_label_2173.jpg,2172,2173,train,train,HEALTHY_LEAF,HEALTHY_LEAF,39,True,False
DLD_FinalDataset_224_spit/train/HEALTHY_LEAF/to_label_2173.jpg,DLD_FinalDataset_224_spit/train/HEALTHY_LEAF/to_label_2174.jpg,2173,2174,train,train,HEALTHY_LEAF,HEALTHY_LEAF,37,True,False
DLD_FinalDataset_224_spit/train/HEALTHY_LEAF/to_label_2174.jpg,DLD_FinalDataset_224_spit/train/HEALTHY_LEAF/to_label_2175.jpg,2174,2175,train,train,HEALTHY_LEAF,HEALTHY_LEAF,32,True,False
DLD_FinalDataset_224_spit/train/HEALTHY_LEAF/to_label_2175.jpg,DLD_FinalDataset_224_spit/train/HEALTHY_LEAF/to_label_2176.jpg,2175,2176,train,train,HEALTHY_LEAF,HEALTHY_LEAF,28,True,False
DLD_FinalDataset_224_spit/train/HEALTHY_LEAF/to_label_2176.jpg,DLD_FinalDataset_224_spit/test/HEALTHY_LEAF/to_label_2177.jpg,2176,2177,train,test,HEALTHY_LEAF,HEALTHY_LEAF,38,True,True
DLD_FinalDataset_224_spit/test/HEALTHY_LEAF/to_label_2177.jpg,DLD_FinalDataset_224_spit/val/HEALTHY_LEAF/to_label_2178.jpg,2177,2178,test,val,HEALTHY_LEAF,HEALTHY_LEAF,33,True,True
DLD_FinalDataset_224_spit/val/HEALTHY_LEAF/to_label_2178.jpg,DLD_FinalDataset_224_spit/train/HEALTHY_LEAF/to_label_2179.jpg,2178,2179,val,train,HEALTHY_LEAF,HEALTHY_LEAF,28,True,True
DLD_FinalDataset_224_spit/train/HEALTHY_LEAF/to_label_2179.jpg,DLD_FinalDataset_224_spit/train/HEALTHY_LEAF/to_label_2180.jpg,2179,2180,train,train,HEALTHY_LEAF,HEALTHY_LEAF,30,True,False
DLD_FinalDataset_224_spit/train/HEALTHY_LEAF/to_label_2180.jpg,DLD_FinalDataset_224_spit/train/HEALTHY_LEAF/to_label_2181.jpg,2180,2181,train,train,HEALTHY_LEAF,HEALTHY_LEAF,30,True,False
DLD_FinalDataset_224_spit/train/HEALTHY_LEAF/to_label_2181.jpg,DLD_FinalDataset_224_spit/train/HEALTHY_LEAF/to_label_2182.jpg,2181,2182,train,train,HEALTHY_LEAF,HEALTHY_LEAF,29,True,False
DLD_FinalDataset_224_spit/train/HEALTHY_LEAF/to_label_2182.jpg,DLD_FinalDataset_224_spit/train/HEALTHY_LEAF/to_label_2183.jpg,2182,2183,train,train,HEALTHY_LEAF,HEALTHY_LEAF,30,True,False
DLD_FinalDataset_224_spit/train/HEALTHY_LEAF/to_label_2183.jpg,DLD_FinalDataset_224_spit/train/HEALTHY_LEAF/to_label_2184.jpg,2183,2184,train,train,HEALTHY_LEAF,HEALTHY_LEAF,33,True,False
DLD_FinalDataset_224_spit/train/HEALTHY_LEAF/to_label_2184.jpg,DLD_FinalDataset_224_spit/train/HEALTHY_LEAF/to_label_2185.jpg,2184,2185,train,train,HEALTHY_LEAF,HEALTHY_LEAF,29,True,False
DLD_FinalDataset_224_spit/train/HEALTHY_LEAF/to_label_2185.jpg,DLD_FinalDataset_224_spit/train/HEALTHY_LEAF/to_label_2186.jpg,2185,2186,train,train,HEALTHY_LEAF,HEALTHY_LEAF,36,True,False
DLD_FinalDataset_224_spit/train/HEALTHY_LEAF/to_label_2186.jpg,DLD_FinalDataset_224_spit/val/HEALTHY_LEAF/to_label_2187.jpg,2186,2187,train,val,HEALTHY_LEAF,HEALTHY_LEAF,31,True,True
DLD_FinalDataset_224_spit/val/HEALTHY_LEAF/to_label_2187.jpg,DLD_FinalDataset_224_spit/test/HEALTHY_LEAF/to_label_2188.jpg,2187,2188,val,test,HEALTHY_LEAF,HEALTHY_LEAF,37,True,True
DLD_FinalDataset_224_spit/test/HEALTHY_LEAF/to_label_2188.jpg,DLD_FinalDataset_224_spit/train/HEALTHY_LEAF/to_label_2189.jpg,2188,2189,test,train,HEALTHY_LEAF,HEALTHY_LEAF,27,True,True
DLD_FinalDataset_224_spit/train/HEALTHY_LEAF/to_label_2189.jpg,DLD_FinalDataset_224_spit/train/HEALTHY_LEAF/to_label_2190.jpg,2189,2190,train,train,HEALTHY_LEAF,HEALTHY_LEAF,25,True,False
DLD_FinalDataset_224_spit/train/HEALTHY_LEAF/to_label_2190.jpg,DLD_FinalDataset_224_spit/test/HEALTHY_LEAF/to_label_2191.jpg,2190,2191,train,test,HEALTHY_LEAF,HEALTHY_LEAF,30,True,True
DLD_FinalDataset_224_spit/test/HEALTHY_LEAF/to_label_2191.jpg,DLD_FinalDataset_224_spit/test/HEALTHY_LEAF/to_label_2192.jpg,2191,2192,test,test,HEALTHY_LEAF,HEALTHY_LEAF,27,True,False
DLD_FinalDataset_224_spit/test/HEALTHY_LEAF/to_label_2192.jpg,DLD_FinalDataset_224_spit/val/HEALTHY_LEAF/to_label_2193.jpg,2192,2193,test,val,HEALTHY_LEAF,HEALTHY_LEAF,26,True,True
DLD_FinalDataset_224_spit/val/HEALTHY_LEAF/to_label_2193.jpg,DLD_FinalDataset_224_spit/train/HEALTHY_LEAF/to_label_2194.jpg,2193,2194,val,train,HEALTHY_LEAF,HEALTHY_LEAF,37,True,True
DLD_FinalDataset_224_spit/train/HEALTHY_LEAF/to_label_2194.jpg,DLD_FinalDataset_224_spit/val/HEALTHY_LEAF/to_label_2195.jpg,2194,2195,train,val,HEALTHY_LEAF,HEALTHY_LEAF,32,True,True
DLD_FinalDataset_224_spit/val/HEALTHY_LEAF/to_label_2195.jpg,DLD_FinalDataset_224_spit/val/HEALTHY_LEAF/to_label_2196.jpg,2195,2196,val,val,HEALTHY_LEAF,HEALTHY_LEAF,32,True,False
DLD_FinalDataset_224_spit/val/HEALTHY_LEAF/to_label_2196.jpg,DLD_FinalDataset_224_spit/train/HEALTHY_LEAF/to_label_2197.jpg,2196,2197,val,train,HEALTHY_LEAF,HEALTHY_LEAF,32,True,True
DLD_FinalDataset_224_spit/train/HEALTHY_LEAF/to_label_2197.jpg,DLD_FinalDataset_224_spit/train/HEALTHY_LEAF/to_label_2198.jpg,2197,2198,train,train,HEALTHY_LEAF,HEALTHY_LEAF,33,True,False
DLD_FinalDataset_224_spit/train/HEALTHY_LEAF/to_label_2198.jpg,DLD_FinalDataset_224_spit/train/HEALTHY_LEAF/to_label_2199.jpg,2198,2199,train,train,HEALTHY_LEAF,HEALTHY_LEAF,29,True,False
DLD_FinalDataset_224_spit/train/HEALTHY_LEAF/to_label_2199.jpg,DLD_FinalDataset_224_spit/train/HEALTHY_LEAF/to_label_2200.jpg,2199,2200,train,train,HEALTHY_LEAF,HEALTHY_LEAF,31,True,False
DLD_FinalDataset_224_spit/train/HEALTHY_LEAF/to_label_2200.jpg,DLD_FinalDataset_224_spit/train/HEALTHY_LEAF/to_label_2201.jpg,2200,2201,train,train,HEALTHY_LEAF,HEALTHY_LEAF,40,True,False
DLD_FinalDataset_224_spit/train/HEALTHY_LEAF/to_label_2201.jpg,DLD_FinalDataset_224_spit/train/HEALTHY_LEAF/to_label_2202.jpg,2201,2202,train,train,HEALTHY_LEAF,HEALTHY_LEAF,24,True,False
DLD_FinalDataset_224_spit/train/HEALTHY_LEAF/to_label_2202.jpg,DLD_FinalDataset_224_spit/test/HEALTHY_LEAF/to_label_2203.jpg,2202,2203,train,test,HEALTHY_LEAF,HEALTHY_LEAF,37,True,True
DLD_FinalDataset_224_spit/test/HEALTHY_LEAF/to_label_2203.jpg,DLD_FinalDataset_224_spit/train/HEALTHY_LEAF/to_label_2204.jpg,2203,2204,test,train,HEALTHY_LEAF,HEALTHY_LEAF,34,True,True
DLD_FinalDataset_224_spit/train/HEALTHY_LEAF/to_label_2204.jpg,DLD_FinalDataset_224_spit/train/HEALTHY_LEAF/to_label_2205.jpg,2204,2205,train,train,HEALTHY_LEAF,HEALTHY_LEAF,34,True,False
DLD_FinalDataset_224_spit/train/HEALTHY_LEAF/to_label_2205.jpg,DLD_FinalDataset_224_spit/train/HEALTHY_LEAF/to_label_2206.jpg,2205,2206,train,train,HEALTHY_LEAF,HEALTHY_LEAF,33,True,False
DLD_FinalDataset_224_spit/train/HEALTHY_LEAF/to_label_2206.jpg,DLD_FinalDataset_224_spit/val/HEALTHY_LEAF/to_label_2207.jpg,2206,2207,train,val,HEALTHY_LEAF,HEALTHY_LEAF,32,True,True
DLD_FinalDataset_224_spit/val/HEALTHY_LEAF/to_label_2207.jpg,DLD_FinalDataset_224_spit/train/HEALTHY_LEAF/to_label_2208.jpg,2207,2208,val,train,HEALTHY_LEAF,HEALTHY_LEAF,25,True,True
DLD_FinalDataset_224_spit/train/HEALTHY_LEAF/to_label_2208.jpg,DLD_FinalDataset_224_spit/train/HEALTHY_LEAF/to_label_2209.jpg,2208,2209,train,train,HEALTHY_LEAF,HEALTHY_LEAF,33,True,False
DLD_FinalDataset_224_spit/train/HEALTHY_LEAF/to_label_2209.jpg,DLD_FinalDataset_224_spit/test/HEALTHY_LEAF/to_label_2210.jpg,2209,2210,train,test,HEALTHY_LEAF,HEALTHY_LEAF,43,True,True
DLD_FinalDataset_224_spit/test/HEALTHY_LEAF/to_label_2210.jpg,DLD_FinalDataset_224_spit/val/HEALTHY_LEAF/to_label_2211.jpg,2210,2211,test,val,HEALTHY_LEAF,HEALTHY_LEAF,34,True,True
DLD_FinalDataset_224_spit/val/HEALTHY_LEAF/to_label_2211.jpg,DLD_FinalDataset_224_spit/train/HEALTHY_LEAF/to_label_2212.jpg,2211,2212,val,train,HEALTHY_LEAF,HEALTHY_LEAF,25,True,True
DLD_FinalDataset_224_spit/train/HEALTHY_LEAF/to_label_2212.jpg,DLD_FinalDataset_224_spit/train/HEALTHY_LEAF/to_label_2213.jpg,2212,2213,train,train,HEALTHY_LEAF,HEALTHY_LEAF,22,True,False
DLD_FinalDataset_224_spit/train/HEALTHY_LEAF/to_label_2213.jpg,DLD_FinalDataset_224_spit/train/HEALTHY_LEAF/to_label_2214.jpg,2213,2214,train,train,HEALTHY_LEAF,HEALTHY_LEAF,34,True,False
DLD_FinalDataset_224_spit/train/HEALTHY_LEAF/to_label_2214.jpg,DLD_FinalDataset_224_spit/train/HEALTHY_LEAF/to_label_2215.jpg,2214,2215,train,train,HEALTHY_LEAF,HEALTHY_LEAF,26,True,False
DLD_FinalDataset_224_spit/train/HEALTHY_LEAF/to_label_2215.jpg,DLD_FinalDataset_224_spit/test/HEALTHY_LEAF/to_label_2216.jpg,2215,2216,train,test,HEALTHY_LEAF,HEALTHY_LEAF,26,True,True
DLD_FinalDataset_224_spit/test/HEALTHY_LEAF/to_label_2216.jpg,DLD_FinalDataset_224_spit/test/HEALTHY_LEAF/to_label_2217.jpg,2216,2217,test,test,HEALTHY_LEAF,HEALTHY_LEAF,39,True,False
DLD_FinalDataset_224_spit/test/HEALTHY_LEAF/to_label_2217.jpg,DLD_FinalDataset_224_spit/train/HEALTHY_LEAF/to_label_2218.jpg,2217,2218,test,train,HEALTHY_LEAF,HEALTHY_LEAF,30,True,True
DLD_FinalDataset_224_spit/train/HEALTHY_LEAF/to_label_2218.jpg,DLD_FinalDataset_224_spit/train/HEALTHY_LEAF/to_label_2219.jpg,2218,2219,train,train,HEALTHY_LEAF,HEALTHY_LEAF,33,True,False
DLD_FinalDataset_224_spit/train/HEALTHY_LEAF/to_label_2219.jpg,DLD_FinalDataset_224_spit/train/HEALTHY_LEAF/to_label_2220.jpg,2219,2220,train,train,HEALTHY_LEAF,HEALTHY_LEAF,41,True,False
DLD_FinalDataset_224_spit/train/HEALTHY_LEAF/to_label_2220.jpg,DLD_FinalDataset_224_spit/train/HEALTHY_LEAF/to_label_2221.jpg,2220,2221,train,train,HEALTHY_LEAF,HEALTHY_LEAF,40,True,False
DLD_FinalDataset_224_spit/train/HEALTHY_LEAF/to_label_2221.jpg,DLD_FinalDataset_224_spit/train/HEALTHY_LEAF/to_label_2222.jpg,2221,2222,train,train,HEALTHY_LEAF,HEALTHY_LEAF,28,True,False
DLD_FinalDataset_224_spit/train/HEALTHY_LEAF/to_label_2222.jpg,DLD_FinalDataset_224_spit/test/HEALTHY_LEAF/to_label_2223.jpg,2222,2223,train,test,HEALTHY_LEAF,HEALTHY_LEAF,34,True,True
DLD_FinalDataset_224_spit/test/HEALTHY_LEAF/to_label_2223.jpg,DLD_FinalDataset_224_spit/test/HEALTHY_LEAF/to_label_2224.jpg,2223,2224,test,test,HEALTHY_LEAF,HEALTHY_LEAF,23,True,False
DLD_FinalDataset_224_spit/test/HEALTHY_LEAF/to_label_2224.jpg,DLD_FinalDataset_224_spit/train/HEALTHY_LEAF/to_label_2225.jpg,2224,2225,test,train,HEALTHY_LEAF,HEALTHY_LEAF,36,True,True
DLD_FinalDataset_224_spit/train/HEALTHY_LEAF/to_label_2225.jpg,DLD_FinalDataset_224_spit/val/HEALTHY_LEAF/to_label_2226.jpg,2225,2226,train,val,HEALTHY_LEAF,HEALTHY_LEAF,33,True,True
DLD_FinalDataset_224_spit/val/HEALTHY_LEAF/to_label_2226.jpg,DLD_FinalDataset_224_spit/train/HEALTHY_LEAF/to_label_2227.jpg,2226,2227,val,train,HEALTHY_LEAF,HEALTHY_LEAF,30,True,True
DLD_FinalDataset_224_spit/train/HEALTHY_LEAF/to_label_2227.jpg,DLD_FinalDataset_224_spit/train/HEALTHY_LEAF/to_label_2228.jpg,2227,2228,train,train,HEALTHY_LEAF,HEALTHY_LEAF,30,True,False
DLD_FinalDataset_224_spit/train/HEALTHY_LEAF/to_label_2228.jpg,DLD_FinalDataset_224_spit/train/HEALTHY_LEAF/to_label_2229.jpg,2228,2229,train,train,HEALTHY_LEAF,HEALTHY_LEAF,30,True,False
DLD_FinalDataset_224_spit/train/HEALTHY_LEAF/to_label_2229.jpg,DLD_FinalDataset_224_spit/train/HEALTHY_LEAF/to_label_2230.jpg,2229,2230,train,train,HEALTHY_LEAF,HEALTHY_LEAF,32,True,False
DLD_FinalDataset_224_spit/train/HEALTHY_LEAF/to_label_2230.jpg,DLD_FinalDataset_224_spit/test/HEALTHY_LEAF/to_label_2231.jpg,2230,2231,train,test,HEALTHY_LEAF,HEALTHY_LEAF,30,True,True
DLD_FinalDataset_224_spit/test/HEALTHY_LEAF/to_label_2231.jpg,DLD_FinalDataset_224_spit/test/HEALTHY_LEAF/to_label_2232.jpg,2231,2232,test,test,HEALTHY_LEAF,HEALTHY_LEAF,35,True,False
DLD_FinalDataset_224_spit/test/HEALTHY_LEAF/to_label_2232.jpg,DLD_FinalDataset_224_spit/test/HEALTHY_LEAF/to_label_2233.jpg,2232,2233,test,test,HEALTHY_LEAF,HEALTHY_LEAF,25,True,False
DLD_FinalDataset_224_spit/test/HEALTHY_LEAF/to_label_2233.jpg,DLD_FinalDataset_224_spit/train/HEALTHY_LEAF/to_label_2234.jpg,2233,2234,test,train,HEALTHY_LEAF,HEALTHY_LEAF,25,True,True
DLD_FinalDataset_224_spit/train/HEALTHY_LEAF/to_label_2234.jpg,DLD_FinalDataset_224_spit/train/HEALTHY_LEAF/to_label_2235.jpg,2234,2235,train,train,HEALTHY_LEAF,HEALTHY_LEAF,38,True,False
DLD_FinalDataset_224_spit/train/HEALTHY_LEAF/to_label_2235.jpg,DLD_FinalDataset_224_spit/train/HEALTHY_LEAF/to_label_2236.jpg,2235,2236,train,train,HEALTHY_LEAF,HEALTHY_LEAF,32,True,False
DLD_FinalDataset_224_spit/train/HEALTHY_LEAF/to_label_2236.jpg,DLD_FinalDataset_224_spit/test/HEALTHY_LEAF/to_label_2237.jpg,2236,2237,train,test,HEALTHY_LEAF,HEALTHY_LEAF,36,True,True
DLD_FinalDataset_224_spit/test/HEALTHY_LEAF/to_label_2237.jpg,DLD_FinalDataset_224_spit/test/HEALTHY_LEAF/to_label_2238.jpg,2237,2238,test,test,HEALTHY_LEAF,HEALTHY_LEAF,28,True,False
DLD_FinalDataset_224_spit/test/HEALTHY_LEAF/to_label_2238.jpg,DLD_FinalDataset_224_spit/test/HEALTHY_LEAF/to_label_2239.jpg,2238,2239,test,test,HEALTHY_LEAF,HEALTHY_LEAF,36,True,False
DLD_FinalDataset_224_spit/test/HEALTHY_LEAF/to_label_2239.jpg,DLD_FinalDataset_224_spit/test/HEALTHY_LEAF/to_label_2240.jpg,2239,2240,test,test,HEALTHY_LEAF,HEALTHY_LEAF,35,True,False
DLD_FinalDataset_224_spit/test/HEALTHY_LEAF/to_label_2240.jpg,DLD_FinalDataset_224_spit/test/HEALTHY_LEAF/to_label_2241.jpg,2240,2241,test,test,HEALTHY_LEAF,HEALTHY_LEAF,38,True,False
DLD_FinalDataset_224_spit/test/HEALTHY_LEAF/to_label_2241.jpg,DLD_FinalDataset_224_spit/train/HEALTHY_LEAF/to_label_2242.jpg,2241,2242,test,train,HEALTHY_LEAF,HEALTHY_LEAF,25,True,True
DLD_FinalDataset_224_spit/train/HEALTHY_LEAF/to_label_2242.jpg,DLD_FinalDataset_224_spit/train/HEALTHY_LEAF/to_label_2243.jpg,2242,2243,train,train,HEALTHY_LEAF,HEALTHY_LEAF,24,True,False
DLD_FinalDataset_224_spit/train/HEALTHY_LEAF/to_label_2243.jpg,DLD_FinalDataset_224_spit/train/HEALTHY_LEAF/to_label_2244.jpg,2243,2244,train,train,HEALTHY_LEAF,HEALTHY_LEAF,35,True,False
DLD_FinalDataset_224_spit/train/HEALTHY_LEAF/to_label_2244.jpg,DLD_FinalDataset_224_spit/val/HEALTHY_LEAF/to_label_2245.jpg,2244,2245,train,val,HEALTHY_LEAF,HEALTHY_LEAF,33,True,True
DLD_FinalDataset_224_spit/val/HEALTHY_LEAF/to_label_2245.jpg,DLD_FinalDataset_224_spit/val/HEALTHY_LEAF/to_label_2246.jpg,2245,2246,val,val,HEALTHY_LEAF,HEALTHY_LEAF,34,True,False
DLD_FinalDataset_224_spit/val/HEALTHY_LEAF/to_label_2246.jpg,DLD_FinalDataset_224_spit/train/HEALTHY_LEAF/to_label_2247.jpg,2246,2247,val,train,HEALTHY_LEAF,HEALTHY_LEAF,24,True,True
DLD_FinalDataset_224_spit/train/HEALTHY_LEAF/to_label_2247.jpg,DLD_FinalDataset_224_spit/train/HEALTHY_LEAF/to_label_2248.jpg,2247,2248,train,train,HEALTHY_LEAF,HEALTHY_LEAF,29,True,False
DLD_FinalDataset_224_spit/train/HEALTHY_LEAF/to_label_2248.jpg,DLD_FinalDataset_224_spit/val/HEALTHY_LEAF/to_label_2249.jpg,2248,2249,train,val,HEALTHY_LEAF,HEALTHY_LEAF,32,True,True
DLD_FinalDataset_224_spit/val/HEALTHY_LEAF/to_label_2249.jpg,DLD_FinalDataset_224_spit/train/HEALTHY_LEAF/to_label_2250.jpg,2249,2250,val,train,HEALTHY_LEAF,HEALTHY_LEAF,23,True,True
DLD_FinalDataset_224_spit/train/HEALTHY_LEAF/to_label_2250.jpg,DLD_FinalDataset_224_spit/val/HEALTHY_LEAF/to_label_2251.jpg,2250,2251,train,val,HEALTHY_LEAF,HEALTHY_LEAF,32,True,True
DLD_FinalDataset_224_spit/val/HEALTHY_LEAF/to_label_2251.jpg,DLD_FinalDataset_224_spit/test/HEALTHY_LEAF/to_label_2252.jpg,2251,2252,val,test,HEALTHY_LEAF,HEALTHY_LEAF,32,True,True
DLD_FinalDataset_224_spit/test/HEALTHY_LEAF/to_label_2252.jpg,DLD_FinalDataset_224_spit/test/HEALTHY_LEAF/to_label_2253.jpg,2252,2253,test,test,HEALTHY_LEAF,HEALTHY_LEAF,29,True,False
DLD_FinalDataset_224_spit/test/HEALTHY_LEAF/to_label_2253.jpg,DLD_FinalDataset_224_spit/test/HEALTHY_LEAF/to_label_2254.jpg,2253,2254,test,test,HEALTHY_LEAF,HEALTHY_LEAF,29,True,False
DLD_FinalDataset_224_spit/test/HEALTHY_LEAF/to_label_2254.jpg,DLD_FinalDataset_224_spit/train/HEALTHY_LEAF/to_label_2255.jpg,2254,2255,test,train,HEALTHY_LEAF,HEALTHY_LEAF,31,True,True
DLD_FinalDataset_224_spit/train/HEALTHY_LEAF/to_label_2255.jpg,DLD_FinalDataset_224_spit/train/HEALTHY_LEAF/to_label_2256.jpg,2255,2256,train,train,HEALTHY_LEAF,HEALTHY_LEAF,33,True,False
DLD_FinalDataset_224_spit/train/HEALTHY_LEAF/to_label_2256.jpg,DLD_FinalDataset_224_spit/train/HEALTHY_LEAF/to_label_2257.jpg,2256,2257,train,train,HEALTHY_LEAF,HEALTHY_LEAF,32,True,False
DLD_FinalDataset_224_spit/train/HEALTHY_LEAF/to_label_2257.jpg,DLD_FinalDataset_224_spit/val/HEALTHY_LEAF/to_label_2258.jpg,2257,2258,train,val,HEALTHY_LEAF,HEALTHY_LEAF,30,True,True
DLD_FinalDataset_224_spit/val/HEALTHY_LEAF/to_label_2258.jpg,DLD_FinalDataset_224_spit/train/HEALTHY_LEAF/to_label_2259.jpg,2258,2259,val,train,HEALTHY_LEAF,HEALTHY_LEAF,36,True,True
DLD_FinalDataset_224_spit/train/HEALTHY_LEAF/to_label_2259.jpg,DLD_FinalDataset_224_spit/train/HEALTHY_LEAF/to_label_2260.jpg,2259,2260,train,train,HEALTHY_LEAF,HEALTHY_LEAF,32,True,False
DLD_FinalDataset_224_spit/train/HEALTHY_LEAF/to_label_2260.jpg,DLD_FinalDataset_224_spit/train/HEALTHY_LEAF/to_label_2261.jpg,2260,2261,train,train,HEALTHY_LEAF,HEALTHY_LEAF,37,True,False
DLD_FinalDataset_224_spit/train/HEALTHY_LEAF/to_label_2261.jpg,DLD_FinalDataset_224_spit/test/HEALTHY_LEAF/to_label_2262.jpg,2261,2262,train,test,HEALTHY_LEAF,HEALTHY_LEAF,39,True,True
DLD_FinalDataset_224_spit/test/HEALTHY_LEAF/to_label_2262.jpg,DLD_FinalDataset_224_spit/train/HEALTHY_LEAF/to_label_2263.jpg,2262,2263,test,train,HEALTHY_LEAF,HEALTHY_LEAF,37,True,True
DLD_FinalDataset_224_spit/train/HEALTHY_LEAF/to_label_2263.jpg,DLD_FinalDataset_224_spit/test/HEALTHY_LEAF/to_label_2264.jpg,2263,2264,train,test,HEALTHY_LEAF,HEALTHY_LEAF,32,True,True
DLD_FinalDataset_224_spit/test/HEALTHY_LEAF/to_label_2264.jpg,DLD_FinalDataset_224_spit/train/HEALTHY_LEAF/to_label_2265.jpg,2264,2265,test,train,HEALTHY_LEAF,HEALTHY_LEAF,34,True,True
DLD_FinalDataset_224_spit/train/HEALTHY_LEAF/to_label_2265.jpg,DLD_FinalDataset_224_spit/train/HEALTHY_LEAF/to_label_2266.jpg,2265,2266,train,train,HEALTHY_LEAF,HEALTHY_LEAF,40,True,False
DLD_FinalDataset_224_spit/train/HEALTHY_LEAF/to_label_2266.jpg,DLD_FinalDataset_224_spit/test/HEALTHY_LEAF/to_label_2267.jpg,2266,2267,train,test,HEALTHY_LEAF,HEALTHY_LEAF,34,True,True
DLD_FinalDataset_224_spit/test/HEALTHY_LEAF/to_label_2267.jpg,DLD_FinalDataset_224_spit/test/HEALTHY_LEAF/to_label_2268.jpg,2267,2268,test,test,HEALTHY_LEAF,HEALTHY_LEAF,32,True,False
DLD_FinalDataset_224_spit/test/HEALTHY_LEAF/to_label_2268.jpg,DLD_FinalDataset_224_spit/train/HEALTHY_LEAF/to_label_2269.jpg,2268,2269,test,train,HEALTHY_LEAF,HEALTHY_LEAF,29,True,True
DLD_FinalDataset_224_spit/train/HEALTHY_LEAF/to_label_2269.jpg,DLD_FinalDataset_224_spit/train/HEALTHY_LEAF/to_label_2270.jpg,2269,2270,train,train,HEALTHY_LEAF,HEALTHY_LEAF,29,True,False
DLD_FinalDataset_224_spit/train/HEALTHY_LEAF/to_label_2270.jpg,DLD_FinalDataset_224_spit/train/HEALTHY_LEAF/to_label_2271.jpg,2270,2271,train,train,HEALTHY_LEAF,HEALTHY_LEAF,26,True,False
DLD_FinalDataset_224_spit/train/HEALTHY_LEAF/to_label_2271.jpg,DLD_FinalDataset_224_spit/train/HEALTHY_LEAF/to_label_2272.jpg,2271,2272,train,train,HEALTHY_LEAF,HEALTHY_LEAF,27,True,False
DLD_FinalDataset_224_spit/train/HEALTHY_LEAF/to_label_2272.jpg,DLD_FinalDataset_224_spit/train/HEALTHY_LEAF/to_label_2273.jpg,2272,2273,train,train,HEALTHY_LEAF,HEALTHY_LEAF,34,True,False
DLD_FinalDataset_224_spit/train/HEALTHY_LEAF/to_label_2273.jpg,DLD_FinalDataset_224_spit/train/HEALTHY_LEAF/to_label_2274.jpg,2273,2274,train,train,HEALTHY_LEAF,HEALTHY_LEAF,25,True,False
DLD_FinalDataset_224_spit/train/HEALTHY_LEAF/to_label_2274.jpg,DLD_FinalDataset_224_spit/train/HEALTHY_LEAF/to_label_2275.jpg,2274,2275,train,train,HEALTHY_LEAF,HEALTHY_LEAF,36,True,False
DLD_FinalDataset_224_spit/train/HEALTHY_LEAF/to_label_2275.jpg,DLD_FinalDataset_224_spit/train/HEALTHY_LEAF/to_label_2276.jpg,2275,2276,train,train,HEALTHY_LEAF,HEALTHY_LEAF,34,True,False
DLD_FinalDataset_224_spit/train/HEALTHY_LEAF/to_label_2276.jpg,DLD_FinalDataset_224_spit/train/HEALTHY_LEAF/to_label_2277.jpg,2276,2277,train,train,HEALTHY_LEAF,HEALTHY_LEAF,29,True,False
DLD_FinalDataset_224_spit/train/HEALTHY_LEAF/to_label_2277.jpg,DLD_FinalDataset_224_spit/train/HEALTHY_LEAF/to_label_2278.jpg,2277,2278,train,train,HEALTHY_LEAF,HEALTHY_LEAF,33,True,False
DLD_FinalDataset_224_spit/train/HEALTHY_LEAF/to_label_2278.jpg,DLD_FinalDataset_224_spit/train/HEALTHY_LEAF/to_label_2279.jpg,2278,2279,train,train,HEALTHY_LEAF,HEALTHY_LEAF,37,True,False
DLD_FinalDataset_224_spit/train/HEALTHY_LEAF/to_label_2279.jpg,DLD_FinalDataset_224_spit/test/HEALTHY_LEAF/to_label_2280.jpg,2279,2280,train,test,HEALTHY_LEAF,HEALTHY_LEAF,30,True,True
DLD_FinalDataset_224_spit/test/HEALTHY_LEAF/to_label_2280.jpg,DLD_FinalDataset_224_spit/train/HEALTHY_LEAF/to_label_2281.jpg,2280,2281,test,train,HEALTHY_LEAF,HEALTHY_LEAF,40,True,True
DLD_FinalDataset_224_spit/train/HEALTHY_LEAF/to_label_2281.jpg,DLD_FinalDataset_224_spit/train/HEALTHY_LEAF/to_label_2282.jpg,2281,2282,train,train,HEALTHY_LEAF,HEALTHY_LEAF,32,True,False
DLD_FinalDataset_224_spit/train/HEALTHY_LEAF/to_label_2282.jpg,DLD_FinalDataset_224_spit/train/HEALTHY_LEAF/to_label_2283.jpg,2282,2283,train,train,HEALTHY_LEAF,HEALTHY_LEAF,25,True,False
DLD_FinalDataset_224_spit/train/HEALTHY_LEAF/to_label_2283.jpg,DLD_FinalDataset_224_spit/train/HEALTHY_LEAF/to_label_2284.jpg,2283,2284,train,train,HEALTHY_LEAF,HEALTHY_LEAF,32,True,False
DLD_FinalDataset_224_spit/train/HEALTHY_LEAF/to_label_2284.jpg,DLD_FinalDataset_224_spit/train/HEALTHY_LEAF/to_label_2285.jpg,2284,2285,train,train,HEALTHY_LEAF,HEALTHY_LEAF,32,True,False
DLD_FinalDataset_224_spit/train/HEALTHY_LEAF/to_label_2285.jpg,DLD_FinalDataset_224_spit/test/HEALTHY_LEAF/to_label_2286.jpg,2285,2286,train,test,HEALTHY_LEAF,HEALTHY_LEAF,40,True,True
DLD_FinalDataset_224_spit/test/HEALTHY_LEAF/to_label_2286.jpg,DLD_FinalDataset_224_spit/train/HEALTHY_LEAF/to_label_2287.jpg,2286,2287,test,train,HEALTHY_LEAF,HEALTHY_LEAF,28,True,True
DLD_FinalDataset_224_spit/train/HEALTHY_LEAF/to_label_2287.jpg,DLD_FinalDataset_224_spit/train/HEALTHY_LEAF/to_label_2288.jpg,2287,2288,train,train,HEALTHY_LEAF,HEALTHY_LEAF,28,True,False
DLD_FinalDataset_224_spit/train/HEALTHY_LEAF/to_label_2288.jpg,DLD_FinalDataset_224_spit/train/HEALTHY_LEAF/to_label_2289.jpg,2288,2289,train,train,HEALTHY_LEAF,HEALTHY_LEAF,31,True,False
DLD_FinalDataset_224_spit/train/HEALTHY_LEAF/to_label_2289.jpg,DLD_FinalDataset_224_spit/train/HEALTHY_LEAF/to_label_2290.jpg,2289,2290,train,train,HEALTHY_LEAF,HEALTHY_LEAF,31,True,False
DLD_FinalDataset_224_spit/train/HEALTHY_LEAF/to_label_2290.jpg,DLD_FinalDataset_224_spit/val/HEALTHY_LEAF/to_label_2291.jpg,2290,2291,train,val,HEALTHY_LEAF,HEALTHY_LEAF,35,True,True
DLD_FinalDataset_224_spit/val/HEALTHY_LEAF/to_label_2291.jpg,DLD_FinalDataset_224_spit/test/HEALTHY_LEAF/to_label_2292.jpg,2291,2292,val,test,HEALTHY_LEAF,HEALTHY_LEAF,34,True,True
DLD_FinalDataset_224_spit/test/HEALTHY_LEAF/to_label_2292.jpg,DLD_FinalDataset_224_spit/val/HEALTHY_LEAF/to_label_2293.jpg,2292,2293,test,val,HEALTHY_LEAF,HEALTHY_LEAF,28,True,True
DLD_FinalDataset_224_spit/val/HEALTHY_LEAF/to_label_2293.jpg,DLD_FinalDataset_224_spit/train/HEALTHY_LEAF/to_label_2294.jpg,2293,2294,val,train,HEALTHY_LEAF,HEALTHY_LEAF,35,True,True
DLD_FinalDataset_224_spit/train/HEALTHY_LEAF/to_label_2294.jpg,DLD_FinalDataset_224_spit/train/HEALTHY_LEAF/to_label_2295.jpg,2294,2295,train,train,HEALTHY_LEAF,HEALTHY_LEAF,25,True,False
DLD_FinalDataset_224_spit/train/HEALTHY_LEAF/to_label_2295.jpg,DLD_FinalDataset_224_spit/train/HEALTHY_LEAF/to_label_2296.jpg,2295,2296,train,train,HEALTHY_LEAF,HEALTHY_LEAF,23,True,False
DLD_FinalDataset_224_spit/train/HEALTHY_LEAF/to_label_2296.jpg,DLD_FinalDataset_224_spit/test/HEALTHY_LEAF/to_label_2297.jpg,2296,2297,train,test,HEALTHY_LEAF,HEALTHY_LEAF,25,True,True
DLD_FinalDataset_224_spit/test/HEALTHY_LEAF/to_label_2297.jpg,DLD_FinalDataset_224_spit/val/HEALTHY_LEAF/to_label_2298.jpg,2297,2298,test,val,HEALTHY_LEAF,HEALTHY_LEAF,36,True,True
DLD_FinalDataset_224_spit/val/HEALTHY_LEAF/to_label_2298.jpg,DLD_FinalDataset_224_spit/train/HEALTHY_LEAF/to_label_2299.jpg,2298,2299,val,train,HEALTHY_LEAF,HEALTHY_LEAF,33,True,True
DLD_FinalDataset_224_spit/train/HEALTHY_LEAF/to_label_2299.jpg,DLD_FinalDataset_224_spit/test/HEALTHY_LEAF/to_label_2300.jpg,2299,2300,train,test,HEALTHY_LEAF,HEALTHY_LEAF,34,True,True
DLD_FinalDataset_224_spit/test/HEALTHY_LEAF/to_label_2300.jpg,DLD_FinalDataset_224_spit/test/HEALTHY_LEAF/to_label_2301.jpg,2300,2301,test,test,HEALTHY_LEAF,HEALTHY_LEAF,36,True,False
DLD_FinalDataset_224_spit/test/HEALTHY_LEAF/to_label_2301.jpg,DLD_FinalDataset_224_spit/train/HEALTHY_LEAF/to_label_2302.jpg,2301,2302,test,train,HEALTHY_LEAF,HEALTHY_LEAF,33,True,True
DLD_FinalDataset_224_spit/train/HEALTHY_LEAF/to_label_2302.jpg,DLD_FinalDataset_224_spit/train/HEALTHY_LEAF/to_label_2303.jpg,2302,2303,train,train,HEALTHY_LEAF,HEALTHY_LEAF,32,True,False
DLD_FinalDataset_224_spit/train/HEALTHY_LEAF/to_label_2303.jpg,DLD_FinalDataset_224_spit/test/HEALTHY_LEAF/to_label_2304.jpg,2303,2304,train,test,HEALTHY_LEAF,HEALTHY_LEAF,31,True,True
DLD_FinalDataset_224_spit/test/HEALTHY_LEAF/to_label_2304.jpg,DLD_FinalDataset_224_spit/train/HEALTHY_LEAF/to_label_2305.jpg,2304,2305,test,train,HEALTHY_LEAF,HEALTHY_LEAF,39,True,True
DLD_FinalDataset_224_spit/train/HEALTHY_LEAF/to_label_2305.jpg,DLD_FinalDataset_224_spit/train/HEALTHY_LEAF/to_label_2306.jpg,2305,2306,train,train,HEALTHY_LEAF,HEALTHY_LEAF,28,True,False
DLD_FinalDataset_224_spit/train/HEALTHY_LEAF/to_label_2306.jpg,DLD_FinalDataset_224_spit/train/HEALTHY_LEAF/to_label_2307.jpg,2306,2307,train,train,HEALTHY_LEAF,HEALTHY_LEAF,33,True,False
DLD_FinalDataset_224_spit/train/HEALTHY_LEAF/to_label_2307.jpg,DLD_FinalDataset_224_spit/test/HEALTHY_LEAF/to_label_2308.jpg,2307,2308,train,test,HEALTHY_LEAF,HEALTHY_LEAF,35,True,True
DLD_FinalDataset_224_spit/test/HEALTHY_LEAF/to_label_2308.jpg,DLD_FinalDataset_224_spit/val/HEALTHY_LEAF/to_label_2309.jpg,2308,2309,test,val,HEALTHY_LEAF,HEALTHY_LEAF,27,True,True
DLD_FinalDataset_224_spit/val/HEALTHY_LEAF/to_label_2309.jpg,DLD_FinalDataset_224_spit/train/HEALTHY_LEAF/to_label_2310.jpg,2309,2310,val,train,HEALTHY_LEAF,HEALTHY_LEAF,32,True,True
DLD_FinalDataset_224_spit/train/HEALTHY_LEAF/to_label_2310.jpg,DLD_FinalDataset_224_spit/train/HEALTHY_LEAF/to_label_2311.jpg,2310,2311,train,train,HEALTHY_LEAF,HEALTHY_LEAF,28,True,False
DLD_FinalDataset_224_spit/train/HEALTHY_LEAF/to_label_2311.jpg,DLD_FinalDataset_224_spit/train/HEALTHY_LEAF/to_label_2312.jpg,2311,2312,train,train,HEALTHY_LEAF,HEALTHY_LEAF,33,True,False
DLD_FinalDataset_224_spit/train/HEALTHY_LEAF/to_label_2312.jpg,DLD_FinalDataset_224_spit/train/HEALTHY_LEAF/to_label_2313.jpg,2312,2313,train,train,HEALTHY_LEAF,HEALTHY_LEAF,33,True,False
DLD_FinalDataset_224_spit/train/HEALTHY_LEAF/to_label_2313.jpg,DLD_FinalDataset_224_spit/train/HEALTHY_LEAF/to_label_2314.jpg,2313,2314,train,train,HEALTHY_LEAF,HEALTHY_LEAF,31,True,False
DLD_FinalDataset_224_spit/train/HEALTHY_LEAF/to_label_2314.jpg,DLD_FinalDataset_224_spit/test/HEALTHY_LEAF/to_label_2315.jpg,2314,2315,train,test,HEALTHY_LEAF,HEALTHY_LEAF,31,True,True
DLD_FinalDataset_224_spit/test/HEALTHY_LEAF/to_label_2315.jpg,DLD_FinalDataset_224_spit/train/HEALTHY_LEAF/to_label_2316.jpg,2315,2316,test,train,HEALTHY_LEAF,HEALTHY_LEAF,34,True,True
DLD_FinalDataset_224_spit/train/HEALTHY_LEAF/to_label_2316.jpg,DLD_FinalDataset_224_spit/train/HEALTHY_LEAF/to_label_2317.jpg,2316,2317,train,train,HEALTHY_LEAF,HEALTHY_LEAF,31,True,False
DLD_FinalDataset_224_spit/train/HEALTHY_LEAF/to_label_2317.jpg,DLD_FinalDataset_224_spit/train/HEALTHY_LEAF/to_label_2318.jpg,2317,2318,train,train,HEALTHY_LEAF,HEALTHY_LEAF,28,True,False
DLD_FinalDataset_224_spit/train/HEALTHY_LEAF/to_label_2318.jpg,DLD_FinalDataset_224_spit/train/HEALTHY_LEAF/to_label_2319.jpg,2318,2319,train,train,HEALTHY_LEAF,HEALTHY_LEAF,32,True,False
DLD_FinalDataset_224_spit/train/HEALTHY_LEAF/to_label_2319.jpg,DLD_FinalDataset_224_spit/train/HEALTHY_LEAF/to_label_2320.jpg,2319,2320,train,train,HEALTHY_LEAF,HEALTHY_LEAF,32,True,False
DLD_FinalDataset_224_spit/train/HEALTHY_LEAF/to_label_2320.jpg,DLD_FinalDataset_224_spit/train/HEALTHY_LEAF/to_label_2321.jpg,2320,2321,train,train,HEALTHY_LEAF,HEALTHY_LEAF,37,True,False
DLD_FinalDataset_224_spit/train/HEALTHY_LEAF/to_label_2321.jpg,DLD_FinalDataset_224_spit/train/HEALTHY_LEAF/to_label_2322.jpg,2321,2322,train,train,HEALTHY_LEAF,HEALTHY_LEAF,22,True,False
DLD_FinalDataset_224_spit/train/HEALTHY_LEAF/to_label_2322.jpg,DLD_FinalDataset_224_spit/train/HEALTHY_LEAF/to_label_2323.jpg,2322,2323,train,train,HEALTHY_LEAF,HEALTHY_LEAF,40,True,False
DLD_FinalDataset_224_spit/train/HEALTHY_LEAF/to_label_2323.jpg,DLD_FinalDataset_224_spit/train/HEALTHY_LEAF/to_label_2324.jpg,2323,2324,train,train,HEALTHY_LEAF,HEALTHY_LEAF,27,True,False
DLD_FinalDataset_224_spit/train/HEALTHY_LEAF/to_label_2324.jpg,DLD_FinalDataset_224_spit/train/HEALTHY_LEAF/to_label_2325.jpg,2324,2325,train,train,HEALTHY_LEAF,HEALTHY_LEAF,40,True,False
DLD_FinalDataset_224_spit/train/HEALTHY_LEAF/to_label_2325.jpg,DLD_FinalDataset_224_spit/train/HEALTHY_LEAF/to_label_2326.jpg,2325,2326,train,train,HEALTHY_LEAF,HEALTHY_LEAF,29,True,False
DLD_FinalDataset_224_spit/train/HEALTHY_LEAF/to_label_2326.jpg,DLD_FinalDataset_224_spit/train/HEALTHY_LEAF/to_label_2327.jpg,2326,2327,train,train,HEALTHY_LEAF,HEALTHY_LEAF,29,True,False
DLD_FinalDataset_224_spit/train/HEALTHY_LEAF/to_label_2327.jpg,DLD_FinalDataset_224_spit/train/HEALTHY_LEAF/to_label_2328.jpg,2327,2328,train,train,HEALTHY_LEAF,HEALTHY_LEAF,27,True,False
DLD_FinalDataset_224_spit/train/HEALTHY_LEAF/to_label_2328.jpg,DLD_FinalDataset_224_spit/train/HEALTHY_LEAF/to_label_2329.jpg,2328,2329,train,train,HEALTHY_LEAF,HEALTHY_LEAF,28,True,False
DLD_FinalDataset_224_spit/train/HEALTHY_LEAF/to_label_2329.jpg,DLD_FinalDataset_224_spit/train/HEALTHY_LEAF/to_label_2330.jpg,2329,2330,train,train,HEALTHY_LEAF,HEALTHY_LEAF,30,True,False
DLD_FinalDataset_224_spit/train/HEALTHY_LEAF/to_label_2330.jpg,DLD_FinalDataset_224_spit/test/HEALTHY_LEAF/to_label_2331.jpg,2330,2331,train,test,HEALTHY_LEAF,HEALTHY_LEAF,36,True,True
DLD_FinalDataset_224_spit/test/HEALTHY_LEAF/to_label_2331.jpg,DLD_FinalDataset_224_spit/test/HEALTHY_LEAF/to_label_2332.jpg,2331,2332,test,test,HEALTHY_LEAF,HEALTHY_LEAF,33,True,False
DLD_FinalDataset_224_spit/test/HEALTHY_LEAF/to_label_2332.jpg,DLD_FinalDataset_224_spit/train/HEALTHY_LEAF/to_label_2333.jpg,2332,2333,test,train,HEALTHY_LEAF,HEALTHY_LEAF,44,True,True
DLD_FinalDataset_224_spit/train/HEALTHY_LEAF/to_label_2333.jpg,DLD_FinalDataset_224_spit/train/HEALTHY_LEAF/to_label_2334.jpg,2333,2334,train,train,HEALTHY_LEAF,HEALTHY_LEAF,36,True,False
DLD_FinalDataset_224_spit/train/HEALTHY_LEAF/to_label_2334.jpg,DLD_FinalDataset_224_spit/test/HEALTHY_LEAF/to_label_2335.jpg,2334,2335,train,test,HEALTHY_LEAF,HEALTHY_LEAF,23,True,True
DLD_FinalDataset_224_spit/test/HEALTHY_LEAF/to_label_2335.jpg,DLD_FinalDataset_224_spit/test/HEALTHY_LEAF/to_label_2336.jpg,2335,2336,test,test,HEALTHY_LEAF,HEALTHY_LEAF,30,True,False
DLD_FinalDataset_224_spit/test/HEALTHY_LEAF/to_label_2336.jpg,DLD_FinalDataset_224_spit/train/HEALTHY_LEAF/to_label_2337.jpg,2336,2337,test,train,HEALTHY_LEAF,HEALTHY_LEAF,34,True,True
DLD_FinalDataset_224_spit/train/HEALTHY_LEAF/to_label_2337.jpg,DLD_FinalDataset_224_spit/test/HEALTHY_LEAF/to_label_2338.jpg,2337,2338,train,test,HEALTHY_LEAF,HEALTHY_LEAF,24,True,True
DLD_FinalDataset_224_spit/test/HEALTHY_LEAF/to_label_2338.jpg,DLD_FinalDataset_224_spit/test/HEALTHY_LEAF/to_label_2339.jpg,2338,2339,test,test,HEALTHY_LEAF,HEALTHY_LEAF,28,True,False
DLD_FinalDataset_224_spit/test/HEALTHY_LEAF/to_label_2339.jpg,DLD_FinalDataset_224_spit/test/HEALTHY_LEAF/to_label_2340.jpg,2339,2340,test,test,HEALTHY_LEAF,HEALTHY_LEAF,34,True,False
DLD_FinalDataset_224_spit/test/HEALTHY_LEAF/to_label_2340.jpg,DLD_FinalDataset_224_spit/val/HEALTHY_LEAF/to_label_2341.jpg,2340,2341,test,val,HEALTHY_LEAF,HEALTHY_LEAF,31,True,True
DLD_FinalDataset_224_spit/val/HEALTHY_LEAF/to_label_2341.jpg,DLD_FinalDataset_224_spit/train/HEALTHY_LEAF/to_label_2342.jpg,2341,2342,val,train,HEALTHY_LEAF,HEALTHY_LEAF,35,True,True
DLD_FinalDataset_224_spit/train/HEALTHY_LEAF/to_label_2342.jpg,DLD_FinalDataset_224_spit/train/HEALTHY_LEAF/to_label_2343.jpg,2342,2343,train,train,HEALTHY_LEAF,HEALTHY_LEAF,30,True,False
DLD_FinalDataset_224_spit/train/HEALTHY_LEAF/to_label_2343.jpg,DLD_FinalDataset_224_spit/test/HEALTHY_LEAF/to_label_2344.jpg,2343,2344,train,test,HEALTHY_LEAF,HEALTHY_LEAF,29,True,True
DLD_FinalDataset_224_spit/test/HEALTHY_LEAF/to_label_2344.jpg,DLD_FinalDataset_224_spit/test/HEALTHY_LEAF/to_label_2345.jpg,2344,2345,test,test,HEALTHY_LEAF,HEALTHY_LEAF,28,True,False
DLD_FinalDataset_224_spit/test/HEALTHY_LEAF/to_label_2345.jpg,DLD_FinalDataset_224_spit/val/HEALTHY_LEAF/to_label_2346.jpg,2345,2346,test,val,HEALTHY_LEAF,HEALTHY_LEAF,32,True,True
DLD_FinalDataset_224_spit/val/HEALTHY_LEAF/to_label_2346.jpg,DLD_FinalDataset_224_spit/train/HEALTHY_LEAF/to_label_2347.jpg,2346,2347,val,train,HEALTHY_LEAF,HEALTHY_LEAF,30,True,True
DLD_FinalDataset_224_spit/train/HEALTHY_LEAF/to_label_2347.jpg,DLD_FinalDataset_224_spit/val/HEALTHY_LEAF/to_label_2348.jpg,2347,2348,train,val,HEALTHY_LEAF,HEALTHY_LEAF,30,True,True
DLD_FinalDataset_224_spit/val/HEALTHY_LEAF/to_label_2348.jpg,DLD_FinalDataset_224_spit/train/HEALTHY_LEAF/to_label_2349.jpg,2348,2349,val,train,HEALTHY_LEAF,HEALTHY_LEAF,27,True,True
DLD_FinalDataset_224_spit/train/HEALTHY_LEAF/to_label_2349.jpg,DLD_FinalDataset_224_spit/train/HEALTHY_LEAF/to_label_2350.jpg,2349,2350,train,train,HEALTHY_LEAF,HEALTHY_LEAF,23,True,False
DLD_FinalDataset_224_spit/train/HEALTHY_LEAF/to_label_2350.jpg,DLD_FinalDataset_224_spit/train/HEALTHY_LEAF/to_label_2351.jpg,2350,2351,train,train,HEALTHY_LEAF,HEALTHY_LEAF,35,True,False
DLD_FinalDataset_224_spit/train/HEALTHY_LEAF/to_label_2351.jpg,DLD_FinalDataset_224_spit/train/HEALTHY_LEAF/to_label_2352.jpg,2351,2352,train,train,HEALTHY_LEAF,HEALTHY_LEAF,36,True,False
DLD_FinalDataset_224_spit/train/HEALTHY_LEAF/to_label_2352.jpg,DLD_FinalDataset_224_spit/train/HEALTHY_LEAF/to_label_2353.jpg,2352,2353,train,train,HEALTHY_LEAF,HEALTHY_LEAF,30,True,False
DLD_FinalDataset_224_spit/train/HEALTHY_LEAF/to_label_2353.jpg,DLD_FinalDataset_224_spit/test/HEALTHY_LEAF/to_label_2354.jpg,2353,2354,train,test,HEALTHY_LEAF,HEALTHY_LEAF,29,True,True
DLD_FinalDataset_224_spit/test/HEALTHY_LEAF/to_label_2354.jpg,DLD_FinalDataset_224_spit/train/HEALTHY_LEAF/to_label_2355.jpg,2354,2355,test,train,HEALTHY_LEAF,HEALTHY_LEAF,34,True,True
DLD_FinalDataset_224_spit/train/HEALTHY_LEAF/to_label_2355.jpg,DLD_FinalDataset_224_spit/train/HEALTHY_LEAF/to_label_2356.jpg,2355,2356,train,train,HEALTHY_LEAF,HEALTHY_LEAF,31,True,False
DLD_FinalDataset_224_spit/train/HEALTHY_LEAF/to_label_2356.jpg,DLD_FinalDataset_224_spit/train/HEALTHY_LEAF/to_label_2357.jpg,2356,2357,train,train,HEALTHY_LEAF,HEALTHY_LEAF,43,True,False
DLD_FinalDataset_224_spit/train/HEALTHY_LEAF/to_label_2357.jpg,DLD_FinalDataset_224_spit/train/HEALTHY_LEAF/to_label_2358.jpg,2357,2358,train,train,HEALTHY_LEAF,HEALTHY_LEAF,28,True,False
DLD_FinalDataset_224_spit/train/HEALTHY_LEAF/to_label_2358.jpg,DLD_FinalDataset_224_spit/test/HEALTHY_LEAF/to_label_2359.jpg,2358,2359,train,test,HEALTHY_LEAF,HEALTHY_LEAF,35,True,True
DLD_FinalDataset_224_spit/test/HEALTHY_LEAF/to_label_2359.jpg,DLD_FinalDataset_224_spit/train/HEALTHY_LEAF/to_label_2360.jpg,2359,2360,test,train,HEALTHY_LEAF,HEALTHY_LEAF,37,True,True
DLD_FinalDataset_224_spit/train/HEALTHY_LEAF/to_label_2360.jpg,DLD_FinalDataset_224_spit/train/HEALTHY_LEAF/to_label_2361.jpg,2360,2361,train,train,HEALTHY_LEAF,HEALTHY_LEAF,27,True,False
DLD_FinalDataset_224_spit/train/HEALTHY_LEAF/to_label_2361.jpg,DLD_FinalDataset_224_spit/train/HEALTHY_LEAF/to_label_2362.jpg,2361,2362,train,train,HEALTHY_LEAF,HEALTHY_LEAF,32,True,False
DLD_FinalDataset_224_spit/train/HEALTHY_LEAF/to_label_2362.jpg,DLD_FinalDataset_224_spit/train/HEALTHY_LEAF/to_label_2363.jpg,2362,2363,train,train,HEALTHY_LEAF,HEALTHY_LEAF,33,True,False
DLD_FinalDataset_224_spit/train/HEALTHY_LEAF/to_label_2363.jpg,DLD_FinalDataset_224_spit/train/HEALTHY_LEAF/to_label_2364.jpg,2363,2364,train,train,HEALTHY_LEAF,HEALTHY_LEAF,36,True,False
DLD_FinalDataset_224_spit/train/HEALTHY_LEAF/to_label_2364.jpg,DLD_FinalDataset_224_spit/val/HEALTHY_LEAF/to_label_2365.jpg,2364,2365,train,val,HEALTHY_LEAF,HEALTHY_LEAF,31,True,True
DLD_FinalDataset_224_spit/val/HEALTHY_LEAF/to_label_2365.jpg,DLD_FinalDataset_224_spit/test/HEALTHY_LEAF/to_label_2366.jpg,2365,2366,val,test,HEALTHY_LEAF,HEALTHY_LEAF,35,True,True
DLD_FinalDataset_224_spit/test/HEALTHY_LEAF/to_label_2366.jpg,DLD_FinalDataset_224_spit/train/HEALTHY_LEAF/to_label_2367.jpg,2366,2367,test,train,HEALTHY_LEAF,HEALTHY_LEAF,27,True,True
DLD_FinalDataset_224_spit/train/HEALTHY_LEAF/to_label_2367.jpg,DLD_FinalDataset_224_spit/train/HEALTHY_LEAF/to_label_2368.jpg,2367,2368,train,train,HEALTHY_LEAF,HEALTHY_LEAF,24,True,False
DLD_FinalDataset_224_spit/train/HEALTHY_LEAF/to_label_2368.jpg,DLD_FinalDataset_224_spit/train/HEALTHY_LEAF/to_label_2369.jpg,2368,2369,train,train,HEALTHY_LEAF,HEALTHY_LEAF,34,True,False
DLD_FinalDataset_224_spit/train/HEALTHY_LEAF/to_label_2369.jpg,DLD_FinalDataset_224_spit/train/HEALTHY_LEAF/to_label_2370.jpg,2369,2370,train,train,HEALTHY_LEAF,HEALTHY_LEAF,32,True,False
DLD_FinalDataset_224_spit/train/HEALTHY_LEAF/to_label_2370.jpg,DLD_FinalDataset_224_spit/train/HEALTHY_LEAF/to_label_2371.jpg,2370,2371,train,train,HEALTHY_LEAF,HEALTHY_LEAF,28,True,False
DLD_FinalDataset_224_spit/train/HEALTHY_LEAF/to_label_2371.jpg,DLD_FinalDataset_224_spit/test/HEALTHY_LEAF/to_label_2372.jpg,2371,2372,train,test,HEALTHY_LEAF,HEALTHY_LEAF,27,True,True
DLD_FinalDataset_224_spit/test/HEALTHY_LEAF/to_label_2372.jpg,DLD_FinalDataset_224_spit/train/HEALTHY_LEAF/to_label_2373.jpg,2372,2373,test,train,HEALTHY_LEAF,HEALTHY_LEAF,33,True,True
DLD_FinalDataset_224_spit/train/HEALTHY_LEAF/to_label_2373.jpg,DLD_FinalDataset_224_spit/train/HEALTHY_LEAF/to_label_2374.jpg,2373,2374,train,train,HEALTHY_LEAF,HEALTHY_LEAF,30,True,False
DLD_FinalDataset_224_spit/train/HEALTHY_LEAF/to_label_2374.jpg,DLD_FinalDataset_224_spit/train/HEALTHY_LEAF/to_label_2375.jpg,2374,2375,train,train,HEALTHY_LEAF,HEALTHY_LEAF,32,True,False
DLD_FinalDataset_224_spit/train/HEALTHY_LEAF/to_label_2375.jpg,DLD_FinalDataset_224_spit/train/HEALTHY_LEAF/to_label_2376.jpg,2375,2376,train,train,HEALTHY_LEAF,HEALTHY_LEAF,31,True,False
DLD_FinalDataset_224_spit/train/HEALTHY_LEAF/to_label_2376.jpg,DLD_FinalDataset_224_spit/train/HEALTHY_LEAF/to_label_2377.jpg,2376,2377,train,train,HEALTHY_LEAF,HEALTHY_LEAF,37,True,False
DLD_FinalDataset_224_spit/train/HEALTHY_LEAF/to_label_2377.jpg,DLD_FinalDataset_224_spit/train/HEALTHY_LEAF/to_label_2378.jpg,2377,2378,train,train,HEALTHY_LEAF,HEALTHY_LEAF,25,True,False
DLD_FinalDataset_224_spit/train/HEALTHY_LEAF/to_label_2378.jpg,DLD_FinalDataset_224_spit/train/HEALTHY_LEAF/to_label_2379.jpg,2378,2379,train,train,HEALTHY_LEAF,HEALTHY_LEAF,36,True,False
DLD_FinalDataset_224_spit/train/HEALTHY_LEAF/to_label_2379.jpg,DLD_FinalDataset_224_spit/train/HEALTHY_LEAF/to_label_2380.jpg,2379,2380,train,train,HEALTHY_LEAF,HEALTHY_LEAF,34,True,False
DLD_FinalDataset_224_spit/train/HEALTHY_LEAF/to_label_2380.jpg,DLD_FinalDataset_224_spit/train/HEALTHY_LEAF/to_label_2381.jpg,2380,2381,train,train,HEALTHY_LEAF,HEALTHY_LEAF,36,True,False
DLD_FinalDataset_224_spit/train/HEALTHY_LEAF/to_label_2381.jpg,DLD_FinalDataset_224_spit/train/HEALTHY_LEAF/to_label_2382.jpg,2381,2382,train,train,HEALTHY_LEAF,HEALTHY_LEAF,34,True,False
DLD_FinalDataset_224_spit/train/HEALTHY_LEAF/to_label_2382.jpg,DLD_FinalDataset_224_spit/test/HEALTHY_LEAF/to_label_2383.jpg,2382,2383,train,test,HEALTHY_LEAF,HEALTHY_LEAF,35,True,True
DLD_FinalDataset_224_spit/test/HEALTHY_LEAF/to_label_2383.jpg,DLD_FinalDataset_224_spit/train/HEALTHY_LEAF/to_label_2384.jpg,2383,2384,test,train,HEALTHY_LEAF,HEALTHY_LEAF,26,True,True
DLD_FinalDataset_224_spit/train/HEALTHY_LEAF/to_label_2384.jpg,DLD_FinalDataset_224_spit/train/HEALTHY_LEAF/to_label_2385.jpg,2384,2385,train,train,HEALTHY_LEAF,HEALTHY_LEAF,46,True,False
DLD_FinalDataset_224_spit/train/HEALTHY_LEAF/to_label_2385.jpg,DLD_FinalDataset_224_spit/train/HEALTHY_LEAF/to_label_2386.jpg,2385,2386,train,train,HEALTHY_LEAF,HEALTHY_LEAF,27,True,False
DLD_FinalDataset_224_spit/train/HEALTHY_LEAF/to_label_2386.jpg,DLD_FinalDataset_224_spit/train/HEALTHY_LEAF/to_label_2387.jpg,2386,2387,train,train,HEALTHY_LEAF,HEALTHY_LEAF,29,True,False
DLD_FinalDataset_224_spit/train/HEALTHY_LEAF/to_label_2387.jpg,DLD_FinalDataset_224_spit/train/HEALTHY_LEAF/to_label_2388.jpg,2387,2388,train,train,HEALTHY_LEAF,HEALTHY_LEAF,31,True,False
DLD_FinalDataset_224_spit/train/HEALTHY_LEAF/to_label_2388.jpg,DLD_FinalDataset_224_spit/test/HEALTHY_LEAF/to_label_2389.jpg,2388,2389,train,test,HEALTHY_LEAF,HEALTHY_LEAF,34,True,True
DLD_FinalDataset_224_spit/test/HEALTHY_LEAF/to_label_2389.jpg,DLD_FinalDataset_224_spit/val/HEALTHY_LEAF/to_label_2390.jpg,2389,2390,test,val,HEALTHY_LEAF,HEALTHY_LEAF,41,True,True
DLD_FinalDataset_224_spit/val/HEALTHY_LEAF/to_label_2390.jpg,DLD_FinalDataset_224_spit/train/HEALTHY_LEAF/to_label_2391.jpg,2390,2391,val,train,HEALTHY_LEAF,HEALTHY_LEAF,30,True,True
DLD_FinalDataset_224_spit/train/HEALTHY_LEAF/to_label_2391.jpg,DLD_FinalDataset_224_spit/val/HEALTHY_LEAF/to_label_2392.jpg,2391,2392,train,val,HEALTHY_LEAF,HEALTHY_LEAF,34,True,True
DLD_FinalDataset_224_spit/val/HEALTHY_LEAF/to_label_2392.jpg,DLD_FinalDataset_224_spit/train/HEALTHY_LEAF/to_label_2393.jpg,2392,2393,val,train,HEALTHY_LEAF,HEALTHY_LEAF,28,True,True
DLD_FinalDataset_224_spit/train/HEALTHY_LEAF/to_label_2393.jpg,DLD_FinalDataset_224_spit/train/HEALTHY_LEAF/to_label_2394.jpg,2393,2394,train,train,HEALTHY_LEAF,HEALTHY_LEAF,36,True,False
DLD_FinalDataset_224_spit/train/HEALTHY_LEAF/to_label_2394.jpg,DLD_FinalDataset_224_spit/test/HEALTHY_LEAF/to_label_2395.jpg,2394,2395,train,test,HEALTHY_LEAF,HEALTHY_LEAF,36,True,True
DLD_FinalDataset_224_spit/test/HEALTHY_LEAF/to_label_2395.jpg,DLD_FinalDataset_224_spit/train/HEALTHY_LEAF/to_label_2396.jpg,2395,2396,test,train,HEALTHY_LEAF,HEALTHY_LEAF,36,True,True
DLD_FinalDataset_224_spit/train/HEALTHY_LEAF/to_label_2396.jpg,DLD_FinalDataset_224_spit/train/HEALTHY_LEAF/to_label_2397.jpg,2396,2397,train,train,HEALTHY_LEAF,HEALTHY_LEAF,30,True,False
DLD_FinalDataset_224_spit/train/HEALTHY_LEAF/to_label_2397.jpg,DLD_FinalDataset_224_spit/train/HEALTHY_LEAF/to_label_2398.jpg,2397,2398,train,train,HEALTHY_LEAF,HEALTHY_LEAF,25,True,False
DLD_FinalDataset_224_spit/train/HEALTHY_LEAF/to_label_2398.jpg,DLD_FinalDataset_224_spit/test/HEALTHY_LEAF/to_label_2399.jpg,2398,2399,train,test,HEALTHY_LEAF,HEALTHY_LEAF,32,True,True
DLD_FinalDataset_224_spit/test/HEALTHY_LEAF/to_label_2399.jpg,DLD_FinalDataset_224_spit/train/HEALTHY_LEAF/to_label_2400.jpg,2399,2400,test,train,HEALTHY_LEAF,HEALTHY_LEAF,38,True,True
DLD_FinalDataset_224_spit/train/HEALTHY_LEAF/to_label_2400.jpg,DLD_FinalDataset_224_spit/train/HEALTHY_LEAF/to_label_2401.jpg,2400,2401,train,train,HEALTHY_LEAF,HEALTHY_LEAF,34,True,False
DLD_FinalDataset_224_spit/train/HEALTHY_LEAF/to_label_2401.jpg,DLD_FinalDataset_224_spit/test/HEALTHY_LEAF/to_label_2402.jpg,2401,2402,train,test,HEALTHY_LEAF,HEALTHY_LEAF,31,True,True
DLD_FinalDataset_224_spit/test/HEALTHY_LEAF/to_label_2402.jpg,DLD_FinalDataset_224_spit/train/HEALTHY_LEAF/to_label_2403.jpg,2402,2403,test,train,HEALTHY_LEAF,HEALTHY_LEAF,26,True,True
DLD_FinalDataset_224_spit/train/HEALTHY_LEAF/to_label_2403.jpg,DLD_FinalDataset_224_spit/val/HEALTHY_LEAF/to_label_2404.jpg,2403,2404,train,val,HEALTHY_LEAF,HEALTHY_LEAF,32,True,True
DLD_FinalDataset_224_spit/val/HEALTHY_LEAF/to_label_2404.jpg,DLD_FinalDataset_224_spit/train/HEALTHY_LEAF/to_label_2405.jpg,2404,2405,val,train,HEALTHY_LEAF,HEALTHY_LEAF,29,True,True
DLD_FinalDataset_224_spit/train/HEALTHY_LEAF/to_label_2405.jpg,DLD_FinalDataset_224_spit/train/HEALTHY_LEAF/to_label_2406.jpg,2405,2406,train,train,HEALTHY_LEAF,HEALTHY_LEAF,23,True,False
DLD_FinalDataset_224_spit/train/HEALTHY_LEAF/to_label_2406.jpg,DLD_FinalDataset_224_spit/val/HEALTHY_LEAF/to_label_2407.jpg,2406,2407,train,val,HEALTHY_LEAF,HEALTHY_LEAF,28,True,True
DLD_FinalDataset_224_spit/val/HEALTHY_LEAF/to_label_2407.jpg,DLD_FinalDataset_224_spit/train/HEALTHY_LEAF/to_label_2408.jpg,2407,2408,val,train,HEALTHY_LEAF,HEALTHY_LEAF,31,True,True
DLD_FinalDataset_224_spit/train/HEALTHY_LEAF/to_label_2408.jpg,DLD_FinalDataset_224_spit/train/HEALTHY_LEAF/to_label_2409.jpg,2408,2409,train,train,HEALTHY_LEAF,HEALTHY_LEAF,39,True,False
DLD_FinalDataset_224_spit/train/HEALTHY_LEAF/to_label_2409.jpg,DLD_FinalDataset_224_spit/train/HEALTHY_LEAF/to_label_2410.jpg,2409,2410,train,train,HEALTHY_LEAF,HEALTHY_LEAF,30,True,False
DLD_FinalDataset_224_spit/train/HEALTHY_LEAF/to_label_2410.jpg,DLD_FinalDataset_224_spit/train/HEALTHY_LEAF/to_label_2411.jpg,2410,2411,train,train,HEALTHY_LEAF,HEALTHY_LEAF,37,True,False
DLD_FinalDataset_224_spit/train/HEALTHY_LEAF/to_label_2411.jpg,DLD_FinalDataset_224_spit/train/HEALTHY_LEAF/to_label_2412.jpg,2411,2412,train,train,HEALTHY_LEAF,HEALTHY_LEAF,35,True,False
DLD_FinalDataset_224_spit/train/HEALTHY_LEAF/to_label_2412.jpg,DLD_FinalDataset_224_spit/train/HEALTHY_LEAF/to_label_2413.jpg,2412,2413,train,train,HEALTHY_LEAF,HEALTHY_LEAF,25,True,False
DLD_FinalDataset_224_spit/train/HEALTHY_LEAF/to_label_2413.jpg,DLD_FinalDataset_224_spit/train/HEALTHY_LEAF/to_label_2414.jpg,2413,2414,train,train,HEALTHY_LEAF,HEALTHY_LEAF,31,True,False
DLD_FinalDataset_224_spit/train/HEALTHY_LEAF/to_label_2414.jpg,DLD_FinalDataset_224_spit/test/HEALTHY_LEAF/to_label_2415.jpg,2414,2415,train,test,HEALTHY_LEAF,HEALTHY_LEAF,33,True,True
DLD_FinalDataset_224_spit/test/HEALTHY_LEAF/to_label_2415.jpg,DLD_FinalDataset_224_spit/test/HEALTHY_LEAF/to_label_2416.jpg,2415,2416,test,test,HEALTHY_LEAF,HEALTHY_LEAF,27,True,False
DLD_FinalDataset_224_spit/test/HEALTHY_LEAF/to_label_2416.jpg,DLD_FinalDataset_224_spit/train/HEALTHY_LEAF/to_label_2417.jpg,2416,2417,test,train,HEALTHY_LEAF,HEALTHY_LEAF,32,True,True
DLD_FinalDataset_224_spit/train/HEALTHY_LEAF/to_label_2417.jpg,DLD_FinalDataset_224_spit/test/HEALTHY_LEAF/to_label_2418.jpg,2417,2418,train,test,HEALTHY_LEAF,HEALTHY_LEAF,32,True,True
DLD_FinalDataset_224_spit/test/HEALTHY_LEAF/to_label_2418.jpg,DLD_FinalDataset_224_spit/train/HEALTHY_LEAF/to_label_2419.jpg,2418,2419,test,train,HEALTHY_LEAF,HEALTHY_LEAF,21,True,True
DLD_FinalDataset_224_spit/train/HEALTHY_LEAF/to_label_2419.jpg,DLD_FinalDataset_224_spit/val/HEALTHY_LEAF/to_label_2420.jpg,2419,2420,train,val,HEALTHY_LEAF,HEALTHY_LEAF,31,True,True
DLD_FinalDataset_224_spit/val/HEALTHY_LEAF/to_label_2420.jpg,DLD_FinalDataset_224_spit/val/HEALTHY_LEAF/to_label_2421.jpg,2420,2421,val,val,HEALTHY_LEAF,HEALTHY_LEAF,34,True,False
DLD_FinalDataset_224_spit/val/HEALTHY_LEAF/to_label_2421.jpg,DLD_FinalDataset_224_spit/train/HEALTHY_LEAF/to_label_2422.jpg,2421,2422,val,train,HEALTHY_LEAF,HEALTHY_LEAF,32,True,True
DLD_FinalDataset_224_spit/train/HEALTHY_LEAF/to_label_2422.jpg,DLD_FinalDataset_224_spit/train/HEALTHY_LEAF/to_label_2423.jpg,2422,2423,train,train,HEALTHY_LEAF,HEALTHY_LEAF,30,True,False
DLD_FinalDataset_224_spit/train/HEALTHY_LEAF/to_label_2423.jpg,DLD_FinalDataset_224_spit/train/HEALTHY_LEAF/to_label_2424.jpg,2423,2424,train,train,HEALTHY_LEAF,HEALTHY_LEAF,33,True,False
DLD_FinalDataset_224_spit/train/HEALTHY_LEAF/to_label_2424.jpg,DLD_FinalDataset_224_spit/train/HEALTHY_LEAF/to_label_2425.jpg,2424,2425,train,train,HEALTHY_LEAF,HEALTHY_LEAF,32,True,False
DLD_FinalDataset_224_spit/train/HEALTHY_LEAF/to_label_2425.jpg,DLD_FinalDataset_224_spit/train/HEALTHY_LEAF/to_label_2426.jpg,2425,2426,train,train,HEALTHY_LEAF,HEALTHY_LEAF,38,True,False
DLD_FinalDataset_224_spit/train/HEALTHY_LEAF/to_label_2426.jpg,DLD_FinalDataset_224_spit/train/HEALTHY_LEAF/to_label_2427.jpg,2426,2427,train,train,HEALTHY_LEAF,HEALTHY_LEAF,25,True,False
DLD_FinalDataset_224_spit/train/HEALTHY_LEAF/to_label_2427.jpg,DLD_FinalDataset_224_spit/train/HEALTHY_LEAF/to_label_2428.jpg,2427,2428,train,train,HEALTHY_LEAF,HEALTHY_LEAF,32,True,False
DLD_FinalDataset_224_spit/train/HEALTHY_LEAF/to_label_2428.jpg,DLD_FinalDataset_224_spit/train/HEALTHY_LEAF/to_label_2429.jpg,2428,2429,train,train,HEALTHY_LEAF,HEALTHY_LEAF,34,True,False
DLD_FinalDataset_224_spit/train/HEALTHY_LEAF/to_label_2429.jpg,DLD_FinalDataset_224_spit/val/HEALTHY_LEAF/to_label_2430.jpg,2429,2430,train,val,HEALTHY_LEAF,HEALTHY_LEAF,33,True,True
DLD_FinalDataset_224_spit/val/HEALTHY_LEAF/to_label_2430.jpg,DLD_FinalDataset_224_spit/val/HEALTHY_LEAF/to_label_2431.jpg,2430,2431,val,val,HEALTHY_LEAF,HEALTHY_LEAF,16,True,False
DLD_FinalDataset_224_spit/val/HEALTHY_LEAF/to_label_2431.jpg,DLD_FinalDataset_224_spit/train/HEALTHY_LEAF/to_label_2432.jpg,2431,2432,val,train,HEALTHY_LEAF,HEALTHY_LEAF,28,True,True
DLD_FinalDataset_224_spit/train/HEALTHY_LEAF/to_label_2432.jpg,DLD_FinalDataset_224_spit/test/HEALTHY_LEAF/to_label_2433.jpg,2432,2433,train,test,HEALTHY_LEAF,HEALTHY_LEAF,23,True,True
DLD_FinalDataset_224_spit/test/HEALTHY_LEAF/to_label_2433.jpg,DLD_FinalDataset_224_spit/train/HEALTHY_LEAF/to_label_2434.jpg,2433,2434,test,train,HEALTHY_LEAF,HEALTHY_LEAF,28,True,True
DLD_FinalDataset_224_spit/train/HEALTHY_LEAF/to_label_2434.jpg,DLD_FinalDataset_224_spit/train/HEALTHY_LEAF/to_label_2435.jpg,2434,2435,train,train,HEALTHY_LEAF,HEALTHY_LEAF,30,True,False
DLD_FinalDataset_224_spit/train/HEALTHY_LEAF/to_label_2435.jpg,DLD_FinalDataset_224_spit/train/HEALTHY_LEAF/to_label_2436.jpg,2435,2436,train,train,HEALTHY_LEAF,HEALTHY_LEAF,29,True,False
DLD_FinalDataset_224_spit/train/HEALTHY_LEAF/to_label_2436.jpg,DLD_FinalDataset_224_spit/train/HEALTHY_LEAF/to_label_2437.jpg,2436,2437,train,train,HEALTHY_LEAF,HEALTHY_LEAF,28,True,False
DLD_FinalDataset_224_spit/train/HEALTHY_LEAF/to_label_2437.jpg,DLD_FinalDataset_224_spit/train/HEALTHY_LEAF/to_label_2438.jpg,2437,2438,train,train,HEALTHY_LEAF,HEALTHY_LEAF,28,True,False
DLD_FinalDataset_224_spit/train/HEALTHY_LEAF/to_label_2438.jpg,DLD_FinalDataset_224_spit/train/HEALTHY_LEAF/to_label_2439.jpg,2438,2439,train,train,HEALTHY_LEAF,HEALTHY_LEAF,29,True,False
DLD_FinalDataset_224_spit/train/HEALTHY_LEAF/to_label_2439.jpg,DLD_FinalDataset_224_spit/val/HEALTHY_LEAF/to_label_2440.jpg,2439,2440,train,val,HEALTHY_LEAF,HEALTHY_LEAF,37,True,True
DLD_FinalDataset_224_spit/val/HEALTHY_LEAF/to_label_2440.jpg,DLD_FinalDataset_224_spit/val/HEALTHY_LEAF/to_label_2441.jpg,2440,2441,val,val,HEALTHY_LEAF,HEALTHY_LEAF,31,True,False
DLD_FinalDataset_224_spit/val/HEALTHY_LEAF/to_label_2441.jpg,DLD_FinalDataset_224_spit/train/HEALTHY_LEAF/to_label_2442.jpg,2441,2442,val,train,HEALTHY_LEAF,HEALTHY_LEAF,30,True,True
DLD_FinalDataset_224_spit/train/HEALTHY_LEAF/to_label_2442.jpg,DLD_FinalDataset_224_spit/train/HEALTHY_LEAF/to_label_2443.jpg,2442,2443,train,train,HEALTHY_LEAF,HEALTHY_LEAF,31,True,False
DLD_FinalDataset_224_spit/train/HEALTHY_LEAF/to_label_2443.jpg,DLD_FinalDataset_224_spit/train/HEALTHY_LEAF/to_label_2444.jpg,2443,2444,train,train,HEALTHY_LEAF,HEALTHY_LEAF,32,True,False
DLD_FinalDataset_224_spit/train/HEALTHY_LEAF/to_label_2444.jpg,DLD_FinalDataset_224_spit/train/HEALTHY_LEAF/to_label_2445.jpg,2444,2445,train,train,HEALTHY_LEAF,HEALTHY_LEAF,25,True,False
DLD_FinalDataset_224_spit/train/HEALTHY_LEAF/to_label_2445.jpg,DLD_FinalDataset_224_spit/train/HEALTHY_LEAF/to_label_2446.jpg,2445,2446,train,train,HEALTHY_LEAF,HEALTHY_LEAF,25,True,False
DLD_FinalDataset_224_spit/train/HEALTHY_LEAF/to_label_2446.jpg,DLD_FinalDataset_224_spit/train/HEALTHY_LEAF/to_label_2447.jpg,2446,2447,train,train,HEALTHY_LEAF,HEALTHY_LEAF,28,True,False
DLD_FinalDataset_224_spit/train/HEALTHY_LEAF/to_label_2447.jpg,DLD_FinalDataset_224_spit/train/HEALTHY_LEAF/to_label_2448.jpg,2447,2448,train,train,HEALTHY_LEAF,HEALTHY_LEAF,29,True,False
DLD_FinalDataset_224_spit/train/HEALTHY_LEAF/to_label_2448.jpg,DLD_FinalDataset_224_spit/test/HEALTHY_LEAF/to_label_2449.jpg,2448,2449,train,test,HEALTHY_LEAF,HEALTHY_LEAF,27,True,True
DLD_FinalDataset_224_spit/test/HEALTHY_LEAF/to_label_2449.jpg,DLD_FinalDataset_224_spit/train/HEALTHY_LEAF/to_label_2450.jpg,2449,2450,test,train,HEALTHY_LEAF,HEALTHY_LEAF,28,True,True
DLD_FinalDataset_224_spit/train/HEALTHY_LEAF/to_label_2450.jpg,DLD_FinalDataset_224_spit/train/HEALTHY_LEAF/to_label_2451.jpg,2450,2451,train,train,HEALTHY_LEAF,HEALTHY_LEAF,30,True,False
DLD_FinalDataset_224_spit/train/HEALTHY_LEAF/to_label_2451.jpg,DLD_FinalDataset_224_spit/train/HEALTHY_LEAF/to_label_2452.jpg,2451,2452,train,train,HEALTHY_LEAF,HEALTHY_LEAF,29,True,False
DLD_FinalDataset_224_spit/train/HEALTHY_LEAF/to_label_2452.jpg,DLD_FinalDataset_224_spit/train/HEALTHY_LEAF/to_label_2453.jpg,2452,2453,train,train,HEALTHY_LEAF,HEALTHY_LEAF,38,True,False
DLD_FinalDataset_224_spit/train/HEALTHY_LEAF/to_label_2453.jpg,DLD_FinalDataset_224_spit/train/HEALTHY_LEAF/to_label_2454.jpg,2453,2454,train,train,HEALTHY_LEAF,HEALTHY_LEAF,37,True,False
DLD_FinalDataset_224_spit/train/HEALTHY_LEAF/to_label_2454.jpg,DLD_FinalDataset_224_spit/test/HEALTHY_LEAF/to_label_2455.jpg,2454,2455,train,test,HEALTHY_LEAF,HEALTHY_LEAF,36,True,True
DLD_FinalDataset_224_spit/test/HEALTHY_LEAF/to_label_2455.jpg,DLD_FinalDataset_224_spit/test/HEALTHY_LEAF/to_label_2456.jpg,2455,2456,test,test,HEALTHY_LEAF,HEALTHY_LEAF,38,True,False
DLD_FinalDataset_224_spit/test/HEALTHY_LEAF/to_label_2456.jpg,DLD_FinalDataset_224_spit/train/HEALTHY_LEAF/to_label_2457.jpg,2456,2457,test,train,HEALTHY_LEAF,HEALTHY_LEAF,34,True,True
DLD_FinalDataset_224_spit/train/HEALTHY_LEAF/to_label_2457.jpg,DLD_FinalDataset_224_spit/train/HEALTHY_LEAF/to_label_2458.jpg,2457,2458,train,train,HEALTHY_LEAF,HEALTHY_LEAF,21,True,False
DLD_FinalDataset_224_spit/train/HEALTHY_LEAF/to_label_2458.jpg,DLD_FinalDataset_224_spit/test/HEALTHY_LEAF/to_label_2459.jpg,2458,2459,train,test,HEALTHY_LEAF,HEALTHY_LEAF,34,True,True
DLD_FinalDataset_224_spit/test/HEALTHY_LEAF/to_label_2459.jpg,DLD_FinalDataset_224_spit/train/HEALTHY_LEAF/to_label_2460.jpg,2459,2460,test,train,HEALTHY_LEAF,HEALTHY_LEAF,34,True,True
DLD_FinalDataset_224_spit/train/HEALTHY_LEAF/to_label_2460.jpg,DLD_FinalDataset_224_spit/test/HEALTHY_LEAF/to_label_2461.jpg,2460,2461,train,test,HEALTHY_LEAF,HEALTHY_LEAF,30,True,True
DLD_FinalDataset_224_spit/test/HEALTHY_LEAF/to_label_2461.jpg,DLD_FinalDataset_224_spit/train/HEALTHY_LEAF/to_label_2462.jpg,2461,2462,test,train,HEALTHY_LEAF,HEALTHY_LEAF,35,True,True
DLD_FinalDataset_224_spit/train/HEALTHY_LEAF/to_label_2462.jpg,DLD_FinalDataset_224_spit/train/HEALTHY_LEAF/to_label_2463.jpg,2462,2463,train,train,HEALTHY_LEAF,HEALTHY_LEAF,36,True,False
DLD_FinalDataset_224_spit/train/HEALTHY_LEAF/to_label_2463.jpg,DLD_FinalDataset_224_spit/train/HEALTHY_LEAF/to_label_2464.jpg,2463,2464,train,train,HEALTHY_LEAF,HEALTHY_LEAF,36,True,False
DLD_FinalDataset_224_spit/train/HEALTHY_LEAF/to_label_2464.jpg,DLD_FinalDataset_224_spit/train/HEALTHY_LEAF/to_label_2465.jpg,2464,2465,train,train,HEALTHY_LEAF,HEALTHY_LEAF,31,True,False
DLD_FinalDataset_224_spit/train/HEALTHY_LEAF/to_label_2465.jpg,DLD_FinalDataset_224_spit/test/HEALTHY_LEAF/to_label_2466.jpg,2465,2466,train,test,HEALTHY_LEAF,HEALTHY_LEAF,33,True,True
DLD_FinalDataset_224_spit/test/HEALTHY_LEAF/to_label_2466.jpg,DLD_FinalDataset_224_spit/test/HEALTHY_LEAF/to_label_2467.jpg,2466,2467,test,test,HEALTHY_LEAF,HEALTHY_LEAF,33,True,False
DLD_FinalDataset_224_spit/test/HEALTHY_LEAF/to_label_2467.jpg,DLD_FinalDataset_224_spit/train/HEALTHY_LEAF/to_label_2468.jpg,2467,2468,test,train,HEALTHY_LEAF,HEALTHY_LEAF,37,True,True
DLD_FinalDataset_224_spit/train/HEALTHY_LEAF/to_label_2468.jpg,DLD_FinalDataset_224_spit/test/HEALTHY_LEAF/to_label_2469.jpg,2468,2469,train,test,HEALTHY_LEAF,HEALTHY_LEAF,32,True,True
DLD_FinalDataset_224_spit/test/HEALTHY_LEAF/to_label_2469.jpg,DLD_FinalDataset_224_spit/val/HEALTHY_LEAF/to_label_2470.jpg,2469,2470,test,val,HEALTHY_LEAF,HEALTHY_LEAF,29,True,True
DLD_FinalDataset_224_spit/val/HEALTHY_LEAF/to_label_2470.jpg,DLD_FinalDataset_224_spit/train/HEALTHY_LEAF/to_label_2471.jpg,2470,2471,val,train,HEALTHY_LEAF,HEALTHY_LEAF,33,True,True
DLD_FinalDataset_224_spit/train/HEALTHY_LEAF/to_label_2471.jpg,DLD_FinalDataset_224_spit/train/HEALTHY_LEAF/to_label_2472.jpg,2471,2472,train,train,HEALTHY_LEAF,HEALTHY_LEAF,31,True,False
DLD_FinalDataset_224_spit/train/HEALTHY_LEAF/to_label_2472.jpg,DLD_FinalDataset_224_spit/train/HEALTHY_LEAF/to_label_2473.jpg,2472,2473,train,train,HEALTHY_LEAF,HEALTHY_LEAF,26,True,False
DLD_FinalDataset_224_spit/train/HEALTHY_LEAF/to_label_2473.jpg,DLD_FinalDataset_224_spit/train/HEALTHY_LEAF/to_label_2474.jpg,2473,2474,train,train,HEALTHY_LEAF,HEALTHY_LEAF,35,True,False
DLD_FinalDataset_224_spit/train/HEALTHY_LEAF/to_label_2474.jpg,DLD_FinalDataset_224_spit/val/HEALTHY_LEAF/to_label_2475.jpg,2474,2475,train,val,HEALTHY_LEAF,HEALTHY_LEAF,30,True,True
DLD_FinalDataset_224_spit/val/HEALTHY_LEAF/to_label_2475.jpg,DLD_FinalDataset_224_spit/train/HEALTHY_LEAF/to_label_2476.jpg,2475,2476,val,train,HEALTHY_LEAF,HEALTHY_LEAF,33,True,True
DLD_FinalDataset_224_spit/train/HEALTHY_LEAF/to_label_2476.jpg,DLD_FinalDataset_224_spit/train/HEALTHY_LEAF/to_label_2477.jpg,2476,2477,train,train,HEALTHY_LEAF,HEALTHY_LEAF,33,True,False
DLD_FinalDataset_224_spit/train/HEALTHY_LEAF/to_label_2477.jpg,DLD_FinalDataset_224_spit/train/HEALTHY_LEAF/to_label_2478.jpg,2477,2478,train,train,HEALTHY_LEAF,HEALTHY_LEAF,38,True,False
DLD_FinalDataset_224_spit/train/HEALTHY_LEAF/to_label_2478.jpg,DLD_FinalDataset_224_spit/train/HEALTHY_LEAF/to_label_2479.jpg,2478,2479,train,train,HEALTHY_LEAF,HEALTHY_LEAF,31,True,False
DLD_FinalDataset_224_spit/train/HEALTHY_LEAF/to_label_2479.jpg,DLD_FinalDataset_224_spit/train/HEALTHY_LEAF/to_label_2480.jpg,2479,2480,train,train,HEALTHY_LEAF,HEALTHY_LEAF,35,True,False
DLD_FinalDataset_224_spit/train/HEALTHY_LEAF/to_label_2480.jpg,DLD_FinalDataset_224_spit/train/HEALTHY_LEAF/to_label_2481.jpg,2480,2481,train,train,HEALTHY_LEAF,HEALTHY_LEAF,26,True,False
DLD_FinalDataset_224_spit/train/HEALTHY_LEAF/to_label_2481.jpg,DLD_FinalDataset_224_spit/train/HEALTHY_LEAF/to_label_2482.jpg,2481,2482,train,train,HEALTHY_LEAF,HEALTHY_LEAF,34,True,False
DLD_FinalDataset_224_spit/train/HEALTHY_LEAF/to_label_2482.jpg,DLD_FinalDataset_224_spit/train/HEALTHY_LEAF/to_label_2483.jpg,2482,2483,train,train,HEALTHY_LEAF,HEALTHY_LEAF,28,True,False
DLD_FinalDataset_224_spit/train/HEALTHY_LEAF/to_label_2483.jpg,DLD_FinalDataset_224_spit/train/HEALTHY_LEAF/to_label_2484.jpg,2483,2484,train,train,HEALTHY_LEAF,HEALTHY_LEAF,39,True,False
DLD_FinalDataset_224_spit/train/HEALTHY_LEAF/to_label_2484.jpg,DLD_FinalDataset_224_spit/train/HEALTHY_LEAF/to_label_2485.jpg,2484,2485,train,train,HEALTHY_LEAF,HEALTHY_LEAF,27,True,False
DLD_FinalDataset_224_spit/train/HEALTHY_LEAF/to_label_2485.jpg,DLD_FinalDataset_224_spit/train/HEALTHY_LEAF/to_label_2486.jpg,2485,2486,train,train,HEALTHY_LEAF,HEALTHY_LEAF,26,True,False
DLD_FinalDataset_224_spit/train/HEALTHY_LEAF/to_label_2486.jpg,DLD_FinalDataset_224_spit/train/HEALTHY_LEAF/to_label_2487.jpg,2486,2487,train,train,HEALTHY_LEAF,HEALTHY_LEAF,34,True,False
DLD_FinalDataset_224_spit/train/HEALTHY_LEAF/to_label_2487.jpg,DLD_FinalDataset_224_spit/test/HEALTHY_LEAF/to_label_2488.jpg,2487,2488,train,test,HEALTHY_LEAF,HEALTHY_LEAF,34,True,True
DLD_FinalDataset_224_spit/test/HEALTHY_LEAF/to_label_2488.jpg,DLD_FinalDataset_224_spit/train/HEALTHY_LEAF/to_label_2489.jpg,2488,2489,test,train,HEALTHY_LEAF,HEALTHY_LEAF,34,True,True
DLD_FinalDataset_224_spit/train/HEALTHY_LEAF/to_label_2489.jpg,DLD_FinalDataset_224_spit/train/HEALTHY_LEAF/to_label_2490.jpg,2489,2490,train,train,HEALTHY_LEAF,HEALTHY_LEAF,41,True,False
DLD_FinalDataset_224_spit/train/HEALTHY_LEAF/to_label_2490.jpg,DLD_FinalDataset_224_spit/train/HEALTHY_LEAF/to_label_2491.jpg,2490,2491,train,train,HEALTHY_LEAF,HEALTHY_LEAF,23,True,False
DLD_FinalDataset_224_spit/train/HEALTHY_LEAF/to_label_2491.jpg,DLD_FinalDataset_224_spit/train/HEALTHY_LEAF/to_label_2492.jpg,2491,2492,train,train,HEALTHY_LEAF,HEALTHY_LEAF,29,True,False
DLD_FinalDataset_224_spit/train/HEALTHY_LEAF/to_label_2492.jpg,DLD_FinalDataset_224_spit/train/HEALTHY_LEAF/to_label_2493.jpg,2492,2493,train,train,HEALTHY_LEAF,HEALTHY_LEAF,34,True,False
DLD_FinalDataset_224_spit/train/HEALTHY_LEAF/to_label_2493.jpg,DLD_FinalDataset_224_spit/train/HEALTHY_LEAF/to_label_2494.jpg,2493,2494,train,train,HEALTHY_LEAF,HEALTHY_LEAF,40,True,False
DLD_FinalDataset_224_spit/train/HEALTHY_LEAF/to_label_2494.jpg,DLD_FinalDataset_224_spit/test/HEALTHY_LEAF/to_label_2495.jpg,2494,2495,train,test,HEALTHY_LEAF,HEALTHY_LEAF,31,True,True
DLD_FinalDataset_224_spit/test/HEALTHY_LEAF/to_label_2495.jpg,DLD_FinalDataset_224_spit/train/HEALTHY_LEAF/to_label_2496.jpg,2495,2496,test,train,HEALTHY_LEAF,HEALTHY_LEAF,38,True,True
DLD_FinalDataset_224_spit/train/HEALTHY_LEAF/to_label_2496.jpg,DLD_FinalDataset_224_spit/train/HEALTHY_LEAF/to_label_2497.jpg,2496,2497,train,train,HEALTHY_LEAF,HEALTHY_LEAF,24,True,False
DLD_FinalDataset_224_spit/train/HEALTHY_LEAF/to_label_2497.jpg,DLD_FinalDataset_224_spit/train/HEALTHY_LEAF/to_label_2498.jpg,2497,2498,train,train,HEALTHY_LEAF,HEALTHY_LEAF,33,True,False
DLD_FinalDataset_224_spit/train/HEALTHY_LEAF/to_label_2498.jpg,DLD_FinalDataset_224_spit/train/HEALTHY_LEAF/to_label_2499.jpg,2498,2499,train,train,HEALTHY_LEAF,HEALTHY_LEAF,25,True,False
DLD_FinalDataset_224_spit/train/HEALTHY_LEAF/to_label_2499.jpg,DLD_FinalDataset_224_spit/train/HEALTHY_LEAF/to_label_2500.jpg,2499,2500,train,train,HEALTHY_LEAF,HEALTHY_LEAF,28,True,False
DLD_FinalDataset_224_spit/train/HEALTHY_LEAF/to_label_2500.jpg,DLD_FinalDataset_224_spit/train/HEALTHY_LEAF/to_label_2501.jpg,2500,2501,train,train,HEALTHY_LEAF,HEALTHY_LEAF,36,True,False
DLD_FinalDataset_224_spit/train/HEALTHY_LEAF/to_label_2501.jpg,DLD_FinalDataset_224_spit/train/HEALTHY_LEAF/to_label_2502.jpg,2501,2502,train,train,HEALTHY_LEAF,HEALTHY_LEAF,35,True,False
DLD_FinalDataset_224_spit/train/HEALTHY_LEAF/to_label_2502.jpg,DLD_FinalDataset_224_spit/test/HEALTHY_LEAF/to_label_2503.jpg,2502,2503,train,test,HEALTHY_LEAF,HEALTHY_LEAF,28,True,True
DLD_FinalDataset_224_spit/test/HEALTHY_LEAF/to_label_2503.jpg,DLD_FinalDataset_224_spit/train/HEALTHY_LEAF/to_label_2504.jpg,2503,2504,test,train,HEALTHY_LEAF,HEALTHY_LEAF,30,True,True
DLD_FinalDataset_224_spit/train/HEALTHY_LEAF/to_label_2504.jpg,DLD_FinalDataset_224_spit/test/HEALTHY_LEAF/to_label_2505.jpg,2504,2505,train,test,HEALTHY_LEAF,HEALTHY_LEAF,28,True,True
DLD_FinalDataset_224_spit/test/HEALTHY_LEAF/to_label_2505.jpg,DLD_FinalDataset_224_spit/val/HEALTHY_LEAF/to_label_2506.jpg,2505,2506,test,val,HEALTHY_LEAF,HEALTHY_LEAF,30,True,True
DLD_FinalDataset_224_spit/val/HEALTHY_LEAF/to_label_2506.jpg,DLD_FinalDataset_224_spit/test/HEALTHY_LEAF/to_label_2507.jpg,2506,2507,val,test,HEALTHY_LEAF,HEALTHY_LEAF,31,True,True
DLD_FinalDataset_224_spit/test/HEALTHY_LEAF/to_label_2507.jpg,DLD_FinalDataset_224_spit/train/HEALTHY_LEAF/to_label_2508.jpg,2507,2508,test,train,HEALTHY_LEAF,HEALTHY_LEAF,27,True,True
DLD_FinalDataset_224_spit/train/HEALTHY_LEAF/to_label_2508.jpg,DLD_FinalDataset_224_spit/train/HEALTHY_LEAF/to_label_2509.jpg,2508,2509,train,train,HEALTHY_LEAF,HEALTHY_LEAF,37,True,False
DLD_FinalDataset_224_spit/train/HEALTHY_LEAF/to_label_2509.jpg,DLD_FinalDataset_224_spit/test/HEALTHY_LEAF/to_label_2510.jpg,2509,2510,train,test,HEALTHY_LEAF,HEALTHY_LEAF,36,True,True
DLD_FinalDataset_224_spit/test/HEALTHY_LEAF/to_label_2510.jpg,DLD_FinalDataset_224_spit/train/HEALTHY_LEAF/to_label_2511.jpg,2510,2511,test,train,HEALTHY_LEAF,HEALTHY_LEAF,38,True,True
DLD_FinalDataset_224_spit/train/HEALTHY_LEAF/to_label_2511.jpg,DLD_FinalDataset_224_spit/train/HEALTHY_LEAF/to_label_2512.jpg,2511,2512,train,train,HEALTHY_LEAF,HEALTHY_LEAF,24,True,False
DLD_FinalDataset_224_spit/train/HEALTHY_LEAF/to_label_2512.jpg,DLD_FinalDataset_224_spit/train/HEALTHY_LEAF/to_label_2513.jpg,2512,2513,train,train,HEALTHY_LEAF,HEALTHY_LEAF,30,True,False
DLD_FinalDataset_224_spit/train/HEALTHY_LEAF/to_label_2513.jpg,DLD_FinalDataset_224_spit/train/HEALTHY_LEAF/to_label_2514.jpg,2513,2514,train,train,HEALTHY_LEAF,HEALTHY_LEAF,36,True,False
DLD_FinalDataset_224_spit/train/HEALTHY_LEAF/to_label_2514.jpg,DLD_FinalDataset_224_spit/train/HEALTHY_LEAF/to_label_2515.jpg,2514,2515,train,train,HEALTHY_LEAF,HEALTHY_LEAF,38,True,False
DLD_FinalDataset_224_spit/train/HEALTHY_LEAF/to_label_2515.jpg,DLD_FinalDataset_224_spit/test/HEALTHY_LEAF/to_label_2516.jpg,2515,2516,train,test,HEALTHY_LEAF,HEALTHY_LEAF,39,True,True
DLD_FinalDataset_224_spit/test/HEALTHY_LEAF/to_label_2516.jpg,DLD_FinalDataset_224_spit/val/HEALTHY_LEAF/to_label_2517.jpg,2516,2517,test,val,HEALTHY_LEAF,HEALTHY_LEAF,31,True,True
DLD_FinalDataset_224_spit/val/HEALTHY_LEAF/to_label_2517.jpg,DLD_FinalDataset_224_spit/train/HEALTHY_LEAF/to_label_2518.jpg,2517,2518,val,train,HEALTHY_LEAF,HEALTHY_LEAF,27,True,True
DLD_FinalDataset_224_spit/train/HEALTHY_LEAF/to_label_2518.jpg,DLD_FinalDataset_224_spit/train/HEALTHY_LEAF/to_label_2519.jpg,2518,2519,train,train,HEALTHY_LEAF,HEALTHY_LEAF,34,True,False
DLD_FinalDataset_224_spit/train/HEALTHY_LEAF/to_label_2519.jpg,DLD_FinalDataset_224_spit/train/HEALTHY_LEAF/to_label_2520.jpg,2519,2520,train,train,HEALTHY_LEAF,HEALTHY_LEAF,26,True,False
DLD_FinalDataset_224_spit/train/HEALTHY_LEAF/to_label_2520.jpg,DLD_FinalDataset_224_spit/train/HEALTHY_LEAF/to_label_2521.jpg,2520,2521,train,train,HEALTHY_LEAF,HEALTHY_LEAF,29,True,False
DLD_FinalDataset_224_spit/train/HEALTHY_LEAF/to_label_2521.jpg,DLD_FinalDataset_224_spit/train/HEALTHY_LEAF/to_label_2522.jpg,2521,2522,train,train,HEALTHY_LEAF,HEALTHY_LEAF,32,True,False
DLD_FinalDataset_224_spit/train/HEALTHY_LEAF/to_label_2522.jpg,DLD_FinalDataset_224_spit/train/HEALTHY_LEAF/to_label_2523.jpg,2522,2523,train,train,HEALTHY_LEAF,HEALTHY_LEAF,30,True,False
DLD_FinalDataset_224_spit/train/HEALTHY_LEAF/to_label_2523.jpg,DLD_FinalDataset_224_spit/train/HEALTHY_LEAF/to_label_2524.jpg,2523,2524,train,train,HEALTHY_LEAF,HEALTHY_LEAF,33,True,False
DLD_FinalDataset_224_spit/train/HEALTHY_LEAF/to_label_2524.jpg,DLD_FinalDataset_224_spit/train/HEALTHY_LEAF/to_label_2525.jpg,2524,2525,train,train,HEALTHY_LEAF,HEALTHY_LEAF,33,True,False
DLD_FinalDataset_224_spit/train/HEALTHY_LEAF/to_label_2525.jpg,DLD_FinalDataset_224_spit/train/HEALTHY_LEAF/to_label_2526.jpg,2525,2526,train,train,HEALTHY_LEAF,HEALTHY_LEAF,29,True,False
DLD_FinalDataset_224_spit/train/HEALTHY_LEAF/to_label_2526.jpg,DLD_FinalDataset_224_spit/train/HEALTHY_LEAF/to_label_2527.jpg,2526,2527,train,train,HEALTHY_LEAF,HEALTHY_LEAF,32,True,False
DLD_FinalDataset_224_spit/train/HEALTHY_LEAF/to_label_2527.jpg,DLD_FinalDataset_224_spit/train/HEALTHY_LEAF/to_label_2528.jpg,2527,2528,train,train,HEALTHY_LEAF,HEALTHY_LEAF,32,True,False
DLD_FinalDataset_224_spit/train/HEALTHY_LEAF/to_label_2528.jpg,DLD_FinalDataset_224_spit/train/HEALTHY_LEAF/to_label_2529.jpg,2528,2529,train,train,HEALTHY_LEAF,HEALTHY_LEAF,31,True,False
DLD_FinalDataset_224_spit/train/HEALTHY_LEAF/to_label_2529.jpg,DLD_FinalDataset_224_spit/train/HEALTHY_LEAF/to_label_2530.jpg,2529,2530,train,train,HEALTHY_LEAF,HEALTHY_LEAF,35,True,False
DLD_FinalDataset_224_spit/train/HEALTHY_LEAF/to_label_2530.jpg,DLD_FinalDataset_224_spit/train/HEALTHY_LEAF/to_label_2531.jpg,2530,2531,train,train,HEALTHY_LEAF,HEALTHY_LEAF,36,True,False
DLD_FinalDataset_224_spit/train/HEALTHY_LEAF/to_label_2531.jpg,DLD_FinalDataset_224_spit/train/HEALTHY_LEAF/to_label_2532.jpg,2531,2532,train,train,HEALTHY_LEAF,HEALTHY_LEAF,31,True,False
DLD_FinalDataset_224_spit/train/HEALTHY_LEAF/to_label_2532.jpg,DLD_FinalDataset_224_spit/train/HEALTHY_LEAF/to_label_2533.jpg,2532,2533,train,train,HEALTHY_LEAF,HEALTHY_LEAF,33,True,False
DLD_FinalDataset_224_spit/train/HEALTHY_LEAF/to_label_2533.jpg,DLD_FinalDataset_224_spit/val/HEALTHY_LEAF/to_label_2534.jpg,2533,2534,train,val,HEALTHY_LEAF,HEALTHY_LEAF,26,True,True
DLD_FinalDataset_224_spit/val/HEALTHY_LEAF/to_label_2534.jpg,DLD_FinalDataset_224_spit/test/HEALTHY_LEAF/to_label_2535.jpg,2534,2535,val,test,HEALTHY_LEAF,HEALTHY_LEAF,27,True,True
DLD_FinalDataset_224_spit/test/HEALTHY_LEAF/to_label_2535.jpg,DLD_FinalDataset_224_spit/train/HEALTHY_LEAF/to_label_2536.jpg,2535,2536,test,train,HEALTHY_LEAF,HEALTHY_LEAF,41,True,True
DLD_FinalDataset_224_spit/train/HEALTHY_LEAF/to_label_2536.jpg,DLD_FinalDataset_224_spit/train/HEALTHY_LEAF/to_label_2537.jpg,2536,2537,train,train,HEALTHY_LEAF,HEALTHY_LEAF,20,True,False
DLD_FinalDataset_224_spit/train/HEALTHY_LEAF/to_label_2537.jpg,DLD_FinalDataset_224_spit/train/HEALTHY_LEAF/to_label_2538.jpg,2537,2538,train,train,HEALTHY_LEAF,HEALTHY_LEAF,22,True,False
DLD_FinalDataset_224_spit/train/HEALTHY_LEAF/to_label_2538.jpg,DLD_FinalDataset_224_spit/val/HEALTHY_LEAF/to_label_2539.jpg,2538,2539,train,val,HEALTHY_LEAF,HEALTHY_LEAF,32,True,True
DLD_FinalDataset_224_spit/val/HEALTHY_LEAF/to_label_2539.jpg,DLD_FinalDataset_224_spit/train/HEALTHY_LEAF/to_label_2540.jpg,2539,2540,val,train,HEALTHY_LEAF,HEALTHY_LEAF,30,True,True
DLD_FinalDataset_224_spit/train/HEALTHY_LEAF/to_label_2540.jpg,DLD_FinalDataset_224_spit/train/HEALTHY_LEAF/to_label_2541.jpg,2540,2541,train,train,HEALTHY_LEAF,HEALTHY_LEAF,24,True,False
DLD_FinalDataset_224_spit/train/HEALTHY_LEAF/to_label_2541.jpg,DLD_FinalDataset_224_spit/train/HEALTHY_LEAF/to_label_2542.jpg,2541,2542,train,train,HEALTHY_LEAF,HEALTHY_LEAF,22,True,False
DLD_FinalDataset_224_spit/train/HEALTHY_LEAF/to_label_2542.jpg,DLD_FinalDataset_224_spit/train/HEALTHY_LEAF/to_label_2543.jpg,2542,2543,train,train,HEALTHY_LEAF,HEALTHY_LEAF,22,True,False
DLD_FinalDataset_224_spit/train/HEALTHY_LEAF/to_label_2543.jpg,DLD_FinalDataset_224_spit/train/HEALTHY_LEAF/to_label_2544.jpg,2543,2544,train,train,HEALTHY_LEAF,HEALTHY_LEAF,35,True,False
DLD_FinalDataset_224_spit/train/HEALTHY_LEAF/to_label_2544.jpg,DLD_FinalDataset_224_spit/test/HEALTHY_LEAF/to_label_2545.jpg,2544,2545,train,test,HEALTHY_LEAF,HEALTHY_LEAF,35,True,True
DLD_FinalDataset_224_spit/test/HEALTHY_LEAF/to_label_2545.jpg,DLD_FinalDataset_224_spit/train/HEALTHY_LEAF/to_label_2546.jpg,2545,2546,test,train,HEALTHY_LEAF,HEALTHY_LEAF,29,True,True
DLD_FinalDataset_224_spit/train/HEALTHY_LEAF/to_label_2546.jpg,DLD_FinalDataset_224_spit/train/HEALTHY_LEAF/to_label_2547.jpg,2546,2547,train,train,HEALTHY_LEAF,HEALTHY_LEAF,23,True,False
DLD_FinalDataset_224_spit/train/HEALTHY_LEAF/to_label_2547.jpg,DLD_FinalDataset_224_spit/train/HEALTHY_LEAF/to_label_2548.jpg,2547,2548,train,train,HEALTHY_LEAF,HEALTHY_LEAF,34,True,False
DLD_FinalDataset_224_spit/train/HEALTHY_LEAF/to_label_2548.jpg,DLD_FinalDataset_224_spit/test/HEALTHY_LEAF/to_label_2549.jpg,2548,2549,train,test,HEALTHY_LEAF,HEALTHY_LEAF,28,True,True
DLD_FinalDataset_224_spit/test/HEALTHY_LEAF/to_label_2549.jpg,DLD_FinalDataset_224_spit/train/HEALTHY_LEAF/to_label_2550.jpg,2549,2550,test,train,HEALTHY_LEAF,HEALTHY_LEAF,31,True,True
DLD_FinalDataset_224_spit/train/HEALTHY_LEAF/to_label_2550.jpg,DLD_FinalDataset_224_spit/test/HEALTHY_LEAF/to_label_2551.jpg,2550,2551,train,test,HEALTHY_LEAF,HEALTHY_LEAF,33,True,True
DLD_FinalDataset_224_spit/test/HEALTHY_LEAF/to_label_2551.jpg,DLD_FinalDataset_224_spit/test/HEALTHY_LEAF/to_label_2552.jpg,2551,2552,test,test,HEALTHY_LEAF,HEALTHY_LEAF,25,True,False
DLD_FinalDataset_224_spit/test/HEALTHY_LEAF/to_label_2552.jpg,DLD_FinalDataset_224_spit/train/HEALTHY_LEAF/to_label_2553.jpg,2552,2553,test,train,HEALTHY_LEAF,HEALTHY_LEAF,23,True,True
DLD_FinalDataset_224_spit/train/HEALTHY_LEAF/to_label_2553.jpg,DLD_FinalDataset_224_spit/train/HEALTHY_LEAF/to_label_2554.jpg,2553,2554,train,train,HEALTHY_LEAF,HEALTHY_LEAF,24,True,False
DLD_FinalDataset_224_spit/train/HEALTHY_LEAF/to_label_2554.jpg,DLD_FinalDataset_224_spit/train/HEALTHY_LEAF/to_label_2555.jpg,2554,2555,train,train,HEALTHY_LEAF,HEALTHY_LEAF,34,True,False
DLD_FinalDataset_224_spit/train/HEALTHY_LEAF/to_label_2555.jpg,DLD_FinalDataset_224_spit/test/HEALTHY_LEAF/to_label_2556.jpg,2555,2556,train,test,HEALTHY_LEAF,HEALTHY_LEAF,26,True,True
DLD_FinalDataset_224_spit/test/HEALTHY_LEAF/to_label_2556.jpg,DLD_FinalDataset_224_spit/val/HEALTHY_LEAF/to_label_2557.jpg,2556,2557,test,val,HEALTHY_LEAF,HEALTHY_LEAF,36,True,True
DLD_FinalDataset_224_spit/val/HEALTHY_LEAF/to_label_2557.jpg,DLD_FinalDataset_224_spit/train/HEALTHY_LEAF/to_label_2558.jpg,2557,2558,val,train,HEALTHY_LEAF,HEALTHY_LEAF,31,True,True
DLD_FinalDataset_224_spit/train/HEALTHY_LEAF/to_label_2558.jpg,DLD_FinalDataset_224_spit/val/HEALTHY_LEAF/to_label_2559.jpg,2558,2559,train,val,HEALTHY_LEAF,HEALTHY_LEAF,31,True,True
DLD_FinalDataset_224_spit/val/HEALTHY_LEAF/to_label_2559.jpg,DLD_FinalDataset_224_spit/test/HEALTHY_LEAF/to_label_2560.jpg,2559,2560,val,test,HEALTHY_LEAF,HEALTHY_LEAF,35,True,True
DLD_FinalDataset_224_spit/test/HEALTHY_LEAF/to_label_2560.jpg,DLD_FinalDataset_224_spit/test/HEALTHY_LEAF/to_label_2561.jpg,2560,2561,test,test,HEALTHY_LEAF,HEALTHY_LEAF,35,True,False
DLD_FinalDataset_224_spit/test/HEALTHY_LEAF/to_label_2561.jpg,DLD_FinalDataset_224_spit/train/HEALTHY_LEAF/to_label_2562.jpg,2561,2562,test,train,HEALTHY_LEAF,HEALTHY_LEAF,29,True,True
DLD_FinalDataset_224_spit/train/HEALTHY_LEAF/to_label_2562.jpg,DLD_FinalDataset_224_spit/train/HEALTHY_LEAF/to_label_2563.jpg,2562,2563,train,train,HEALTHY_LEAF,HEALTHY_LEAF,30,True,False
DLD_FinalDataset_224_spit/train/HEALTHY_LEAF/to_label_2563.jpg,DLD_FinalDataset_224_spit/train/HEALTHY_LEAF/to_label_2564.jpg,2563,2564,train,train,HEALTHY_LEAF,HEALTHY_LEAF,34,True,False
DLD_FinalDataset_224_spit/train/HEALTHY_LEAF/to_label_2564.jpg,DLD_FinalDataset_224_spit/train/HEALTHY_LEAF/to_label_2565.jpg,2564,2565,train,train,HEALTHY_LEAF,HEALTHY_LEAF,27,True,False
DLD_FinalDataset_224_spit/train/HEALTHY_LEAF/to_label_2565.jpg,DLD_FinalDataset_224_spit/train/HEALTHY_LEAF/to_label_2566.jpg,2565,2566,train,train,HEALTHY_LEAF,HEALTHY_LEAF,31,True,False
DLD_FinalDataset_224_spit/train/HEALTHY_LEAF/to_label_2566.jpg,DLD_FinalDataset_224_spit/test/HEALTHY_LEAF/to_label_2567.jpg,2566,2567,train,test,HEALTHY_LEAF,HEALTHY_LEAF,16,True,True
DLD_FinalDataset_224_spit/test/HEALTHY_LEAF/to_label_2567.jpg,DLD_FinalDataset_224_spit/train/HEALTHY_LEAF/to_label_2568.jpg,2567,2568,test,train,HEALTHY_LEAF,HEALTHY_LEAF,29,True,True
DLD_FinalDataset_224_spit/train/HEALTHY_LEAF/to_label_2568.jpg,DLD_FinalDataset_224_spit/train/HEALTHY_LEAF/to_label_2569.jpg,2568,2569,train,train,HEALTHY_LEAF,HEALTHY_LEAF,24,True,False
DLD_FinalDataset_224_spit/train/HEALTHY_LEAF/to_label_2569.jpg,DLD_FinalDataset_224_spit/train/HEALTHY_LEAF/to_label_2570.jpg,2569,2570,train,train,HEALTHY_LEAF,HEALTHY_LEAF,33,True,False
DLD_FinalDataset_224_spit/train/HEALTHY_LEAF/to_label_2570.jpg,DLD_FinalDataset_224_spit/val/HEALTHY_LEAF/to_label_2571.jpg,2570,2571,train,val,HEALTHY_LEAF,HEALTHY_LEAF,31,True,True
DLD_FinalDataset_224_spit/val/HEALTHY_LEAF/to_label_2571.jpg,DLD_FinalDataset_224_spit/train/HEALTHY_LEAF/to_label_2572.jpg,2571,2572,val,train,HEALTHY_LEAF,HEALTHY_LEAF,22,True,True
DLD_FinalDataset_224_spit/train/HEALTHY_LEAF/to_label_2572.jpg,DLD_FinalDataset_224_spit/train/HEALTHY_LEAF/to_label_2573.jpg,2572,2573,train,train,HEALTHY_LEAF,HEALTHY_LEAF,37,True,False
DLD_FinalDataset_224_spit/train/HEALTHY_LEAF/to_label_2573.jpg,DLD_FinalDataset_224_spit/val/HEALTHY_LEAF/to_label_2574.jpg,2573,2574,train,val,HEALTHY_LEAF,HEALTHY_LEAF,27,True,True
DLD_FinalDataset_224_spit/val/HEALTHY_LEAF/to_label_2574.jpg,DLD_FinalDataset_224_spit/train/HEALTHY_LEAF/to_label_2575.jpg,2574,2575,val,train,HEALTHY_LEAF,HEALTHY_LEAF,29,True,True
DLD_FinalDataset_224_spit/train/HEALTHY_LEAF/to_label_2575.jpg,DLD_FinalDataset_224_spit/train/HEALTHY_LEAF/to_label_2576.jpg,2575,2576,train,train,HEALTHY_LEAF,HEALTHY_LEAF,28,True,False
DLD_FinalDataset_224_spit/train/HEALTHY_LEAF/to_label_2576.jpg,DLD_FinalDataset_224_spit/train/HEALTHY_LEAF/to_label_2577.jpg,2576,2577,train,train,HEALTHY_LEAF,HEALTHY_LEAF,33,True,False
DLD_FinalDataset_224_spit/train/HEALTHY_LEAF/to_label_2577.jpg,DLD_FinalDataset_224_spit/train/HEALTHY_LEAF/to_label_2578.jpg,2577,2578,train,train,HEALTHY_LEAF,HEALTHY_LEAF,31,True,False
DLD_FinalDataset_224_spit/train/HEALTHY_LEAF/to_label_2578.jpg,DLD_FinalDataset_224_spit/test/HEALTHY_LEAF/to_label_2579.jpg,2578,2579,train,test,HEALTHY_LEAF,HEALTHY_LEAF,31,True,True
DLD_FinalDataset_224_spit/test/HEALTHY_LEAF/to_label_2579.jpg,DLD_FinalDataset_224_spit/test/HEALTHY_LEAF/to_label_2580.jpg,2579,2580,test,test,HEALTHY_LEAF,HEALTHY_LEAF,32,True,False
DLD_FinalDataset_224_spit/test/HEALTHY_LEAF/to_label_2580.jpg,DLD_FinalDataset_224_spit/train/HEALTHY_LEAF/to_label_2581.jpg,2580,2581,test,train,HEALTHY_LEAF,HEALTHY_LEAF,28,True,True
DLD_FinalDataset_224_spit/train/HEALTHY_LEAF/to_label_2581.jpg,DLD_FinalDataset_224_spit/train/HEALTHY_LEAF/to_label_2582.jpg,2581,2582,train,train,HEALTHY_LEAF,HEALTHY_LEAF,28,True,False
DLD_FinalDataset_224_spit/train/HEALTHY_LEAF/to_label_2582.jpg,DLD_FinalDataset_224_spit/train/HEALTHY_LEAF/to_label_2583.jpg,2582,2583,train,train,HEALTHY_LEAF,HEALTHY_LEAF,32,True,False
DLD_FinalDataset_224_spit/train/HEALTHY_LEAF/to_label_2583.jpg,DLD_FinalDataset_224_spit/train/HEALTHY_LEAF/to_label_2584.jpg,2583,2584,train,train,HEALTHY_LEAF,HEALTHY_LEAF,31,True,False
DLD_FinalDataset_224_spit/train/HEALTHY_LEAF/to_label_2584.jpg,DLD_FinalDataset_224_spit/train/HEALTHY_LEAF/to_label_2585.jpg,2584,2585,train,train,HEALTHY_LEAF,HEALTHY_LEAF,28,True,False
DLD_FinalDataset_224_spit/train/HEALTHY_LEAF/to_label_2585.jpg,DLD_FinalDataset_224_spit/test/HEALTHY_LEAF/to_label_2586.jpg,2585,2586,train,test,HEALTHY_LEAF,HEALTHY_LEAF,25,True,True
DLD_FinalDataset_224_spit/test/HEALTHY_LEAF/to_label_2586.jpg,DLD_FinalDataset_224_spit/train/HEALTHY_LEAF/to_label_2587.jpg,2586,2587,test,train,HEALTHY_LEAF,HEALTHY_LEAF,32,True,True
DLD_FinalDataset_224_spit/train/HEALTHY_LEAF/to_label_2587.jpg,DLD_FinalDataset_224_spit/test/HEALTHY_LEAF/to_label_2588.jpg,2587,2588,train,test,HEALTHY_LEAF,HEALTHY_LEAF,31,True,True
DLD_FinalDataset_224_spit/test/HEALTHY_LEAF/to_label_2588.jpg,DLD_FinalDataset_224_spit/val/HEALTHY_LEAF/to_label_2589.jpg,2588,2589,test,val,HEALTHY_LEAF,HEALTHY_LEAF,22,True,True
DLD_FinalDataset_224_spit/val/HEALTHY_LEAF/to_label_2589.jpg,DLD_FinalDataset_224_spit/train/HEALTHY_LEAF/to_label_2590.jpg,2589,2590,val,train,HEALTHY_LEAF,HEALTHY_LEAF,25,True,True
DLD_FinalDataset_224_spit/train/HEALTHY_LEAF/to_label_2590.jpg,DLD_FinalDataset_224_spit/test/HEALTHY_LEAF/to_label_2591.jpg,2590,2591,train,test,HEALTHY_LEAF,HEALTHY_LEAF,34,True,True
DLD_FinalDataset_224_spit/test/HEALTHY_LEAF/to_label_2591.jpg,DLD_FinalDataset_224_spit/train/HEALTHY_LEAF/to_label_2592.jpg,2591,2592,test,train,HEALTHY_LEAF,HEALTHY_LEAF,36,True,True
DLD_FinalDataset_224_spit/train/HEALTHY_LEAF/to_label_2592.jpg,DLD_FinalDataset_224_spit/test/HEALTHY_LEAF/to_label_2593.jpg,2592,2593,train,test,HEALTHY_LEAF,HEALTHY_LEAF,18,True,True
DLD_FinalDataset_224_spit/test/HEALTHY_LEAF/to_label_2593.jpg,DLD_FinalDataset_224_spit/test/HEALTHY_LEAF/to_label_2594.jpg,2593,2594,test,test,HEALTHY_LEAF,HEALTHY_LEAF,28,True,False
DLD_FinalDataset_224_spit/test/HEALTHY_LEAF/to_label_2594.jpg,DLD_FinalDataset_224_spit/train/HEALTHY_LEAF/to_label_2595.jpg,2594,2595,test,train,HEALTHY_LEAF,HEALTHY_LEAF,38,True,True
DLD_FinalDataset_224_spit/train/HEALTHY_LEAF/to_label_2595.jpg,DLD_FinalDataset_224_spit/train/HEALTHY_LEAF/to_label_2596.jpg,2595,2596,train,train,HEALTHY_LEAF,HEALTHY_LEAF,27,True,False
DLD_FinalDataset_224_spit/train/HEALTHY_LEAF/to_label_2596.jpg,DLD_FinalDataset_224_spit/train/HEALTHY_LEAF/to_label_2597.jpg,2596,2597,train,train,HEALTHY_LEAF,HEALTHY_LEAF,23,True,False
DLD_FinalDataset_224_spit/train/HEALTHY_LEAF/to_label_2597.jpg,DLD_FinalDataset_224_spit/val/HEALTHY_LEAF/to_label_2598.jpg,2597,2598,train,val,HEALTHY_LEAF,HEALTHY_LEAF,40,True,True
DLD_FinalDataset_224_spit/val/HEALTHY_LEAF/to_label_2598.jpg,DLD_FinalDataset_224_spit/train/HEALTHY_LEAF/to_label_2599.jpg,2598,2599,val,train,HEALTHY_LEAF,HEALTHY_LEAF,30,True,True
DLD_FinalDataset_224_spit/train/HEALTHY_LEAF/to_label_2599.jpg,DLD_FinalDataset_224_spit/train/HEALTHY_LEAF/to_label_2600.jpg,2599,2600,train,train,HEALTHY_LEAF,HEALTHY_LEAF,27,True,False
DLD_FinalDataset_224_spit/train/HEALTHY_LEAF/to_label_2600.jpg,DLD_FinalDataset_224_spit/test/HEALTHY_LEAF/to_label_2601.jpg,2600,2601,train,test,HEALTHY_LEAF,HEALTHY_LEAF,24,True,True
DLD_FinalDataset_224_spit/test/HEALTHY_LEAF/to_label_2601.jpg,DLD_FinalDataset_224_spit/train/HEALTHY_LEAF/to_label_2602.jpg,2601,2602,test,train,HEALTHY_LEAF,HEALTHY_LEAF,22,True,True
DLD_FinalDataset_224_spit/train/HEALTHY_LEAF/to_label_2602.jpg,DLD_FinalDataset_224_spit/test/HEALTHY_LEAF/to_label_2603.jpg,2602,2603,train,test,HEALTHY_LEAF,HEALTHY_LEAF,35,True,True
DLD_FinalDataset_224_spit/test/HEALTHY_LEAF/to_label_2603.jpg,DLD_FinalDataset_224_spit/val/HEALTHY_LEAF/to_label_2604.jpg,2603,2604,test,val,HEALTHY_LEAF,HEALTHY_LEAF,34,True,True
DLD_FinalDataset_224_spit/val/HEALTHY_LEAF/to_label_2604.jpg,DLD_FinalDataset_224_spit/test/HEALTHY_LEAF/to_label_2605.jpg,2604,2605,val,test,HEALTHY_LEAF,HEALTHY_LEAF,33,True,True
DLD_FinalDataset_224_spit/test/HEALTHY_LEAF/to_label_2605.jpg,DLD_FinalDataset_224_spit/train/HEALTHY_LEAF/to_label_2606.jpg,2605,2606,test,train,HEALTHY_LEAF,HEALTHY_LEAF,23,True,True
DLD_FinalDataset_224_spit/train/HEALTHY_LEAF/to_label_2606.jpg,DLD_FinalDataset_224_spit/train/HEALTHY_LEAF/to_label_2607.jpg,2606,2607,train,train,HEALTHY_LEAF,HEALTHY_LEAF,21,True,False
DLD_FinalDataset_224_spit/train/HEALTHY_LEAF/to_label_2607.jpg,DLD_FinalDataset_224_spit/train/HEALTHY_LEAF/to_label_2608.jpg,2607,2608,train,train,HEALTHY_LEAF,HEALTHY_LEAF,32,True,False
DLD_FinalDataset_224_spit/train/HEALTHY_LEAF/to_label_2608.jpg,DLD_FinalDataset_224_spit/train/HEALTHY_LEAF/to_label_2609.jpg,2608,2609,train,train,HEALTHY_LEAF,HEALTHY_LEAF,33,True,False
DLD_FinalDataset_224_spit/train/HEALTHY_LEAF/to_label_2609.jpg,DLD_FinalDataset_224_spit/train/HEALTHY_LEAF/to_label_2610.jpg,2609,2610,train,train,HEALTHY_LEAF,HEALTHY_LEAF,33,True,False
DLD_FinalDataset_224_spit/train/HEALTHY_LEAF/to_label_2610.jpg,DLD_FinalDataset_224_spit/train/HEALTHY_LEAF/to_label_2611.jpg,2610,2611,train,train,HEALTHY_LEAF,HEALTHY_LEAF,42,True,False
DLD_FinalDataset_224_spit/train/HEALTHY_LEAF/to_label_2611.jpg,DLD_FinalDataset_224_spit/test/HEALTHY_LEAF/to_label_2612.jpg,2611,2612,train,test,HEALTHY_LEAF,HEALTHY_LEAF,32,True,True
DLD_FinalDataset_224_spit/test/HEALTHY_LEAF/to_label_2612.jpg,DLD_FinalDataset_224_spit/train/HEALTHY_LEAF/to_label_2613.jpg,2612,2613,test,train,HEALTHY_LEAF,HEALTHY_LEAF,38,True,True
DLD_FinalDataset_224_spit/train/HEALTHY_LEAF/to_label_2613.jpg,DLD_FinalDataset_224_spit/train/HEALTHY_LEAF/to_label_2614.jpg,2613,2614,train,train,HEALTHY_LEAF,HEALTHY_LEAF,40,True,False
DLD_FinalDataset_224_spit/train/HEALTHY_LEAF/to_label_2614.jpg,DLD_FinalDataset_224_spit/train/HEALTHY_LEAF/to_label_2615.jpg,2614,2615,train,train,HEALTHY_LEAF,HEALTHY_LEAF,33,True,False
DLD_FinalDataset_224_spit/train/HEALTHY_LEAF/to_label_2615.jpg,DLD_FinalDataset_224_spit/train/HEALTHY_LEAF/to_label_2616.jpg,2615,2616,train,train,HEALTHY_LEAF,HEALTHY_LEAF,22,True,False
DLD_FinalDataset_224_spit/train/HEALTHY_LEAF/to_label_2616.jpg,DLD_FinalDataset_224_spit/train/HEALTHY_LEAF/to_label_2617.jpg,2616,2617,train,train,HEALTHY_LEAF,HEALTHY_LEAF,23,True,False
DLD_FinalDataset_224_spit/train/HEALTHY_LEAF/to_label_2617.jpg,DLD_FinalDataset_224_spit/train/HEALTHY_LEAF/to_label_2618.jpg,2617,2618,train,train,HEALTHY_LEAF,HEALTHY_LEAF,30,True,False
DLD_FinalDataset_224_spit/train/HEALTHY_LEAF/to_label_2618.jpg,DLD_FinalDataset_224_spit/train/HEALTHY_LEAF/to_label_2619.jpg,2618,2619,train,train,HEALTHY_LEAF,HEALTHY_LEAF,34,True,False
DLD_FinalDataset_224_spit/train/HEALTHY_LEAF/to_label_2619.jpg,DLD_FinalDataset_224_spit/train/HEALTHY_LEAF/to_label_2620.jpg,2619,2620,train,train,HEALTHY_LEAF,HEALTHY_LEAF,25,True,False
DLD_FinalDataset_224_spit/train/HEALTHY_LEAF/to_label_2620.jpg,DLD_FinalDataset_224_spit/test/HEALTHY_LEAF/to_label_2621.jpg,2620,2621,train,test,HEALTHY_LEAF,HEALTHY_LEAF,33,True,True
DLD_FinalDataset_224_spit/test/HEALTHY_LEAF/to_label_2621.jpg,DLD_FinalDataset_224_spit/test/HEALTHY_LEAF/to_label_2622.jpg,2621,2622,test,test,HEALTHY_LEAF,HEALTHY_LEAF,28,True,False
DLD_FinalDataset_224_spit/test/HEALTHY_LEAF/to_label_2622.jpg,DLD_FinalDataset_224_spit/train/HEALTHY_LEAF/to_label_2623.jpg,2622,2623,test,train,HEALTHY_LEAF,HEALTHY_LEAF,29,True,True
DLD_FinalDataset_224_spit/train/HEALTHY_LEAF/to_label_2623.jpg,DLD_FinalDataset_224_spit/train/HEALTHY_LEAF/to_label_2624.jpg,2623,2624,train,train,HEALTHY_LEAF,HEALTHY_LEAF,17,True,False
DLD_FinalDataset_224_spit/train/HEALTHY_LEAF/to_label_2624.jpg,DLD_FinalDataset_224_spit/val/HEALTHY_LEAF/to_label_2625.jpg,2624,2625,train,val,HEALTHY_LEAF,HEALTHY_LEAF,23,True,True
DLD_FinalDataset_224_spit/val/HEALTHY_LEAF/to_label_2625.jpg,DLD_FinalDataset_224_spit/train/HEALTHY_LEAF/to_label_2626.jpg,2625,2626,val,train,HEALTHY_LEAF,HEALTHY_LEAF,34,True,True
DLD_FinalDataset_224_spit/train/HEALTHY_LEAF/to_label_2626.jpg,DLD_FinalDataset_224_spit/train/HEALTHY_LEAF/to_label_2627.jpg,2626,2627,train,train,HEALTHY_LEAF,HEALTHY_LEAF,35,True,False
DLD_FinalDataset_224_spit/train/HEALTHY_LEAF/to_label_2627.jpg,DLD_FinalDataset_224_spit/val/HEALTHY_LEAF/to_label_2628.jpg,2627,2628,train,val,HEALTHY_LEAF,HEALTHY_LEAF,28,True,True
DLD_FinalDataset_224_spit/val/HEALTHY_LEAF/to_label_2628.jpg,DLD_FinalDataset_224_spit/train/HEALTHY_LEAF/to_label_2629.jpg,2628,2629,val,train,HEALTHY_LEAF,HEALTHY_LEAF,29,True,True
DLD_FinalDataset_224_spit/train/HEALTHY_LEAF/to_label_2629.jpg,DLD_FinalDataset_224_spit/train/HEALTHY_LEAF/to_label_2630.jpg,2629,2630,train,train,HEALTHY_LEAF,HEALTHY_LEAF,27,True,False
DLD_FinalDataset_224_spit/train/HEALTHY_LEAF/to_label_2630.jpg,DLD_FinalDataset_224_spit/train/HEALTHY_LEAF/to_label_2631.jpg,2630,2631,train,train,HEALTHY_LEAF,HEALTHY_LEAF,37,True,False
DLD_FinalDataset_224_spit/train/HEALTHY_LEAF/to_label_2631.jpg,DLD_FinalDataset_224_spit/train/HEALTHY_LEAF/to_label_2632.jpg,2631,2632,train,train,HEALTHY_LEAF,HEALTHY_LEAF,30,True,False
DLD_FinalDataset_224_spit/train/HEALTHY_LEAF/to_label_2632.jpg,DLD_FinalDataset_224_spit/train/HEALTHY_LEAF/to_label_2633.jpg,2632,2633,train,train,HEALTHY_LEAF,HEALTHY_LEAF,29,True,False
DLD_FinalDataset_224_spit/train/HEALTHY_LEAF/to_label_2633.jpg,DLD_FinalDataset_224_spit/test/HEALTHY_LEAF/to_label_2634.jpg,2633,2634,train,test,HEALTHY_LEAF,HEALTHY_LEAF,28,True,True
DLD_FinalDataset_224_spit/test/HEALTHY_LEAF/to_label_2634.jpg,DLD_FinalDataset_224_spit/test/HEALTHY_LEAF/to_label_2635.jpg,2634,2635,test,test,HEALTHY_LEAF,HEALTHY_LEAF,28,True,False
DLD_FinalDataset_224_spit/test/HEALTHY_LEAF/to_label_2635.jpg,DLD_FinalDataset_224_spit/val/HEALTHY_LEAF/to_label_2636.jpg,2635,2636,test,val,HEALTHY_LEAF,HEALTHY_LEAF,21,True,True
DLD_FinalDataset_224_spit/val/HEALTHY_LEAF/to_label_2636.jpg,DLD_FinalDataset_224_spit/train/HEALTHY_LEAF/to_label_2637.jpg,2636,2637,val,train,HEALTHY_LEAF,HEALTHY_LEAF,38,True,True
DLD_FinalDataset_224_spit/train/HEALTHY_LEAF/to_label_2637.jpg,DLD_FinalDataset_224_spit/train/HEALTHY_LEAF/to_label_2638.jpg,2637,2638,train,train,HEALTHY_LEAF,HEALTHY_LEAF,29,True,False
DLD_FinalDataset_224_spit/train/HEALTHY_LEAF/to_label_2638.jpg,DLD_FinalDataset_224_spit/train/HEALTHY_LEAF/to_label_2639.jpg,2638,2639,train,train,HEALTHY_LEAF,HEALTHY_LEAF,26,True,False
DLD_FinalDataset_224_spit/train/HEALTHY_LEAF/to_label_2639.jpg,DLD_FinalDataset_224_spit/train/HEALTHY_LEAF/to_label_2640.jpg,2639,2640,train,train,HEALTHY_LEAF,HEALTHY_LEAF,31,True,False
DLD_FinalDataset_224_spit/train/HEALTHY_LEAF/to_label_2640.jpg,DLD_FinalDataset_224_spit/test/HEALTHY_LEAF/to_label_2641.jpg,2640,2641,train,test,HEALTHY_LEAF,HEALTHY_LEAF,27,True,True
DLD_FinalDataset_224_spit/test/HEALTHY_LEAF/to_label_2641.jpg,DLD_FinalDataset_224_spit/train/HEALTHY_LEAF/to_label_2642.jpg,2641,2642,test,train,HEALTHY_LEAF,HEALTHY_LEAF,33,True,True
DLD_FinalDataset_224_spit/train/HEALTHY_LEAF/to_label_2642.jpg,DLD_FinalDataset_224_spit/train/HEALTHY_LEAF/to_label_2643.jpg,2642,2643,train,train,HEALTHY_LEAF,HEALTHY_LEAF,29,True,False
DLD_FinalDataset_224_spit/train/HEALTHY_LEAF/to_label_2643.jpg,DLD_FinalDataset_224_spit/train/HEALTHY_LEAF/to_label_2644.jpg,2643,2644,train,train,HEALTHY_LEAF,HEALTHY_LEAF,34,True,False
DLD_FinalDataset_224_spit/train/HEALTHY_LEAF/to_label_2644.jpg,DLD_FinalDataset_224_spit/train/HEALTHY_LEAF/to_label_2645.jpg,2644,2645,train,train,HEALTHY_LEAF,HEALTHY_LEAF,43,True,False
DLD_FinalDataset_224_spit/train/HEALTHY_LEAF/to_label_2645.jpg,DLD_FinalDataset_224_spit/test/HEALTHY_LEAF/to_label_2646.jpg,2645,2646,train,test,HEALTHY_LEAF,HEALTHY_LEAF,32,True,True
DLD_FinalDataset_224_spit/test/HEALTHY_LEAF/to_label_2646.jpg,DLD_FinalDataset_224_spit/train/HEALTHY_LEAF/to_label_2647.jpg,2646,2647,test,train,HEALTHY_LEAF,HEALTHY_LEAF,26,True,True
DLD_FinalDataset_224_spit/train/HEALTHY_LEAF/to_label_2647.jpg,DLD_FinalDataset_224_spit/test/HEALTHY_LEAF/to_label_2648.jpg,2647,2648,train,test,HEALTHY_LEAF,HEALTHY_LEAF,30,True,True
DLD_FinalDataset_224_spit/test/HEALTHY_LEAF/to_label_2648.jpg,DLD_FinalDataset_224_spit/train/HEALTHY_LEAF/to_label_2649.jpg,2648,2649,test,train,HEALTHY_LEAF,HEALTHY_LEAF,30,True,True
DLD_FinalDataset_224_spit/train/HEALTHY_LEAF/to_label_2649.jpg,DLD_FinalDataset_224_spit/train/HEALTHY_LEAF/to_label_2650.jpg,2649,2650,train,train,HEALTHY_LEAF,HEALTHY_LEAF,31,True,False
DLD_FinalDataset_224_spit/train/HEALTHY_LEAF/to_label_2650.jpg,DLD_FinalDataset_224_spit/train/HEALTHY_LEAF/to_label_2651.jpg,2650,2651,train,train,HEALTHY_LEAF,HEALTHY_LEAF,33,True,False
DLD_FinalDataset_224_spit/train/HEALTHY_LEAF/to_label_2651.jpg,DLD_FinalDataset_224_spit/train/HEALTHY_LEAF/to_label_2652.jpg,2651,2652,train,train,HEALTHY_LEAF,HEALTHY_LEAF,36,True,False
DLD_FinalDataset_224_spit/train/HEALTHY_LEAF/to_label_2652.jpg,DLD_FinalDataset_224_spit/train/HEALTHY_LEAF/to_label_2653.jpg,2652,2653,train,train,HEALTHY_LEAF,HEALTHY_LEAF,39,True,False
DLD_FinalDataset_224_spit/train/HEALTHY_LEAF/to_label_2653.jpg,DLD_FinalDataset_224_spit/train/HEALTHY_LEAF/to_label_2654.jpg,2653,2654,train,train,HEALTHY_LEAF,HEALTHY_LEAF,40,True,False
DLD_FinalDataset_224_spit/train/HEALTHY_LEAF/to_label_2654.jpg,DLD_FinalDataset_224_spit/train/HEALTHY_LEAF/to_label_2655.jpg,2654,2655,train,train,HEALTHY_LEAF,HEALTHY_LEAF,35,True,False
DLD_FinalDataset_224_spit/train/HEALTHY_LEAF/to_label_2655.jpg,DLD_FinalDataset_224_spit/train/HEALTHY_LEAF/to_label_2656.jpg,2655,2656,train,train,HEALTHY_LEAF,HEALTHY_LEAF,36,True,False
DLD_FinalDataset_224_spit/train/HEALTHY_LEAF/to_label_2656.jpg,DLD_FinalDataset_224_spit/train/HEALTHY_LEAF/to_label_2657.jpg,2656,2657,train,train,HEALTHY_LEAF,HEALTHY_LEAF,36,True,False
DLD_FinalDataset_224_spit/train/HEALTHY_LEAF/to_label_2657.jpg,DLD_FinalDataset_224_spit/train/HEALTHY_LEAF/to_label_2658.jpg,2657,2658,train,train,HEALTHY_LEAF,HEALTHY_LEAF,26,True,False
DLD_FinalDataset_224_spit/train/HEALTHY_LEAF/to_label_2658.jpg,DLD_FinalDataset_224_spit/test/HEALTHY_LEAF/to_label_2659.jpg,2658,2659,train,test,HEALTHY_LEAF,HEALTHY_LEAF,30,True,True
DLD_FinalDataset_224_spit/test/HEALTHY_LEAF/to_label_2659.jpg,DLD_FinalDataset_224_spit/test/HEALTHY_LEAF/to_label_2660.jpg,2659,2660,test,test,HEALTHY_LEAF,HEALTHY_LEAF,27,True,False
DLD_FinalDataset_224_spit/test/HEALTHY_LEAF/to_label_2660.jpg,DLD_FinalDataset_224_spit/test/HEALTHY_LEAF/to_label_2661.jpg,2660,2661,test,test,HEALTHY_LEAF,HEALTHY_LEAF,27,True,False
DLD_FinalDataset_224_spit/test/HEALTHY_LEAF/to_label_2661.jpg,DLD_FinalDataset_224_spit/train/HEALTHY_LEAF/to_label_2662.jpg,2661,2662,test,train,HEALTHY_LEAF,HEALTHY_LEAF,32,True,True
DLD_FinalDataset_224_spit/train/HEALTHY_LEAF/to_label_2662.jpg,DLD_FinalDataset_224_spit/test/HEALTHY_LEAF/to_label_2663.jpg,2662,2663,train,test,HEALTHY_LEAF,HEALTHY_LEAF,32,True,True
DLD_FinalDataset_224_spit/test/HEALTHY_LEAF/to_label_2663.jpg,DLD_FinalDataset_224_spit/test/HEALTHY_LEAF/to_label_2664.jpg,2663,2664,test,test,HEALTHY_LEAF,HEALTHY_LEAF,26,True,False
DLD_FinalDataset_224_spit/test/HEALTHY_LEAF/to_label_2664.jpg,DLD_FinalDataset_224_spit/test/HEALTHY_LEAF/to_label_2665.jpg,2664,2665,test,test,HEALTHY_LEAF,HEALTHY_LEAF,32,True,False
DLD_FinalDataset_224_spit/test/HEALTHY_LEAF/to_label_2665.jpg,DLD_FinalDataset_224_spit/train/HEALTHY_LEAF/to_label_2666.jpg,2665,2666,test,train,HEALTHY_LEAF,HEALTHY_LEAF,30,True,True
DLD_FinalDataset_224_spit/train/HEALTHY_LEAF/to_label_2666.jpg,DLD_FinalDataset_224_spit/train/HEALTHY_LEAF/to_label_2667.jpg,2666,2667,train,train,HEALTHY_LEAF,HEALTHY_LEAF,30,True,False
DLD_FinalDataset_224_spit/train/HEALTHY_LEAF/to_label_2667.jpg,DLD_FinalDataset_224_spit/train/HEALTHY_LEAF/to_label_2668.jpg,2667,2668,train,train,HEALTHY_LEAF,HEALTHY_LEAF,34,True,False
DLD_FinalDataset_224_spit/train/HEALTHY_LEAF/to_label_2668.jpg,DLD_FinalDataset_224_spit/train/HEALTHY_LEAF/to_label_2669.jpg,2668,2669,train,train,HEALTHY_LEAF,HEALTHY_LEAF,28,True,False
DLD_FinalDataset_224_spit/train/HEALTHY_LEAF/to_label_2669.jpg,DLD_FinalDataset_224_spit/train/HEALTHY_LEAF/to_label_2670.jpg,2669,2670,train,train,HEALTHY_LEAF,HEALTHY_LEAF,28,True,False
DLD_FinalDataset_224_spit/train/HEALTHY_LEAF/to_label_2670.jpg,DLD_FinalDataset_224_spit/test/HEALTHY_LEAF/to_label_2671.jpg,2670,2671,train,test,HEALTHY_LEAF,HEALTHY_LEAF,38,True,True
DLD_FinalDataset_224_spit/test/HEALTHY_LEAF/to_label_2671.jpg,DLD_FinalDataset_224_spit/train/HEALTHY_LEAF/to_label_2672.jpg,2671,2672,test,train,HEALTHY_LEAF,HEALTHY_LEAF,36,True,True
DLD_FinalDataset_224_spit/train/HEALTHY_LEAF/to_label_2672.jpg,DLD_FinalDataset_224_spit/train/HEALTHY_LEAF/to_label_2673.jpg,2672,2673,train,train,HEALTHY_LEAF,HEALTHY_LEAF,34,True,False
DLD_FinalDataset_224_spit/train/HEALTHY_LEAF/to_label_2673.jpg,DLD_FinalDataset_224_spit/train/HEALTHY_LEAF/to_label_2674.jpg,2673,2674,train,train,HEALTHY_LEAF,HEALTHY_LEAF,42,True,False
DLD_FinalDataset_224_spit/train/HEALTHY_LEAF/to_label_2674.jpg,DLD_FinalDataset_224_spit/test/HEALTHY_LEAF/to_label_2675.jpg,2674,2675,train,test,HEALTHY_LEAF,HEALTHY_LEAF,23,True,True
DLD_FinalDataset_224_spit/test/HEALTHY_LEAF/to_label_2675.jpg,DLD_FinalDataset_224_spit/train/HEALTHY_LEAF/to_label_2676.jpg,2675,2676,test,train,HEALTHY_LEAF,HEALTHY_LEAF,32,True,True
DLD_FinalDataset_224_spit/train/HEALTHY_LEAF/to_label_2676.jpg,DLD_FinalDataset_224_spit/test/HEALTHY_LEAF/to_label_2677.jpg,2676,2677,train,test,HEALTHY_LEAF,HEALTHY_LEAF,28,True,True
DLD_FinalDataset_224_spit/test/HEALTHY_LEAF/to_label_2677.jpg,DLD_FinalDataset_224_spit/train/HEALTHY_LEAF/to_label_2678.jpg,2677,2678,test,train,HEALTHY_LEAF,HEALTHY_LEAF,27,True,True
DLD_FinalDataset_224_spit/train/HEALTHY_LEAF/to_label_2678.jpg,DLD_FinalDataset_224_spit/val/HEALTHY_LEAF/to_label_2679.jpg,2678,2679,train,val,HEALTHY_LEAF,HEALTHY_LEAF,32,True,True
DLD_FinalDataset_224_spit/val/HEALTHY_LEAF/to_label_2679.jpg,DLD_FinalDataset_224_spit/test/HEALTHY_LEAF/to_label_2680.jpg,2679,2680,val,test,HEALTHY_LEAF,HEALTHY_LEAF,38,True,True
DLD_FinalDataset_224_spit/test/HEALTHY_LEAF/to_label_2680.jpg,DLD_FinalDataset_224_spit/test/HEALTHY_LEAF/to_label_2681.jpg,2680,2681,test,test,HEALTHY_LEAF,HEALTHY_LEAF,28,True,False
DLD_FinalDataset_224_spit/test/HEALTHY_LEAF/to_label_2681.jpg,DLD_FinalDataset_224_spit/train/HEALTHY_LEAF/to_label_2682.jpg,2681,2682,test,train,HEALTHY_LEAF,HEALTHY_LEAF,28,True,True
DLD_FinalDataset_224_spit/train/HEALTHY_LEAF/to_label_2682.jpg,DLD_FinalDataset_224_spit/train/HEALTHY_LEAF/to_label_2683.jpg,2682,2683,train,train,HEALTHY_LEAF,HEALTHY_LEAF,4,True,False
DLD_FinalDataset_224_spit/train/HEALTHY_LEAF/to_label_2683.jpg,DLD_FinalDataset_224_spit/test/HEALTHY_LEAF/to_label_2684.jpg,2683,2684,train,test,HEALTHY_LEAF,HEALTHY_LEAF,32,True,True
DLD_FinalDataset_224_spit/test/HEALTHY_LEAF/to_label_2684.jpg,DLD_FinalDataset_224_spit/train/HEALTHY_LEAF/to_label_2685.jpg,2684,2685,test,train,HEALTHY_LEAF,HEALTHY_LEAF,34,True,True
DLD_FinalDataset_224_spit/train/HEALTHY_LEAF/to_label_2685.jpg,DLD_FinalDataset_224_spit/train/LEAF_BLIGHT/to_label_2686.jpg,2685,2686,train,train,HEALTHY_LEAF,LEAF_BLIGHT,34,False,False
DLD_FinalDataset_224_spit/train/LEAF_BLIGHT/to_label_2686.jpg,DLD_FinalDataset_224_spit/train/LEAF_BLIGHT/to_label_2687.jpg,2686,2687,train,train,LEAF_BLIGHT,LEAF_BLIGHT,34,True,False
DLD_FinalDataset_224_spit/train/LEAF_BLIGHT/to_label_2687.jpg,DLD_FinalDataset_224_spit/test/LEAF_BLIGHT/to_label_2688.jpg,2687,2688,train,test,LEAF_BLIGHT,LEAF_BLIGHT,33,True,True
DLD_FinalDataset_224_spit/test/LEAF_BLIGHT/to_label_2688.jpg,DLD_FinalDataset_224_spit/train/LEAF_BLIGHT/to_label_2689.jpg,2688,2689,test,train,LEAF_BLIGHT,LEAF_BLIGHT,27,True,True
DLD_FinalDataset_224_spit/train/LEAF_BLIGHT/to_label_2689.jpg,DLD_FinalDataset_224_spit/train/LEAF_BLIGHT/to_label_2690.jpg,2689,2690,train,train,LEAF_BLIGHT,LEAF_BLIGHT,32,True,False
DLD_FinalDataset_224_spit/train/LEAF_BLIGHT/to_label_2690.jpg,DLD_FinalDataset_224_spit/val/LEAF_BLIGHT/to_label_2691.jpg,2690,2691,train,val,LEAF_BLIGHT,LEAF_BLIGHT,36,True,True
DLD_FinalDataset_224_spit/val/LEAF_BLIGHT/to_label_2691.jpg,DLD_FinalDataset_224_spit/train/LEAF_BLIGHT/to_label_2692.jpg,2691,2692,val,train,LEAF_BLIGHT,LEAF_BLIGHT,21,True,True
DLD_FinalDataset_224_spit/train/LEAF_BLIGHT/to_label_2692.jpg,DLD_FinalDataset_224_spit/val/LEAF_BLIGHT/to_label_2693.jpg,2692,2693,train,val,LEAF_BLIGHT,LEAF_BLIGHT,36,True,True
DLD_FinalDataset_224_spit/val/LEAF_BLIGHT/to_label_2693.jpg,DLD_FinalDataset_224_spit/train/LEAF_BLIGHT/to_label_2694.jpg,2693,2694,val,train,LEAF_BLIGHT,LEAF_BLIGHT,27,True,True
DLD_FinalDataset_224_spit/train/LEAF_BLIGHT/to_label_2694.jpg,DLD_FinalDataset_224_spit/train/LEAF_BLIGHT/to_label_2695.jpg,2694,2695,train,train,LEAF_BLIGHT,LEAF_BLIGHT,30,True,False
DLD_FinalDataset_224_spit/train/LEAF_BLIGHT/to_label_2695.jpg,DLD_FinalDataset_224_spit/test/LEAF_BLIGHT/to_label_2696.jpg,2695,2696,train,test,LEAF_BLIGHT,LEAF_BLIGHT,32,True,True
DLD_FinalDataset_224_spit/test/LEAF_BLIGHT/to_label_2696.jpg,DLD_FinalDataset_224_spit/train/LEAF_BLIGHT/to_label_2697.jpg,2696,2697,test,train,LEAF_BLIGHT,LEAF_BLIGHT,27,True,True
DLD_FinalDataset_224_spit/train/LEAF_BLIGHT/to_label_2697.jpg,DLD_FinalDataset_224_spit/train/LEAF_BLIGHT/to_label_2698.jpg,2697,2698,train,train,LEAF_BLIGHT,LEAF_BLIGHT,32,True,False
DLD_FinalDataset_224_spit/train/LEAF_BLIGHT/to_label_2698.jpg,DLD_FinalDataset_224_spit/train/LEAF_BLIGHT/to_label_2699.jpg,2698,2699,train,train,LEAF_BLIGHT,LEAF_BLIGHT,33,True,False
DLD_FinalDataset_224_spit/train/LEAF_BLIGHT/to_label_2699.jpg,DLD_FinalDataset_224_spit/train/LEAF_BLIGHT/to_label_2700.jpg,2699,2700,train,train,LEAF_BLIGHT,LEAF_BLIGHT,32,True,False
DLD_FinalDataset_224_spit/train/LEAF_BLIGHT/to_label_2700.jpg,DLD_FinalDataset_224_spit/train/LEAF_BLIGHT/to_label_2701.jpg,2700,2701,train,train,LEAF_BLIGHT,LEAF_BLIGHT,29,True,False
DLD_FinalDataset_224_spit/train/LEAF_BLIGHT/to_label_2701.jpg,DLD_FinalDataset_224_spit/train/LEAF_BLIGHT/to_label_2702.jpg,2701,2702,train,train,LEAF_BLIGHT,LEAF_BLIGHT,32,True,False
DLD_FinalDataset_224_spit/train/LEAF_BLIGHT/to_label_2702.jpg,DLD_FinalDataset_224_spit/train/LEAF_BLIGHT/to_label_2703.jpg,2702,2703,train,train,LEAF_BLIGHT,LEAF_BLIGHT,34,True,False
DLD_FinalDataset_224_spit/train/LEAF_BLIGHT/to_label_2703.jpg,DLD_FinalDataset_224_spit/train/LEAF_BLIGHT/to_label_2704.jpg,2703,2704,train,train,LEAF_BLIGHT,LEAF_BLIGHT,27,True,False
DLD_FinalDataset_224_spit/train/LEAF_BLIGHT/to_label_2704.jpg,DLD_FinalDataset_224_spit/train/LEAF_BLIGHT/to_label_2705.jpg,2704,2705,train,train,LEAF_BLIGHT,LEAF_BLIGHT,39,True,False
DLD_FinalDataset_224_spit/train/LEAF_BLIGHT/to_label_2705.jpg,DLD_FinalDataset_224_spit/train/LEAF_BLIGHT/to_label_2706.jpg,2705,2706,train,train,LEAF_BLIGHT,LEAF_BLIGHT,28,True,False
DLD_FinalDataset_224_spit/train/LEAF_BLIGHT/to_label_2706.jpg,DLD_FinalDataset_224_spit/train/LEAF_BLIGHT/to_label_2707.jpg,2706,2707,train,train,LEAF_BLIGHT,LEAF_BLIGHT,33,True,False
DLD_FinalDataset_224_spit/train/LEAF_BLIGHT/to_label_2707.jpg,DLD_FinalDataset_224_spit/train/LEAF_BLIGHT/to_label_2708.jpg,2707,2708,train,train,LEAF_BLIGHT,LEAF_BLIGHT,35,True,False
DLD_FinalDataset_224_spit/train/LEAF_BLIGHT/to_label_2708.jpg,DLD_FinalDataset_224_spit/val/LEAF_BLIGHT/to_label_2709.jpg,2708,2709,train,val,LEAF_BLIGHT,LEAF_BLIGHT,31,True,True
DLD_FinalDataset_224_spit/val/LEAF_BLIGHT/to_label_2709.jpg,DLD_FinalDataset_224_spit/train/LEAF_BLIGHT/to_label_2710.jpg,2709,2710,val,train,LEAF_BLIGHT,LEAF_BLIGHT,39,True,True
DLD_FinalDataset_224_spit/train/LEAF_BLIGHT/to_label_2710.jpg,DLD_FinalDataset_224_spit/val/LEAF_BLIGHT/to_label_2711.jpg,2710,2711,train,val,LEAF_BLIGHT,LEAF_BLIGHT,27,True,True
DLD_FinalDataset_224_spit/val/LEAF_BLIGHT/to_label_2711.jpg,DLD_FinalDataset_224_spit/train/LEAF_BLIGHT/to_label_2712.jpg,2711,2712,val,train,LEAF_BLIGHT,LEAF_BLIGHT,29,True,True
DLD_FinalDataset_224_spit/train/LEAF_BLIGHT/to_label_2712.jpg,DLD_FinalDataset_224_spit/train/LEAF_BLIGHT/to_label_2713.jpg,2712,2713,train,train,LEAF_BLIGHT,LEAF_BLIGHT,34,True,False
DLD_FinalDataset_224_spit/train/LEAF_BLIGHT/to_label_2713.jpg,DLD_FinalDataset_224_spit/train/LEAF_BLIGHT/to_label_2714.jpg,2713,2714,train,train,LEAF_BLIGHT,LEAF_BLIGHT,32,True,False
DLD_FinalDataset_224_spit/train/LEAF_BLIGHT/to_label_2714.jpg,DLD_FinalDataset_224_spit/test/LEAF_BLIGHT/to_label_2715.jpg,2714,2715,train,test,LEAF_BLIGHT,LEAF_BLIGHT,36,True,True
DLD_FinalDataset_224_spit/test/LEAF_BLIGHT/to_label_2715.jpg,DLD_FinalDataset_224_spit/val/LEAF_BLIGHT/to_label_2716.jpg,2715,2716,test,val,LEAF_BLIGHT,LEAF_BLIGHT,36,True,True
DLD_FinalDataset_224_spit/val/LEAF_BLIGHT/to_label_2716.jpg,DLD_FinalDataset_224_spit/val/LEAF_BLIGHT/to_label_2717.jpg,2716,2717,val,val,LEAF_BLIGHT,LEAF_BLIGHT,29,True,False
DLD_FinalDataset_224_spit/val/LEAF_BLIGHT/to_label_2717.jpg,DLD_FinalDataset_224_spit/train/LEAF_BLIGHT/to_label_2718.jpg,2717,2718,val,train,LEAF_BLIGHT,LEAF_BLIGHT,32,True,True
DLD_FinalDataset_224_spit/train/LEAF_BLIGHT/to_label_2718.jpg,DLD_FinalDataset_224_spit/test/LEAF_BLIGHT/to_label_2719.jpg,2718,2719,train,test,LEAF_BLIGHT,LEAF_BLIGHT,37,True,True
DLD_FinalDataset_224_spit/test/LEAF_BLIGHT/to_label_2719.jpg,DLD_FinalDataset_224_spit/train/LEAF_BLIGHT/to_label_2720.jpg,2719,2720,test,train,LEAF_BLIGHT,LEAF_BLIGHT,30,True,True
DLD_FinalDataset_224_spit/train/LEAF_BLIGHT/to_label_2720.jpg,DLD_FinalDataset_224_spit/train/LEAF_BLIGHT/to_label_2721.jpg,2720,2721,train,train,LEAF_BLIGHT,LEAF_BLIGHT,31,True,False
DLD_FinalDataset_224_spit/train/LEAF_BLIGHT/to_label_2721.jpg,DLD_FinalDataset_224_spit/train/LEAF_BLIGHT/to_label_2722.jpg,2721,2722,train,train,LEAF_BLIGHT,LEAF_BLIGHT,34,True,False
DLD_FinalDataset_224_spit/train/LEAF_BLIGHT/to_label_2722.jpg,DLD_FinalDataset_224_spit/train/LEAF_BLIGHT/to_label_2723.jpg,2722,2723,train,train,LEAF_BLIGHT,LEAF_BLIGHT,30,True,False
DLD_FinalDataset_224_spit/train/LEAF_BLIGHT/to_label_2723.jpg,DLD_FinalDataset_224_spit/train/LEAF_BLIGHT/to_label_2724.jpg,2723,2724,train,train,LEAF_BLIGHT,LEAF_BLIGHT,32,True,False
DLD_FinalDataset_224_spit/train/LEAF_BLIGHT/to_label_2724.jpg,DLD_FinalDataset_224_spit/test/LEAF_BLIGHT/to_label_2725.jpg,2724,2725,train,test,LEAF_BLIGHT,LEAF_BLIGHT,31,True,True
DLD_FinalDataset_224_spit/test/LEAF_BLIGHT/to_label_2725.jpg,DLD_FinalDataset_224_spit/train/LEAF_BLIGHT/to_label_2726.jpg,2725,2726,test,train,LEAF_BLIGHT,LEAF_BLIGHT,28,True,True
DLD_FinalDataset_224_spit/train/LEAF_BLIGHT/to_label_2726.jpg,DLD_FinalDataset_224_spit/train/LEAF_BLIGHT/to_label_2727.jpg,2726,2727,train,train,LEAF_BLIGHT,LEAF_BLIGHT,27,True,False
DLD_FinalDataset_224_spit/train/LEAF_BLIGHT/to_label_2727.jpg,DLD_FinalDataset_224_spit/train/LEAF_BLIGHT/to_label_2728.jpg,2727,2728,train,train,LEAF_BLIGHT,LEAF_BLIGHT,36,True,False
DLD_FinalDataset_224_spit/train/LEAF_BLIGHT/to_label_2728.jpg,DLD_FinalDataset_224_spit/train/LEAF_BLIGHT/to_label_2729.jpg,2728,2729,train,train,LEAF_BLIGHT,LEAF_BLIGHT,37,True,False
DLD_FinalDataset_224_spit/train/LEAF_BLIGHT/to_label_2729.jpg,DLD_FinalDataset_224_spit/test/LEAF_BLIGHT/to_label_2730.jpg,2729,2730,train,test,LEAF_BLIGHT,LEAF_BLIGHT,36,True,True
DLD_FinalDataset_224_spit/test/LEAF_BLIGHT/to_label_2730.jpg,DLD_FinalDataset_224_spit/train/LEAF_BLIGHT/to_label_2731.jpg,2730,2731,test,train,LEAF_BLIGHT,LEAF_BLIGHT,38,True,True
DLD_FinalDataset_224_spit/train/LEAF_BLIGHT/to_label_2731.jpg,DLD_FinalDataset_224_spit/train/LEAF_BLIGHT/to_label_2732.jpg,2731,2732,train,train,LEAF_BLIGHT,LEAF_BLIGHT,32,True,False
DLD_FinalDataset_224_spit/train/LEAF_BLIGHT/to_label_2732.jpg,DLD_FinalDataset_224_spit/train/LEAF_BLIGHT/to_label_2733.jpg,2732,2733,train,train,LEAF_BLIGHT,LEAF_BLIGHT,35,True,False
DLD_FinalDataset_224_spit/train/LEAF_BLIGHT/to_label_2733.jpg,DLD_FinalDataset_224_spit/train/LEAF_BLIGHT/to_label_2734.jpg,2733,2734,train,train,LEAF_BLIGHT,LEAF_BLIGHT,32,True,False
DLD_FinalDataset_224_spit/train/LEAF_BLIGHT/to_label_2734.jpg,DLD_FinalDataset_224_spit/test/LEAF_BLIGHT/to_label_2735.jpg,2734,2735,train,test,LEAF_BLIGHT,LEAF_BLIGHT,23,True,True
DLD_FinalDataset_224_spit/test/LEAF_BLIGHT/to_label_2735.jpg,DLD_FinalDataset_224_spit/train/LEAF_BLIGHT/to_label_2736.jpg,2735,2736,test,train,LEAF_BLIGHT,LEAF_BLIGHT,29,True,True
DLD_FinalDataset_224_spit/train/LEAF_BLIGHT/to_label_2736.jpg,DLD_FinalDataset_224_spit/train/LEAF_BLIGHT/to_label_2737.jpg,2736,2737,train,train,LEAF_BLIGHT,LEAF_BLIGHT,31,True,False
DLD_FinalDataset_224_spit/train/LEAF_BLIGHT/to_label_2737.jpg,DLD_FinalDataset_224_spit/train/LEAF_BLIGHT/to_label_2738.jpg,2737,2738,train,train,LEAF_BLIGHT,LEAF_BLIGHT,32,True,False
DLD_FinalDataset_224_spit/train/LEAF_BLIGHT/to_label_2738.jpg,DLD_FinalDataset_224_spit/train/LEAF_BLIGHT/to_label_2739.jpg,2738,2739,train,train,LEAF_BLIGHT,LEAF_BLIGHT,32,True,False
DLD_FinalDataset_224_spit/train/LEAF_BLIGHT/to_label_2739.jpg,DLD_FinalDataset_224_spit/val/LEAF_BLIGHT/to_label_2740.jpg,2739,2740,train,val,LEAF_BLIGHT,LEAF_BLIGHT,25,True,True
DLD_FinalDataset_224_spit/val/LEAF_BLIGHT/to_label_2740.jpg,DLD_FinalDataset_224_spit/test/LEAF_BLIGHT/to_label_2741.jpg,2740,2741,val,test,LEAF_BLIGHT,LEAF_BLIGHT,34,True,True
DLD_FinalDataset_224_spit/test/LEAF_BLIGHT/to_label_2741.jpg,DLD_FinalDataset_224_spit/train/LEAF_BLIGHT/to_label_2742.jpg,2741,2742,test,train,LEAF_BLIGHT,LEAF_BLIGHT,34,True,True
DLD_FinalDataset_224_spit/train/LEAF_BLIGHT/to_label_2742.jpg,DLD_FinalDataset_224_spit/train/LEAF_BLIGHT/to_label_2743.jpg,2742,2743,train,train,LEAF_BLIGHT,LEAF_BLIGHT,35,True,False
DLD_FinalDataset_224_spit/train/LEAF_BLIGHT/to_label_2743.jpg,DLD_FinalDataset_224_spit/train/LEAF_BLIGHT/to_label_2744.jpg,2743,2744,train,train,LEAF_BLIGHT,LEAF_BLIGHT,36,True,False
DLD_FinalDataset_224_spit/train/LEAF_BLIGHT/to_label_2744.jpg,DLD_FinalDataset_224_spit/test/LEAF_BLIGHT/to_label_2745.jpg,2744,2745,train,test,LEAF_BLIGHT,LEAF_BLIGHT,28,True,True
DLD_FinalDataset_224_spit/test/LEAF_BLIGHT/to_label_2745.jpg,DLD_FinalDataset_224_spit/test/LEAF_BLIGHT/to_label_2746.jpg,2745,2746,test,test,LEAF_BLIGHT,LEAF_BLIGHT,37,True,False
DLD_FinalDataset_224_spit/test/LEAF_BLIGHT/to_label_2746.jpg,DLD_FinalDataset_224_spit/train/LEAF_BLIGHT/to_label_2747.jpg,2746,2747,test,train,LEAF_BLIGHT,LEAF_BLIGHT,38,True,True
DLD_FinalDataset_224_spit/train/LEAF_BLIGHT/to_label_2747.jpg,DLD_FinalDataset_224_spit/train/LEAF_BLIGHT/to_label_2748.jpg,2747,2748,train,train,LEAF_BLIGHT,LEAF_BLIGHT,33,True,False
DLD_FinalDataset_224_spit/train/LEAF_BLIGHT/to_label_2748.jpg,DLD_FinalDataset_224_spit/val/LEAF_BLIGHT/to_label_2749.jpg,2748,2749,train,val,LEAF_BLIGHT,LEAF_BLIGHT,26,True,True
DLD_FinalDataset_224_spit/val/LEAF_BLIGHT/to_label_2749.jpg,DLD_FinalDataset_224_spit/train/LEAF_BLIGHT/to_label_2750.jpg,2749,2750,val,train,LEAF_BLIGHT,LEAF_BLIGHT,35,True,True
DLD_FinalDataset_224_spit/train/LEAF_BLIGHT/to_label_2750.jpg,DLD_FinalDataset_224_spit/test/LEAF_BLIGHT/to_label_2751.jpg,2750,2751,train,test,LEAF_BLIGHT,LEAF_BLIGHT,34,True,True
DLD_FinalDataset_224_spit/test/LEAF_BLIGHT/to_label_2751.jpg,DLD_FinalDataset_224_spit/val/LEAF_BLIGHT/to_label_2752.jpg,2751,2752,test,val,LEAF_BLIGHT,LEAF_BLIGHT,25,True,True
DLD_FinalDataset_224_spit/val/LEAF_BLIGHT/to_label_2752.jpg,DLD_FinalDataset_224_spit/test/LEAF_BLIGHT/to_label_2753.jpg,2752,2753,val,test,LEAF_BLIGHT,LEAF_BLIGHT,32,True,True
DLD_FinalDataset_224_spit/test/LEAF_BLIGHT/to_label_2753.jpg,DLD_FinalDataset_224_spit/train/LEAF_BLIGHT/to_label_2754.jpg,2753,2754,test,train,LEAF_BLIGHT,LEAF_BLIGHT,29,True,True
DLD_FinalDataset_224_spit/train/LEAF_BLIGHT/to_label_2754.jpg,DLD_FinalDataset_224_spit/train/LEAF_BLIGHT/to_label_2755.jpg,2754,2755,train,train,LEAF_BLIGHT,LEAF_BLIGHT,33,True,False
DLD_FinalDataset_224_spit/train/LEAF_BLIGHT/to_label_2755.jpg,DLD_FinalDataset_224_spit/val/LEAF_BLIGHT/to_label_2756.jpg,2755,2756,train,val,LEAF_BLIGHT,LEAF_BLIGHT,32,True,True
DLD_FinalDataset_224_spit/val/LEAF_BLIGHT/to_label_2756.jpg,DLD_FinalDataset_224_spit/train/LEAF_BLIGHT/to_label_2757.jpg,2756,2757,val,train,LEAF_BLIGHT,LEAF_BLIGHT,35,True,True
DLD_FinalDataset_224_spit/train/LEAF_BLIGHT/to_label_2757.jpg,DLD_FinalDataset_224_spit/test/LEAF_BLIGHT/to_label_2758.jpg,2757,2758,train,test,LEAF_BLIGHT,LEAF_BLIGHT,31,True,True
DLD_FinalDataset_224_spit/test/LEAF_BLIGHT/to_label_2758.jpg,DLD_FinalDataset_224_spit/train/LEAF_BLIGHT/to_label_2759.jpg,2758,2759,test,train,LEAF_BLIGHT,LEAF_BLIGHT,36,True,True
DLD_FinalDataset_224_spit/train/LEAF_BLIGHT/to_label_2759.jpg,DLD_FinalDataset_224_spit/train/LEAF_BLIGHT/to_label_2760.jpg,2759,2760,train,train,LEAF_BLIGHT,LEAF_BLIGHT,29,True,False
DLD_FinalDataset_224_spit/train/LEAF_BLIGHT/to_label_2760.jpg,DLD_FinalDataset_224_spit/train/LEAF_BLIGHT/to_label_2761.jpg,2760,2761,train,train,LEAF_BLIGHT,LEAF_BLIGHT,25,True,False
DLD_FinalDataset_224_spit/train/LEAF_BLIGHT/to_label_2761.jpg,DLD_FinalDataset_224_spit/val/LEAF_BLIGHT/to_label_2762.jpg,2761,2762,train,val,LEAF_BLIGHT,LEAF_BLIGHT,33,True,True
DLD_FinalDataset_224_spit/val/LEAF_BLIGHT/to_label_2762.jpg,DLD_FinalDataset_224_spit/test/LEAF_BLIGHT/to_label_2763.jpg,2762,2763,val,test,LEAF_BLIGHT,LEAF_BLIGHT,31,True,True
DLD_FinalDataset_224_spit/test/LEAF_BLIGHT/to_label_2763.jpg,DLD_FinalDataset_224_spit/test/LEAF_BLIGHT/to_label_2764.jpg,2763,2764,test,test,LEAF_BLIGHT,LEAF_BLIGHT,31,True,False
DLD_FinalDataset_224_spit/test/LEAF_BLIGHT/to_label_2764.jpg,DLD_FinalDataset_224_spit/test/LEAF_BLIGHT/to_label_2765.jpg,2764,2765,test,test,LEAF_BLIGHT,LEAF_BLIGHT,28,True,False
DLD_FinalDataset_224_spit/test/LEAF_BLIGHT/to_label_2765.jpg,DLD_FinalDataset_224_spit/train/LEAF_BLIGHT/to_label_2766.jpg,2765,2766,test,train,LEAF_BLIGHT,LEAF_BLIGHT,25,True,True
DLD_FinalDataset_224_spit/train/LEAF_BLIGHT/to_label_2766.jpg,DLD_FinalDataset_224_spit/test/LEAF_BLIGHT/to_label_2767.jpg,2766,2767,train,test,LEAF_BLIGHT,LEAF_BLIGHT,34,True,True
DLD_FinalDataset_224_spit/test/LEAF_BLIGHT/to_label_2767.jpg,DLD_FinalDataset_224_spit/test/LEAF_BLIGHT/to_label_2768.jpg,2767,2768,test,test,LEAF_BLIGHT,LEAF_BLIGHT,30,True,False
DLD_FinalDataset_224_spit/test/LEAF_BLIGHT/to_label_2768.jpg,DLD_FinalDataset_224_spit/train/LEAF_BLIGHT/to_label_2769.jpg,2768,2769,test,train,LEAF_BLIGHT,LEAF_BLIGHT,29,True,True
DLD_FinalDataset_224_spit/train/LEAF_BLIGHT/to_label_2769.jpg,DLD_FinalDataset_224_spit/val/LEAF_BLIGHT/to_label_2770.jpg,2769,2770,train,val,LEAF_BLIGHT,LEAF_BLIGHT,32,True,True
DLD_FinalDataset_224_spit/val/LEAF_BLIGHT/to_label_2770.jpg,DLD_FinalDataset_224_spit/train/LEAF_BLIGHT/to_label_2771.jpg,2770,2771,val,train,LEAF_BLIGHT,LEAF_BLIGHT,37,True,True
DLD_FinalDataset_224_spit/train/LEAF_BLIGHT/to_label_2771.jpg,DLD_FinalDataset_224_spit/val/LEAF_BLIGHT/to_label_2772.jpg,2771,2772,train,val,LEAF_BLIGHT,LEAF_BLIGHT,33,True,True
DLD_FinalDataset_224_spit/val/LEAF_BLIGHT/to_label_2772.jpg,DLD_FinalDataset_224_spit/train/LEAF_BLIGHT/to_label_2773.jpg,2772,2773,val,train,LEAF_BLIGHT,LEAF_BLIGHT,23,True,True
DLD_FinalDataset_224_spit/train/LEAF_BLIGHT/to_label_2773.jpg,DLD_FinalDataset_224_spit/train/LEAF_BLIGHT/to_label_2774.jpg,2773,2774,train,train,LEAF_BLIGHT,LEAF_BLIGHT,41,True,False
DLD_FinalDataset_224_spit/train/LEAF_BLIGHT/to_label_2774.jpg,DLD_FinalDataset_224_spit/train/LEAF_BLIGHT/to_label_2775.jpg,2774,2775,train,train,LEAF_BLIGHT,LEAF_BLIGHT,36,True,False
DLD_FinalDataset_224_spit/train/LEAF_BLIGHT/to_label_2775.jpg,DLD_FinalDataset_224_spit/train/LEAF_BLIGHT/to_label_2776.jpg,2775,2776,train,train,LEAF_BLIGHT,LEAF_BLIGHT,34,True,False
DLD_FinalDataset_224_spit/train/LEAF_BLIGHT/to_label_2776.jpg,DLD_FinalDataset_224_spit/train/LEAF_BLIGHT/to_label_2777.jpg,2776,2777,train,train,LEAF_BLIGHT,LEAF_BLIGHT,35,True,False
DLD_FinalDataset_224_spit/train/LEAF_BLIGHT/to_label_2777.jpg,DLD_FinalDataset_224_spit/train/LEAF_BLIGHT/to_label_2778.jpg,2777,2778,train,train,LEAF_BLIGHT,LEAF_BLIGHT,28,True,False
DLD_FinalDataset_224_spit/train/LEAF_BLIGHT/to_label_2778.jpg,DLD_FinalDataset_224_spit/train/LEAF_BLIGHT/to_label_2779.jpg,2778,2779,train,train,LEAF_BLIGHT,LEAF_BLIGHT,33,True,False
DLD_FinalDataset_224_spit/train/LEAF_BLIGHT/to_label_2779.jpg,DLD_FinalDataset_224_spit/train/LEAF_BLIGHT/to_label_2780.jpg,2779,2780,train,train,LEAF_BLIGHT,LEAF_BLIGHT,29,True,False
DLD_FinalDataset_224_spit/train/LEAF_BLIGHT/to_label_2780.jpg,DLD_FinalDataset_224_spit/train/LEAF_BLIGHT/to_label_2781.jpg,2780,2781,train,train,LEAF_BLIGHT,LEAF_BLIGHT,27,True,False
DLD_FinalDataset_224_spit/train/LEAF_BLIGHT/to_label_2781.jpg,DLD_FinalDataset_224_spit/test/LEAF_BLIGHT/to_label_2782.jpg,2781,2782,train,test,LEAF_BLIGHT,LEAF_BLIGHT,35,True,True
DLD_FinalDataset_224_spit/test/LEAF_BLIGHT/to_label_2782.jpg,DLD_FinalDataset_224_spit/test/LEAF_BLIGHT/to_label_2783.jpg,2782,2783,test,test,LEAF_BLIGHT,LEAF_BLIGHT,27,True,False
DLD_FinalDataset_224_spit/test/LEAF_BLIGHT/to_label_2783.jpg,DLD_FinalDataset_224_spit/train/LEAF_BLIGHT/to_label_2784.jpg,2783,2784,test,train,LEAF_BLIGHT,LEAF_BLIGHT,30,True,True
DLD_FinalDataset_224_spit/train/LEAF_BLIGHT/to_label_2784.jpg,DLD_FinalDataset_224_spit/train/LEAF_BLIGHT/to_label_2785.jpg,2784,2785,train,train,LEAF_BLIGHT,LEAF_BLIGHT,26,True,False
DLD_FinalDataset_224_spit/train/LEAF_BLIGHT/to_label_2785.jpg,DLD_FinalDataset_224_spit/train/LEAF_BLIGHT/to_label_2786.jpg,2785,2786,train,train,LEAF_BLIGHT,LEAF_BLIGHT,27,True,False
DLD_FinalDataset_224_spit/train/LEAF_BLIGHT/to_label_2786.jpg,DLD_FinalDataset_224_spit/test/LEAF_BLIGHT/to_label_2787.jpg,2786,2787,train,test,LEAF_BLIGHT,LEAF_BLIGHT,34,True,True
DLD_FinalDataset_224_spit/test/LEAF_BLIGHT/to_label_2787.jpg,DLD_FinalDataset_224_spit/train/LEAF_BLIGHT/to_label_2788.jpg,2787,2788,test,train,LEAF_BLIGHT,LEAF_BLIGHT,28,True,True
DLD_FinalDataset_224_spit/train/LEAF_BLIGHT/to_label_2788.jpg,DLD_FinalDataset_224_spit/train/LEAF_BLIGHT/to_label_2789.jpg,2788,2789,train,train,LEAF_BLIGHT,LEAF_BLIGHT,35,True,False
DLD_FinalDataset_224_spit/train/LEAF_BLIGHT/to_label_2789.jpg,DLD_FinalDataset_224_spit/train/LEAF_BLIGHT/to_label_2790.jpg,2789,2790,train,train,LEAF_BLIGHT,LEAF_BLIGHT,30,True,False
DLD_FinalDataset_224_spit/train/LEAF_BLIGHT/to_label_2790.jpg,DLD_FinalDataset_224_spit/train/LEAF_BLIGHT/to_label_2791.jpg,2790,2791,train,train,LEAF_BLIGHT,LEAF_BLIGHT,33,True,False
DLD_FinalDataset_224_spit/train/LEAF_BLIGHT/to_label_2791.jpg,DLD_FinalDataset_224_spit/train/LEAF_BLIGHT/to_label_2792.jpg,2791,2792,train,train,LEAF_BLIGHT,LEAF_BLIGHT,25,True,False
DLD_FinalDataset_224_spit/train/LEAF_BLIGHT/to_label_2792.jpg,DLD_FinalDataset_224_spit/val/LEAF_BLIGHT/to_label_2793.jpg,2792,2793,train,val,LEAF_BLIGHT,LEAF_BLIGHT,22,True,True
DLD_FinalDataset_224_spit/val/LEAF_BLIGHT/to_label_2793.jpg,DLD_FinalDataset_224_spit/train/LEAF_BLIGHT/to_label_2794.jpg,2793,2794,val,train,LEAF_BLIGHT,LEAF_BLIGHT,34,True,True
DLD_FinalDataset_224_spit/train/LEAF_BLIGHT/to_label_2794.jpg,DLD_FinalDataset_224_spit/test/LEAF_BLIGHT/to_label_2795.jpg,2794,2795,train,test,LEAF_BLIGHT,LEAF_BLIGHT,21,True,True
DLD_FinalDataset_224_spit/test/LEAF_BLIGHT/to_label_2795.jpg,DLD_FinalDataset_224_spit/test/LEAF_BLIGHT/to_label_2796.jpg,2795,2796,test,test,LEAF_BLIGHT,LEAF_BLIGHT,37,True,False
DLD_FinalDataset_224_spit/test/LEAF_BLIGHT/to_label_2796.jpg,DLD_FinalDataset_224_spit/train/LEAF_BLIGHT/to_label_2797.jpg,2796,2797,test,train,LEAF_BLIGHT,LEAF_BLIGHT,27,True,True
DLD_FinalDataset_224_spit/train/LEAF_BLIGHT/to_label_2797.jpg,DLD_FinalDataset_224_spit/train/LEAF_BLIGHT/to_label_2798.jpg,2797,2798,train,train,LEAF_BLIGHT,LEAF_BLIGHT,31,True,False
DLD_FinalDataset_224_spit/train/LEAF_BLIGHT/to_label_2798.jpg,DLD_FinalDataset_224_spit/train/LEAF_BLIGHT/to_label_2799.jpg,2798,2799,train,train,LEAF_BLIGHT,LEAF_BLIGHT,33,True,False
DLD_FinalDataset_224_spit/train/LEAF_BLIGHT/to_label_2799.jpg,DLD_FinalDataset_224_spit/train/LEAF_BLIGHT/to_label_2800.jpg,2799,2800,train,train,LEAF_BLIGHT,LEAF_BLIGHT,33,True,False
DLD_FinalDataset_224_spit/train/LEAF_BLIGHT/to_label_2800.jpg,DLD_FinalDataset_224_spit/train/LEAF_BLIGHT/to_label_2801.jpg,2800,2801,train,train,LEAF_BLIGHT,LEAF_BLIGHT,23,True,False
DLD_FinalDataset_224_spit/train/LEAF_BLIGHT/to_label_2801.jpg,DLD_FinalDataset_224_spit/train/LEAF_BLIGHT/to_label_2802.jpg,2801,2802,train,train,LEAF_BLIGHT,LEAF_BLIGHT,31,True,False
DLD_FinalDataset_224_spit/train/LEAF_BLIGHT/to_label_2802.jpg,DLD_FinalDataset_224_spit/train/LEAF_BLIGHT/to_label_2803.jpg,2802,2803,train,train,LEAF_BLIGHT,LEAF_BLIGHT,28,True,False
DLD_FinalDataset_224_spit/train/LEAF_BLIGHT/to_label_2803.jpg,DLD_FinalDataset_224_spit/test/LEAF_BLIGHT/to_label_2804.jpg,2803,2804,train,test,LEAF_BLIGHT,LEAF_BLIGHT,28,True,True
DLD_FinalDataset_224_spit/test/LEAF_BLIGHT/to_label_2804.jpg,DLD_FinalDataset_224_spit/train/LEAF_BLIGHT/to_label_2805.jpg,2804,2805,test,train,LEAF_BLIGHT,LEAF_BLIGHT,31,True,True
DLD_FinalDataset_224_spit/train/LEAF_BLIGHT/to_label_2805.jpg,DLD_FinalDataset_224_spit/val/LEAF_BLIGHT/to_label_2806.jpg,2805,2806,train,val,LEAF_BLIGHT,LEAF_BLIGHT,33,True,True
DLD_FinalDataset_224_spit/val/LEAF_BLIGHT/to_label_2806.jpg,DLD_FinalDataset_224_spit/train/LEAF_BLIGHT/to_label_2807.jpg,2806,2807,val,train,LEAF_BLIGHT,LEAF_BLIGHT,29,True,True
DLD_FinalDataset_224_spit/train/LEAF_BLIGHT/to_label_2807.jpg,DLD_FinalDataset_224_spit/train/LEAF_BLIGHT/to_label_2808.jpg,2807,2808,train,train,LEAF_BLIGHT,LEAF_BLIGHT,26,True,False
DLD_FinalDataset_224_spit/train/LEAF_BLIGHT/to_label_2808.jpg,DLD_FinalDataset_224_spit/train/LEAF_BLIGHT/to_label_2809.jpg,2808,2809,train,train,LEAF_BLIGHT,LEAF_BLIGHT,23,True,False
DLD_FinalDataset_224_spit/train/LEAF_BLIGHT/to_label_2809.jpg,DLD_FinalDataset_224_spit/train/LEAF_BLIGHT/to_label_2810.jpg,2809,2810,train,train,LEAF_BLIGHT,LEAF_BLIGHT,41,True,False
DLD_FinalDataset_224_spit/train/LEAF_BLIGHT/to_label_2810.jpg,DLD_FinalDataset_224_spit/train/LEAF_BLIGHT/to_label_2811.jpg,2810,2811,train,train,LEAF_BLIGHT,LEAF_BLIGHT,34,True,False
DLD_FinalDataset_224_spit/train/LEAF_BLIGHT/to_label_2811.jpg,DLD_FinalDataset_224_spit/train/LEAF_BLIGHT/to_label_2812.jpg,2811,2812,train,train,LEAF_BLIGHT,LEAF_BLIGHT,27,True,False
DLD_FinalDataset_224_spit/train/LEAF_BLIGHT/to_label_2812.jpg,DLD_FinalDataset_224_spit/train/LEAF_BLIGHT/to_label_2813.jpg,2812,2813,train,train,LEAF_BLIGHT,LEAF_BLIGHT,36,True,False
DLD_FinalDataset_224_spit/train/LEAF_BLIGHT/to_label_2813.jpg,DLD_FinalDataset_224_spit/train/LEAF_BLIGHT/to_label_2814.jpg,2813,2814,train,train,LEAF_BLIGHT,LEAF_BLIGHT,32,True,False
DLD_FinalDataset_224_spit/train/LEAF_BLIGHT/to_label_2814.jpg,DLD_FinalDataset_224_spit/train/LEAF_BLIGHT/to_label_2815.jpg,2814,2815,train,train,LEAF_BLIGHT,LEAF_BLIGHT,27,True,False
DLD_FinalDataset_224_spit/train/LEAF_BLIGHT/to_label_2815.jpg,DLD_FinalDataset_224_spit/train/LEAF_BLIGHT/to_label_2816.jpg,2815,2816,train,train,LEAF_BLIGHT,LEAF_BLIGHT,32,True,False
DLD_FinalDataset_224_spit/train/LEAF_BLIGHT/to_label_2816.jpg,DLD_FinalDataset_224_spit/train/LEAF_BLIGHT/to_label_2817.jpg,2816,2817,train,train,LEAF_BLIGHT,LEAF_BLIGHT,40,True,False
DLD_FinalDataset_224_spit/train/LEAF_BLIGHT/to_label_2817.jpg,DLD_FinalDataset_224_spit/train/LEAF_BLIGHT/to_label_2818.jpg,2817,2818,train,train,LEAF_BLIGHT,LEAF_BLIGHT,37,True,False
DLD_FinalDataset_224_spit/train/LEAF_BLIGHT/to_label_2818.jpg,DLD_FinalDataset_224_spit/val/LEAF_BLIGHT/to_label_2819.jpg,2818,2819,train,val,LEAF_BLIGHT,LEAF_BLIGHT,39,True,True
DLD_FinalDataset_224_spit/val/LEAF_BLIGHT/to_label_2819.jpg,DLD_FinalDataset_224_spit/train/LEAF_BLIGHT/to_label_2820.jpg,2819,2820,val,train,LEAF_BLIGHT,LEAF_BLIGHT,34,True,True
DLD_FinalDataset_224_spit/train/LEAF_BLIGHT/to_label_2820.jpg,DLD_FinalDataset_224_spit/train/LEAF_BLIGHT/to_label_2821.jpg,2820,2821,train,train,LEAF_BLIGHT,LEAF_BLIGHT,29,True,False
DLD_FinalDataset_224_spit/train/LEAF_BLIGHT/to_label_2821.jpg,DLD_FinalDataset_224_spit/val/LEAF_BLIGHT/to_label_2822.jpg,2821,2822,train,val,LEAF_BLIGHT,LEAF_BLIGHT,32,True,True
DLD_FinalDataset_224_spit/val/LEAF_BLIGHT/to_label_2822.jpg,DLD_FinalDataset_224_spit/test/LEAF_BLIGHT/to_label_2823.jpg,2822,2823,val,test,LEAF_BLIGHT,LEAF_BLIGHT,27,True,True
DLD_FinalDataset_224_spit/test/LEAF_BLIGHT/to_label_2823.jpg,DLD_FinalDataset_224_spit/train/LEAF_BLIGHT/to_label_2824.jpg,2823,2824,test,train,LEAF_BLIGHT,LEAF_BLIGHT,23,True,True
DLD_FinalDataset_224_spit/train/LEAF_BLIGHT/to_label_2824.jpg,DLD_FinalDataset_224_spit/test/LEAF_BLIGHT/to_label_2825.jpg,2824,2825,train,test,LEAF_BLIGHT,LEAF_BLIGHT,33,True,True
DLD_FinalDataset_224_spit/test/LEAF_BLIGHT/to_label_2825.jpg,DLD_FinalDataset_224_spit/train/LEAF_BLIGHT/to_label_2826.jpg,2825,2826,test,train,LEAF_BLIGHT,LEAF_BLIGHT,31,True,True
DLD_FinalDataset_224_spit/train/LEAF_BLIGHT/to_label_2826.jpg,DLD_FinalDataset_224_spit/test/LEAF_BLIGHT/to_label_2827.jpg,2826,2827,train,test,LEAF_BLIGHT,LEAF_BLIGHT,26,True,True
DLD_FinalDataset_224_spit/test/LEAF_BLIGHT/to_label_2827.jpg,DLD_FinalDataset_224_spit/train/LEAF_BLIGHT/to_label_2828.jpg,2827,2828,test,train,LEAF_BLIGHT,LEAF_BLIGHT,34,True,True
DLD_FinalDataset_224_spit/train/LEAF_BLIGHT/to_label_2828.jpg,DLD_FinalDataset_224_spit/train/LEAF_BLIGHT/to_label_2829.jpg,2828,2829,train,train,LEAF_BLIGHT,LEAF_BLIGHT,32,True,False
DLD_FinalDataset_224_spit/train/LEAF_BLIGHT/to_label_2829.jpg,DLD_FinalDataset_224_spit/train/LEAF_BLIGHT/to_label_2830.jpg,2829,2830,train,train,LEAF_BLIGHT,LEAF_BLIGHT,32,True,False
DLD_FinalDataset_224_spit/train/LEAF_BLIGHT/to_label_2830.jpg,DLD_FinalDataset_224_spit/train/LEAF_BLIGHT/to_label_2831.jpg,2830,2831,train,train,LEAF_BLIGHT,LEAF_BLIGHT,29,True,False
DLD_FinalDataset_224_spit/train/LEAF_BLIGHT/to_label_2831.jpg,DLD_FinalDataset_224_spit/train/LEAF_BLIGHT/to_label_2832.jpg,2831,2832,train,train,LEAF_BLIGHT,LEAF_BLIGHT,27,True,False
DLD_FinalDataset_224_spit/train/LEAF_BLIGHT/to_label_2832.jpg,DLD_FinalDataset_224_spit/train/LEAF_BLIGHT/to_label_2833.jpg,2832,2833,train,train,LEAF_BLIGHT,LEAF_BLIGHT,27,True,False
DLD_FinalDataset_224_spit/train/LEAF_BLIGHT/to_label_2833.jpg,DLD_FinalDataset_224_spit/test/LEAF_BLIGHT/to_label_2834.jpg,2833,2834,train,test,LEAF_BLIGHT,LEAF_BLIGHT,34,True,True
DLD_FinalDataset_224_spit/test/LEAF_BLIGHT/to_label_2834.jpg,DLD_FinalDataset_224_spit/train/LEAF_BLIGHT/to_label_2835.jpg,2834,2835,test,train,LEAF_BLIGHT,LEAF_BLIGHT,25,True,True
DLD_FinalDataset_224_spit/train/LEAF_BLIGHT/to_label_2835.jpg,DLD_FinalDataset_224_spit/train/LEAF_BLIGHT/to_label_2836.jpg,2835,2836,train,train,LEAF_BLIGHT,LEAF_BLIGHT,28,True,False
DLD_FinalDataset_224_spit/train/LEAF_BLIGHT/to_label_2836.jpg,DLD_FinalDataset_224_spit/train/LEAF_BLIGHT/to_label_2837.jpg,2836,2837,train,train,LEAF_BLIGHT,LEAF_BLIGHT,29,True,False
DLD_FinalDataset_224_spit/train/LEAF_BLIGHT/to_label_2837.jpg,DLD_FinalDataset_224_spit/train/LEAF_BLIGHT/to_label_2838.jpg,2837,2838,train,train,LEAF_BLIGHT,LEAF_BLIGHT,30,True,False
DLD_FinalDataset_224_spit/train/LEAF_BLIGHT/to_label_2838.jpg,DLD_FinalDataset_224_spit/train/LEAF_BLIGHT/to_label_2839.jpg,2838,2839,train,train,LEAF_BLIGHT,LEAF_BLIGHT,27,True,False
DLD_FinalDataset_224_spit/train/LEAF_BLIGHT/to_label_2839.jpg,DLD_FinalDataset_224_spit/train/LEAF_BLIGHT/to_label_2840.jpg,2839,2840,train,train,LEAF_BLIGHT,LEAF_BLIGHT,35,True,False
DLD_FinalDataset_224_spit/train/LEAF_BLIGHT/to_label_2840.jpg,DLD_FinalDataset_224_spit/test/LEAF_BLIGHT/to_label_2841.jpg,2840,2841,train,test,LEAF_BLIGHT,LEAF_BLIGHT,25,True,True
DLD_FinalDataset_224_spit/test/LEAF_BLIGHT/to_label_2841.jpg,DLD_FinalDataset_224_spit/train/LEAF_BLIGHT/to_label_2842.jpg,2841,2842,test,train,LEAF_BLIGHT,LEAF_BLIGHT,29,True,True
DLD_FinalDataset_224_spit/train/LEAF_BLIGHT/to_label_2842.jpg,DLD_FinalDataset_224_spit/train/LEAF_BLIGHT/to_label_2843.jpg,2842,2843,train,train,LEAF_BLIGHT,LEAF_BLIGHT,30,True,False
DLD_FinalDataset_224_spit/train/LEAF_BLIGHT/to_label_2843.jpg,DLD_FinalDataset_224_spit/test/LEAF_BLIGHT/to_label_2844.jpg,2843,2844,train,test,LEAF_BLIGHT,LEAF_BLIGHT,30,True,True
DLD_FinalDataset_224_spit/test/LEAF_BLIGHT/to_label_2844.jpg,DLD_FinalDataset_224_spit/train/LEAF_BLIGHT/to_label_2845.jpg,2844,2845,test,train,LEAF_BLIGHT,LEAF_BLIGHT,29,True,True
DLD_FinalDataset_224_spit/train/LEAF_BLIGHT/to_label_2845.jpg,DLD_FinalDataset_224_spit/train/LEAF_BLIGHT/to_label_2846.jpg,2845,2846,train,train,LEAF_BLIGHT,LEAF_BLIGHT,33,True,False
DLD_FinalDataset_224_spit/train/LEAF_BLIGHT/to_label_2846.jpg,DLD_FinalDataset_224_spit/train/LEAF_BLIGHT/to_label_2847.jpg,2846,2847,train,train,LEAF_BLIGHT,LEAF_BLIGHT,27,True,False
DLD_FinalDataset_224_spit/train/LEAF_BLIGHT/to_label_2847.jpg,DLD_FinalDataset_224_spit/train/LEAF_BLIGHT/to_label_2848.jpg,2847,2848,train,train,LEAF_BLIGHT,LEAF_BLIGHT,39,True,False
DLD_FinalDataset_224_spit/train/LEAF_BLIGHT/to_label_2848.jpg,DLD_FinalDataset_224_spit/train/LEAF_BLIGHT/to_label_2849.jpg,2848,2849,train,train,LEAF_BLIGHT,LEAF_BLIGHT,28,True,False
DLD_FinalDataset_224_spit/train/LEAF_BLIGHT/to_label_2849.jpg,DLD_FinalDataset_224_spit/train/LEAF_BLIGHT/to_label_2850.jpg,2849,2850,train,train,LEAF_BLIGHT,LEAF_BLIGHT,29,True,False
DLD_FinalDataset_224_spit/train/LEAF_BLIGHT/to_label_2850.jpg,DLD_FinalDataset_224_spit/val/LEAF_BLIGHT/to_label_2851.jpg,2850,2851,train,val,LEAF_BLIGHT,LEAF_BLIGHT,32,True,True
DLD_FinalDataset_224_spit/val/LEAF_BLIGHT/to_label_2851.jpg,DLD_FinalDataset_224_spit/train/LEAF_BLIGHT/to_label_2852.jpg,2851,2852,val,train,LEAF_BLIGHT,LEAF_BLIGHT,30,True,True
DLD_FinalDataset_224_spit/train/LEAF_BLIGHT/to_label_2852.jpg,DLD_FinalDataset_224_spit/train/LEAF_BLIGHT/to_label_2853.jpg,2852,2853,train,train,LEAF_BLIGHT,LEAF_BLIGHT,33,True,False
DLD_FinalDataset_224_spit/train/LEAF_BLIGHT/to_label_2853.jpg,DLD_FinalDataset_224_spit/test/LEAF_BLIGHT/to_label_2854.jpg,2853,2854,train,test,LEAF_BLIGHT,LEAF_BLIGHT,27,True,True
DLD_FinalDataset_224_spit/test/LEAF_BLIGHT/to_label_2854.jpg,DLD_FinalDataset_224_spit/train/LEAF_BLIGHT/to_label_2855.jpg,2854,2855,test,train,LEAF_BLIGHT,LEAF_BLIGHT,40,True,True
DLD_FinalDataset_224_spit/train/LEAF_BLIGHT/to_label_2855.jpg,DLD_FinalDataset_224_spit/train/LEAF_BLIGHT/to_label_2856.jpg,2855,2856,train,train,LEAF_BLIGHT,LEAF_BLIGHT,34,True,False
DLD_FinalDataset_224_spit/train/LEAF_BLIGHT/to_label_2856.jpg,DLD_FinalDataset_224_spit/train/LEAF_BLIGHT/to_label_2857.jpg,2856,2857,train,train,LEAF_BLIGHT,LEAF_BLIGHT,33,True,False
DLD_FinalDataset_224_spit/train/LEAF_BLIGHT/to_label_2857.jpg,DLD_FinalDataset_224_spit/train/LEAF_BLIGHT/to_label_2858.jpg,2857,2858,train,train,LEAF_BLIGHT,LEAF_BLIGHT,27,True,False
DLD_FinalDataset_224_spit/train/LEAF_BLIGHT/to_label_2858.jpg,DLD_FinalDataset_224_spit/train/LEAF_BLIGHT/to_label_2859.jpg,2858,2859,train,train,LEAF_BLIGHT,LEAF_BLIGHT,32,True,False
DLD_FinalDataset_224_spit/train/LEAF_BLIGHT/to_label_2859.jpg,DLD_FinalDataset_224_spit/test/LEAF_BLIGHT/to_label_2860.jpg,2859,2860,train,test,LEAF_BLIGHT,LEAF_BLIGHT,29,True,True
DLD_FinalDataset_224_spit/test/LEAF_BLIGHT/to_label_2860.jpg,DLD_FinalDataset_224_spit/train/LEAF_BLIGHT/to_label_2861.jpg,2860,2861,test,train,LEAF_BLIGHT,LEAF_BLIGHT,26,True,True
DLD_FinalDataset_224_spit/train/LEAF_BLIGHT/to_label_2861.jpg,DLD_FinalDataset_224_spit/train/LEAF_BLIGHT/to_label_2862.jpg,2861,2862,train,train,LEAF_BLIGHT,LEAF_BLIGHT,32,True,False
DLD_FinalDataset_224_spit/train/LEAF_BLIGHT/to_label_2862.jpg,DLD_FinalDataset_224_spit/train/LEAF_BLIGHT/to_label_2863.jpg,2862,2863,train,train,LEAF_BLIGHT,LEAF_BLIGHT,35,True,False
DLD_FinalDataset_224_spit/train/LEAF_BLIGHT/to_label_2863.jpg,DLD_FinalDataset_224_spit/train/LEAF_BLIGHT/to_label_2864.jpg,2863,2864,train,train,LEAF_BLIGHT,LEAF_BLIGHT,33,True,False
DLD_FinalDataset_224_spit/train/LEAF_BLIGHT/to_label_2864.jpg,DLD_FinalDataset_224_spit/train/LEAF_BLIGHT/to_label_2865.jpg,2864,2865,train,train,LEAF_BLIGHT,LEAF_BLIGHT,28,True,False
DLD_FinalDataset_224_spit/train/LEAF_BLIGHT/to_label_2865.jpg,DLD_FinalDataset_224_spit/train/LEAF_BLIGHT/to_label_2866.jpg,2865,2866,train,train,LEAF_BLIGHT,LEAF_BLIGHT,34,True,False
DLD_FinalDataset_224_spit/train/LEAF_BLIGHT/to_label_2866.jpg,DLD_FinalDataset_224_spit/train/LEAF_BLIGHT/to_label_2867.jpg,2866,2867,train,train,LEAF_BLIGHT,LEAF_BLIGHT,28,True,False
DLD_FinalDataset_224_spit/train/LEAF_BLIGHT/to_label_2867.jpg,DLD_FinalDataset_224_spit/train/LEAF_BLIGHT/to_label_2868.jpg,2867,2868,train,train,LEAF_BLIGHT,LEAF_BLIGHT,30,True,False
DLD_FinalDataset_224_spit/train/LEAF_BLIGHT/to_label_2868.jpg,DLD_FinalDataset_224_spit/train/LEAF_BLIGHT/to_label_2869.jpg,2868,2869,train,train,LEAF_BLIGHT,LEAF_BLIGHT,32,True,False
DLD_FinalDataset_224_spit/train/LEAF_BLIGHT/to_label_2869.jpg,DLD_FinalDataset_224_spit/train/LEAF_BLIGHT/to_label_2870.jpg,2869,2870,train,train,LEAF_BLIGHT,LEAF_BLIGHT,33,True,False
DLD_FinalDataset_224_spit/train/LEAF_BLIGHT/to_label_2870.jpg,DLD_FinalDataset_224_spit/train/LEAF_BLIGHT/to_label_2871.jpg,2870,2871,train,train,LEAF_BLIGHT,LEAF_BLIGHT,31,True,False
DLD_FinalDataset_224_spit/train/LEAF_BLIGHT/to_label_2871.jpg,DLD_FinalDataset_224_spit/train/LEAF_BLIGHT/to_label_2872.jpg,2871,2872,train,train,LEAF_BLIGHT,LEAF_BLIGHT,26,True,False
DLD_FinalDataset_224_spit/train/LEAF_BLIGHT/to_label_2872.jpg,DLD_FinalDataset_224_spit/train/LEAF_BLIGHT/to_label_2873.jpg,2872,2873,train,train,LEAF_BLIGHT,LEAF_BLIGHT,31,True,False
DLD_FinalDataset_224_spit/train/LEAF_BLIGHT/to_label_2873.jpg,DLD_FinalDataset_224_spit/train/LEAF_BLIGHT/to_label_2874.jpg,2873,2874,train,train,LEAF_BLIGHT,LEAF_BLIGHT,25,True,False
DLD_FinalDataset_224_spit/train/LEAF_BLIGHT/to_label_2874.jpg,DLD_FinalDataset_224_spit/train/LEAF_BLIGHT/to_label_2875.jpg,2874,2875,train,train,LEAF_BLIGHT,LEAF_BLIGHT,36,True,False
DLD_FinalDataset_224_spit/train/LEAF_BLIGHT/to_label_2875.jpg,DLD_FinalDataset_224_spit/train/LEAF_BLIGHT/to_label_2876.jpg,2875,2876,train,train,LEAF_BLIGHT,LEAF_BLIGHT,26,True,False
DLD_FinalDataset_224_spit/train/LEAF_BLIGHT/to_label_2876.jpg,DLD_FinalDataset_224_spit/train/LEAF_BLIGHT/to_label_2877.jpg,2876,2877,train,train,LEAF_BLIGHT,LEAF_BLIGHT,33,True,False
DLD_FinalDataset_224_spit/train/LEAF_BLIGHT/to_label_2877.jpg,DLD_FinalDataset_224_spit/test/LEAF_BLIGHT/to_label_2878.jpg,2877,2878,train,test,LEAF_BLIGHT,LEAF_BLIGHT,27,True,True
DLD_FinalDataset_224_spit/test/LEAF_BLIGHT/to_label_2878.jpg,DLD_FinalDataset_224_spit/train/LEAF_BLIGHT/to_label_2879.jpg,2878,2879,test,train,LEAF_BLIGHT,LEAF_BLIGHT,33,True,True
DLD_FinalDataset_224_spit/train/LEAF_BLIGHT/to_label_2879.jpg,DLD_FinalDataset_224_spit/train/LEAF_BLIGHT/to_label_2880.jpg,2879,2880,train,train,LEAF_BLIGHT,LEAF_BLIGHT,39,True,False
DLD_FinalDataset_224_spit/train/LEAF_BLIGHT/to_label_2880.jpg,DLD_FinalDataset_224_spit/train/LEAF_BLIGHT/to_label_2881.jpg,2880,2881,train,train,LEAF_BLIGHT,LEAF_BLIGHT,32,True,False
DLD_FinalDataset_224_spit/train/LEAF_BLIGHT/to_label_2881.jpg,DLD_FinalDataset_224_spit/test/LEAF_BLIGHT/to_label_2882.jpg,2881,2882,train,test,LEAF_BLIGHT,LEAF_BLIGHT,36,True,True
DLD_FinalDataset_224_spit/test/LEAF_BLIGHT/to_label_2882.jpg,DLD_FinalDataset_224_spit/train/LEAF_BLIGHT/to_label_2883.jpg,2882,2883,test,train,LEAF_BLIGHT,LEAF_BLIGHT,30,True,True
DLD_FinalDataset_224_spit/train/LEAF_BLIGHT/to_label_2883.jpg,DLD_FinalDataset_224_spit/test/LEAF_BLIGHT/to_label_2884.jpg,2883,2884,train,test,LEAF_BLIGHT,LEAF_BLIGHT,38,True,True
DLD_FinalDataset_224_spit/test/LEAF_BLIGHT/to_label_2884.jpg,DLD_FinalDataset_224_spit/val/LEAF_BLIGHT/to_label_2885.jpg,2884,2885,test,val,LEAF_BLIGHT,LEAF_BLIGHT,35,True,True
DLD_FinalDataset_224_spit/val/LEAF_BLIGHT/to_label_2885.jpg,DLD_FinalDataset_224_spit/train/LEAF_BLIGHT/to_label_2886.jpg,2885,2886,val,train,LEAF_BLIGHT,LEAF_BLIGHT,29,True,True
DLD_FinalDataset_224_spit/train/LEAF_BLIGHT/to_label_2886.jpg,DLD_FinalDataset_224_spit/train/LEAF_BLIGHT/to_label_2887.jpg,2886,2887,train,train,LEAF_BLIGHT,LEAF_BLIGHT,34,True,False
DLD_FinalDataset_224_spit/train/LEAF_BLIGHT/to_label_2887.jpg,DLD_FinalDataset_224_spit/train/LEAF_BLIGHT/to_label_2888.jpg,2887,2888,train,train,LEAF_BLIGHT,LEAF_BLIGHT,38,True,False
DLD_FinalDataset_224_spit/train/LEAF_BLIGHT/to_label_2888.jpg,DLD_FinalDataset_224_spit/train/LEAF_BLIGHT/to_label_2889.jpg,2888,2889,train,train,LEAF_BLIGHT,LEAF_BLIGHT,34,True,False
DLD_FinalDataset_224_spit/train/LEAF_BLIGHT/to_label_2889.jpg,DLD_FinalDataset_224_spit/test/LEAF_BLIGHT/to_label_2890.jpg,2889,2890,train,test,LEAF_BLIGHT,LEAF_BLIGHT,26,True,True
DLD_FinalDataset_224_spit/test/LEAF_BLIGHT/to_label_2890.jpg,DLD_FinalDataset_224_spit/train/LEAF_BLIGHT/to_label_2891.jpg,2890,2891,test,train,LEAF_BLIGHT,LEAF_BLIGHT,23,True,True
DLD_FinalDataset_224_spit/train/LEAF_BLIGHT/to_label_2891.jpg,DLD_FinalDataset_224_spit/train/LEAF_BLIGHT/to_label_2892.jpg,2891,2892,train,train,LEAF_BLIGHT,LEAF_BLIGHT,37,True,False
DLD_FinalDataset_224_spit/train/LEAF_BLIGHT/to_label_2892.jpg,DLD_FinalDataset_224_spit/train/LEAF_BLIGHT/to_label_2893.jpg,2892,2893,train,train,LEAF_BLIGHT,LEAF_BLIGHT,29,True,False
DLD_FinalDataset_224_spit/train/LEAF_BLIGHT/to_label_2893.jpg,DLD_FinalDataset_224_spit/test/LEAF_BLIGHT/to_label_2894.jpg,2893,2894,train,test,LEAF_BLIGHT,LEAF_BLIGHT,41,True,True
DLD_FinalDataset_224_spit/test/LEAF_BLIGHT/to_label_2894.jpg,DLD_FinalDataset_224_spit/test/LEAF_BLIGHT/to_label_2895.jpg,2894,2895,test,test,LEAF_BLIGHT,LEAF_BLIGHT,28,True,False
DLD_FinalDataset_224_spit/test/LEAF_BLIGHT/to_label_2895.jpg,DLD_FinalDataset_224_spit/val/LEAF_BLIGHT/to_label_2896.jpg,2895,2896,test,val,LEAF_BLIGHT,LEAF_BLIGHT,28,True,True
DLD_FinalDataset_224_spit/val/LEAF_BLIGHT/to_label_2896.jpg,DLD_FinalDataset_224_spit/val/LEAF_BLIGHT/to_label_2897.jpg,2896,2897,val,val,LEAF_BLIGHT,LEAF_BLIGHT,32,True,False
DLD_FinalDataset_224_spit/val/LEAF_BLIGHT/to_label_2897.jpg,DLD_FinalDataset_224_spit/test/LEAF_BLIGHT/to_label_2898.jpg,2897,2898,val,test,LEAF_BLIGHT,LEAF_BLIGHT,32,True,True
DLD_FinalDataset_224_spit/test/LEAF_BLIGHT/to_label_2898.jpg,DLD_FinalDataset_224_spit/test/LEAF_BLIGHT/to_label_2899.jpg,2898,2899,test,test,LEAF_BLIGHT,LEAF_BLIGHT,32,True,False
DLD_FinalDataset_224_spit/test/LEAF_BLIGHT/to_label_2899.jpg,DLD_FinalDataset_224_spit/train/LEAF_BLIGHT/to_label_2900.jpg,2899,2900,test,train,LEAF_BLIGHT,LEAF_BLIGHT,32,True,True
DLD_FinalDataset_224_spit/train/LEAF_BLIGHT/to_label_2900.jpg,DLD_FinalDataset_224_spit/val/LEAF_BLIGHT/to_label_2901.jpg,2900,2901,train,val,LEAF_BLIGHT,LEAF_BLIGHT,40,True,True
DLD_FinalDataset_224_spit/val/LEAF_BLIGHT/to_label_2901.jpg,DLD_FinalDataset_224_spit/train/LEAF_BLIGHT/to_label_2902.jpg,2901,2902,val,train,LEAF_BLIGHT,LEAF_BLIGHT,31,True,True
DLD_FinalDataset_224_spit/train/LEAF_BLIGHT/to_label_2902.jpg,DLD_FinalDataset_224_spit/train/LEAF_BLIGHT/to_label_2903.jpg,2902,2903,train,train,LEAF_BLIGHT,LEAF_BLIGHT,28,True,False
DLD_FinalDataset_224_spit/train/LEAF_BLIGHT/to_label_2903.jpg,DLD_FinalDataset_224_spit/test/LEAF_BLIGHT/to_label_2904.jpg,2903,2904,train,test,LEAF_BLIGHT,LEAF_BLIGHT,25,True,True
DLD_FinalDataset_224_spit/test/LEAF_BLIGHT/to_label_2904.jpg,DLD_FinalDataset_224_spit/train/LEAF_BLIGHT/to_label_2905.jpg,2904,2905,test,train,LEAF_BLIGHT,LEAF_BLIGHT,25,True,True
DLD_FinalDataset_224_spit/train/LEAF_BLIGHT/to_label_2905.jpg,DLD_FinalDataset_224_spit/train/LEAF_BLIGHT/to_label_2906.jpg,2905,2906,train,train,LEAF_BLIGHT,LEAF_BLIGHT,34,True,False
DLD_FinalDataset_224_spit/train/LEAF_BLIGHT/to_label_2906.jpg,DLD_FinalDataset_224_spit/train/LEAF_BLIGHT/to_label_2907.jpg,2906,2907,train,train,LEAF_BLIGHT,LEAF_BLIGHT,30,True,False
DLD_FinalDataset_224_spit/train/LEAF_BLIGHT/to_label_2907.jpg,DLD_FinalDataset_224_spit/train/LEAF_BLIGHT/to_label_2908.jpg,2907,2908,train,train,LEAF_BLIGHT,LEAF_BLIGHT,25,True,False
DLD_FinalDataset_224_spit/train/LEAF_BLIGHT/to_label_2908.jpg,DLD_FinalDataset_224_spit/train/LEAF_BLIGHT/to_label_2909.jpg,2908,2909,train,train,LEAF_BLIGHT,LEAF_BLIGHT,33,True,False
DLD_FinalDataset_224_spit/train/LEAF_BLIGHT/to_label_2909.jpg,DLD_FinalDataset_224_spit/train/LEAF_BLIGHT/to_label_2910.jpg,2909,2910,train,train,LEAF_BLIGHT,LEAF_BLIGHT,31,True,False
DLD_FinalDataset_224_spit/train/LEAF_BLIGHT/to_label_2910.jpg,DLD_FinalDataset_224_spit/train/LEAF_BLIGHT/to_label_2911.jpg,2910,2911,train,train,LEAF_BLIGHT,LEAF_BLIGHT,33,True,False
DLD_FinalDataset_224_spit/train/LEAF_BLIGHT/to_label_2911.jpg,DLD_FinalDataset_224_spit/train/LEAF_BLIGHT/to_label_2912.jpg,2911,2912,train,train,LEAF_BLIGHT,LEAF_BLIGHT,24,True,False
DLD_FinalDataset_224_spit/train/LEAF_BLIGHT/to_label_2912.jpg,DLD_FinalDataset_224_spit/val/LEAF_BLIGHT/to_label_2913.jpg,2912,2913,train,val,LEAF_BLIGHT,LEAF_BLIGHT,35,True,True
DLD_FinalDataset_224_spit/val/LEAF_BLIGHT/to_label_2913.jpg,DLD_FinalDataset_224_spit/val/LEAF_BLIGHT/to_label_2914.jpg,2913,2914,val,val,LEAF_BLIGHT,LEAF_BLIGHT,31,True,False
DLD_FinalDataset_224_spit/val/LEAF_BLIGHT/to_label_2914.jpg,DLD_FinalDataset_224_spit/train/LEAF_BLIGHT/to_label_2915.jpg,2914,2915,val,train,LEAF_BLIGHT,LEAF_BLIGHT,30,True,True
DLD_FinalDataset_224_spit/train/LEAF_BLIGHT/to_label_2915.jpg,DLD_FinalDataset_224_spit/train/LEAF_BLIGHT/to_label_2916.jpg,2915,2916,train,train,LEAF_BLIGHT,LEAF_BLIGHT,40,True,False
DLD_FinalDataset_224_spit/train/LEAF_BLIGHT/to_label_2916.jpg,DLD_FinalDataset_224_spit/test/LEAF_BLIGHT/to_label_2917.jpg,2916,2917,train,test,LEAF_BLIGHT,LEAF_BLIGHT,22,True,True
DLD_FinalDataset_224_spit/test/LEAF_BLIGHT/to_label_2917.jpg,DLD_FinalDataset_224_spit/train/LEAF_BLIGHT/to_label_2918.jpg,2917,2918,test,train,LEAF_BLIGHT,LEAF_BLIGHT,32,True,True
DLD_FinalDataset_224_spit/train/LEAF_BLIGHT/to_label_2918.jpg,DLD_FinalDataset_224_spit/train/LEAF_BLIGHT/to_label_2919.jpg,2918,2919,train,train,LEAF_BLIGHT,LEAF_BLIGHT,26,True,False
DLD_FinalDataset_224_spit/train/LEAF_BLIGHT/to_label_2919.jpg,DLD_FinalDataset_224_spit/train/LEAF_BLIGHT/to_label_2920.jpg,2919,2920,train,train,LEAF_BLIGHT,LEAF_BLIGHT,30,True,False
DLD_FinalDataset_224_spit/train/LEAF_BLIGHT/to_label_2920.jpg,DLD_FinalDataset_224_spit/test/LEAF_BLIGHT/to_label_2921.jpg,2920,2921,train,test,LEAF_BLIGHT,LEAF_BLIGHT,30,True,True
DLD_FinalDataset_224_spit/test/LEAF_BLIGHT/to_label_2921.jpg,DLD_FinalDataset_224_spit/train/LEAF_BLIGHT/to_label_2922.jpg,2921,2922,test,train,LEAF_BLIGHT,LEAF_BLIGHT,25,True,True
DLD_FinalDataset_224_spit/train/LEAF_BLIGHT/to_label_2922.jpg,DLD_FinalDataset_224_spit/train/LEAF_BLIGHT/to_label_2923.jpg,2922,2923,train,train,LEAF_BLIGHT,LEAF_BLIGHT,37,True,False
DLD_FinalDataset_224_spit/train/LEAF_BLIGHT/to_label_2923.jpg,DLD_FinalDataset_224_spit/train/LEAF_BLIGHT/to_label_2924.jpg,2923,2924,train,train,LEAF_BLIGHT,LEAF_BLIGHT,28,True,False
DLD_FinalDataset_224_spit/train/LEAF_BLIGHT/to_label_2924.jpg,DLD_FinalDataset_224_spit/test/LEAF_BLIGHT/to_label_2925.jpg,2924,2925,train,test,LEAF_BLIGHT,LEAF_BLIGHT,33,True,True
DLD_FinalDataset_224_spit/test/LEAF_BLIGHT/to_label_2925.jpg,DLD_FinalDataset_224_spit/train/LEAF_BLIGHT/to_label_2926.jpg,2925,2926,test,train,LEAF_BLIGHT,LEAF_BLIGHT,32,True,True
DLD_FinalDataset_224_spit/train/LEAF_BLIGHT/to_label_2926.jpg,DLD_FinalDataset_224_spit/train/LEAF_BLIGHT/to_label_2927.jpg,2926,2927,train,train,LEAF_BLIGHT,LEAF_BLIGHT,39,True,False
DLD_FinalDataset_224_spit/train/LEAF_BLIGHT/to_label_2927.jpg,DLD_FinalDataset_224_spit/train/LEAF_BLIGHT/to_label_2928.jpg,2927,2928,train,train,LEAF_BLIGHT,LEAF_BLIGHT,33,True,False
DLD_FinalDataset_224_spit/train/LEAF_BLIGHT/to_label_2928.jpg,DLD_FinalDataset_224_spit/train/LEAF_BLIGHT/to_label_2929.jpg,2928,2929,train,train,LEAF_BLIGHT,LEAF_BLIGHT,30,True,False
DLD_FinalDataset_224_spit/train/LEAF_BLIGHT/to_label_2929.jpg,DLD_FinalDataset_224_spit/test/LEAF_BLIGHT/to_label_2930.jpg,2929,2930,train,test,LEAF_BLIGHT,LEAF_BLIGHT,34,True,True
DLD_FinalDataset_224_spit/test/LEAF_BLIGHT/to_label_2930.jpg,DLD_FinalDataset_224_spit/train/LEAF_BLIGHT/to_label_2931.jpg,2930,2931,test,train,LEAF_BLIGHT,LEAF_BLIGHT,35,True,True
DLD_FinalDataset_224_spit/train/LEAF_BLIGHT/to_label_2931.jpg,DLD_FinalDataset_224_spit/train/LEAF_BLIGHT/to_label_2932.jpg,2931,2932,train,train,LEAF_BLIGHT,LEAF_BLIGHT,35,True,False
DLD_FinalDataset_224_spit/train/LEAF_BLIGHT/to_label_2932.jpg,DLD_FinalDataset_224_spit/test/LEAF_BLIGHT/to_label_2933.jpg,2932,2933,train,test,LEAF_BLIGHT,LEAF_BLIGHT,28,True,True
DLD_FinalDataset_224_spit/test/LEAF_BLIGHT/to_label_2933.jpg,DLD_FinalDataset_224_spit/train/LEAF_BLIGHT/to_label_2934.jpg,2933,2934,test,train,LEAF_BLIGHT,LEAF_BLIGHT,32,True,True
DLD_FinalDataset_224_spit/train/LEAF_BLIGHT/to_label_2934.jpg,DLD_FinalDataset_224_spit/train/LEAF_BLIGHT/to_label_2935.jpg,2934,2935,train,train,LEAF_BLIGHT,LEAF_BLIGHT,30,True,False
DLD_FinalDataset_224_spit/train/LEAF_BLIGHT/to_label_2935.jpg,DLD_FinalDataset_224_spit/test/LEAF_BLIGHT/to_label_2936.jpg,2935,2936,train,test,LEAF_BLIGHT,LEAF_BLIGHT,44,True,True
DLD_FinalDataset_224_spit/test/LEAF_BLIGHT/to_label_2936.jpg,DLD_FinalDataset_224_spit/train/LEAF_BLIGHT/to_label_2937.jpg,2936,2937,test,train,LEAF_BLIGHT,LEAF_BLIGHT,34,True,True
DLD_FinalDataset_224_spit/train/LEAF_BLIGHT/to_label_2937.jpg,DLD_FinalDataset_224_spit/train/LEAF_BLIGHT/to_label_2938.jpg,2937,2938,train,train,LEAF_BLIGHT,LEAF_BLIGHT,31,True,False
DLD_FinalDataset_224_spit/train/LEAF_BLIGHT/to_label_2938.jpg,DLD_FinalDataset_224_spit/train/LEAF_BLIGHT/to_label_2939.jpg,2938,2939,train,train,LEAF_BLIGHT,LEAF_BLIGHT,34,True,False
DLD_FinalDataset_224_spit/train/LEAF_BLIGHT/to_label_2939.jpg,DLD_FinalDataset_224_spit/val/LEAF_BLIGHT/to_label_2940.jpg,2939,2940,train,val,LEAF_BLIGHT,LEAF_BLIGHT,32,True,True
DLD_FinalDataset_224_spit/val/LEAF_BLIGHT/to_label_2940.jpg,DLD_FinalDataset_224_spit/train/LEAF_BLIGHT/to_label_2941.jpg,2940,2941,val,train,LEAF_BLIGHT,LEAF_BLIGHT,40,True,True
DLD_FinalDataset_224_spit/train/LEAF_BLIGHT/to_label_2941.jpg,DLD_FinalDataset_224_spit/train/LEAF_BLIGHT/to_label_2942.jpg,2941,2942,train,train,LEAF_BLIGHT,LEAF_BLIGHT,34,True,False
DLD_FinalDataset_224_spit/train/LEAF_BLIGHT/to_label_2942.jpg,DLD_FinalDataset_224_spit/train/LEAF_BLIGHT/to_label_2943.jpg,2942,2943,train,train,LEAF_BLIGHT,LEAF_BLIGHT,35,True,False
DLD_FinalDataset_224_spit/train/LEAF_BLIGHT/to_label_2943.jpg,DLD_FinalDataset_224_spit/train/LEAF_BLIGHT/to_label_2944.jpg,2943,2944,train,train,LEAF_BLIGHT,LEAF_BLIGHT,29,True,False
DLD_FinalDataset_224_spit/train/LEAF_BLIGHT/to_label_2944.jpg,DLD_FinalDataset_224_spit/test/LEAF_BLIGHT/to_label_2945.jpg,2944,2945,train,test,LEAF_BLIGHT,LEAF_BLIGHT,27,True,True
DLD_FinalDataset_224_spit/test/LEAF_BLIGHT/to_label_2945.jpg,DLD_FinalDataset_224_spit/val/LEAF_BLIGHT/to_label_2946.jpg,2945,2946,test,val,LEAF_BLIGHT,LEAF_BLIGHT,40,True,True
DLD_FinalDataset_224_spit/val/LEAF_BLIGHT/to_label_2946.jpg,DLD_FinalDataset_224_spit/val/LEAF_BLIGHT/to_label_2947.jpg,2946,2947,val,val,LEAF_BLIGHT,LEAF_BLIGHT,40,True,False
DLD_FinalDataset_224_spit/val/LEAF_BLIGHT/to_label_2947.jpg,DLD_FinalDataset_224_spit/train/LEAF_BLIGHT/to_label_2948.jpg,2947,2948,val,train,LEAF_BLIGHT,LEAF_BLIGHT,36,True,True
DLD_FinalDataset_224_spit/train/LEAF_BLIGHT/to_label_2948.jpg,DLD_FinalDataset_224_spit/train/LEAF_BLIGHT/to_label_2949.jpg,2948,2949,train,train,LEAF_BLIGHT,LEAF_BLIGHT,29,True,False
DLD_FinalDataset_224_spit/train/LEAF_BLIGHT/to_label_2949.jpg,DLD_FinalDataset_224_spit/train/LEAF_BLIGHT/to_label_2950.jpg,2949,2950,train,train,LEAF_BLIGHT,LEAF_BLIGHT,40,True,False
DLD_FinalDataset_224_spit/train/LEAF_BLIGHT/to_label_2950.jpg,DLD_FinalDataset_224_spit/test/LEAF_BLIGHT/to_label_2951.jpg,2950,2951,train,test,LEAF_BLIGHT,LEAF_BLIGHT,27,True,True
DLD_FinalDataset_224_spit/test/LEAF_BLIGHT/to_label_2951.jpg,DLD_FinalDataset_224_spit/test/LEAF_BLIGHT/to_label_2952.jpg,2951,2952,test,test,LEAF_BLIGHT,LEAF_BLIGHT,38,True,False
DLD_FinalDataset_224_spit/test/LEAF_BLIGHT/to_label_2952.jpg,DLD_FinalDataset_224_spit/train/LEAF_BLIGHT/to_label_2953.jpg,2952,2953,test,train,LEAF_BLIGHT,LEAF_BLIGHT,37,True,True
DLD_FinalDataset_224_spit/train/LEAF_BLIGHT/to_label_2953.jpg,DLD_FinalDataset_224_spit/train/LEAF_BLIGHT/to_label_2954.jpg,2953,2954,train,train,LEAF_BLIGHT,LEAF_BLIGHT,43,True,False
DLD_FinalDataset_224_spit/train/LEAF_BLIGHT/to_label_2954.jpg,DLD_FinalDataset_224_spit/train/LEAF_BLIGHT/to_label_2955.jpg,2954,2955,train,train,LEAF_BLIGHT,LEAF_BLIGHT,29,True,False
DLD_FinalDataset_224_spit/train/LEAF_BLIGHT/to_label_2955.jpg,DLD_FinalDataset_224_spit/train/LEAF_BLIGHT/to_label_2956.jpg,2955,2956,train,train,LEAF_BLIGHT,LEAF_BLIGHT,27,True,False
DLD_FinalDataset_224_spit/train/LEAF_BLIGHT/to_label_2956.jpg,DLD_FinalDataset_224_spit/train/LEAF_BLIGHT/to_label_2957.jpg,2956,2957,train,train,LEAF_BLIGHT,LEAF_BLIGHT,29,True,False
DLD_FinalDataset_224_spit/train/LEAF_BLIGHT/to_label_2957.jpg,DLD_FinalDataset_224_spit/train/LEAF_BLIGHT/to_label_2958.jpg,2957,2958,train,train,LEAF_BLIGHT,LEAF_BLIGHT,32,True,False
DLD_FinalDataset_224_spit/train/LEAF_BLIGHT/to_label_2958.jpg,DLD_FinalDataset_224_spit/train/LEAF_BLIGHT/to_label_2959.jpg,2958,2959,train,train,LEAF_BLIGHT,LEAF_BLIGHT,39,True,False
DLD_FinalDataset_224_spit/train/LEAF_BLIGHT/to_label_2959.jpg,DLD_FinalDataset_224_spit/train/LEAF_BLIGHT/to_label_2960.jpg,2959,2960,train,train,LEAF_BLIGHT,LEAF_BLIGHT,26,True,False
DLD_FinalDataset_224_spit/train/LEAF_BLIGHT/to_label_2960.jpg,DLD_FinalDataset_224_spit/val/LEAF_BLIGHT/to_label_2961.jpg,2960,2961,train,val,LEAF_BLIGHT,LEAF_BLIGHT,35,True,True
DLD_FinalDataset_224_spit/val/LEAF_BLIGHT/to_label_2961.jpg,DLD_FinalDataset_224_spit/train/LEAF_BLIGHT/to_label_2962.jpg,2961,2962,val,train,LEAF_BLIGHT,LEAF_BLIGHT,24,True,True
DLD_FinalDataset_224_spit/train/LEAF_BLIGHT/to_label_2962.jpg,DLD_FinalDataset_224_spit/train/LEAF_BLIGHT/to_label_2963.jpg,2962,2963,train,train,LEAF_BLIGHT,LEAF_BLIGHT,38,True,False
DLD_FinalDataset_224_spit/train/LEAF_BLIGHT/to_label_2963.jpg,DLD_FinalDataset_224_spit/train/LEAF_BLIGHT/to_label_2964.jpg,2963,2964,train,train,LEAF_BLIGHT,LEAF_BLIGHT,30,True,False
DLD_FinalDataset_224_spit/train/LEAF_BLIGHT/to_label_2964.jpg,DLD_FinalDataset_224_spit/train/LEAF_BLIGHT/to_label_2965.jpg,2964,2965,train,train,LEAF_BLIGHT,LEAF_BLIGHT,33,True,False
DLD_FinalDataset_224_spit/train/LEAF_BLIGHT/to_label_2965.jpg,DLD_FinalDataset_224_spit/test/LEAF_BLIGHT/to_label_2966.jpg,2965,2966,train,test,LEAF_BLIGHT,LEAF_BLIGHT,24,True,True
DLD_FinalDataset_224_spit/test/LEAF_BLIGHT/to_label_2966.jpg,DLD_FinalDataset_224_spit/test/LEAF_BLIGHT/to_label_2967.jpg,2966,2967,test,test,LEAF_BLIGHT,LEAF_BLIGHT,29,True,False
DLD_FinalDataset_224_spit/test/LEAF_BLIGHT/to_label_2967.jpg,DLD_FinalDataset_224_spit/train/LEAF_BLIGHT/to_label_2968.jpg,2967,2968,test,train,LEAF_BLIGHT,LEAF_BLIGHT,35,True,True
DLD_FinalDataset_224_spit/train/LEAF_BLIGHT/to_label_2968.jpg,DLD_FinalDataset_224_spit/train/LEAF_BLIGHT/to_label_2969.jpg,2968,2969,train,train,LEAF_BLIGHT,LEAF_BLIGHT,31,True,False
DLD_FinalDataset_224_spit/train/LEAF_BLIGHT/to_label_2969.jpg,DLD_FinalDataset_224_spit/train/LEAF_BLIGHT/to_label_2970.jpg,2969,2970,train,train,LEAF_BLIGHT,LEAF_BLIGHT,28,True,False
DLD_FinalDataset_224_spit/train/LEAF_BLIGHT/to_label_2970.jpg,DLD_FinalDataset_224_spit/train/LEAF_BLIGHT/to_label_2971.jpg,2970,2971,train,train,LEAF_BLIGHT,LEAF_BLIGHT,34,True,False
DLD_FinalDataset_224_spit/train/LEAF_BLIGHT/to_label_2971.jpg,DLD_FinalDataset_224_spit/test/LEAF_BLIGHT/to_label_2972.jpg,2971,2972,train,test,LEAF_BLIGHT,LEAF_BLIGHT,26,True,True
DLD_FinalDataset_224_spit/test/LEAF_BLIGHT/to_label_2972.jpg,DLD_FinalDataset_224_spit/train/LEAF_BLIGHT/to_label_2973.jpg,2972,2973,test,train,LEAF_BLIGHT,LEAF_BLIGHT,32,True,True
DLD_FinalDataset_224_spit/train/LEAF_BLIGHT/to_label_2973.jpg,DLD_FinalDataset_224_spit/train/LEAF_BLIGHT/to_label_2974.jpg,2973,2974,train,train,LEAF_BLIGHT,LEAF_BLIGHT,33,True,False
DLD_FinalDataset_224_spit/train/LEAF_BLIGHT/to_label_2974.jpg,DLD_FinalDataset_224_spit/train/LEAF_BLIGHT/to_label_2975.jpg,2974,2975,train,train,LEAF_BLIGHT,LEAF_BLIGHT,34,True,False
DLD_FinalDataset_224_spit/train/LEAF_BLIGHT/to_label_2975.jpg,DLD_FinalDataset_224_spit/test/LEAF_BLIGHT/to_label_2976.jpg,2975,2976,train,test,LEAF_BLIGHT,LEAF_BLIGHT,39,True,True
DLD_FinalDataset_224_spit/test/LEAF_BLIGHT/to_label_2976.jpg,DLD_FinalDataset_224_spit/train/LEAF_BLIGHT/to_label_2977.jpg,2976,2977,test,train,LEAF_BLIGHT,LEAF_BLIGHT,27,True,True
DLD_FinalDataset_224_spit/train/LEAF_BLIGHT/to_label_2977.jpg,DLD_FinalDataset_224_spit/test/LEAF_BLIGHT/to_label_2978.jpg,2977,2978,train,test,LEAF_BLIGHT,LEAF_BLIGHT,24,True,True
DLD_FinalDataset_224_spit/test/LEAF_BLIGHT/to_label_2978.jpg,DLD_FinalDataset_224_spit/train/LEAF_BLIGHT/to_label_2979.jpg,2978,2979,test,train,LEAF_BLIGHT,LEAF_BLIGHT,37,True,True
DLD_FinalDataset_224_spit/train/LEAF_BLIGHT/to_label_2979.jpg,DLD_FinalDataset_224_spit/test/LEAF_BLIGHT/to_label_2980.jpg,2979,2980,train,test,LEAF_BLIGHT,LEAF_BLIGHT,33,True,True
DLD_FinalDataset_224_spit/test/LEAF_BLIGHT/to_label_2980.jpg,DLD_FinalDataset_224_spit/train/LEAF_BLIGHT/to_label_2981.jpg,2980,2981,test,train,LEAF_BLIGHT,LEAF_BLIGHT,38,True,True
DLD_FinalDataset_224_spit/train/LEAF_BLIGHT/to_label_2981.jpg,DLD_FinalDataset_224_spit/test/LEAF_BLIGHT/to_label_2982.jpg,2981,2982,train,test,LEAF_BLIGHT,LEAF_BLIGHT,29,True,True
DLD_FinalDataset_224_spit/test/LEAF_BLIGHT/to_label_2982.jpg,DLD_FinalDataset_224_spit/train/LEAF_BLIGHT/to_label_2983.jpg,2982,2983,test,train,LEAF_BLIGHT,LEAF_BLIGHT,37,True,True
DLD_FinalDataset_224_spit/train/LEAF_BLIGHT/to_label_2983.jpg,DLD_FinalDataset_224_spit/test/LEAF_BLIGHT/to_label_2984.jpg,2983,2984,train,test,LEAF_BLIGHT,LEAF_BLIGHT,36,True,True
DLD_FinalDataset_224_spit/test/LEAF_BLIGHT/to_label_2984.jpg,DLD_FinalDataset_224_spit/val/LEAF_BLIGHT/to_label_2985.jpg,2984,2985,test,val,LEAF_BLIGHT,LEAF_BLIGHT,32,True,True
DLD_FinalDataset_224_spit/val/LEAF_BLIGHT/to_label_2985.jpg,DLD_FinalDataset_224_spit/train/LEAF_BLIGHT/to_label_2986.jpg,2985,2986,val,train,LEAF_BLIGHT,LEAF_BLIGHT,37,True,True
DLD_FinalDataset_224_spit/train/LEAF_BLIGHT/to_label_2986.jpg,DLD_FinalDataset_224_spit/train/LEAF_BLIGHT/to_label_2987.jpg,2986,2987,train,train,LEAF_BLIGHT,LEAF_BLIGHT,34,True,False
DLD_FinalDataset_224_spit/train/LEAF_BLIGHT/to_label_2987.jpg,DLD_FinalDataset_224_spit/test/LEAF_BLIGHT/to_label_2988.jpg,2987,2988,train,test,LEAF_BLIGHT,LEAF_BLIGHT,33,True,True
DLD_FinalDataset_224_spit/test/LEAF_BLIGHT/to_label_2988.jpg,DLD_FinalDataset_224_spit/train/LEAF_BLIGHT/to_label_2989.jpg,2988,2989,test,train,LEAF_BLIGHT,LEAF_BLIGHT,37,True,True
DLD_FinalDataset_224_spit/train/LEAF_BLIGHT/to_label_2989.jpg,DLD_FinalDataset_224_spit/train/LEAF_BLIGHT/to_label_2990.jpg,2989,2990,train,train,LEAF_BLIGHT,LEAF_BLIGHT,39,True,False
DLD_FinalDataset_224_spit/train/LEAF_BLIGHT/to_label_2990.jpg,DLD_FinalDataset_224_spit/test/LEAF_BLIGHT/to_label_2991.jpg,2990,2991,train,test,LEAF_BLIGHT,LEAF_BLIGHT,34,True,True
DLD_FinalDataset_224_spit/test/LEAF_BLIGHT/to_label_2991.jpg,DLD_FinalDataset_224_spit/test/LEAF_BLIGHT/to_label_2992.jpg,2991,2992,test,test,LEAF_BLIGHT,LEAF_BLIGHT,25,True,False
DLD_FinalDataset_224_spit/test/LEAF_BLIGHT/to_label_2992.jpg,DLD_FinalDataset_224_spit/test/LEAF_BLIGHT/to_label_2993.jpg,2992,2993,test,test,LEAF_BLIGHT,LEAF_BLIGHT,37,True,False
DLD_FinalDataset_224_spit/test/LEAF_BLIGHT/to_label_2993.jpg,DLD_FinalDataset_224_spit/train/LEAF_BLIGHT/to_label_2994.jpg,2993,2994,test,train,LEAF_BLIGHT,LEAF_BLIGHT,31,True,True
DLD_FinalDataset_224_spit/train/LEAF_BLIGHT/to_label_2994.jpg,DLD_FinalDataset_224_spit/test/LEAF_BLIGHT/to_label_2995.jpg,2994,2995,train,test,LEAF_BLIGHT,LEAF_BLIGHT,21,True,True
DLD_FinalDataset_224_spit/test/LEAF_BLIGHT/to_label_2995.jpg,DLD_FinalDataset_224_spit/val/LEAF_BLIGHT/to_label_2996.jpg,2995,2996,test,val,LEAF_BLIGHT,LEAF_BLIGHT,34,True,True
DLD_FinalDataset_224_spit/val/LEAF_BLIGHT/to_label_2996.jpg,DLD_FinalDataset_224_spit/test/LEAF_BLIGHT/to_label_2997.jpg,2996,2997,val,test,LEAF_BLIGHT,LEAF_BLIGHT,32,True,True
DLD_FinalDataset_224_spit/test/LEAF_BLIGHT/to_label_2997.jpg,DLD_FinalDataset_224_spit/val/LEAF_BLIGHT/to_label_2998.jpg,2997,2998,test,val,LEAF_BLIGHT,LEAF_BLIGHT,27,True,True
DLD_FinalDataset_224_spit/val/LEAF_BLIGHT/to_label_2998.jpg,DLD_FinalDataset_224_spit/train/LEAF_BLIGHT/to_label_2999.jpg,2998,2999,val,train,LEAF_BLIGHT,LEAF_BLIGHT,33,True,True
DLD_FinalDataset_224_spit/train/LEAF_BLIGHT/to_label_2999.jpg,DLD_FinalDataset_224_spit/test/LEAF_BLIGHT/to_label_3000.jpg,2999,3000,train,test,LEAF_BLIGHT,LEAF_BLIGHT,31,True,True
DLD_FinalDataset_224_spit/test/LEAF_BLIGHT/to_label_3000.jpg,DLD_FinalDataset_224_spit/train/LEAF_BLIGHT/to_label_3001.jpg,3000,3001,test,train,LEAF_BLIGHT,LEAF_BLIGHT,36,True,True
DLD_FinalDataset_224_spit/train/LEAF_BLIGHT/to_label_3001.jpg,DLD_FinalDataset_224_spit/val/LEAF_BLIGHT/to_label_3002.jpg,3001,3002,train,val,LEAF_BLIGHT,LEAF_BLIGHT,26,True,True
DLD_FinalDataset_224_spit/val/LEAF_BLIGHT/to_label_3002.jpg,DLD_FinalDataset_224_spit/train/LEAF_BLIGHT/to_label_3003.jpg,3002,3003,val,train,LEAF_BLIGHT,LEAF_BLIGHT,30,True,True
DLD_FinalDataset_224_spit/train/LEAF_BLIGHT/to_label_3003.jpg,DLD_FinalDataset_224_spit/val/LEAF_BLIGHT/to_label_3004.jpg,3003,3004,train,val,LEAF_BLIGHT,LEAF_BLIGHT,29,True,True
DLD_FinalDataset_224_spit/val/LEAF_BLIGHT/to_label_3004.jpg,DLD_FinalDataset_224_spit/val/LEAF_BLIGHT/to_label_3005.jpg,3004,3005,val,val,LEAF_BLIGHT,LEAF_BLIGHT,29,True,False
DLD_FinalDataset_224_spit/val/LEAF_BLIGHT/to_label_3005.jpg,DLD_FinalDataset_224_spit/train/LEAF_BLIGHT/to_label_3006.jpg,3005,3006,val,train,LEAF_BLIGHT,LEAF_BLIGHT,36,True,True
DLD_FinalDataset_224_spit/train/LEAF_BLIGHT/to_label_3006.jpg,DLD_FinalDataset_224_spit/test/LEAF_BLIGHT/to_label_3007.jpg,3006,3007,train,test,LEAF_BLIGHT,LEAF_BLIGHT,34,True,True
DLD_FinalDataset_224_spit/test/LEAF_BLIGHT/to_label_3007.jpg,DLD_FinalDataset_224_spit/train/LEAF_BLIGHT/to_label_3008.jpg,3007,3008,test,train,LEAF_BLIGHT,LEAF_BLIGHT,29,True,True
DLD_FinalDataset_224_spit/train/LEAF_BLIGHT/to_label_3008.jpg,DLD_FinalDataset_224_spit/test/LEAF_BLIGHT/to_label_3009.jpg,3008,3009,train,test,LEAF_BLIGHT,LEAF_BLIGHT,38,True,True
DLD_FinalDataset_224_spit/test/LEAF_BLIGHT/to_label_3009.jpg,DLD_FinalDataset_224_spit/train/LEAF_BLIGHT/to_label_3010.jpg,3009,3010,test,train,LEAF_BLIGHT,LEAF_BLIGHT,35,True,True
DLD_FinalDataset_224_spit/train/LEAF_BLIGHT/to_label_3010.jpg,DLD_FinalDataset_224_spit/train/LEAF_BLIGHT/to_label_3011.jpg,3010,3011,train,train,LEAF_BLIGHT,LEAF_BLIGHT,30,True,False
DLD_FinalDataset_224_spit/train/LEAF_BLIGHT/to_label_3011.jpg,DLD_FinalDataset_224_spit/val/LEAF_BLIGHT/to_label_3012.jpg,3011,3012,train,val,LEAF_BLIGHT,LEAF_BLIGHT,34,True,True
DLD_FinalDataset_224_spit/val/LEAF_BLIGHT/to_label_3012.jpg,DLD_FinalDataset_224_spit/test/LEAF_BLIGHT/to_label_3013.jpg,3012,3013,val,test,LEAF_BLIGHT,LEAF_BLIGHT,31,True,True
DLD_FinalDataset_224_spit/test/LEAF_BLIGHT/to_label_3013.jpg,DLD_FinalDataset_224_spit/test/LEAF_BLIGHT/to_label_3014.jpg,3013,3014,test,test,LEAF_BLIGHT,LEAF_BLIGHT,30,True,False
DLD_FinalDataset_224_spit/test/LEAF_BLIGHT/to_label_3014.jpg,DLD_FinalDataset_224_spit/train/LEAF_BLIGHT/to_label_3015.jpg,3014,3015,test,train,LEAF_BLIGHT,LEAF_BLIGHT,29,True,True
DLD_FinalDataset_224_spit/train/LEAF_BLIGHT/to_label_3015.jpg,DLD_FinalDataset_224_spit/train/LEAF_BLIGHT/to_label_3016.jpg,3015,3016,train,train,LEAF_BLIGHT,LEAF_BLIGHT,38,True,False
DLD_FinalDataset_224_spit/train/LEAF_BLIGHT/to_label_3016.jpg,DLD_FinalDataset_224_spit/test/LEAF_BLIGHT/to_label_3017.jpg,3016,3017,train,test,LEAF_BLIGHT,LEAF_BLIGHT,30,True,True
DLD_FinalDataset_224_spit/test/LEAF_BLIGHT/to_label_3017.jpg,DLD_FinalDataset_224_spit/train/LEAF_BLIGHT/to_label_3018.jpg,3017,3018,test,train,LEAF_BLIGHT,LEAF_BLIGHT,32,True,True
DLD_FinalDataset_224_spit/train/LEAF_BLIGHT/to_label_3018.jpg,DLD_FinalDataset_224_spit/test/LEAF_BLIGHT/to_label_3019.jpg,3018,3019,train,test,LEAF_BLIGHT,LEAF_BLIGHT,34,True,True
DLD_FinalDataset_224_spit/test/LEAF_BLIGHT/to_label_3019.jpg,DLD_FinalDataset_224_spit/test/LEAF_BLIGHT/to_label_3020.jpg,3019,3020,test,test,LEAF_BLIGHT,LEAF_BLIGHT,32,True,False
DLD_FinalDataset_224_spit/test/LEAF_BLIGHT/to_label_3020.jpg,DLD_FinalDataset_224_spit/train/LEAF_BLIGHT/to_label_3021.jpg,3020,3021,test,train,LEAF_BLIGHT,LEAF_BLIGHT,31,True,True
DLD_FinalDataset_224_spit/train/LEAF_BLIGHT/to_label_3021.jpg,DLD_FinalDataset_224_spit/train/LEAF_BLIGHT/to_label_3022.jpg,3021,3022,train,train,LEAF_BLIGHT,LEAF_BLIGHT,41,True,False
DLD_FinalDataset_224_spit/train/LEAF_BLIGHT/to_label_3022.jpg,DLD_FinalDataset_224_spit/train/LEAF_BLIGHT/to_label_3023.jpg,3022,3023,train,train,LEAF_BLIGHT,LEAF_BLIGHT,36,True,False
DLD_FinalDataset_224_spit/train/LEAF_BLIGHT/to_label_3023.jpg,DLD_FinalDataset_224_spit/train/LEAF_BLIGHT/to_label_3024.jpg,3023,3024,train,train,LEAF_BLIGHT,LEAF_BLIGHT,39,True,False
DLD_FinalDataset_224_spit/train/LEAF_BLIGHT/to_label_3024.jpg,DLD_FinalDataset_224_spit/train/LEAF_BLIGHT/to_label_3025.jpg,3024,3025,train,train,LEAF_BLIGHT,LEAF_BLIGHT,26,True,False
DLD_FinalDataset_224_spit/train/LEAF_BLIGHT/to_label_3025.jpg,DLD_FinalDataset_224_spit/train/LEAF_BLIGHT/to_label_3026.jpg,3025,3026,train,train,LEAF_BLIGHT,LEAF_BLIGHT,29,True,False
DLD_FinalDataset_224_spit/train/LEAF_BLIGHT/to_label_3026.jpg,DLD_FinalDataset_224_spit/train/LEAF_BLIGHT/to_label_3027.jpg,3026,3027,train,train,LEAF_BLIGHT,LEAF_BLIGHT,31,True,False
DLD_FinalDataset_224_spit/train/LEAF_BLIGHT/to_label_3027.jpg,DLD_FinalDataset_224_spit/test/LEAF_BLIGHT/to_label_3028.jpg,3027,3028,train,test,LEAF_BLIGHT,LEAF_BLIGHT,28,True,True
DLD_FinalDataset_224_spit/test/LEAF_BLIGHT/to_label_3028.jpg,DLD_FinalDataset_224_spit/train/LEAF_BLIGHT/to_label_3029.jpg,3028,3029,test,train,LEAF_BLIGHT,LEAF_BLIGHT,31,True,True
DLD_FinalDataset_224_spit/train/LEAF_BLIGHT/to_label_3029.jpg,DLD_FinalDataset_224_spit/test/LEAF_BLIGHT/to_label_3030.jpg,3029,3030,train,test,LEAF_BLIGHT,LEAF_BLIGHT,35,True,True
DLD_FinalDataset_224_spit/test/LEAF_BLIGHT/to_label_3030.jpg,DLD_FinalDataset_224_spit/train/LEAF_BLIGHT/to_label_3031.jpg,3030,3031,test,train,LEAF_BLIGHT,LEAF_BLIGHT,27,True,True
DLD_FinalDataset_224_spit/train/LEAF_BLIGHT/to_label_3031.jpg,DLD_FinalDataset_224_spit/train/LEAF_BLIGHT/to_label_3032.jpg,3031,3032,train,train,LEAF_BLIGHT,LEAF_BLIGHT,33,True,False
DLD_FinalDataset_224_spit/train/LEAF_BLIGHT/to_label_3032.jpg,DLD_FinalDataset_224_spit/train/LEAF_BLIGHT/to_label_3033.jpg,3032,3033,train,train,LEAF_BLIGHT,LEAF_BLIGHT,34,True,False
DLD_FinalDataset_224_spit/train/LEAF_BLIGHT/to_label_3033.jpg,DLD_FinalDataset_224_spit/train/LEAF_BLIGHT/to_label_3034.jpg,3033,3034,train,train,LEAF_BLIGHT,LEAF_BLIGHT,35,True,False
DLD_FinalDataset_224_spit/train/LEAF_BLIGHT/to_label_3034.jpg,DLD_FinalDataset_224_spit/train/LEAF_BLIGHT/to_label_3035.jpg,3034,3035,train,train,LEAF_BLIGHT,LEAF_BLIGHT,26,True,False
DLD_FinalDataset_224_spit/train/LEAF_BLIGHT/to_label_3035.jpg,DLD_FinalDataset_224_spit/test/LEAF_BLIGHT/to_label_3036.jpg,3035,3036,train,test,LEAF_BLIGHT,LEAF_BLIGHT,35,True,True
DLD_FinalDataset_224_spit/test/LEAF_BLIGHT/to_label_3036.jpg,DLD_FinalDataset_224_spit/test/LEAF_BLIGHT/to_label_3037.jpg,3036,3037,test,test,LEAF_BLIGHT,LEAF_BLIGHT,34,True,False
DLD_FinalDataset_224_spit/test/LEAF_BLIGHT/to_label_3037.jpg,DLD_FinalDataset_224_spit/test/LEAF_BLIGHT/to_label_3038.jpg,3037,3038,test,test,LEAF_BLIGHT,LEAF_BLIGHT,36,True,False
DLD_FinalDataset_224_spit/test/LEAF_BLIGHT/to_label_3038.jpg,DLD_FinalDataset_224_spit/train/LEAF_BLIGHT/to_label_3039.jpg,3038,3039,test,train,LEAF_BLIGHT,LEAF_BLIGHT,33,True,True
DLD_FinalDataset_224_spit/train/LEAF_BLIGHT/to_label_3039.jpg,DLD_FinalDataset_224_spit/train/LEAF_BLIGHT/to_label_3040.jpg,3039,3040,train,train,LEAF_BLIGHT,LEAF_BLIGHT,30,True,False
DLD_FinalDataset_224_spit/train/LEAF_BLIGHT/to_label_3040.jpg,DLD_FinalDataset_224_spit/test/LEAF_BLIGHT/to_label_3041.jpg,3040,3041,train,test,LEAF_BLIGHT,LEAF_BLIGHT,30,True,True
DLD_FinalDataset_224_spit/test/LEAF_BLIGHT/to_label_3041.jpg,DLD_FinalDataset_224_spit/train/LEAF_BLIGHT/to_label_3042.jpg,3041,3042,test,train,LEAF_BLIGHT,LEAF_BLIGHT,36,True,True
DLD_FinalDataset_224_spit/train/LEAF_BLIGHT/to_label_3042.jpg,DLD_FinalDataset_224_spit/train/LEAF_BLIGHT/to_label_3043.jpg,3042,3043,train,train,LEAF_BLIGHT,LEAF_BLIGHT,34,True,False
DLD_FinalDataset_224_spit/train/LEAF_BLIGHT/to_label_3043.jpg,DLD_FinalDataset_224_spit/train/LEAF_BLIGHT/to_label_3044.jpg,3043,3044,train,train,LEAF_BLIGHT,LEAF_BLIGHT,27,True,False
DLD_FinalDataset_224_spit/train/LEAF_BLIGHT/to_label_3044.jpg,DLD_FinalDataset_224_spit/test/LEAF_BLIGHT/to_label_3045.jpg,3044,3045,train,test,LEAF_BLIGHT,LEAF_BLIGHT,31,True,True
DLD_FinalDataset_224_spit/test/LEAF_BLIGHT/to_label_3045.jpg,DLD_FinalDataset_224_spit/train/LEAF_BLIGHT/to_label_3046.jpg,3045,3046,test,train,LEAF_BLIGHT,LEAF_BLIGHT,34,True,True
DLD_FinalDataset_224_spit/train/LEAF_BLIGHT/to_label_3046.jpg,DLD_FinalDataset_224_spit/test/LEAF_BLIGHT/to_label_3047.jpg,3046,3047,train,test,LEAF_BLIGHT,LEAF_BLIGHT,27,True,True
DLD_FinalDataset_224_spit/test/LEAF_BLIGHT/to_label_3047.jpg,DLD_FinalDataset_224_spit/val/LEAF_BLIGHT/to_label_3048.jpg,3047,3048,test,val,LEAF_BLIGHT,LEAF_BLIGHT,25,True,True
DLD_FinalDataset_224_spit/val/LEAF_BLIGHT/to_label_3048.jpg,DLD_FinalDataset_224_spit/test/LEAF_BLIGHT/to_label_3049.jpg,3048,3049,val,test,LEAF_BLIGHT,LEAF_BLIGHT,32,True,True
DLD_FinalDataset_224_spit/test/LEAF_BLIGHT/to_label_3049.jpg,DLD_FinalDataset_224_spit/train/LEAF_BLIGHT/to_label_3050.jpg,3049,3050,test,train,LEAF_BLIGHT,LEAF_BLIGHT,36,True,True
DLD_FinalDataset_224_spit/train/LEAF_BLIGHT/to_label_3050.jpg,DLD_FinalDataset_224_spit/train/LEAF_BLIGHT/to_label_3051.jpg,3050,3051,train,train,LEAF_BLIGHT,LEAF_BLIGHT,32,True,False
DLD_FinalDataset_224_spit/train/LEAF_BLIGHT/to_label_3051.jpg,DLD_FinalDataset_224_spit/train/LEAF_BLIGHT/to_label_3052.jpg,3051,3052,train,train,LEAF_BLIGHT,LEAF_BLIGHT,35,True,False
DLD_FinalDataset_224_spit/train/LEAF_BLIGHT/to_label_3052.jpg,DLD_FinalDataset_224_spit/train/LEAF_BLIGHT/to_label_3053.jpg,3052,3053,train,train,LEAF_BLIGHT,LEAF_BLIGHT,34,True,False
DLD_FinalDataset_224_spit/train/LEAF_BLIGHT/to_label_3053.jpg,DLD_FinalDataset_224_spit/train/LEAF_BLIGHT/to_label_3054.jpg,3053,3054,train,train,LEAF_BLIGHT,LEAF_BLIGHT,36,True,False
DLD_FinalDataset_224_spit/train/LEAF_BLIGHT/to_label_3054.jpg,DLD_FinalDataset_224_spit/train/LEAF_BLIGHT/to_label_3055.jpg,3054,3055,train,train,LEAF_BLIGHT,LEAF_BLIGHT,31,True,False
DLD_FinalDataset_224_spit/train/LEAF_BLIGHT/to_label_3055.jpg,DLD_FinalDataset_224_spit/test/LEAF_BLIGHT/to_label_3056.jpg,3055,3056,train,test,LEAF_BLIGHT,LEAF_BLIGHT,35,True,True
DLD_FinalDataset_224_spit/test/LEAF_BLIGHT/to_label_3056.jpg,DLD_FinalDataset_224_spit/val/LEAF_BLIGHT/to_label_3057.jpg,3056,3057,test,val,LEAF_BLIGHT,LEAF_BLIGHT,40,True,True
DLD_FinalDataset_224_spit/val/LEAF_BLIGHT/to_label_3057.jpg,DLD_FinalDataset_224_spit/train/LEAF_BLIGHT/to_label_3058.jpg,3057,3058,val,train,LEAF_BLIGHT,LEAF_BLIGHT,24,True,True
DLD_FinalDataset_224_spit/train/LEAF_BLIGHT/to_label_3058.jpg,DLD_FinalDataset_224_spit/train/LEAF_BLIGHT/to_label_3059.jpg,3058,3059,train,train,LEAF_BLIGHT,LEAF_BLIGHT,34,True,False
DLD_FinalDataset_224_spit/train/LEAF_BLIGHT/to_label_3059.jpg,DLD_FinalDataset_224_spit/train/LEAF_BLIGHT/to_label_3060.jpg,3059,3060,train,train,LEAF_BLIGHT,LEAF_BLIGHT,30,True,False
DLD_FinalDataset_224_spit/train/LEAF_BLIGHT/to_label_3060.jpg,DLD_FinalDataset_224_spit/train/LEAF_BLIGHT/to_label_3061.jpg,3060,3061,train,train,LEAF_BLIGHT,LEAF_BLIGHT,31,True,False
DLD_FinalDataset_224_spit/train/LEAF_BLIGHT/to_label_3061.jpg,DLD_FinalDataset_224_spit/train/LEAF_BLIGHT/to_label_3062.jpg,3061,3062,train,train,LEAF_BLIGHT,LEAF_BLIGHT,34,True,False
DLD_FinalDataset_224_spit/train/LEAF_BLIGHT/to_label_3062.jpg,DLD_FinalDataset_224_spit/test/LEAF_BLIGHT/to_label_3063.jpg,3062,3063,train,test,LEAF_BLIGHT,LEAF_BLIGHT,36,True,True
DLD_FinalDataset_224_spit/test/LEAF_BLIGHT/to_label_3063.jpg,DLD_FinalDataset_224_spit/train/LEAF_BLIGHT/to_label_3064.jpg,3063,3064,test,train,LEAF_BLIGHT,LEAF_BLIGHT,34,True,True
DLD_FinalDataset_224_spit/train/LEAF_BLIGHT/to_label_3064.jpg,DLD_FinalDataset_224_spit/train/LEAF_BLIGHT/to_label_3065.jpg,3064,3065,train,train,LEAF_BLIGHT,LEAF_BLIGHT,34,True,False
DLD_FinalDataset_224_spit/train/LEAF_BLIGHT/to_label_3065.jpg,DLD_FinalDataset_224_spit/train/LEAF_BLIGHT/to_label_3066.jpg,3065,3066,train,train,LEAF_BLIGHT,LEAF_BLIGHT,42,True,False
DLD_FinalDataset_224_spit/train/LEAF_BLIGHT/to_label_3066.jpg,DLD_FinalDataset_224_spit/train/LEAF_BLIGHT/to_label_3067.jpg,3066,3067,train,train,LEAF_BLIGHT,LEAF_BLIGHT,37,True,False
DLD_FinalDataset_224_spit/train/LEAF_BLIGHT/to_label_3067.jpg,DLD_FinalDataset_224_spit/test/LEAF_BLIGHT/to_label_3068.jpg,3067,3068,train,test,LEAF_BLIGHT,LEAF_BLIGHT,30,True,True
DLD_FinalDataset_224_spit/test/LEAF_BLIGHT/to_label_3068.jpg,DLD_FinalDataset_224_spit/train/LEAF_BLIGHT/to_label_3069.jpg,3068,3069,test,train,LEAF_BLIGHT,LEAF_BLIGHT,32,True,True
DLD_FinalDataset_224_spit/train/LEAF_BLIGHT/to_label_3069.jpg,DLD_FinalDataset_224_spit/train/LEAF_BLIGHT/to_label_3070.jpg,3069,3070,train,train,LEAF_BLIGHT,LEAF_BLIGHT,37,True,False
DLD_FinalDataset_224_spit/train/LEAF_BLIGHT/to_label_3070.jpg,DLD_FinalDataset_224_spit/train/LEAF_BLIGHT/to_label_3071.jpg,3070,3071,train,train,LEAF_BLIGHT,LEAF_BLIGHT,34,True,False
DLD_FinalDataset_224_spit/train/LEAF_BLIGHT/to_label_3071.jpg,DLD_FinalDataset_224_spit/train/LEAF_BLIGHT/to_label_3072.jpg,3071,3072,train,train,LEAF_BLIGHT,LEAF_BLIGHT,38,True,False
DLD_FinalDataset_224_spit/train/LEAF_BLIGHT/to_label_3072.jpg,DLD_FinalDataset_224_spit/train/LEAF_BLIGHT/to_label_3073.jpg,3072,3073,train,train,LEAF_BLIGHT,LEAF_BLIGHT,25,True,False
DLD_FinalDataset_224_spit/train/LEAF_BLIGHT/to_label_3073.jpg,DLD_FinalDataset_224_spit/train/LEAF_BLIGHT/to_label_3074.jpg,3073,3074,train,train,LEAF_BLIGHT,LEAF_BLIGHT,39,True,False
DLD_FinalDataset_224_spit/train/LEAF_BLIGHT/to_label_3074.jpg,DLD_FinalDataset_224_spit/train/LEAF_BLIGHT/to_label_3075.jpg,3074,3075,train,train,LEAF_BLIGHT,LEAF_BLIGHT,34,True,False
DLD_FinalDataset_224_spit/train/LEAF_BLIGHT/to_label_3075.jpg,DLD_FinalDataset_224_spit/train/LEAF_BLIGHT/to_label_3076.jpg,3075,3076,train,train,LEAF_BLIGHT,LEAF_BLIGHT,25,True,False
DLD_FinalDataset_224_spit/train/LEAF_BLIGHT/to_label_3076.jpg,DLD_FinalDataset_224_spit/train/LEAF_BLIGHT/to_label_3077.jpg,3076,3077,train,train,LEAF_BLIGHT,LEAF_BLIGHT,31,True,False
DLD_FinalDataset_224_spit/train/LEAF_BLIGHT/to_label_3077.jpg,DLD_FinalDataset_224_spit/train/LEAF_BLIGHT/to_label_3078.jpg,3077,3078,train,train,LEAF_BLIGHT,LEAF_BLIGHT,38,True,False
DLD_FinalDataset_224_spit/train/LEAF_BLIGHT/to_label_3078.jpg,DLD_FinalDataset_224_spit/train/LEAF_BLIGHT/to_label_3079.jpg,3078,3079,train,train,LEAF_BLIGHT,LEAF_BLIGHT,33,True,False
DLD_FinalDataset_224_spit/train/LEAF_BLIGHT/to_label_3079.jpg,DLD_FinalDataset_224_spit/test/LEAF_BLIGHT/to_label_3080.jpg,3079,3080,train,test,LEAF_BLIGHT,LEAF_BLIGHT,29,True,True
DLD_FinalDataset_224_spit/test/LEAF_BLIGHT/to_label_3080.jpg,DLD_FinalDataset_224_spit/train/LEAF_BLIGHT/to_label_3081.jpg,3080,3081,test,train,LEAF_BLIGHT,LEAF_BLIGHT,28,True,True
DLD_FinalDataset_224_spit/train/LEAF_BLIGHT/to_label_3081.jpg,DLD_FinalDataset_224_spit/train/LEAF_BLIGHT/to_label_3082.jpg,3081,3082,train,train,LEAF_BLIGHT,LEAF_BLIGHT,36,True,False
DLD_FinalDataset_224_spit/train/LEAF_BLIGHT/to_label_3082.jpg,DLD_FinalDataset_224_spit/train/LEAF_BLIGHT/to_label_3083.jpg,3082,3083,train,train,LEAF_BLIGHT,LEAF_BLIGHT,28,True,False
DLD_FinalDataset_224_spit/train/LEAF_BLIGHT/to_label_3083.jpg,DLD_FinalDataset_224_spit/test/LEAF_BLIGHT/to_label_3084.jpg,3083,3084,train,test,LEAF_BLIGHT,LEAF_BLIGHT,30,True,True
DLD_FinalDataset_224_spit/test/LEAF_BLIGHT/to_label_3084.jpg,DLD_FinalDataset_224_spit/train/LEAF_BLIGHT/to_label_3085.jpg,3084,3085,test,train,LEAF_BLIGHT,LEAF_BLIGHT,31,True,True
DLD_FinalDataset_224_spit/train/LEAF_BLIGHT/to_label_3085.jpg,DLD_FinalDataset_224_spit/train/LEAF_BLIGHT/to_label_3086.jpg,3085,3086,train,train,LEAF_BLIGHT,LEAF_BLIGHT,38,True,False
DLD_FinalDataset_224_spit/train/LEAF_BLIGHT/to_label_3086.jpg,DLD_FinalDataset_224_spit/train/LEAF_BLIGHT/to_label_3087.jpg,3086,3087,train,train,LEAF_BLIGHT,LEAF_BLIGHT,33,True,False
DLD_FinalDataset_224_spit/train/LEAF_BLIGHT/to_label_3087.jpg,DLD_FinalDataset_224_spit/train/LEAF_BLIGHT/to_label_3088.jpg,3087,3088,train,train,LEAF_BLIGHT,LEAF_BLIGHT,42,True,False
DLD_FinalDataset_224_spit/train/LEAF_BLIGHT/to_label_3088.jpg,DLD_FinalDataset_224_spit/train/LEAF_BLIGHT/to_label_3089.jpg,3088,3089,train,train,LEAF_BLIGHT,LEAF_BLIGHT,29,True,False
DLD_FinalDataset_224_spit/train/LEAF_BLIGHT/to_label_3089.jpg,DLD_FinalDataset_224_spit/train/LEAF_BLIGHT/to_label_3090.jpg,3089,3090,train,train,LEAF_BLIGHT,LEAF_BLIGHT,24,True,False
DLD_FinalDataset_224_spit/train/LEAF_BLIGHT/to_label_3090.jpg,DLD_FinalDataset_224_spit/train/LEAF_BLIGHT/to_label_3091.jpg,3090,3091,train,train,LEAF_BLIGHT,LEAF_BLIGHT,24,True,False
DLD_FinalDataset_224_spit/train/LEAF_BLIGHT/to_label_3091.jpg,DLD_FinalDataset_224_spit/train/LEAF_BLIGHT/to_label_3092.jpg,3091,3092,train,train,LEAF_BLIGHT,LEAF_BLIGHT,30,True,False
DLD_FinalDataset_224_spit/train/LEAF_BLIGHT/to_label_3092.jpg,DLD_FinalDataset_224_spit/train/LEAF_BLIGHT/to_label_3093.jpg,3092,3093,train,train,LEAF_BLIGHT,LEAF_BLIGHT,34,True,False
DLD_FinalDataset_224_spit/train/LEAF_BLIGHT/to_label_3093.jpg,DLD_FinalDataset_224_spit/val/LEAF_BLIGHT/to_label_3094.jpg,3093,3094,train,val,LEAF_BLIGHT,LEAF_BLIGHT,28,True,True
DLD_FinalDataset_224_spit/val/LEAF_BLIGHT/to_label_3094.jpg,DLD_FinalDataset_224_spit/val/LEAF_BLIGHT/to_label_3095.jpg,3094,3095,val,val,LEAF_BLIGHT,LEAF_BLIGHT,26,True,False
DLD_FinalDataset_224_spit/val/LEAF_BLIGHT/to_label_3095.jpg,DLD_FinalDataset_224_spit/train/LEAF_BLIGHT/to_label_3096.jpg,3095,3096,val,train,LEAF_BLIGHT,LEAF_BLIGHT,29,True,True
DLD_FinalDataset_224_spit/train/LEAF_BLIGHT/to_label_3096.jpg,DLD_FinalDataset_224_spit/test/LEAF_BLIGHT/to_label_3097.jpg,3096,3097,train,test,LEAF_BLIGHT,LEAF_BLIGHT,28,True,True
DLD_FinalDataset_224_spit/test/LEAF_BLIGHT/to_label_3097.jpg,DLD_FinalDataset_224_spit/test/LEAF_BLIGHT/to_label_3098.jpg,3097,3098,test,test,LEAF_BLIGHT,LEAF_BLIGHT,33,True,False
DLD_FinalDataset_224_spit/test/LEAF_BLIGHT/to_label_3098.jpg,DLD_FinalDataset_224_spit/train/LEAF_BLIGHT/to_label_3099.jpg,3098,3099,test,train,LEAF_BLIGHT,LEAF_BLIGHT,35,True,True
DLD_FinalDataset_224_spit/train/LEAF_BLIGHT/to_label_3099.jpg,DLD_FinalDataset_224_spit/train/LEAF_BLIGHT/to_label_3100.jpg,3099,3100,train,train,LEAF_BLIGHT,LEAF_BLIGHT,26,True,False
DLD_FinalDataset_224_spit/train/LEAF_BLIGHT/to_label_3100.jpg,DLD_FinalDataset_224_spit/train/LEAF_BLIGHT/to_label_3101.jpg,3100,3101,train,train,LEAF_BLIGHT,LEAF_BLIGHT,33,True,False
DLD_FinalDataset_224_spit/train/LEAF_BLIGHT/to_label_3101.jpg,DLD_FinalDataset_224_spit/train/LEAF_BLIGHT/to_label_3102.jpg,3101,3102,train,train,LEAF_BLIGHT,LEAF_BLIGHT,30,True,False
DLD_FinalDataset_224_spit/train/LEAF_BLIGHT/to_label_3102.jpg,DLD_FinalDataset_224_spit/val/LEAF_BLIGHT/to_label_3103.jpg,3102,3103,train,val,LEAF_BLIGHT,LEAF_BLIGHT,28,True,True
DLD_FinalDataset_224_spit/val/LEAF_BLIGHT/to_label_3103.jpg,DLD_FinalDataset_224_spit/train/LEAF_BLIGHT/to_label_3104.jpg,3103,3104,val,train,LEAF_BLIGHT,LEAF_BLIGHT,26,True,True
DLD_FinalDataset_224_spit/train/LEAF_BLIGHT/to_label_3104.jpg,DLD_FinalDataset_224_spit/train/LEAF_BLIGHT/to_label_3105.jpg,3104,3105,train,train,LEAF_BLIGHT,LEAF_BLIGHT,32,True,False
DLD_FinalDataset_224_spit/train/LEAF_BLIGHT/to_label_3105.jpg,DLD_FinalDataset_224_spit/val/LEAF_BLIGHT/to_label_3106.jpg,3105,3106,train,val,LEAF_BLIGHT,LEAF_BLIGHT,35,True,True
DLD_FinalDataset_224_spit/val/LEAF_BLIGHT/to_label_3106.jpg,DLD_FinalDataset_224_spit/train/LEAF_BLIGHT/to_label_3107.jpg,3106,3107,val,train,LEAF_BLIGHT,LEAF_BLIGHT,32,True,True
DLD_FinalDataset_224_spit/train/LEAF_BLIGHT/to_label_3107.jpg,DLD_FinalDataset_224_spit/train/LEAF_BLIGHT/to_label_3108.jpg,3107,3108,train,train,LEAF_BLIGHT,LEAF_BLIGHT,37,True,False
DLD_FinalDataset_224_spit/train/LEAF_BLIGHT/to_label_3108.jpg,DLD_FinalDataset_224_spit/test/LEAF_BLIGHT/to_label_3109.jpg,3108,3109,train,test,LEAF_BLIGHT,LEAF_BLIGHT,40,True,True
DLD_FinalDataset_224_spit/test/LEAF_BLIGHT/to_label_3109.jpg,DLD_FinalDataset_224_spit/test/LEAF_BLIGHT/to_label_3110.jpg,3109,3110,test,test,LEAF_BLIGHT,LEAF_BLIGHT,29,True,False
DLD_FinalDataset_224_spit/test/LEAF_BLIGHT/to_label_3110.jpg,DLD_FinalDataset_224_spit/train/LEAF_BLIGHT/to_label_3111.jpg,3110,3111,test,train,LEAF_BLIGHT,LEAF_BLIGHT,33,True,True
DLD_FinalDataset_224_spit/train/LEAF_BLIGHT/to_label_3111.jpg,DLD_FinalDataset_224_spit/val/LEAF_BLIGHT/to_label_3112.jpg,3111,3112,train,val,LEAF_BLIGHT,LEAF_BLIGHT,28,True,True
DLD_FinalDataset_224_spit/val/LEAF_BLIGHT/to_label_3112.jpg,DLD_FinalDataset_224_spit/train/LEAF_BLIGHT/to_label_3113.jpg,3112,3113,val,train,LEAF_BLIGHT,LEAF_BLIGHT,28,True,True
DLD_FinalDataset_224_spit/train/LEAF_BLIGHT/to_label_3113.jpg,DLD_FinalDataset_224_spit/train/LEAF_BLIGHT/to_label_3114.jpg,3113,3114,train,train,LEAF_BLIGHT,LEAF_BLIGHT,25,True,False
DLD_FinalDataset_224_spit/train/LEAF_BLIGHT/to_label_3114.jpg,DLD_FinalDataset_224_spit/test/LEAF_BLIGHT/to_label_3115.jpg,3114,3115,train,test,LEAF_BLIGHT,LEAF_BLIGHT,27,True,True
DLD_FinalDataset_224_spit/test/LEAF_BLIGHT/to_label_3115.jpg,DLD_FinalDataset_224_spit/test/LEAF_BLIGHT/to_label_3116.jpg,3115,3116,test,test,LEAF_BLIGHT,LEAF_BLIGHT,32,True,False
DLD_FinalDataset_224_spit/test/LEAF_BLIGHT/to_label_3116.jpg,DLD_FinalDataset_224_spit/train/LEAF_BLIGHT/to_label_3117.jpg,3116,3117,test,train,LEAF_BLIGHT,LEAF_BLIGHT,25,True,True
DLD_FinalDataset_224_spit/train/LEAF_BLIGHT/to_label_3117.jpg,DLD_FinalDataset_224_spit/test/LEAF_BLIGHT/to_label_3118.jpg,3117,3118,train,test,LEAF_BLIGHT,LEAF_BLIGHT,31,True,True
DLD_FinalDataset_224_spit/test/LEAF_BLIGHT/to_label_3118.jpg,DLD_FinalDataset_224_spit/test/LEAF_BLIGHT/to_label_3119.jpg,3118,3119,test,test,LEAF_BLIGHT,LEAF_BLIGHT,32,True,False
DLD_FinalDataset_224_spit/test/LEAF_BLIGHT/to_label_3119.jpg,DLD_FinalDataset_224_spit/train/LEAF_BLIGHT/to_label_3120.jpg,3119,3120,test,train,LEAF_BLIGHT,LEAF_BLIGHT,25,True,True
DLD_FinalDataset_224_spit/train/LEAF_BLIGHT/to_label_3120.jpg,DLD_FinalDataset_224_spit/train/LEAF_BLIGHT/to_label_3121.jpg,3120,3121,train,train,LEAF_BLIGHT,LEAF_BLIGHT,33,True,False
DLD_FinalDataset_224_spit/train/LEAF_BLIGHT/to_label_3121.jpg,DLD_FinalDataset_224_spit/val/LEAF_BLIGHT/to_label_3122.jpg,3121,3122,train,val,LEAF_BLIGHT,LEAF_BLIGHT,21,True,True
DLD_FinalDataset_224_spit/val/LEAF_BLIGHT/to_label_3122.jpg,DLD_FinalDataset_224_spit/train/LEAF_BLIGHT/to_label_3123.jpg,3122,3123,val,train,LEAF_BLIGHT,LEAF_BLIGHT,34,True,True
DLD_FinalDataset_224_spit/train/LEAF_BLIGHT/to_label_3123.jpg,DLD_FinalDataset_224_spit/train/LEAF_BLIGHT/to_label_3124.jpg,3123,3124,train,train,LEAF_BLIGHT,LEAF_BLIGHT,37,True,False
DLD_FinalDataset_224_spit/train/LEAF_BLIGHT/to_label_3124.jpg,DLD_FinalDataset_224_spit/val/LEAF_BLIGHT/to_label_3125.jpg,3124,3125,train,val,LEAF_BLIGHT,LEAF_BLIGHT,33,True,True
DLD_FinalDataset_224_spit/val/LEAF_BLIGHT/to_label_3125.jpg,DLD_FinalDataset_224_spit/train/LEAF_BLIGHT/to_label_3126.jpg,3125,3126,val,train,LEAF_BLIGHT,LEAF_BLIGHT,27,True,True
DLD_FinalDataset_224_spit/train/LEAF_BLIGHT/to_label_3126.jpg,DLD_FinalDataset_224_spit/train/LEAF_BLIGHT/to_label_3127.jpg,3126,3127,train,train,LEAF_BLIGHT,LEAF_BLIGHT,30,True,False
DLD_FinalDataset_224_spit/train/LEAF_BLIGHT/to_label_3127.jpg,DLD_FinalDataset_224_spit/val/LEAF_BLIGHT/to_label_3128.jpg,3127,3128,train,val,LEAF_BLIGHT,LEAF_BLIGHT,32,True,True
DLD_FinalDataset_224_spit/val/LEAF_BLIGHT/to_label_3128.jpg,DLD_FinalDataset_224_spit/train/LEAF_BLIGHT/to_label_3129.jpg,3128,3129,val,train,LEAF_BLIGHT,LEAF_BLIGHT,30,True,True
DLD_FinalDataset_224_spit/train/LEAF_BLIGHT/to_label_3129.jpg,DLD_FinalDataset_224_spit/val/LEAF_BLIGHT/to_label_3130.jpg,3129,3130,train,val,LEAF_BLIGHT,LEAF_BLIGHT,34,True,True
DLD_FinalDataset_224_spit/val/LEAF_BLIGHT/to_label_3130.jpg,DLD_FinalDataset_224_spit/train/LEAF_BLIGHT/to_label_3131.jpg,3130,3131,val,train,LEAF_BLIGHT,LEAF_BLIGHT,27,True,True
DLD_FinalDataset_224_spit/train/LEAF_BLIGHT/to_label_3131.jpg,DLD_FinalDataset_224_spit/train/LEAF_BLIGHT/to_label_3132.jpg,3131,3132,train,train,LEAF_BLIGHT,LEAF_BLIGHT,35,True,False
DLD_FinalDataset_224_spit/train/LEAF_BLIGHT/to_label_3132.jpg,DLD_FinalDataset_224_spit/test/LEAF_BLIGHT/to_label_3133.jpg,3132,3133,train,test,LEAF_BLIGHT,LEAF_BLIGHT,34,True,True
DLD_FinalDataset_224_spit/test/LEAF_BLIGHT/to_label_3133.jpg,DLD_FinalDataset_224_spit/train/LEAF_BLIGHT/to_label_3134.jpg,3133,3134,test,train,LEAF_BLIGHT,LEAF_BLIGHT,26,True,True
DLD_FinalDataset_224_spit/train/LEAF_BLIGHT/to_label_3134.jpg,DLD_FinalDataset_224_spit/train/LEAF_BLIGHT/to_label_3135.jpg,3134,3135,train,train,LEAF_BLIGHT,LEAF_BLIGHT,30,True,False
DLD_FinalDataset_224_spit/train/LEAF_BLIGHT/to_label_3135.jpg,DLD_FinalDataset_224_spit/train/LEAF_BLIGHT/to_label_3136.jpg,3135,3136,train,train,LEAF_BLIGHT,LEAF_BLIGHT,31,True,False
DLD_FinalDataset_224_spit/train/LEAF_BLIGHT/to_label_3136.jpg,DLD_FinalDataset_224_spit/val/LEAF_BLIGHT/to_label_3137.jpg,3136,3137,train,val,LEAF_BLIGHT,LEAF_BLIGHT,26,True,True
DLD_FinalDataset_224_spit/val/LEAF_BLIGHT/to_label_3137.jpg,DLD_FinalDataset_224_spit/train/LEAF_BLIGHT/to_label_3138.jpg,3137,3138,val,train,LEAF_BLIGHT,LEAF_BLIGHT,32,True,True
DLD_FinalDataset_224_spit/train/LEAF_BLIGHT/to_label_3138.jpg,DLD_FinalDataset_224_spit/test/LEAF_BLIGHT/to_label_3139.jpg,3138,3139,train,test,LEAF_BLIGHT,LEAF_BLIGHT,30,True,True
DLD_FinalDataset_224_spit/test/LEAF_BLIGHT/to_label_3139.jpg,DLD_FinalDataset_224_spit/train/LEAF_BLIGHT/to_label_3140.jpg,3139,3140,test,train,LEAF_BLIGHT,LEAF_BLIGHT,38,True,True
DLD_FinalDataset_224_spit/train/LEAF_BLIGHT/to_label_3140.jpg,DLD_FinalDataset_224_spit/train/LEAF_BLIGHT/to_label_3141.jpg,3140,3141,train,train,LEAF_BLIGHT,LEAF_BLIGHT,34,True,False
DLD_FinalDataset_224_spit/train/LEAF_BLIGHT/to_label_3141.jpg,DLD_FinalDataset_224_spit/test/LEAF_BLIGHT/to_label_3142.jpg,3141,3142,train,test,LEAF_BLIGHT,LEAF_BLIGHT,33,True,True
DLD_FinalDataset_224_spit/test/LEAF_BLIGHT/to_label_3142.jpg,DLD_FinalDataset_224_spit/val/LEAF_BLIGHT/to_label_3143.jpg,3142,3143,test,val,LEAF_BLIGHT,LEAF_BLIGHT,27,True,True
DLD_FinalDataset_224_spit/val/LEAF_BLIGHT/to_label_3143.jpg,DLD_FinalDataset_224_spit/train/LEAF_BLIGHT/to_label_3144.jpg,3143,3144,val,train,LEAF_BLIGHT,LEAF_BLIGHT,33,True,True
DLD_FinalDataset_224_spit/train/LEAF_BLIGHT/to_label_3144.jpg,DLD_FinalDataset_224_spit/train/LEAF_BLIGHT/to_label_3145.jpg,3144,3145,train,train,LEAF_BLIGHT,LEAF_BLIGHT,28,True,False
DLD_FinalDataset_224_spit/train/LEAF_BLIGHT/to_label_3145.jpg,DLD_FinalDataset_224_spit/train/LEAF_BLIGHT/to_label_3146.jpg,3145,3146,train,train,LEAF_BLIGHT,LEAF_BLIGHT,34,True,False
DLD_FinalDataset_224_spit/train/LEAF_BLIGHT/to_label_3146.jpg,DLD_FinalDataset_224_spit/train/LEAF_BLIGHT/to_label_3147.jpg,3146,3147,train,train,LEAF_BLIGHT,LEAF_BLIGHT,41,True,False
DLD_FinalDataset_224_spit/train/LEAF_BLIGHT/to_label_3147.jpg,DLD_FinalDataset_224_spit/val/LEAF_BLIGHT/to_label_3148.jpg,3147,3148,train,val,LEAF_BLIGHT,LEAF_BLIGHT,28,True,True
DLD_FinalDataset_224_spit/val/LEAF_BLIGHT/to_label_3148.jpg,DLD_FinalDataset_224_spit/train/LEAF_BLIGHT/to_label_3149.jpg,3148,3149,val,train,LEAF_BLIGHT,LEAF_BLIGHT,31,True,True
DLD_FinalDataset_224_spit/train/LEAF_BLIGHT/to_label_3149.jpg,DLD_FinalDataset_224_spit/val/LEAF_BLIGHT/to_label_3150.jpg,3149,3150,train,val,LEAF_BLIGHT,LEAF_BLIGHT,30,True,True
DLD_FinalDataset_224_spit/val/LEAF_BLIGHT/to_label_3150.jpg,DLD_FinalDataset_224_spit/train/LEAF_BLIGHT/to_label_3151.jpg,3150,3151,val,train,LEAF_BLIGHT,LEAF_BLIGHT,34,True,True
DLD_FinalDataset_224_spit/train/LEAF_BLIGHT/to_label_3151.jpg,DLD_FinalDataset_224_spit/train/LEAF_BLIGHT/to_label_3152.jpg,3151,3152,train,train,LEAF_BLIGHT,LEAF_BLIGHT,27,True,False
DLD_FinalDataset_224_spit/train/LEAF_BLIGHT/to_label_3152.jpg,DLD_FinalDataset_224_spit/val/LEAF_BLIGHT/to_label_3153.jpg,3152,3153,train,val,LEAF_BLIGHT,LEAF_BLIGHT,33,True,True
DLD_FinalDataset_224_spit/val/LEAF_BLIGHT/to_label_3153.jpg,DLD_FinalDataset_224_spit/test/LEAF_BLIGHT/to_label_3154.jpg,3153,3154,val,test,LEAF_BLIGHT,LEAF_BLIGHT,27,True,True
DLD_FinalDataset_224_spit/test/LEAF_BLIGHT/to_label_3154.jpg,DLD_FinalDataset_224_spit/train/LEAF_BLIGHT/to_label_3155.jpg,3154,3155,test,train,LEAF_BLIGHT,LEAF_BLIGHT,39,True,True
DLD_FinalDataset_224_spit/train/LEAF_BLIGHT/to_label_3155.jpg,DLD_FinalDataset_224_spit/train/LEAF_BLIGHT/to_label_3156.jpg,3155,3156,train,train,LEAF_BLIGHT,LEAF_BLIGHT,27,True,False
DLD_FinalDataset_224_spit/train/LEAF_BLIGHT/to_label_3156.jpg,DLD_FinalDataset_224_spit/train/LEAF_BLIGHT/to_label_3157.jpg,3156,3157,train,train,LEAF_BLIGHT,LEAF_BLIGHT,34,True,False
DLD_FinalDataset_224_spit/train/LEAF_BLIGHT/to_label_3157.jpg,DLD_FinalDataset_224_spit/train/LEAF_BLIGHT/to_label_3158.jpg,3157,3158,train,train,LEAF_BLIGHT,LEAF_BLIGHT,29,True,False
DLD_FinalDataset_224_spit/train/LEAF_BLIGHT/to_label_3158.jpg,DLD_FinalDataset_224_spit/train/LEAF_BLIGHT/to_label_3159.jpg,3158,3159,train,train,LEAF_BLIGHT,LEAF_BLIGHT,35,True,False
DLD_FinalDataset_224_spit/train/LEAF_BLIGHT/to_label_3159.jpg,DLD_FinalDataset_224_spit/train/LEAF_BLIGHT/to_label_3160.jpg,3159,3160,train,train,LEAF_BLIGHT,LEAF_BLIGHT,28,True,False
DLD_FinalDataset_224_spit/train/LEAF_BLIGHT/to_label_3160.jpg,DLD_FinalDataset_224_spit/train/LEAF_BLIGHT/to_label_3161.jpg,3160,3161,train,train,LEAF_BLIGHT,LEAF_BLIGHT,21,True,False
DLD_FinalDataset_224_spit/train/LEAF_BLIGHT/to_label_3161.jpg,DLD_FinalDataset_224_spit/train/LEAF_BLIGHT/to_label_3162.jpg,3161,3162,train,train,LEAF_BLIGHT,LEAF_BLIGHT,31,True,False
DLD_FinalDataset_224_spit/train/LEAF_BLIGHT/to_label_3162.jpg,DLD_FinalDataset_224_spit/train/LEAF_BLIGHT/to_label_3163.jpg,3162,3163,train,train,LEAF_BLIGHT,LEAF_BLIGHT,34,True,False
DLD_FinalDataset_224_spit/train/LEAF_BLIGHT/to_label_3163.jpg,DLD_FinalDataset_224_spit/val/LEAF_BLIGHT/to_label_3164.jpg,3163,3164,train,val,LEAF_BLIGHT,LEAF_BLIGHT,38,True,True
DLD_FinalDataset_224_spit/val/LEAF_BLIGHT/to_label_3164.jpg,DLD_FinalDataset_224_spit/train/LEAF_BLIGHT/to_label_3165.jpg,3164,3165,val,train,LEAF_BLIGHT,LEAF_BLIGHT,39,True,True
DLD_FinalDataset_224_spit/train/LEAF_BLIGHT/to_label_3165.jpg,DLD_FinalDataset_224_spit/train/LEAF_BLIGHT/to_label_3166.jpg,3165,3166,train,train,LEAF_BLIGHT,LEAF_BLIGHT,36,True,False
DLD_FinalDataset_224_spit/train/LEAF_BLIGHT/to_label_3166.jpg,DLD_FinalDataset_224_spit/train/LEAF_BLIGHT/to_label_3167.jpg,3166,3167,train,train,LEAF_BLIGHT,LEAF_BLIGHT,24,True,False
DLD_FinalDataset_224_spit/train/LEAF_BLIGHT/to_label_3167.jpg,DLD_FinalDataset_224_spit/test/LEAF_BLIGHT/to_label_3168.jpg,3167,3168,train,test,LEAF_BLIGHT,LEAF_BLIGHT,25,True,True
DLD_FinalDataset_224_spit/test/LEAF_BLIGHT/to_label_3168.jpg,DLD_FinalDataset_224_spit/test/LEAF_BLIGHT/to_label_3169.jpg,3168,3169,test,test,LEAF_BLIGHT,LEAF_BLIGHT,29,True,False
DLD_FinalDataset_224_spit/test/LEAF_BLIGHT/to_label_3169.jpg,DLD_FinalDataset_224_spit/train/LEAF_BLIGHT/to_label_3170.jpg,3169,3170,test,train,LEAF_BLIGHT,LEAF_BLIGHT,31,True,True
DLD_FinalDataset_224_spit/train/LEAF_BLIGHT/to_label_3170.jpg,DLD_FinalDataset_224_spit/val/LEAF_BLIGHT/to_label_3171.jpg,3170,3171,train,val,LEAF_BLIGHT,LEAF_BLIGHT,35,True,True
DLD_FinalDataset_224_spit/val/LEAF_BLIGHT/to_label_3171.jpg,DLD_FinalDataset_224_spit/train/LEAF_BLIGHT/to_label_3172.jpg,3171,3172,val,train,LEAF_BLIGHT,LEAF_BLIGHT,27,True,True
DLD_FinalDataset_224_spit/train/LEAF_BLIGHT/to_label_3172.jpg,DLD_FinalDataset_224_spit/train/LEAF_BLIGHT/to_label_3173.jpg,3172,3173,train,train,LEAF_BLIGHT,LEAF_BLIGHT,27,True,False
DLD_FinalDataset_224_spit/train/LEAF_BLIGHT/to_label_3173.jpg,DLD_FinalDataset_224_spit/train/LEAF_BLIGHT/to_label_3174.jpg,3173,3174,train,train,LEAF_BLIGHT,LEAF_BLIGHT,33,True,False
DLD_FinalDataset_224_spit/train/LEAF_BLIGHT/to_label_3174.jpg,DLD_FinalDataset_224_spit/train/LEAF_BLIGHT/to_label_3175.jpg,3174,3175,train,train,LEAF_BLIGHT,LEAF_BLIGHT,29,True,False
DLD_FinalDataset_224_spit/train/LEAF_BLIGHT/to_label_3175.jpg,DLD_FinalDataset_224_spit/test/LEAF_BLIGHT/to_label_3176.jpg,3175,3176,train,test,LEAF_BLIGHT,LEAF_BLIGHT,35,True,True
DLD_FinalDataset_224_spit/test/LEAF_BLIGHT/to_label_3176.jpg,DLD_FinalDataset_224_spit/train/LEAF_BLIGHT/to_label_3177.jpg,3176,3177,test,train,LEAF_BLIGHT,LEAF_BLIGHT,25,True,True
DLD_FinalDataset_224_spit/train/LEAF_BLIGHT/to_label_3177.jpg,DLD_FinalDataset_224_spit/train/LEAF_BLIGHT/to_label_3178.jpg,3177,3178,train,train,LEAF_BLIGHT,LEAF_BLIGHT,29,True,False
DLD_FinalDataset_224_spit/train/LEAF_BLIGHT/to_label_3178.jpg,DLD_FinalDataset_224_spit/train/LEAF_BLIGHT/to_label_3179.jpg,3178,3179,train,train,LEAF_BLIGHT,LEAF_BLIGHT,19,True,False
DLD_FinalDataset_224_spit/train/LEAF_BLIGHT/to_label_3179.jpg,DLD_FinalDataset_224_spit/test/LEAF_BLIGHT/to_label_3180.jpg,3179,3180,train,test,LEAF_BLIGHT,LEAF_BLIGHT,40,True,True
DLD_FinalDataset_224_spit/test/LEAF_BLIGHT/to_label_3180.jpg,DLD_FinalDataset_224_spit/test/LEAF_BLIGHT/to_label_3181.jpg,3180,3181,test,test,LEAF_BLIGHT,LEAF_BLIGHT,40,True,False
DLD_FinalDataset_224_spit/test/LEAF_BLIGHT/to_label_3181.jpg,DLD_FinalDataset_224_spit/train/LEAF_BLIGHT/to_label_3182.jpg,3181,3182,test,train,LEAF_BLIGHT,LEAF_BLIGHT,29,True,True
DLD_FinalDataset_224_spit/train/LEAF_BLIGHT/to_label_3182.jpg,DLD_FinalDataset_224_spit/train/LEAF_BLIGHT/to_label_3183.jpg,3182,3183,train,train,LEAF_BLIGHT,LEAF_BLIGHT,21,True,False
DLD_FinalDataset_224_spit/train/LEAF_BLIGHT/to_label_3183.jpg,DLD_FinalDataset_224_spit/train/LEAF_BLIGHT/to_label_3184.jpg,3183,3184,train,train,LEAF_BLIGHT,LEAF_BLIGHT,35,True,False
DLD_FinalDataset_224_spit/train/LEAF_BLIGHT/to_label_3184.jpg,DLD_FinalDataset_224_spit/train/LEAF_BLIGHT/to_label_3185.jpg,3184,3185,train,train,LEAF_BLIGHT,LEAF_BLIGHT,26,True,False
DLD_FinalDataset_224_spit/train/LEAF_BLIGHT/to_label_3185.jpg,DLD_FinalDataset_224_spit/train/LEAF_BLIGHT/to_label_3186.jpg,3185,3186,train,train,LEAF_BLIGHT,LEAF_BLIGHT,37,True,False
DLD_FinalDataset_224_spit/train/LEAF_BLIGHT/to_label_3186.jpg,DLD_FinalDataset_224_spit/train/LEAF_BLIGHT/to_label_3187.jpg,3186,3187,train,train,LEAF_BLIGHT,LEAF_BLIGHT,28,True,False
DLD_FinalDataset_224_spit/train/LEAF_BLIGHT/to_label_3187.jpg,DLD_FinalDataset_224_spit/train/LEAF_BLIGHT/to_label_3188.jpg,3187,3188,train,train,LEAF_BLIGHT,LEAF_BLIGHT,31,True,False
DLD_FinalDataset_224_spit/train/LEAF_BLIGHT/to_label_3188.jpg,DLD_FinalDataset_224_spit/train/LEAF_BLIGHT/to_label_3189.jpg,3188,3189,train,train,LEAF_BLIGHT,LEAF_BLIGHT,35,True,False
DLD_FinalDataset_224_spit/train/LEAF_BLIGHT/to_label_3189.jpg,DLD_FinalDataset_224_spit/train/LEAF_BLIGHT/to_label_3190.jpg,3189,3190,train,train,LEAF_BLIGHT,LEAF_BLIGHT,32,True,False
DLD_FinalDataset_224_spit/train/LEAF_BLIGHT/to_label_3190.jpg,DLD_FinalDataset_224_spit/train/LEAF_BLIGHT/to_label_3191.jpg,3190,3191,train,train,LEAF_BLIGHT,LEAF_BLIGHT,35,True,False
DLD_FinalDataset_224_spit/train/LEAF_BLIGHT/to_label_3191.jpg,DLD_FinalDataset_224_spit/train/LEAF_BLIGHT/to_label_3192.jpg,3191,3192,train,train,LEAF_BLIGHT,LEAF_BLIGHT,31,True,False
DLD_FinalDataset_224_spit/train/LEAF_BLIGHT/to_label_3192.jpg,DLD_FinalDataset_224_spit/test/LEAF_BLIGHT/to_label_3193.jpg,3192,3193,train,test,LEAF_BLIGHT,LEAF_BLIGHT,35,True,True
DLD_FinalDataset_224_spit/test/LEAF_BLIGHT/to_label_3193.jpg,DLD_FinalDataset_224_spit/train/LEAF_BLIGHT/to_label_3194.jpg,3193,3194,test,train,LEAF_BLIGHT,LEAF_BLIGHT,32,True,True
DLD_FinalDataset_224_spit/train/LEAF_BLIGHT/to_label_3194.jpg,DLD_FinalDataset_224_spit/train/LEAF_BLIGHT/to_label_3195.jpg,3194,3195,train,train,LEAF_BLIGHT,LEAF_BLIGHT,35,True,False
DLD_FinalDataset_224_spit/train/LEAF_BLIGHT/to_label_3195.jpg,DLD_FinalDataset_224_spit/train/LEAF_BLIGHT/to_label_3196.jpg,3195,3196,train,train,LEAF_BLIGHT,LEAF_BLIGHT,24,True,False
DLD_FinalDataset_224_spit/train/LEAF_BLIGHT/to_label_3196.jpg,DLD_FinalDataset_224_spit/train/LEAF_BLIGHT/to_label_3197.jpg,3196,3197,train,train,LEAF_BLIGHT,LEAF_BLIGHT,34,True,False
DLD_FinalDataset_224_spit/train/LEAF_BLIGHT/to_label_3197.jpg,DLD_FinalDataset_224_spit/train/LEAF_BLIGHT/to_label_3198.jpg,3197,3198,train,train,LEAF_BLIGHT,LEAF_BLIGHT,33,True,False
DLD_FinalDataset_224_spit/train/LEAF_BLIGHT/to_label_3198.jpg,DLD_FinalDataset_224_spit/test/LEAF_BLIGHT/to_label_3199.jpg,3198,3199,train,test,LEAF_BLIGHT,LEAF_BLIGHT,32,True,True
DLD_FinalDataset_224_spit/test/LEAF_BLIGHT/to_label_3199.jpg,DLD_FinalDataset_224_spit/train/LEAF_BLIGHT/to_label_3200.jpg,3199,3200,test,train,LEAF_BLIGHT,LEAF_BLIGHT,36,True,True
DLD_FinalDataset_224_spit/train/LEAF_BLIGHT/to_label_3200.jpg,DLD_FinalDataset_224_spit/train/LEAF_BLIGHT/to_label_3201.jpg,3200,3201,train,train,LEAF_BLIGHT,LEAF_BLIGHT,36,True,False
DLD_FinalDataset_224_spit/train/LEAF_BLIGHT/to_label_3201.jpg,DLD_FinalDataset_224_spit/val/LEAF_BLIGHT/to_label_3202.jpg,3201,3202,train,val,LEAF_BLIGHT,LEAF_BLIGHT,31,True,True
DLD_FinalDataset_224_spit/val/LEAF_BLIGHT/to_label_3202.jpg,DLD_FinalDataset_224_spit/train/LEAF_BLIGHT/to_label_3203.jpg,3202,3203,val,train,LEAF_BLIGHT,LEAF_BLIGHT,30,True,True
DLD_FinalDataset_224_spit/train/LEAF_BLIGHT/to_label_3203.jpg,DLD_FinalDataset_224_spit/test/LEAF_BLIGHT/to_label_3204.jpg,3203,3204,train,test,LEAF_BLIGHT,LEAF_BLIGHT,26,True,True
DLD_FinalDataset_224_spit/test/LEAF_BLIGHT/to_label_3204.jpg,DLD_FinalDataset_224_spit/train/LEAF_BLIGHT/to_label_3205.jpg,3204,3205,test,train,LEAF_BLIGHT,LEAF_BLIGHT,36,True,True
DLD_FinalDataset_224_spit/train/LEAF_BLIGHT/to_label_3205.jpg,DLD_FinalDataset_224_spit/train/LEAF_BLIGHT/to_label_3206.jpg,3205,3206,train,train,LEAF_BLIGHT,LEAF_BLIGHT,36,True,False
DLD_FinalDataset_224_spit/train/LEAF_BLIGHT/to_label_3206.jpg,DLD_FinalDataset_224_spit/train/LEAF_BLIGHT/to_label_3207.jpg,3206,3207,train,train,LEAF_BLIGHT,LEAF_BLIGHT,25,True,False
DLD_FinalDataset_224_spit/train/LEAF_BLIGHT/to_label_3207.jpg,DLD_FinalDataset_224_spit/val/LEAF_BLIGHT/to_label_3208.jpg,3207,3208,train,val,LEAF_BLIGHT,LEAF_BLIGHT,35,True,True
DLD_FinalDataset_224_spit/val/LEAF_BLIGHT/to_label_3208.jpg,DLD_FinalDataset_224_spit/train/LEAF_BLIGHT/to_label_3209.jpg,3208,3209,val,train,LEAF_BLIGHT,LEAF_BLIGHT,33,True,True
DLD_FinalDataset_224_spit/train/LEAF_BLIGHT/to_label_3209.jpg,DLD_FinalDataset_224_spit/train/LEAF_BLIGHT/to_label_3210.jpg,3209,3210,train,train,LEAF_BLIGHT,LEAF_BLIGHT,28,True,False
DLD_FinalDataset_224_spit/train/LEAF_BLIGHT/to_label_3210.jpg,DLD_FinalDataset_224_spit/train/LEAF_BLIGHT/to_label_3211.jpg,3210,3211,train,train,LEAF_BLIGHT,LEAF_BLIGHT,26,True,False
DLD_FinalDataset_224_spit/train/LEAF_BLIGHT/to_label_3211.jpg,DLD_FinalDataset_224_spit/test/LEAF_BLIGHT/to_label_3212.jpg,3211,3212,train,test,LEAF_BLIGHT,LEAF_BLIGHT,29,True,True
DLD_FinalDataset_224_spit/test/LEAF_BLIGHT/to_label_3212.jpg,DLD_FinalDataset_224_spit/test/LEAF_BLIGHT/to_label_3213.jpg,3212,3213,test,test,LEAF_BLIGHT,LEAF_BLIGHT,28,True,False
DLD_FinalDataset_224_spit/test/LEAF_BLIGHT/to_label_3213.jpg,DLD_FinalDataset_224_spit/test/LEAF_BLIGHT/to_label_3214.jpg,3213,3214,test,test,LEAF_BLIGHT,LEAF_BLIGHT,37,True,False
DLD_FinalDataset_224_spit/test/LEAF_BLIGHT/to_label_3214.jpg,DLD_FinalDataset_224_spit/train/LEAF_BLIGHT/to_label_3215.jpg,3214,3215,test,train,LEAF_BLIGHT,LEAF_BLIGHT,26,True,True
DLD_FinalDataset_224_spit/train/LEAF_BLIGHT/to_label_3215.jpg,DLD_FinalDataset_224_spit/train/LEAF_BLIGHT/to_label_3216.jpg,3215,3216,train,train,LEAF_BLIGHT,LEAF_BLIGHT,31,True,False
DLD_FinalDataset_224_spit/train/LEAF_BLIGHT/to_label_3216.jpg,DLD_FinalDataset_224_spit/test/LEAF_BLIGHT/to_label_3217.jpg,3216,3217,train,test,LEAF_BLIGHT,LEAF_BLIGHT,23,True,True
DLD_FinalDataset_224_spit/test/LEAF_BLIGHT/to_label_3217.jpg,DLD_FinalDataset_224_spit/val/LEAF_BLIGHT/to_label_3218.jpg,3217,3218,test,val,LEAF_BLIGHT,LEAF_BLIGHT,27,True,True
DLD_FinalDataset_224_spit/val/LEAF_BLIGHT/to_label_3218.jpg,DLD_FinalDataset_224_spit/train/LEAF_BLIGHT/to_label_3219.jpg,3218,3219,val,train,LEAF_BLIGHT,LEAF_BLIGHT,36,True,True
DLD_FinalDataset_224_spit/train/LEAF_BLIGHT/to_label_3219.jpg,DLD_FinalDataset_224_spit/test/LEAF_BLIGHT/to_label_3220.jpg,3219,3220,train,test,LEAF_BLIGHT,LEAF_BLIGHT,32,True,True
DLD_FinalDataset_224_spit/test/LEAF_BLIGHT/to_label_3220.jpg,DLD_FinalDataset_224_spit/train/LEAF_BLIGHT/to_label_3221.jpg,3220,3221,test,train,LEAF_BLIGHT,LEAF_BLIGHT,31,True,True
DLD_FinalDataset_224_spit/train/LEAF_BLIGHT/to_label_3221.jpg,DLD_FinalDataset_224_spit/test/LEAF_BLIGHT/to_label_3222.jpg,3221,3222,train,test,LEAF_BLIGHT,LEAF_BLIGHT,27,True,True
DLD_FinalDataset_224_spit/test/LEAF_BLIGHT/to_label_3222.jpg,DLD_FinalDataset_224_spit/train/LEAF_BLIGHT/to_label_3223.jpg,3222,3223,test,train,LEAF_BLIGHT,LEAF_BLIGHT,18,True,True
DLD_FinalDataset_224_spit/train/LEAF_BLIGHT/to_label_3223.jpg,DLD_FinalDataset_224_spit/train/LEAF_BLIGHT/to_label_3224.jpg,3223,3224,train,train,LEAF_BLIGHT,LEAF_BLIGHT,33,True,False
DLD_FinalDataset_224_spit/train/LEAF_BLIGHT/to_label_3224.jpg,DLD_FinalDataset_224_spit/train/LEAF_BLIGHT/to_label_3225.jpg,3224,3225,train,train,LEAF_BLIGHT,LEAF_BLIGHT,25,True,False
DLD_FinalDataset_224_spit/train/LEAF_BLIGHT/to_label_3225.jpg,DLD_FinalDataset_224_spit/train/LEAF_BLIGHT/to_label_3226.jpg,3225,3226,train,train,LEAF_BLIGHT,LEAF_BLIGHT,42,True,False
DLD_FinalDataset_224_spit/train/LEAF_BLIGHT/to_label_3226.jpg,DLD_FinalDataset_224_spit/test/LEAF_BLIGHT/to_label_3227.jpg,3226,3227,train,test,LEAF_BLIGHT,LEAF_BLIGHT,32,True,True
DLD_FinalDataset_224_spit/test/LEAF_BLIGHT/to_label_3227.jpg,DLD_FinalDataset_224_spit/test/LEAF_BLIGHT/to_label_3228.jpg,3227,3228,test,test,LEAF_BLIGHT,LEAF_BLIGHT,24,True,False
DLD_FinalDataset_224_spit/test/LEAF_BLIGHT/to_label_3228.jpg,DLD_FinalDataset_224_spit/train/LEAF_BLIGHT/to_label_3229.jpg,3228,3229,test,train,LEAF_BLIGHT,LEAF_BLIGHT,30,True,True
DLD_FinalDataset_224_spit/train/LEAF_BLIGHT/to_label_3229.jpg,DLD_FinalDataset_224_spit/train/LEAF_BLIGHT/to_label_3230.jpg,3229,3230,train,train,LEAF_BLIGHT,LEAF_BLIGHT,25,True,False
DLD_FinalDataset_224_spit/train/LEAF_BLIGHT/to_label_3230.jpg,DLD_FinalDataset_224_spit/train/LEAF_BLIGHT/to_label_3231.jpg,3230,3231,train,train,LEAF_BLIGHT,LEAF_BLIGHT,35,True,False
DLD_FinalDataset_224_spit/train/LEAF_BLIGHT/to_label_3231.jpg,DLD_FinalDataset_224_spit/train/LEAF_BLIGHT/to_label_3232.jpg,3231,3232,train,train,LEAF_BLIGHT,LEAF_BLIGHT,32,True,False
DLD_FinalDataset_224_spit/train/LEAF_BLIGHT/to_label_3232.jpg,DLD_FinalDataset_224_spit/test/LEAF_BLIGHT/to_label_3233.jpg,3232,3233,train,test,LEAF_BLIGHT,LEAF_BLIGHT,31,True,True
DLD_FinalDataset_224_spit/test/LEAF_BLIGHT/to_label_3233.jpg,DLD_FinalDataset_224_spit/val/LEAF_BLIGHT/to_label_3234.jpg,3233,3234,test,val,LEAF_BLIGHT,LEAF_BLIGHT,22,True,True
DLD_FinalDataset_224_spit/val/LEAF_BLIGHT/to_label_3234.jpg,DLD_FinalDataset_224_spit/train/LEAF_BLIGHT/to_label_3235.jpg,3234,3235,val,train,LEAF_BLIGHT,LEAF_BLIGHT,38,True,True
DLD_FinalDataset_224_spit/train/LEAF_BLIGHT/to_label_3235.jpg,DLD_FinalDataset_224_spit/train/LEAF_BLIGHT/to_label_3236.jpg,3235,3236,train,train,LEAF_BLIGHT,LEAF_BLIGHT,28,True,False
DLD_FinalDataset_224_spit/train/LEAF_BLIGHT/to_label_3236.jpg,DLD_FinalDataset_224_spit/train/LEAF_BLIGHT/to_label_3237.jpg,3236,3237,train,train,LEAF_BLIGHT,LEAF_BLIGHT,34,True,False
DLD_FinalDataset_224_spit/train/LEAF_BLIGHT/to_label_3237.jpg,DLD_FinalDataset_224_spit/train/LEAF_BLIGHT/to_label_3238.jpg,3237,3238,train,train,LEAF_BLIGHT,LEAF_BLIGHT,27,True,False
DLD_FinalDataset_224_spit/train/LEAF_BLIGHT/to_label_3238.jpg,DLD_FinalDataset_224_spit/train/LEAF_BLIGHT/to_label_3239.jpg,3238,3239,train,train,LEAF_BLIGHT,LEAF_BLIGHT,34,True,False
DLD_FinalDataset_224_spit/train/LEAF_BLIGHT/to_label_3239.jpg,DLD_FinalDataset_224_spit/train/LEAF_BLIGHT/to_label_3240.jpg,3239,3240,train,train,LEAF_BLIGHT,LEAF_BLIGHT,28,True,False
DLD_FinalDataset_224_spit/train/LEAF_BLIGHT/to_label_3240.jpg,DLD_FinalDataset_224_spit/train/LEAF_BLIGHT/to_label_3241.jpg,3240,3241,train,train,LEAF_BLIGHT,LEAF_BLIGHT,28,True,False
DLD_FinalDataset_224_spit/train/LEAF_BLIGHT/to_label_3241.jpg,DLD_FinalDataset_224_spit/train/LEAF_BLIGHT/to_label_3242.jpg,3241,3242,train,train,LEAF_BLIGHT,LEAF_BLIGHT,34,True,False
DLD_FinalDataset_224_spit/train/LEAF_BLIGHT/to_label_3242.jpg,DLD_FinalDataset_224_spit/test/LEAF_BLIGHT/to_label_3243.jpg,3242,3243,train,test,LEAF_BLIGHT,LEAF_BLIGHT,30,True,True
DLD_FinalDataset_224_spit/test/LEAF_BLIGHT/to_label_3243.jpg,DLD_FinalDataset_224_spit/train/LEAF_BLIGHT/to_label_3244.jpg,3243,3244,test,train,LEAF_BLIGHT,LEAF_BLIGHT,31,True,True
DLD_FinalDataset_224_spit/train/LEAF_BLIGHT/to_label_3244.jpg,DLD_FinalDataset_224_spit/val/LEAF_BLIGHT/to_label_3245.jpg,3244,3245,train,val,LEAF_BLIGHT,LEAF_BLIGHT,33,True,True
DLD_FinalDataset_224_spit/val/LEAF_BLIGHT/to_label_3245.jpg,DLD_FinalDataset_224_spit/train/LEAF_BLIGHT/to_label_3246.jpg,3245,3246,val,train,LEAF_BLIGHT,LEAF_BLIGHT,22,True,True
DLD_FinalDataset_224_spit/train/LEAF_BLIGHT/to_label_3246.jpg,DLD_FinalDataset_224_spit/train/LEAF_BLIGHT/to_label_3247.jpg,3246,3247,train,train,LEAF_BLIGHT,LEAF_BLIGHT,34,True,False
DLD_FinalDataset_224_spit/train/LEAF_BLIGHT/to_label_3247.jpg,DLD_FinalDataset_224_spit/train/LEAF_BLIGHT/to_label_3248.jpg,3247,3248,train,train,LEAF_BLIGHT,LEAF_BLIGHT,30,True,False
DLD_FinalDataset_224_spit/train/LEAF_BLIGHT/to_label_3248.jpg,DLD_FinalDataset_224_spit/train/LEAF_BLIGHT/to_label_3249.jpg,3248,3249,train,train,LEAF_BLIGHT,LEAF_BLIGHT,35,True,False
DLD_FinalDataset_224_spit/train/LEAF_BLIGHT/to_label_3249.jpg,DLD_FinalDataset_224_spit/train/LEAF_BLIGHT/to_label_3250.jpg,3249,3250,train,train,LEAF_BLIGHT,LEAF_BLIGHT,38,True,False
DLD_FinalDataset_224_spit/train/LEAF_BLIGHT/to_label_3250.jpg,DLD_FinalDataset_224_spit/train/LEAF_BLIGHT/to_label_3251.jpg,3250,3251,train,train,LEAF_BLIGHT,LEAF_BLIGHT,31,True,False
DLD_FinalDataset_224_spit/train/LEAF_BLIGHT/to_label_3251.jpg,DLD_FinalDataset_224_spit/train/LEAF_BLIGHT/to_label_3252.jpg,3251,3252,train,train,LEAF_BLIGHT,LEAF_BLIGHT,32,True,False
DLD_FinalDataset_224_spit/train/LEAF_BLIGHT/to_label_3252.jpg,DLD_FinalDataset_224_spit/train/LEAF_BLIGHT/to_label_3253.jpg,3252,3253,train,train,LEAF_BLIGHT,LEAF_BLIGHT,30,True,False
DLD_FinalDataset_224_spit/train/LEAF_BLIGHT/to_label_3253.jpg,DLD_FinalDataset_224_spit/train/LEAF_BLIGHT/to_label_3254.jpg,3253,3254,train,train,LEAF_BLIGHT,LEAF_BLIGHT,34,True,False
DLD_FinalDataset_224_spit/train/LEAF_BLIGHT/to_label_3254.jpg,DLD_FinalDataset_224_spit/train/LEAF_BLIGHT/to_label_3255.jpg,3254,3255,train,train,LEAF_BLIGHT,LEAF_BLIGHT,34,True,False
DLD_FinalDataset_224_spit/train/LEAF_BLIGHT/to_label_3255.jpg,DLD_FinalDataset_224_spit/test/LEAF_BLIGHT/to_label_3256.jpg,3255,3256,train,test,LEAF_BLIGHT,LEAF_BLIGHT,31,True,True
DLD_FinalDataset_224_spit/test/LEAF_BLIGHT/to_label_3256.jpg,DLD_FinalDataset_224_spit/train/LEAF_BLIGHT/to_label_3257.jpg,3256,3257,test,train,LEAF_BLIGHT,LEAF_BLIGHT,25,True,True
DLD_FinalDataset_224_spit/train/LEAF_BLIGHT/to_label_3257.jpg,DLD_FinalDataset_224_spit/train/LEAF_BLIGHT/to_label_3258.jpg,3257,3258,train,train,LEAF_BLIGHT,LEAF_BLIGHT,26,True,False
DLD_FinalDataset_224_spit/train/LEAF_BLIGHT/to_label_3258.jpg,DLD_FinalDataset_224_spit/train/LEAF_BLIGHT/to_label_3259.jpg,3258,3259,train,train,LEAF_BLIGHT,LEAF_BLIGHT,39,True,False
DLD_FinalDataset_224_spit/train/LEAF_BLIGHT/to_label_3259.jpg,DLD_FinalDataset_224_spit/train/LEAF_BLIGHT/to_label_3260.jpg,3259,3260,train,train,LEAF_BLIGHT,LEAF_BLIGHT,31,True,False
DLD_FinalDataset_224_spit/train/LEAF_BLIGHT/to_label_3260.jpg,DLD_FinalDataset_224_spit/test/LEAF_BLIGHT/to_label_3261.jpg,3260,3261,train,test,LEAF_BLIGHT,LEAF_BLIGHT,24,True,True
DLD_FinalDataset_224_spit/test/LEAF_BLIGHT/to_label_3261.jpg,DLD_FinalDataset_224_spit/train/LEAF_BLIGHT/to_label_3262.jpg,3261,3262,test,train,LEAF_BLIGHT,LEAF_BLIGHT,31,True,True
DLD_FinalDataset_224_spit/train/LEAF_BLIGHT/to_label_3262.jpg,DLD_FinalDataset_224_spit/train/LEAF_BLIGHT/to_label_3263.jpg,3262,3263,train,train,LEAF_BLIGHT,LEAF_BLIGHT,27,True,False
DLD_FinalDataset_224_spit/train/LEAF_BLIGHT/to_label_3263.jpg,DLD_FinalDataset_224_spit/train/LEAF_BLIGHT/to_label_3264.jpg,3263,3264,train,train,LEAF_BLIGHT,LEAF_BLIGHT,25,True,False
DLD_FinalDataset_224_spit/train/LEAF_BLIGHT/to_label_3264.jpg,DLD_FinalDataset_224_spit/train/LEAF_BLIGHT/to_label_3265.jpg,3264,3265,train,train,LEAF_BLIGHT,LEAF_BLIGHT,37,True,False
DLD_FinalDataset_224_spit/train/LEAF_BLIGHT/to_label_3265.jpg,DLD_FinalDataset_224_spit/train/LEAF_BLIGHT/to_label_3266.jpg,3265,3266,train,train,LEAF_BLIGHT,LEAF_BLIGHT,29,True,False
DLD_FinalDataset_224_spit/train/LEAF_BLIGHT/to_label_3266.jpg,DLD_FinalDataset_224_spit/val/LEAF_BLIGHT/to_label_3267.jpg,3266,3267,train,val,LEAF_BLIGHT,LEAF_BLIGHT,26,True,True
DLD_FinalDataset_224_spit/val/LEAF_BLIGHT/to_label_3267.jpg,DLD_FinalDataset_224_spit/val/LEAF_BLIGHT/to_label_3268.jpg,3267,3268,val,val,LEAF_BLIGHT,LEAF_BLIGHT,35,True,False
DLD_FinalDataset_224_spit/val/LEAF_BLIGHT/to_label_3268.jpg,DLD_FinalDataset_224_spit/train/LEAF_BLIGHT/to_label_3269.jpg,3268,3269,val,train,LEAF_BLIGHT,LEAF_BLIGHT,27,True,True
DLD_FinalDataset_224_spit/train/LEAF_BLIGHT/to_label_3269.jpg,DLD_FinalDataset_224_spit/test/LEAF_BLIGHT/to_label_3270.jpg,3269,3270,train,test,LEAF_BLIGHT,LEAF_BLIGHT,33,True,True
DLD_FinalDataset_224_spit/test/LEAF_BLIGHT/to_label_3270.jpg,DLD_FinalDataset_224_spit/train/LEAF_BLIGHT/to_label_3271.jpg,3270,3271,test,train,LEAF_BLIGHT,LEAF_BLIGHT,33,True,True
DLD_FinalDataset_224_spit/train/LEAF_BLIGHT/to_label_3271.jpg,DLD_FinalDataset_224_spit/train/LEAF_BLIGHT/to_label_3272.jpg,3271,3272,train,train,LEAF_BLIGHT,LEAF_BLIGHT,29,True,False
DLD_FinalDataset_224_spit/train/LEAF_BLIGHT/to_label_3272.jpg,DLD_FinalDataset_224_spit/val/LEAF_BLIGHT/to_label_3273.jpg,3272,3273,train,val,LEAF_BLIGHT,LEAF_BLIGHT,31,True,True
DLD_FinalDataset_224_spit/val/LEAF_BLIGHT/to_label_3273.jpg,DLD_FinalDataset_224_spit/train/LEAF_BLIGHT/to_label_3274.jpg,3273,3274,val,train,LEAF_BLIGHT,LEAF_BLIGHT,38,True,True
DLD_FinalDataset_224_spit/train/LEAF_BLIGHT/to_label_3274.jpg,DLD_FinalDataset_224_spit/test/LEAF_BLIGHT/to_label_3275.jpg,3274,3275,train,test,LEAF_BLIGHT,LEAF_BLIGHT,34,True,True
DLD_FinalDataset_224_spit/test/LEAF_BLIGHT/to_label_3275.jpg,DLD_FinalDataset_224_spit/train/LEAF_BLIGHT/to_label_3276.jpg,3275,3276,test,train,LEAF_BLIGHT,LEAF_BLIGHT,34,True,True
DLD_FinalDataset_224_spit/train/LEAF_BLIGHT/to_label_3276.jpg,DLD_FinalDataset_224_spit/train/LEAF_BLIGHT/to_label_3277.jpg,3276,3277,train,train,LEAF_BLIGHT,LEAF_BLIGHT,37,True,False
DLD_FinalDataset_224_spit/train/LEAF_BLIGHT/to_label_3277.jpg,DLD_FinalDataset_224_spit/train/LEAF_BLIGHT/to_label_3278.jpg,3277,3278,train,train,LEAF_BLIGHT,LEAF_BLIGHT,43,True,False
DLD_FinalDataset_224_spit/train/LEAF_BLIGHT/to_label_3278.jpg,DLD_FinalDataset_224_spit/test/LEAF_BLIGHT/to_label_3279.jpg,3278,3279,train,test,LEAF_BLIGHT,LEAF_BLIGHT,35,True,True
DLD_FinalDataset_224_spit/test/LEAF_BLIGHT/to_label_3279.jpg,DLD_FinalDataset_224_spit/train/LEAF_BLIGHT/to_label_3280.jpg,3279,3280,test,train,LEAF_BLIGHT,LEAF_BLIGHT,23,True,True
DLD_FinalDataset_224_spit/train/LEAF_BLIGHT/to_label_3280.jpg,DLD_FinalDataset_224_spit/val/LEAF_BLIGHT/to_label_3281.jpg,3280,3281,train,val,LEAF_BLIGHT,LEAF_BLIGHT,33,True,True
DLD_FinalDataset_224_spit/val/LEAF_BLIGHT/to_label_3281.jpg,DLD_FinalDataset_224_spit/test/LEAF_BLIGHT/to_label_3282.jpg,3281,3282,val,test,LEAF_BLIGHT,LEAF_BLIGHT,29,True,True
DLD_FinalDataset_224_spit/test/LEAF_BLIGHT/to_label_3282.jpg,DLD_FinalDataset_224_spit/test/LEAF_BLIGHT/to_label_3283.jpg,3282,3283,test,test,LEAF_BLIGHT,LEAF_BLIGHT,34,True,False
DLD_FinalDataset_224_spit/test/LEAF_BLIGHT/to_label_3283.jpg,DLD_FinalDataset_224_spit/train/LEAF_BLIGHT/to_label_3284.jpg,3283,3284,test,train,LEAF_BLIGHT,LEAF_BLIGHT,36,True,True
DLD_FinalDataset_224_spit/train/LEAF_BLIGHT/to_label_3284.jpg,DLD_FinalDataset_224_spit/test/LEAF_BLIGHT/to_label_3285.jpg,3284,3285,train,test,LEAF_BLIGHT,LEAF_BLIGHT,27,True,True
DLD_FinalDataset_224_spit/test/LEAF_BLIGHT/to_label_3285.jpg,DLD_FinalDataset_224_spit/train/LEAF_BLIGHT/to_label_3286.jpg,3285,3286,test,train,LEAF_BLIGHT,LEAF_BLIGHT,31,True,True
DLD_FinalDataset_224_spit/train/LEAF_BLIGHT/to_label_3286.jpg,DLD_FinalDataset_224_spit/val/LEAF_BLIGHT/to_label_3287.jpg,3286,3287,train,val,LEAF_BLIGHT,LEAF_BLIGHT,33,True,True
DLD_FinalDataset_224_spit/val/LEAF_BLIGHT/to_label_3287.jpg,DLD_FinalDataset_224_spit/test/LEAF_BLIGHT/to_label_3288.jpg,3287,3288,val,test,LEAF_BLIGHT,LEAF_BLIGHT,33,True,True
DLD_FinalDataset_224_spit/test/LEAF_BLIGHT/to_label_3288.jpg,DLD_FinalDataset_224_spit/train/LEAF_BLIGHT/to_label_3289.jpg,3288,3289,test,train,LEAF_BLIGHT,LEAF_BLIGHT,33,True,True
DLD_FinalDataset_224_spit/train/LEAF_BLIGHT/to_label_3289.jpg,DLD_FinalDataset_224_spit/train/LEAF_BLIGHT/to_label_3290.jpg,3289,3290,train,train,LEAF_BLIGHT,LEAF_BLIGHT,33,True,False
DLD_FinalDataset_224_spit/train/LEAF_BLIGHT/to_label_3290.jpg,DLD_FinalDataset_224_spit/train/LEAF_BLIGHT/to_label_3291.jpg,3290,3291,train,train,LEAF_BLIGHT,LEAF_BLIGHT,35,True,False
DLD_FinalDataset_224_spit/train/LEAF_BLIGHT/to_label_3291.jpg,DLD_FinalDataset_224_spit/test/LEAF_BLIGHT/to_label_3292.jpg,3291,3292,train,test,LEAF_BLIGHT,LEAF_BLIGHT,26,True,True
DLD_FinalDataset_224_spit/test/LEAF_BLIGHT/to_label_3292.jpg,DLD_FinalDataset_224_spit/train/LEAF_BLIGHT/to_label_3293.jpg,3292,3293,test,train,LEAF_BLIGHT,LEAF_BLIGHT,34,True,True
DLD_FinalDataset_224_spit/train/LEAF_BLIGHT/to_label_3293.jpg,DLD_FinalDataset_224_spit/train/LEAF_BLIGHT/to_label_3294.jpg,3293,3294,train,train,LEAF_BLIGHT,LEAF_BLIGHT,32,True,False
DLD_FinalDataset_224_spit/train/LEAF_BLIGHT/to_label_3294.jpg,DLD_FinalDataset_224_spit/train/LEAF_BLIGHT/to_label_3295.jpg,3294,3295,train,train,LEAF_BLIGHT,LEAF_BLIGHT,31,True,False
DLD_FinalDataset_224_spit/train/LEAF_BLIGHT/to_label_3295.jpg,DLD_FinalDataset_224_spit/train/LEAF_BLIGHT/to_label_3296.jpg,3295,3296,train,train,LEAF_BLIGHT,LEAF_BLIGHT,35,True,False
DLD_FinalDataset_224_spit/train/LEAF_BLIGHT/to_label_3296.jpg,DLD_FinalDataset_224_spit/test/LEAF_BLIGHT/to_label_3297.jpg,3296,3297,train,test,LEAF_BLIGHT,LEAF_BLIGHT,31,True,True
DLD_FinalDataset_224_spit/test/LEAF_BLIGHT/to_label_3297.jpg,DLD_FinalDataset_224_spit/train/LEAF_BLIGHT/to_label_3298.jpg,3297,3298,test,train,LEAF_BLIGHT,LEAF_BLIGHT,37,True,True
DLD_FinalDataset_224_spit/train/LEAF_BLIGHT/to_label_3298.jpg,DLD_FinalDataset_224_spit/train/LEAF_BLIGHT/to_label_3299.jpg,3298,3299,train,train,LEAF_BLIGHT,LEAF_BLIGHT,18,True,False
DLD_FinalDataset_224_spit/train/LEAF_BLIGHT/to_label_3299.jpg,DLD_FinalDataset_224_spit/train/LEAF_BLIGHT/to_label_3300.jpg,3299,3300,train,train,LEAF_BLIGHT,LEAF_BLIGHT,38,True,False
DLD_FinalDataset_224_spit/train/LEAF_BLIGHT/to_label_3300.jpg,DLD_FinalDataset_224_spit/test/LEAF_BLIGHT/to_label_3301.jpg,3300,3301,train,test,LEAF_BLIGHT,LEAF_BLIGHT,38,True,True
DLD_FinalDataset_224_spit/test/LEAF_BLIGHT/to_label_3301.jpg,DLD_FinalDataset_224_spit/test/LEAF_BLIGHT/to_label_3302.jpg,3301,3302,test,test,LEAF_BLIGHT,LEAF_BLIGHT,31,True,False
DLD_FinalDataset_224_spit/test/LEAF_BLIGHT/to_label_3302.jpg,DLD_FinalDataset_224_spit/train/LEAF_BLIGHT/to_label_3303.jpg,3302,3303,test,train,LEAF_BLIGHT,LEAF_BLIGHT,29,True,True
DLD_FinalDataset_224_spit/train/LEAF_BLIGHT/to_label_3303.jpg,DLD_FinalDataset_224_spit/val/LEAF_BLIGHT/to_label_3304.jpg,3303,3304,train,val,LEAF_BLIGHT,LEAF_BLIGHT,29,True,True
DLD_FinalDataset_224_spit/val/LEAF_BLIGHT/to_label_3304.jpg,DLD_FinalDataset_224_spit/train/LEAF_BLIGHT/to_label_3305.jpg,3304,3305,val,train,LEAF_BLIGHT,LEAF_BLIGHT,27,True,True
DLD_FinalDataset_224_spit/train/LEAF_BLIGHT/to_label_3305.jpg,DLD_FinalDataset_224_spit/test/LEAF_BLIGHT/to_label_3306.jpg,3305,3306,train,test,LEAF_BLIGHT,LEAF_BLIGHT,30,True,True
DLD_FinalDataset_224_spit/test/LEAF_BLIGHT/to_label_3306.jpg,DLD_FinalDataset_224_spit/train/LEAF_BLIGHT/to_label_3307.jpg,3306,3307,test,train,LEAF_BLIGHT,LEAF_BLIGHT,33,True,True
DLD_FinalDataset_224_spit/train/LEAF_BLIGHT/to_label_3307.jpg,DLD_FinalDataset_224_spit/train/LEAF_BLIGHT/to_label_3308.jpg,3307,3308,train,train,LEAF_BLIGHT,LEAF_BLIGHT,34,True,False
DLD_FinalDataset_224_spit/train/LEAF_BLIGHT/to_label_3308.jpg,DLD_FinalDataset_224_spit/train/LEAF_BLIGHT/to_label_3309.jpg,3308,3309,train,train,LEAF_BLIGHT,LEAF_BLIGHT,31,True,False
DLD_FinalDataset_224_spit/train/LEAF_BLIGHT/to_label_3309.jpg,DLD_FinalDataset_224_spit/train/LEAF_BLIGHT/to_label_3310.jpg,3309,3310,train,train,LEAF_BLIGHT,LEAF_BLIGHT,25,True,False
DLD_FinalDataset_224_spit/train/LEAF_BLIGHT/to_label_3310.jpg,DLD_FinalDataset_224_spit/train/LEAF_BLIGHT/to_label_3311.jpg,3310,3311,train,train,LEAF_BLIGHT,LEAF_BLIGHT,28,True,False
DLD_FinalDataset_224_spit/train/LEAF_BLIGHT/to_label_3311.jpg,DLD_FinalDataset_224_spit/val/LEAF_BLIGHT/to_label_3312.jpg,3311,3312,train,val,LEAF_BLIGHT,LEAF_BLIGHT,36,True,True
DLD_FinalDataset_224_spit/val/LEAF_BLIGHT/to_label_3312.jpg,DLD_FinalDataset_224_spit/train/LEAF_BLIGHT/to_label_3313.jpg,3312,3313,val,train,LEAF_BLIGHT,LEAF_BLIGHT,31,True,True
DLD_FinalDataset_224_spit/train/LEAF_BLIGHT/to_label_3313.jpg,DLD_FinalDataset_224_spit/test/LEAF_BLIGHT/to_label_3314.jpg,3313,3314,train,test,LEAF_BLIGHT,LEAF_BLIGHT,32,True,True
DLD_FinalDataset_224_spit/test/LEAF_BLIGHT/to_label_3314.jpg,DLD_FinalDataset_224_spit/train/LEAF_BLIGHT/to_label_3315.jpg,3314,3315,test,train,LEAF_BLIGHT,LEAF_BLIGHT,29,True,True
DLD_FinalDataset_224_spit/train/LEAF_BLIGHT/to_label_3315.jpg,DLD_FinalDataset_224_spit/train/LEAF_BLIGHT/to_label_3316.jpg,3315,3316,train,train,LEAF_BLIGHT,LEAF_BLIGHT,31,True,False
DLD_FinalDataset_224_spit/train/LEAF_BLIGHT/to_label_3316.jpg,DLD_FinalDataset_224_spit/train/LEAF_BLIGHT/to_label_3317.jpg,3316,3317,train,train,LEAF_BLIGHT,LEAF_BLIGHT,27,True,False
DLD_FinalDataset_224_spit/train/LEAF_BLIGHT/to_label_3317.jpg,DLD_FinalDataset_224_spit/train/LEAF_BLIGHT/to_label_3318.jpg,3317,3318,train,train,LEAF_BLIGHT,LEAF_BLIGHT,32,True,False
DLD_FinalDataset_224_spit/train/LEAF_BLIGHT/to_label_3318.jpg,DLD_FinalDataset_224_spit/test/LEAF_BLIGHT/to_label_3319.jpg,3318,3319,train,test,LEAF_BLIGHT,LEAF_BLIGHT,36,True,True
DLD_FinalDataset_224_spit/test/LEAF_BLIGHT/to_label_3319.jpg,DLD_FinalDataset_224_spit/val/LEAF_BLIGHT/to_label_3320.jpg,3319,3320,test,val,LEAF_BLIGHT,LEAF_BLIGHT,36,True,True
DLD_FinalDataset_224_spit/val/LEAF_BLIGHT/to_label_3320.jpg,DLD_FinalDataset_224_spit/train/LEAF_BLIGHT/to_label_3321.jpg,3320,3321,val,train,LEAF_BLIGHT,LEAF_BLIGHT,38,True,True
DLD_FinalDataset_224_spit/train/LEAF_BLIGHT/to_label_3321.jpg,DLD_FinalDataset_224_spit/train/LEAF_BLIGHT/to_label_3322.jpg,3321,3322,train,train,LEAF_BLIGHT,LEAF_BLIGHT,31,True,False
DLD_FinalDataset_224_spit/train/LEAF_BLIGHT/to_label_3322.jpg,DLD_FinalDataset_224_spit/train/LEAF_BLIGHT/to_label_3323.jpg,3322,3323,train,train,LEAF_BLIGHT,LEAF_BLIGHT,33,True,False
DLD_FinalDataset_224_spit/train/LEAF_BLIGHT/to_label_3323.jpg,DLD_FinalDataset_224_spit/train/LEAF_BLIGHT/to_label_3324.jpg,3323,3324,train,train,LEAF_BLIGHT,LEAF_BLIGHT,37,True,False
DLD_FinalDataset_224_spit/train/LEAF_BLIGHT/to_label_3324.jpg,DLD_FinalDataset_224_spit/train/LEAF_BLIGHT/to_label_3325.jpg,3324,3325,train,train,LEAF_BLIGHT,LEAF_BLIGHT,35,True,False
DLD_FinalDataset_224_spit/train/LEAF_BLIGHT/to_label_3325.jpg,DLD_FinalDataset_224_spit/train/LEAF_BLIGHT/to_label_3326.jpg,3325,3326,train,train,LEAF_BLIGHT,LEAF_BLIGHT,38,True,False
DLD_FinalDataset_224_spit/train/LEAF_BLIGHT/to_label_3326.jpg,DLD_FinalDataset_224_spit/train/LEAF_BLIGHT/to_label_3327.jpg,3326,3327,train,train,LEAF_BLIGHT,LEAF_BLIGHT,33,True,False
DLD_FinalDataset_224_spit/train/LEAF_BLIGHT/to_label_3327.jpg,DLD_FinalDataset_224_spit/train/LEAF_BLIGHT/to_label_3328.jpg,3327,3328,train,train,LEAF_BLIGHT,LEAF_BLIGHT,34,True,False
DLD_FinalDataset_224_spit/train/LEAF_BLIGHT/to_label_3328.jpg,DLD_FinalDataset_224_spit/val/LEAF_BLIGHT/to_label_3329.jpg,3328,3329,train,val,LEAF_BLIGHT,LEAF_BLIGHT,29,True,True
DLD_FinalDataset_224_spit/val/LEAF_BLIGHT/to_label_3329.jpg,DLD_FinalDataset_224_spit/train/LEAF_BLIGHT/to_label_3330.jpg,3329,3330,val,train,LEAF_BLIGHT,LEAF_BLIGHT,35,True,True
DLD_FinalDataset_224_spit/train/LEAF_BLIGHT/to_label_3330.jpg,DLD_FinalDataset_224_spit/train/LEAF_BLIGHT/to_label_3331.jpg,3330,3331,train,train,LEAF_BLIGHT,LEAF_BLIGHT,35,True,False
DLD_FinalDataset_224_spit/train/LEAF_BLIGHT/to_label_3331.jpg,DLD_FinalDataset_224_spit/train/LEAF_BLIGHT/to_label_3332.jpg,3331,3332,train,train,LEAF_BLIGHT,LEAF_BLIGHT,27,True,False
DLD_FinalDataset_224_spit/train/LEAF_BLIGHT/to_label_3332.jpg,DLD_FinalDataset_224_spit/train/LEAF_BLIGHT/to_label_3333.jpg,3332,3333,train,train,LEAF_BLIGHT,LEAF_BLIGHT,41,True,False
DLD_FinalDataset_224_spit/train/LEAF_BLIGHT/to_label_3333.jpg,DLD_FinalDataset_224_spit/train/LEAF_BLIGHT/to_label_3334.jpg,3333,3334,train,train,LEAF_BLIGHT,LEAF_BLIGHT,42,True,False
DLD_FinalDataset_224_spit/train/LEAF_BLIGHT/to_label_3334.jpg,DLD_FinalDataset_224_spit/train/LEAF_BLIGHT/to_label_3335.jpg,3334,3335,train,train,LEAF_BLIGHT,LEAF_BLIGHT,29,True,False
DLD_FinalDataset_224_spit/train/LEAF_BLIGHT/to_label_3335.jpg,DLD_FinalDataset_224_spit/test/LEAF_BLIGHT/to_label_3336.jpg,3335,3336,train,test,LEAF_BLIGHT,LEAF_BLIGHT,37,True,True
DLD_FinalDataset_224_spit/test/LEAF_BLIGHT/to_label_3336.jpg,DLD_FinalDataset_224_spit/test/LEAF_BLIGHT/to_label_3337.jpg,3336,3337,test,test,LEAF_BLIGHT,LEAF_BLIGHT,33,True,False
DLD_FinalDataset_224_spit/test/LEAF_BLIGHT/to_label_3337.jpg,DLD_FinalDataset_224_spit/train/LEAF_BLIGHT/to_label_3338.jpg,3337,3338,test,train,LEAF_BLIGHT,LEAF_BLIGHT,34,True,True
DLD_FinalDataset_224_spit/train/LEAF_BLIGHT/to_label_3338.jpg,DLD_FinalDataset_224_spit/train/LEAF_BLIGHT/to_label_3339.jpg,3338,3339,train,train,LEAF_BLIGHT,LEAF_BLIGHT,33,True,False
DLD_FinalDataset_224_spit/train/LEAF_BLIGHT/to_label_3339.jpg,DLD_FinalDataset_224_spit/train/LEAF_BLIGHT/to_label_3340.jpg,3339,3340,train,train,LEAF_BLIGHT,LEAF_BLIGHT,34,True,False
DLD_FinalDataset_224_spit/train/LEAF_BLIGHT/to_label_3340.jpg,DLD_FinalDataset_224_spit/train/LEAF_BLIGHT/to_label_3341.jpg,3340,3341,train,train,LEAF_BLIGHT,LEAF_BLIGHT,34,True,False
DLD_FinalDataset_224_spit/train/LEAF_BLIGHT/to_label_3341.jpg,DLD_FinalDataset_224_spit/val/LEAF_BLIGHT/to_label_3342.jpg,3341,3342,train,val,LEAF_BLIGHT,LEAF_BLIGHT,25,True,True
DLD_FinalDataset_224_spit/val/LEAF_BLIGHT/to_label_3342.jpg,DLD_FinalDataset_224_spit/train/LEAF_BLIGHT/to_label_3343.jpg,3342,3343,val,train,LEAF_BLIGHT,LEAF_BLIGHT,27,True,True
DLD_FinalDataset_224_spit/train/LEAF_BLIGHT/to_label_3343.jpg,DLD_FinalDataset_224_spit/test/LEAF_BLIGHT/to_label_3344.jpg,3343,3344,train,test,LEAF_BLIGHT,LEAF_BLIGHT,25,True,True
DLD_FinalDataset_224_spit/test/LEAF_BLIGHT/to_label_3344.jpg,DLD_FinalDataset_224_spit/train/LEAF_BLIGHT/to_label_3345.jpg,3344,3345,test,train,LEAF_BLIGHT,LEAF_BLIGHT,41,True,True
DLD_FinalDataset_224_spit/train/LEAF_BLIGHT/to_label_3345.jpg,DLD_FinalDataset_224_spit/train/LEAF_BLIGHT/to_label_3346.jpg,3345,3346,train,train,LEAF_BLIGHT,LEAF_BLIGHT,29,True,False
DLD_FinalDataset_224_spit/train/LEAF_BLIGHT/to_label_3346.jpg,DLD_FinalDataset_224_spit/train/LEAF_BLIGHT/to_label_3347.jpg,3346,3347,train,train,LEAF_BLIGHT,LEAF_BLIGHT,31,True,False
DLD_FinalDataset_224_spit/train/LEAF_BLIGHT/to_label_3347.jpg,DLD_FinalDataset_224_spit/train/LEAF_BLIGHT/to_label_3348.jpg,3347,3348,train,train,LEAF_BLIGHT,LEAF_BLIGHT,32,True,False
DLD_FinalDataset_224_spit/train/LEAF_BLIGHT/to_label_3348.jpg,DLD_FinalDataset_224_spit/train/LEAF_BLIGHT/to_label_3349.jpg,3348,3349,train,train,LEAF_BLIGHT,LEAF_BLIGHT,39,True,False
DLD_FinalDataset_224_spit/train/LEAF_BLIGHT/to_label_3349.jpg,DLD_FinalDataset_224_spit/train/LEAF_BLIGHT/to_label_3350.jpg,3349,3350,train,train,LEAF_BLIGHT,LEAF_BLIGHT,29,True,False
DLD_FinalDataset_224_spit/train/LEAF_BLIGHT/to_label_3350.jpg,DLD_FinalDataset_224_spit/train/LEAF_BLIGHT/to_label_3351.jpg,3350,3351,train,train,LEAF_BLIGHT,LEAF_BLIGHT,36,True,False
DLD_FinalDataset_224_spit/train/LEAF_BLIGHT/to_label_3351.jpg,DLD_FinalDataset_224_spit/val/LEAF_BLIGHT/to_label_3352.jpg,3351,3352,train,val,LEAF_BLIGHT,LEAF_BLIGHT,32,True,True
DLD_FinalDataset_224_spit/val/LEAF_BLIGHT/to_label_3352.jpg,DLD_FinalDataset_224_spit/test/LEAF_BLIGHT/to_label_3353.jpg,3352,3353,val,test,LEAF_BLIGHT,LEAF_BLIGHT,40,True,True
DLD_FinalDataset_224_spit/test/LEAF_BLIGHT/to_label_3353.jpg,DLD_FinalDataset_224_spit/train/LEAF_BLIGHT/to_label_3354.jpg,3353,3354,test,train,LEAF_BLIGHT,LEAF_BLIGHT,31,True,True
DLD_FinalDataset_224_spit/train/LEAF_BLIGHT/to_label_3354.jpg,DLD_FinalDataset_224_spit/val/LEAF_BLIGHT/to_label_3355.jpg,3354,3355,train,val,LEAF_BLIGHT,LEAF_BLIGHT,27,True,True
DLD_FinalDataset_224_spit/val/LEAF_BLIGHT/to_label_3355.jpg,DLD_FinalDataset_224_spit/val/LEAF_BLIGHT/to_label_3356.jpg,3355,3356,val,val,LEAF_BLIGHT,LEAF_BLIGHT,33,True,False
DLD_FinalDataset_224_spit/val/LEAF_BLIGHT/to_label_3356.jpg,DLD_FinalDataset_224_spit/train/LEAF_BLIGHT/to_label_3357.jpg,3356,3357,val,train,LEAF_BLIGHT,LEAF_BLIGHT,37,True,True
DLD_FinalDataset_224_spit/train/LEAF_BLIGHT/to_label_3357.jpg,DLD_FinalDataset_224_spit/train/LEAF_BLIGHT/to_label_3358.jpg,3357,3358,train,train,LEAF_BLIGHT,LEAF_BLIGHT,35,True,False
DLD_FinalDataset_224_spit/train/LEAF_BLIGHT/to_label_3358.jpg,DLD_FinalDataset_224_spit/train/LEAF_BLIGHT/to_label_3359.jpg,3358,3359,train,train,LEAF_BLIGHT,LEAF_BLIGHT,25,True,False
DLD_FinalDataset_224_spit/train/LEAF_BLIGHT/to_label_3359.jpg,DLD_FinalDataset_224_spit/train/LEAF_BLIGHT/to_label_3360.jpg,3359,3360,train,train,LEAF_BLIGHT,LEAF_BLIGHT,18,True,False
DLD_FinalDataset_224_spit/train/LEAF_BLIGHT/to_label_3360.jpg,DLD_FinalDataset_224_spit/train/LEAF_BLIGHT/to_label_3361.jpg,3360,3361,train,train,LEAF_BLIGHT,LEAF_BLIGHT,30,True,False
DLD_FinalDataset_224_spit/train/LEAF_BLIGHT/to_label_3361.jpg,DLD_FinalDataset_224_spit/train/LEAF_BLIGHT/to_label_3362.jpg,3361,3362,train,train,LEAF_BLIGHT,LEAF_BLIGHT,39,True,False
DLD_FinalDataset_224_spit/train/LEAF_BLIGHT/to_label_3362.jpg,DLD_FinalDataset_224_spit/train/LEAF_BLIGHT/to_label_3363.jpg,3362,3363,train,train,LEAF_BLIGHT,LEAF_BLIGHT,35,True,False
DLD_FinalDataset_224_spit/train/LEAF_BLIGHT/to_label_3363.jpg,DLD_FinalDataset_224_spit/train/LEAF_BLIGHT/to_label_3364.jpg,3363,3364,train,train,LEAF_BLIGHT,LEAF_BLIGHT,31,True,False
DLD_FinalDataset_224_spit/train/LEAF_BLIGHT/to_label_3364.jpg,DLD_FinalDataset_224_spit/test/LEAF_BLIGHT/to_label_3365.jpg,3364,3365,train,test,LEAF_BLIGHT,LEAF_BLIGHT,37,True,True
DLD_FinalDataset_224_spit/test/LEAF_BLIGHT/to_label_3365.jpg,DLD_FinalDataset_224_spit/test/LEAF_BLIGHT/to_label_3366.jpg,3365,3366,test,test,LEAF_BLIGHT,LEAF_BLIGHT,34,True,False
DLD_FinalDataset_224_spit/test/LEAF_BLIGHT/to_label_3366.jpg,DLD_FinalDataset_224_spit/train/LEAF_BLIGHT/to_label_3367.jpg,3366,3367,test,train,LEAF_BLIGHT,LEAF_BLIGHT,36,True,True
DLD_FinalDataset_224_spit/train/LEAF_BLIGHT/to_label_3367.jpg,DLD_FinalDataset_224_spit/test/LEAF_BLIGHT/to_label_3368.jpg,3367,3368,train,test,LEAF_BLIGHT,LEAF_BLIGHT,33,True,True
DLD_FinalDataset_224_spit/test/LEAF_BLIGHT/to_label_3368.jpg,DLD_FinalDataset_224_spit/train/LEAF_BLIGHT/to_label_3369.jpg,3368,3369,test,train,LEAF_BLIGHT,LEAF_BLIGHT,30,True,True
DLD_FinalDataset_224_spit/train/LEAF_BLIGHT/to_label_3369.jpg,DLD_FinalDataset_224_spit/train/LEAF_BLIGHT/to_label_3370.jpg,3369,3370,train,train,LEAF_BLIGHT,LEAF_BLIGHT,38,True,False
DLD_FinalDataset_224_spit/train/LEAF_BLIGHT/to_label_3370.jpg,DLD_FinalDataset_224_spit/test/LEAF_BLIGHT/to_label_3371.jpg,3370,3371,train,test,LEAF_BLIGHT,LEAF_BLIGHT,34,True,True
DLD_FinalDataset_224_spit/test/LEAF_BLIGHT/to_label_3371.jpg,DLD_FinalDataset_224_spit/train/LEAF_BLIGHT/to_label_3372.jpg,3371,3372,test,train,LEAF_BLIGHT,LEAF_BLIGHT,25,True,True
DLD_FinalDataset_224_spit/train/LEAF_BLIGHT/to_label_3372.jpg,DLD_FinalDataset_224_spit/train/LEAF_BLIGHT/to_label_3373.jpg,3372,3373,train,train,LEAF_BLIGHT,LEAF_BLIGHT,28,True,False
DLD_FinalDataset_224_spit/train/LEAF_BLIGHT/to_label_3373.jpg,DLD_FinalDataset_224_spit/test/LEAF_BLIGHT/to_label_3374.jpg,3373,3374,train,test,LEAF_BLIGHT,LEAF_BLIGHT,33,True,True
DLD_FinalDataset_224_spit/test/LEAF_BLIGHT/to_label_3374.jpg,DLD_FinalDataset_224_spit/train/LEAF_BLIGHT/to_label_3375.jpg,3374,3375,test,train,LEAF_BLIGHT,LEAF_BLIGHT,42,True,True
DLD_FinalDataset_224_spit/train/LEAF_BLIGHT/to_label_3375.jpg,DLD_FinalDataset_224_spit/train/LEAF_BLIGHT/to_label_3376.jpg,3375,3376,train,train,LEAF_BLIGHT,LEAF_BLIGHT,36,True,False
DLD_FinalDataset_224_spit/train/LEAF_BLIGHT/to_label_3376.jpg,DLD_FinalDataset_224_spit/train/LEAF_BLIGHT/to_label_3377.jpg,3376,3377,train,train,LEAF_BLIGHT,LEAF_BLIGHT,38,True,False
DLD_FinalDataset_224_spit/train/LEAF_BLIGHT/to_label_3377.jpg,DLD_FinalDataset_224_spit/test/LEAF_BLIGHT/to_label_3378.jpg,3377,3378,train,test,LEAF_BLIGHT,LEAF_BLIGHT,37,True,True
DLD_FinalDataset_224_spit/test/LEAF_BLIGHT/to_label_3378.jpg,DLD_FinalDataset_224_spit/train/LEAF_BLIGHT/to_label_3379.jpg,3378,3379,test,train,LEAF_BLIGHT,LEAF_BLIGHT,29,True,True
DLD_FinalDataset_224_spit/train/LEAF_BLIGHT/to_label_3379.jpg,DLD_FinalDataset_224_spit/train/LEAF_BLIGHT/to_label_3380.jpg,3379,3380,train,train,LEAF_BLIGHT,LEAF_BLIGHT,38,True,False
DLD_FinalDataset_224_spit/train/LEAF_BLIGHT/to_label_3380.jpg,DLD_FinalDataset_224_spit/train/LEAF_BLIGHT/to_label_3381.jpg,3380,3381,train,train,LEAF_BLIGHT,LEAF_BLIGHT,35,True,False
DLD_FinalDataset_224_spit/train/LEAF_BLIGHT/to_label_3381.jpg,DLD_FinalDataset_224_spit/train/LEAF_BLIGHT/to_label_3382.jpg,3381,3382,train,train,LEAF_BLIGHT,LEAF_BLIGHT,32,True,False
DLD_FinalDataset_224_spit/train/LEAF_BLIGHT/to_label_3382.jpg,DLD_FinalDataset_224_spit/test/LEAF_BLIGHT/to_label_3383.jpg,3382,3383,train,test,LEAF_BLIGHT,LEAF_BLIGHT,26,True,True
DLD_FinalDataset_224_spit/test/LEAF_BLIGHT/to_label_3383.jpg,DLD_FinalDataset_224_spit/train/LEAF_BLIGHT/to_label_3384.jpg,3383,3384,test,train,LEAF_BLIGHT,LEAF_BLIGHT,29,True,True
DLD_FinalDataset_224_spit/train/LEAF_BLIGHT/to_label_3384.jpg,DLD_FinalDataset_224_spit/train/LEAF_BLIGHT/to_label_3385.jpg,3384,3385,train,train,LEAF_BLIGHT,LEAF_BLIGHT,22,True,False
DLD_FinalDataset_224_spit/train/LEAF_BLIGHT/to_label_3385.jpg,DLD_FinalDataset_224_spit/train/LEAF_BLIGHT/to_label_3386.jpg,3385,3386,train,train,LEAF_BLIGHT,LEAF_BLIGHT,30,True,False
DLD_FinalDataset_224_spit/train/LEAF_BLIGHT/to_label_3386.jpg,DLD_FinalDataset_224_spit/train/LEAF_BLIGHT/to_label_3387.jpg,3386,3387,train,train,LEAF_BLIGHT,LEAF_BLIGHT,29,True,False
DLD_FinalDataset_224_spit/train/LEAF_BLIGHT/to_label_3387.jpg,DLD_FinalDataset_224_spit/train/LEAF_BLIGHT/to_label_3388.jpg,3387,3388,train,train,LEAF_BLIGHT,LEAF_BLIGHT,37,True,False
DLD_FinalDataset_224_spit/train/LEAF_BLIGHT/to_label_3388.jpg,DLD_FinalDataset_224_spit/test/LEAF_BLIGHT/to_label_3389.jpg,3388,3389,train,test,LEAF_BLIGHT,LEAF_BLIGHT,30,True,True
DLD_FinalDataset_224_spit/test/LEAF_BLIGHT/to_label_3389.jpg,DLD_FinalDataset_224_spit/train/LEAF_BLIGHT/to_label_3390.jpg,3389,3390,test,train,LEAF_BLIGHT,LEAF_BLIGHT,34,True,True
DLD_FinalDataset_224_spit/train/LEAF_BLIGHT/to_label_3390.jpg,DLD_FinalDataset_224_spit/train/LEAF_BLIGHT/to_label_3391.jpg,3390,3391,train,train,LEAF_BLIGHT,LEAF_BLIGHT,37,True,False
DLD_FinalDataset_224_spit/train/LEAF_BLIGHT/to_label_3391.jpg,DLD_FinalDataset_224_spit/train/LEAF_BLIGHT/to_label_3392.jpg,3391,3392,train,train,LEAF_BLIGHT,LEAF_BLIGHT,33,True,False
DLD_FinalDataset_224_spit/train/LEAF_BLIGHT/to_label_3392.jpg,DLD_FinalDataset_224_spit/val/LEAF_BLIGHT/to_label_3393.jpg,3392,3393,train,val,LEAF_BLIGHT,LEAF_BLIGHT,27,True,True
DLD_FinalDataset_224_spit/val/LEAF_BLIGHT/to_label_3393.jpg,DLD_FinalDataset_224_spit/train/LEAF_BLIGHT/to_label_3394.jpg,3393,3394,val,train,LEAF_BLIGHT,LEAF_BLIGHT,32,True,True
DLD_FinalDataset_224_spit/train/LEAF_BLIGHT/to_label_3394.jpg,DLD_FinalDataset_224_spit/train/LEAF_BLIGHT/to_label_3395.jpg,3394,3395,train,train,LEAF_BLIGHT,LEAF_BLIGHT,31,True,False
DLD_FinalDataset_224_spit/train/LEAF_BLIGHT/to_label_3395.jpg,DLD_FinalDataset_224_spit/train/LEAF_BLIGHT/to_label_3396.jpg,3395,3396,train,train,LEAF_BLIGHT,LEAF_BLIGHT,34,True,False
DLD_FinalDataset_224_spit/train/LEAF_BLIGHT/to_label_3396.jpg,DLD_FinalDataset_224_spit/train/LEAF_BLIGHT/to_label_3397.jpg,3396,3397,train,train,LEAF_BLIGHT,LEAF_BLIGHT,32,True,False
DLD_FinalDataset_224_spit/train/LEAF_BLIGHT/to_label_3397.jpg,DLD_FinalDataset_224_spit/train/LEAF_BLIGHT/to_label_3398.jpg,3397,3398,train,train,LEAF_BLIGHT,LEAF_BLIGHT,31,True,False
DLD_FinalDataset_224_spit/train/LEAF_BLIGHT/to_label_3398.jpg,DLD_FinalDataset_224_spit/train/LEAF_BLIGHT/to_label_3399.jpg,3398,3399,train,train,LEAF_BLIGHT,LEAF_BLIGHT,40,True,False
DLD_FinalDataset_224_spit/train/LEAF_BLIGHT/to_label_3399.jpg,DLD_FinalDataset_224_spit/test/LEAF_BLIGHT/to_label_3400.jpg,3399,3400,train,test,LEAF_BLIGHT,LEAF_BLIGHT,35,True,True
DLD_FinalDataset_224_spit/test/LEAF_BLIGHT/to_label_3400.jpg,DLD_FinalDataset_224_spit/train/LEAF_BLIGHT/to_label_3401.jpg,3400,3401,test,train,LEAF_BLIGHT,LEAF_BLIGHT,19,True,True
DLD_FinalDataset_224_spit/train/LEAF_BLIGHT/to_label_3401.jpg,DLD_FinalDataset_224_spit/test/LEAF_BLIGHT/to_label_3402.jpg,3401,3402,train,test,LEAF_BLIGHT,LEAF_BLIGHT,29,True,True
DLD_FinalDataset_224_spit/test/LEAF_BLIGHT/to_label_3402.jpg,DLD_FinalDataset_224_spit/train/LEAF_BLIGHT/to_label_3403.jpg,3402,3403,test,train,LEAF_BLIGHT,LEAF_BLIGHT,37,True,True
DLD_FinalDataset_224_spit/train/LEAF_BLIGHT/to_label_3403.jpg,DLD_FinalDataset_224_spit/train/LEAF_BLIGHT/to_label_3404.jpg,3403,3404,train,train,LEAF_BLIGHT,LEAF_BLIGHT,33,True,False
DLD_FinalDataset_224_spit/train/LEAF_BLIGHT/to_label_3404.jpg,DLD_FinalDataset_224_spit/train/LEAF_BLIGHT/to_label_3405.jpg,3404,3405,train,train,LEAF_BLIGHT,LEAF_BLIGHT,30,True,False
DLD_FinalDataset_224_spit/train/LEAF_BLIGHT/to_label_3405.jpg,DLD_FinalDataset_224_spit/train/LEAF_BLIGHT/to_label_3406.jpg,3405,3406,train,train,LEAF_BLIGHT,LEAF_BLIGHT,37,True,False
DLD_FinalDataset_224_spit/train/LEAF_BLIGHT/to_label_3406.jpg,DLD_FinalDataset_224_spit/train/LEAF_BLIGHT/to_label_3407.jpg,3406,3407,train,train,LEAF_BLIGHT,LEAF_BLIGHT,35,True,False
DLD_FinalDataset_224_spit/train/LEAF_BLIGHT/to_label_3407.jpg,DLD_FinalDataset_224_spit/train/LEAF_BLIGHT/to_label_3408.jpg,3407,3408,train,train,LEAF_BLIGHT,LEAF_BLIGHT,33,True,False
DLD_FinalDataset_224_spit/train/LEAF_BLIGHT/to_label_3408.jpg,DLD_FinalDataset_224_spit/test/LEAF_BLIGHT/to_label_3409.jpg,3408,3409,train,test,LEAF_BLIGHT,LEAF_BLIGHT,33,True,True
DLD_FinalDataset_224_spit/test/LEAF_BLIGHT/to_label_3409.jpg,DLD_FinalDataset_224_spit/train/LEAF_BLIGHT/to_label_3410.jpg,3409,3410,test,train,LEAF_BLIGHT,LEAF_BLIGHT,32,True,True
DLD_FinalDataset_224_spit/train/LEAF_BLIGHT/to_label_3410.jpg,DLD_FinalDataset_224_spit/train/LEAF_BLIGHT/to_label_3411.jpg,3410,3411,train,train,LEAF_BLIGHT,LEAF_BLIGHT,33,True,False
DLD_FinalDataset_224_spit/train/LEAF_BLIGHT/to_label_3411.jpg,DLD_FinalDataset_224_spit/train/LEAF_BLIGHT/to_label_3412.jpg,3411,3412,train,train,LEAF_BLIGHT,LEAF_BLIGHT,40,True,False
DLD_FinalDataset_224_spit/train/LEAF_BLIGHT/to_label_3412.jpg,DLD_FinalDataset_224_spit/train/LEAF_BLIGHT/to_label_3413.jpg,3412,3413,train,train,LEAF_BLIGHT,LEAF_BLIGHT,29,True,False
DLD_FinalDataset_224_spit/train/LEAF_BLIGHT/to_label_3413.jpg,DLD_FinalDataset_224_spit/test/LEAF_BLIGHT/to_label_3414.jpg,3413,3414,train,test,LEAF_BLIGHT,LEAF_BLIGHT,39,True,True
DLD_FinalDataset_224_spit/test/LEAF_BLIGHT/to_label_3414.jpg,DLD_FinalDataset_224_spit/train/LEAF_BLIGHT/to_label_3415.jpg,3414,3415,test,train,LEAF_BLIGHT,LEAF_BLIGHT,35,True,True
DLD_FinalDataset_224_spit/train/LEAF_BLIGHT/to_label_3415.jpg,DLD_FinalDataset_224_spit/test/LEAF_BLIGHT/to_label_3416.jpg,3415,3416,train,test,LEAF_BLIGHT,LEAF_BLIGHT,28,True,True
DLD_FinalDataset_224_spit/test/LEAF_BLIGHT/to_label_3416.jpg,DLD_FinalDataset_224_spit/train/LEAF_BLIGHT/to_label_3417.jpg,3416,3417,test,train,LEAF_BLIGHT,LEAF_BLIGHT,26,True,True
DLD_FinalDataset_224_spit/train/LEAF_BLIGHT/to_label_3417.jpg,DLD_FinalDataset_224_spit/train/LEAF_BLIGHT/to_label_3418.jpg,3417,3418,train,train,LEAF_BLIGHT,LEAF_BLIGHT,33,True,False
DLD_FinalDataset_224_spit/train/LEAF_BLIGHT/to_label_3418.jpg,DLD_FinalDataset_224_spit/train/LEAF_BLIGHT/to_label_3419.jpg,3418,3419,train,train,LEAF_BLIGHT,LEAF_BLIGHT,27,True,False
DLD_FinalDataset_224_spit/train/LEAF_BLIGHT/to_label_3419.jpg,DLD_FinalDataset_224_spit/train/LEAF_BLIGHT/to_label_3420.jpg,3419,3420,train,train,LEAF_BLIGHT,LEAF_BLIGHT,35,True,False
DLD_FinalDataset_224_spit/train/LEAF_BLIGHT/to_label_3420.jpg,DLD_FinalDataset_224_spit/train/LEAF_BLIGHT/to_label_3421.jpg,3420,3421,train,train,LEAF_BLIGHT,LEAF_BLIGHT,29,True,False
DLD_FinalDataset_224_spit/train/LEAF_BLIGHT/to_label_3421.jpg,DLD_FinalDataset_224_spit/val/LEAF_BLIGHT/to_label_3422.jpg,3421,3422,train,val,LEAF_BLIGHT,LEAF_BLIGHT,31,True,True
DLD_FinalDataset_224_spit/val/LEAF_BLIGHT/to_label_3422.jpg,DLD_FinalDataset_224_spit/train/LEAF_BLIGHT/to_label_3423.jpg,3422,3423,val,train,LEAF_BLIGHT,LEAF_BLIGHT,36,True,True
DLD_FinalDataset_224_spit/train/LEAF_BLIGHT/to_label_3423.jpg,DLD_FinalDataset_224_spit/train/LEAF_BLIGHT/to_label_3424.jpg,3423,3424,train,train,LEAF_BLIGHT,LEAF_BLIGHT,28,True,False
DLD_FinalDataset_224_spit/train/LEAF_BLIGHT/to_label_3424.jpg,DLD_FinalDataset_224_spit/train/LEAF_BLIGHT/to_label_3425.jpg,3424,3425,train,train,LEAF_BLIGHT,LEAF_BLIGHT,32,True,False
DLD_FinalDataset_224_spit/train/LEAF_BLIGHT/to_label_3425.jpg,DLD_FinalDataset_224_spit/train/LEAF_BLIGHT/to_label_3426.jpg,3425,3426,train,train,LEAF_BLIGHT,LEAF_BLIGHT,31,True,False
DLD_FinalDataset_224_spit/train/LEAF_BLIGHT/to_label_3426.jpg,DLD_FinalDataset_224_spit/val/LEAF_BLIGHT/to_label_3427.jpg,3426,3427,train,val,LEAF_BLIGHT,LEAF_BLIGHT,32,True,True
DLD_FinalDataset_224_spit/val/LEAF_BLIGHT/to_label_3427.jpg,DLD_FinalDataset_224_spit/train/LEAF_BLIGHT/to_label_3428.jpg,3427,3428,val,train,LEAF_BLIGHT,LEAF_BLIGHT,36,True,True
DLD_FinalDataset_224_spit/train/LEAF_BLIGHT/to_label_3428.jpg,DLD_FinalDataset_224_spit/test/LEAF_BLIGHT/to_label_3429.jpg,3428,3429,train,test,LEAF_BLIGHT,LEAF_BLIGHT,32,True,True
DLD_FinalDataset_224_spit/test/LEAF_BLIGHT/to_label_3429.jpg,DLD_FinalDataset_224_spit/train/LEAF_BLIGHT/to_label_3430.jpg,3429,3430,test,train,LEAF_BLIGHT,LEAF_BLIGHT,29,True,True
DLD_FinalDataset_224_spit/train/LEAF_BLIGHT/to_label_3430.jpg,DLD_FinalDataset_224_spit/test/LEAF_BLIGHT/to_label_3431.jpg,3430,3431,train,test,LEAF_BLIGHT,LEAF_BLIGHT,34,True,True
DLD_FinalDataset_224_spit/test/LEAF_BLIGHT/to_label_3431.jpg,DLD_FinalDataset_224_spit/train/LEAF_BLIGHT/to_label_3432.jpg,3431,3432,test,train,LEAF_BLIGHT,LEAF_BLIGHT,23,True,True
DLD_FinalDataset_224_spit/train/LEAF_BLIGHT/to_label_3432.jpg,DLD_FinalDataset_224_spit/train/LEAF_BLIGHT/to_label_3433.jpg,3432,3433,train,train,LEAF_BLIGHT,LEAF_BLIGHT,31,True,False
DLD_FinalDataset_224_spit/train/LEAF_BLIGHT/to_label_3433.jpg,DLD_FinalDataset_224_spit/train/LEAF_BLIGHT/to_label_3434.jpg,3433,3434,train,train,LEAF_BLIGHT,LEAF_BLIGHT,29,True,False
DLD_FinalDataset_224_spit/train/LEAF_BLIGHT/to_label_3434.jpg,DLD_FinalDataset_224_spit/test/LEAF_BLIGHT/to_label_3435.jpg,3434,3435,train,test,LEAF_BLIGHT,LEAF_BLIGHT,31,True,True
DLD_FinalDataset_224_spit/test/LEAF_BLIGHT/to_label_3435.jpg,DLD_FinalDataset_224_spit/test/LEAF_BLIGHT/to_label_3436.jpg,3435,3436,test,test,LEAF_BLIGHT,LEAF_BLIGHT,30,True,False
DLD_FinalDataset_224_spit/test/LEAF_BLIGHT/to_label_3436.jpg,DLD_FinalDataset_224_spit/train/LEAF_BLIGHT/to_label_3437.jpg,3436,3437,test,train,LEAF_BLIGHT,LEAF_BLIGHT,35,True,True
DLD_FinalDataset_224_spit/train/LEAF_BLIGHT/to_label_3437.jpg,DLD_FinalDataset_224_spit/val/LEAF_BLIGHT/to_label_3438.jpg,3437,3438,train,val,LEAF_BLIGHT,LEAF_BLIGHT,30,True,True
DLD_FinalDataset_224_spit/val/LEAF_BLIGHT/to_label_3438.jpg,DLD_FinalDataset_224_spit/train/LEAF_BLIGHT/to_label_3439.jpg,3438,3439,val,train,LEAF_BLIGHT,LEAF_BLIGHT,31,True,True
DLD_FinalDataset_224_spit/train/LEAF_BLIGHT/to_label_3439.jpg,DLD_FinalDataset_224_spit/train/LEAF_BLIGHT/to_label_3440.jpg,3439,3440,train,train,LEAF_BLIGHT,LEAF_BLIGHT,41,True,False
DLD_FinalDataset_224_spit/train/LEAF_BLIGHT/to_label_3440.jpg,DLD_FinalDataset_224_spit/train/LEAF_BLIGHT/to_label_3441.jpg,3440,3441,train,train,LEAF_BLIGHT,LEAF_BLIGHT,32,True,False
DLD_FinalDataset_224_spit/train/LEAF_BLIGHT/to_label_3441.jpg,DLD_FinalDataset_224_spit/train/LEAF_BLIGHT/to_label_3442.jpg,3441,3442,train,train,LEAF_BLIGHT,LEAF_BLIGHT,31,True,False
DLD_FinalDataset_224_spit/train/LEAF_BLIGHT/to_label_3442.jpg,DLD_FinalDataset_224_spit/train/LEAF_BLIGHT/to_label_3443.jpg,3442,3443,train,train,LEAF_BLIGHT,LEAF_BLIGHT,33,True,False
DLD_FinalDataset_224_spit/train/LEAF_BLIGHT/to_label_3443.jpg,DLD_FinalDataset_224_spit/test/LEAF_BLIGHT/to_label_3444.jpg,3443,3444,train,test,LEAF_BLIGHT,LEAF_BLIGHT,33,True,True
DLD_FinalDataset_224_spit/test/LEAF_BLIGHT/to_label_3444.jpg,DLD_FinalDataset_224_spit/train/LEAF_BLIGHT/to_label_3445.jpg,3444,3445,test,train,LEAF_BLIGHT,LEAF_BLIGHT,33,True,True
DLD_FinalDataset_224_spit/train/LEAF_BLIGHT/to_label_3445.jpg,DLD_FinalDataset_224_spit/test/LEAF_BLIGHT/to_label_3446.jpg,3445,3446,train,test,LEAF_BLIGHT,LEAF_BLIGHT,36,True,True
DLD_FinalDataset_224_spit/test/LEAF_BLIGHT/to_label_3446.jpg,DLD_FinalDataset_224_spit/train/LEAF_BLIGHT/to_label_3447.jpg,3446,3447,test,train,LEAF_BLIGHT,LEAF_BLIGHT,36,True,True
DLD_FinalDataset_224_spit/train/LEAF_BLIGHT/to_label_3447.jpg,DLD_FinalDataset_224_spit/val/LEAF_BLIGHT/to_label_3448.jpg,3447,3448,train,val,LEAF_BLIGHT,LEAF_BLIGHT,37,True,True
DLD_FinalDataset_224_spit/val/LEAF_BLIGHT/to_label_3448.jpg,DLD_FinalDataset_224_spit/train/LEAF_BLIGHT/to_label_3449.jpg,3448,3449,val,train,LEAF_BLIGHT,LEAF_BLIGHT,29,True,True
DLD_FinalDataset_224_spit/train/LEAF_BLIGHT/to_label_3449.jpg,DLD_FinalDataset_224_spit/train/LEAF_BLIGHT/to_label_3450.jpg,3449,3450,train,train,LEAF_BLIGHT,LEAF_BLIGHT,32,True,False
DLD_FinalDataset_224_spit/train/LEAF_BLIGHT/to_label_3450.jpg,DLD_FinalDataset_224_spit/train/LEAF_BLIGHT/to_label_3451.jpg,3450,3451,train,train,LEAF_BLIGHT,LEAF_BLIGHT,26,True,False
DLD_FinalDataset_224_spit/train/LEAF_BLIGHT/to_label_3451.jpg,DLD_FinalDataset_224_spit/train/LEAF_BLIGHT/to_label_3452.jpg,3451,3452,train,train,LEAF_BLIGHT,LEAF_BLIGHT,23,True,False
DLD_FinalDataset_224_spit/train/LEAF_BLIGHT/to_label_3452.jpg,DLD_FinalDataset_224_spit/val/LEAF_BLIGHT/to_label_3453.jpg,3452,3453,train,val,LEAF_BLIGHT,LEAF_BLIGHT,33,True,True
DLD_FinalDataset_224_spit/val/LEAF_BLIGHT/to_label_3453.jpg,DLD_FinalDataset_224_spit/train/LEAF_BLIGHT/to_label_3454.jpg,3453,3454,val,train,LEAF_BLIGHT,LEAF_BLIGHT,39,True,True
DLD_FinalDataset_224_spit/train/LEAF_BLIGHT/to_label_3454.jpg,DLD_FinalDataset_224_spit/train/LEAF_BLIGHT/to_label_3455.jpg,3454,3455,train,train,LEAF_BLIGHT,LEAF_BLIGHT,40,True,False
DLD_FinalDataset_224_spit/train/LEAF_BLIGHT/to_label_3455.jpg,DLD_FinalDataset_224_spit/train/LEAF_BLIGHT/to_label_3456.jpg,3455,3456,train,train,LEAF_BLIGHT,LEAF_BLIGHT,42,True,False
DLD_FinalDataset_224_spit/train/LEAF_BLIGHT/to_label_3456.jpg,DLD_FinalDataset_224_spit/train/LEAF_BLIGHT/to_label_3457.jpg,3456,3457,train,train,LEAF_BLIGHT,LEAF_BLIGHT,32,True,False
DLD_FinalDataset_224_spit/train/LEAF_BLIGHT/to_label_3457.jpg,DLD_FinalDataset_224_spit/train/LEAF_BLIGHT/to_label_3458.jpg,3457,3458,train,train,LEAF_BLIGHT,LEAF_BLIGHT,34,True,False
DLD_FinalDataset_224_spit/train/LEAF_BLIGHT/to_label_3458.jpg,DLD_FinalDataset_224_spit/val/LEAF_BLIGHT/to_label_3459.jpg,3458,3459,train,val,LEAF_BLIGHT,LEAF_BLIGHT,25,True,True
DLD_FinalDataset_224_spit/val/LEAF_BLIGHT/to_label_3459.jpg,DLD_FinalDataset_224_spit/test/LEAF_BLIGHT/to_label_3460.jpg,3459,3460,val,test,LEAF_BLIGHT,LEAF_BLIGHT,28,True,True
DLD_FinalDataset_224_spit/test/LEAF_BLIGHT/to_label_3460.jpg,DLD_FinalDataset_224_spit/train/LEAF_BLIGHT/to_label_3461.jpg,3460,3461,test,train,LEAF_BLIGHT,LEAF_BLIGHT,33,True,True
DLD_FinalDataset_224_spit/train/LEAF_BLIGHT/to_label_3461.jpg,DLD_FinalDataset_224_spit/train/LEAF_BLIGHT/to_label_3462.jpg,3461,3462,train,train,LEAF_BLIGHT,LEAF_BLIGHT,28,True,False
DLD_FinalDataset_224_spit/train/LEAF_BLIGHT/to_label_3462.jpg,DLD_FinalDataset_224_spit/train/LEAF_BLIGHT/to_label_3463.jpg,3462,3463,train,train,LEAF_BLIGHT,LEAF_BLIGHT,30,True,False
DLD_FinalDataset_224_spit/train/LEAF_BLIGHT/to_label_3463.jpg,DLD_FinalDataset_224_spit/train/LEAF_BLIGHT/to_label_3464.jpg,3463,3464,train,train,LEAF_BLIGHT,LEAF_BLIGHT,27,True,False
DLD_FinalDataset_224_spit/train/LEAF_BLIGHT/to_label_3464.jpg,DLD_FinalDataset_224_spit/train/LEAF_BLIGHT/to_label_3465.jpg,3464,3465,train,train,LEAF_BLIGHT,LEAF_BLIGHT,36,True,False
DLD_FinalDataset_224_spit/train/LEAF_BLIGHT/to_label_3465.jpg,DLD_FinalDataset_224_spit/train/LEAF_BLIGHT/to_label_3466.jpg,3465,3466,train,train,LEAF_BLIGHT,LEAF_BLIGHT,29,True,False
DLD_FinalDataset_224_spit/train/LEAF_BLIGHT/to_label_3466.jpg,DLD_FinalDataset_224_spit/train/LEAF_BLIGHT/to_label_3467.jpg,3466,3467,train,train,LEAF_BLIGHT,LEAF_BLIGHT,28,True,False
DLD_FinalDataset_224_spit/train/LEAF_BLIGHT/to_label_3467.jpg,DLD_FinalDataset_224_spit/train/LEAF_BLIGHT/to_label_3468.jpg,3467,3468,train,train,LEAF_BLIGHT,LEAF_BLIGHT,35,True,False
DLD_FinalDataset_224_spit/train/LEAF_BLIGHT/to_label_3468.jpg,DLD_FinalDataset_224_spit/train/LEAF_BLIGHT/to_label_3469.jpg,3468,3469,train,train,LEAF_BLIGHT,LEAF_BLIGHT,22,True,False
DLD_FinalDataset_224_spit/train/LEAF_BLIGHT/to_label_3469.jpg,DLD_FinalDataset_224_spit/train/LEAF_BLIGHT/to_label_3470.jpg,3469,3470,train,train,LEAF_BLIGHT,LEAF_BLIGHT,41,True,False
DLD_FinalDataset_224_spit/train/LEAF_BLIGHT/to_label_3470.jpg,DLD_FinalDataset_224_spit/train/LEAF_BLIGHT/to_label_3471.jpg,3470,3471,train,train,LEAF_BLIGHT,LEAF_BLIGHT,33,True,False
DLD_FinalDataset_224_spit/train/LEAF_BLIGHT/to_label_3471.jpg,DLD_FinalDataset_224_spit/train/LEAF_BLIGHT/to_label_3472.jpg,3471,3472,train,train,LEAF_BLIGHT,LEAF_BLIGHT,42,True,False
DLD_FinalDataset_224_spit/train/LEAF_BLIGHT/to_label_3472.jpg,DLD_FinalDataset_224_spit/val/LEAF_BLIGHT/to_label_3473.jpg,3472,3473,train,val,LEAF_BLIGHT,LEAF_BLIGHT,33,True,True
DLD_FinalDataset_224_spit/val/LEAF_BLIGHT/to_label_3473.jpg,DLD_FinalDataset_224_spit/train/LEAF_BLIGHT/to_label_3474.jpg,3473,3474,val,train,LEAF_BLIGHT,LEAF_BLIGHT,33,True,True
DLD_FinalDataset_224_spit/train/LEAF_BLIGHT/to_label_3474.jpg,DLD_FinalDataset_224_spit/train/LEAF_BLIGHT/to_label_3475.jpg,3474,3475,train,train,LEAF_BLIGHT,LEAF_BLIGHT,30,True,False
DLD_FinalDataset_224_spit/train/LEAF_BLIGHT/to_label_3475.jpg,DLD_FinalDataset_224_spit/test/LEAF_BLIGHT/to_label_3476.jpg,3475,3476,train,test,LEAF_BLIGHT,LEAF_BLIGHT,31,True,True
DLD_FinalDataset_224_spit/test/LEAF_BLIGHT/to_label_3476.jpg,DLD_FinalDataset_224_spit/train/LEAF_BLIGHT/to_label_3477.jpg,3476,3477,test,train,LEAF_BLIGHT,LEAF_BLIGHT,26,True,True
DLD_FinalDataset_224_spit/train/LEAF_BLIGHT/to_label_3477.jpg,DLD_FinalDataset_224_spit/train/LEAF_BLIGHT/to_label_3478.jpg,3477,3478,train,train,LEAF_BLIGHT,LEAF_BLIGHT,32,True,False
DLD_FinalDataset_224_spit/train/LEAF_BLIGHT/to_label_3478.jpg,DLD_FinalDataset_224_spit/train/LEAF_BLIGHT/to_label_3479.jpg,3478,3479,train,train,LEAF_BLIGHT,LEAF_BLIGHT,34,True,False
DLD_FinalDataset_224_spit/train/LEAF_BLIGHT/to_label_3479.jpg,DLD_FinalDataset_224_spit/train/LEAF_BLIGHT/to_label_3480.jpg,3479,3480,train,train,LEAF_BLIGHT,LEAF_BLIGHT,34,True,False
DLD_FinalDataset_224_spit/train/LEAF_BLIGHT/to_label_3480.jpg,DLD_FinalDataset_224_spit/train/LEAF_BLIGHT/to_label_3481.jpg,3480,3481,train,train,LEAF_BLIGHT,LEAF_BLIGHT,28,True,False
DLD_FinalDataset_224_spit/train/LEAF_BLIGHT/to_label_3481.jpg,DLD_FinalDataset_224_spit/train/LEAF_BLIGHT/to_label_3482.jpg,3481,3482,train,train,LEAF_BLIGHT,LEAF_BLIGHT,34,True,False
DLD_FinalDataset_224_spit/train/LEAF_BLIGHT/to_label_3482.jpg,DLD_FinalDataset_224_spit/train/LEAF_BLIGHT/to_label_3483.jpg,3482,3483,train,train,LEAF_BLIGHT,LEAF_BLIGHT,35,True,False
DLD_FinalDataset_224_spit/train/LEAF_BLIGHT/to_label_3483.jpg,DLD_FinalDataset_224_spit/train/LEAF_BLIGHT/to_label_3484.jpg,3483,3484,train,train,LEAF_BLIGHT,LEAF_BLIGHT,33,True,False
DLD_FinalDataset_224_spit/train/LEAF_BLIGHT/to_label_3484.jpg,DLD_FinalDataset_224_spit/train/LEAF_BLIGHT/to_label_3485.jpg,3484,3485,train,train,LEAF_BLIGHT,LEAF_BLIGHT,35,True,False
DLD_FinalDataset_224_spit/train/LEAF_BLIGHT/to_label_3485.jpg,DLD_FinalDataset_224_spit/test/LEAF_BLIGHT/to_label_3486.jpg,3485,3486,train,test,LEAF_BLIGHT,LEAF_BLIGHT,41,True,True
DLD_FinalDataset_224_spit/test/LEAF_BLIGHT/to_label_3486.jpg,DLD_FinalDataset_224_spit/train/LEAF_BLIGHT/to_label_3487.jpg,3486,3487,test,train,LEAF_BLIGHT,LEAF_BLIGHT,32,True,True
DLD_FinalDataset_224_spit/train/LEAF_BLIGHT/to_label_3487.jpg,DLD_FinalDataset_224_spit/train/LEAF_BLIGHT/to_label_3488.jpg,3487,3488,train,train,LEAF_BLIGHT,LEAF_BLIGHT,33,True,False
DLD_FinalDataset_224_spit/train/LEAF_BLIGHT/to_label_3488.jpg,DLD_FinalDataset_224_spit/val/LEAF_BLIGHT/to_label_3489.jpg,3488,3489,train,val,LEAF_BLIGHT,LEAF_BLIGHT,36,True,True
DLD_FinalDataset_224_spit/val/LEAF_BLIGHT/to_label_3489.jpg,DLD_FinalDataset_224_spit/test/LEAF_BLIGHT/to_label_3490.jpg,3489,3490,val,test,LEAF_BLIGHT,LEAF_BLIGHT,30,True,True
DLD_FinalDataset_224_spit/test/LEAF_BLIGHT/to_label_3490.jpg,DLD_FinalDataset_224_spit/train/LEAF_BLIGHT/to_label_3491.jpg,3490,3491,test,train,LEAF_BLIGHT,LEAF_BLIGHT,34,True,True
DLD_FinalDataset_224_spit/train/LEAF_BLIGHT/to_label_3491.jpg,DLD_FinalDataset_224_spit/val/LEAF_BLIGHT/to_label_3492.jpg,3491,3492,train,val,LEAF_BLIGHT,LEAF_BLIGHT,35,True,True
DLD_FinalDataset_224_spit/val/LEAF_BLIGHT/to_label_3492.jpg,DLD_FinalDataset_224_spit/val/LEAF_BLIGHT/to_label_3493.jpg,3492,3493,val,val,LEAF_BLIGHT,LEAF_BLIGHT,35,True,False
DLD_FinalDataset_224_spit/val/LEAF_BLIGHT/to_label_3493.jpg,DLD_FinalDataset_224_spit/train/LEAF_BLIGHT/to_label_3494.jpg,3493,3494,val,train,LEAF_BLIGHT,LEAF_BLIGHT,29,True,True
DLD_FinalDataset_224_spit/train/LEAF_BLIGHT/to_label_3494.jpg,DLD_FinalDataset_224_spit/test/LEAF_BLIGHT/to_label_3495.jpg,3494,3495,train,test,LEAF_BLIGHT,LEAF_BLIGHT,30,True,True
DLD_FinalDataset_224_spit/test/LEAF_BLIGHT/to_label_3495.jpg,DLD_FinalDataset_224_spit/train/LEAF_BLIGHT/to_label_3496.jpg,3495,3496,test,train,LEAF_BLIGHT,LEAF_BLIGHT,33,True,True
DLD_FinalDataset_224_spit/train/LEAF_BLIGHT/to_label_3496.jpg,DLD_FinalDataset_224_spit/test/LEAF_BLIGHT/to_label_3497.jpg,3496,3497,train,test,LEAF_BLIGHT,LEAF_BLIGHT,31,True,True
DLD_FinalDataset_224_spit/test/LEAF_BLIGHT/to_label_3497.jpg,DLD_FinalDataset_224_spit/train/LEAF_BLIGHT/to_label_3498.jpg,3497,3498,test,train,LEAF_BLIGHT,LEAF_BLIGHT,26,True,True
DLD_FinalDataset_224_spit/train/LEAF_BLIGHT/to_label_3498.jpg,DLD_FinalDataset_224_spit/train/LEAF_BLIGHT/to_label_3499.jpg,3498,3499,train,train,LEAF_BLIGHT,LEAF_BLIGHT,33,True,False
DLD_FinalDataset_224_spit/train/LEAF_BLIGHT/to_label_3499.jpg,DLD_FinalDataset_224_spit/train/LEAF_BLIGHT/to_label_3500.jpg,3499,3500,train,train,LEAF_BLIGHT,LEAF_BLIGHT,36,True,False
DLD_FinalDataset_224_spit/train/LEAF_BLIGHT/to_label_3500.jpg,DLD_FinalDataset_224_spit/train/LEAF_BLIGHT/to_label_3501.jpg,3500,3501,train,train,LEAF_BLIGHT,LEAF_BLIGHT,22,True,False
DLD_FinalDataset_224_spit/train/LEAF_BLIGHT/to_label_3501.jpg,DLD_FinalDataset_224_spit/val/LEAF_BLIGHT/to_label_3502.jpg,3501,3502,train,val,LEAF_BLIGHT,LEAF_BLIGHT,28,True,True
DLD_FinalDataset_224_spit/val/LEAF_BLIGHT/to_label_3502.jpg,DLD_FinalDataset_224_spit/train/LEAF_BLIGHT/to_label_3503.jpg,3502,3503,val,train,LEAF_BLIGHT,LEAF_BLIGHT,35,True,True
DLD_FinalDataset_224_spit/train/LEAF_BLIGHT/to_label_3503.jpg,DLD_FinalDataset_224_spit/train/LEAF_BLIGHT/to_label_3504.jpg,3503,3504,train,train,LEAF_BLIGHT,LEAF_BLIGHT,28,True,False
DLD_FinalDataset_224_spit/train/LEAF_BLIGHT/to_label_3504.jpg,DLD_FinalDataset_224_spit/test/LEAF_BLIGHT/to_label_3505.jpg,3504,3505,train,test,LEAF_BLIGHT,LEAF_BLIGHT,36,True,True
DLD_FinalDataset_224_spit/test/LEAF_BLIGHT/to_label_3505.jpg,DLD_FinalDataset_224_spit/train/LEAF_BLIGHT/to_label_3506.jpg,3505,3506,test,train,LEAF_BLIGHT,LEAF_BLIGHT,31,True,True
DLD_FinalDataset_224_spit/train/LEAF_BLIGHT/to_label_3506.jpg,DLD_FinalDataset_224_spit/train/LEAF_BLIGHT/to_label_3507.jpg,3506,3507,train,train,LEAF_BLIGHT,LEAF_BLIGHT,37,True,False
DLD_FinalDataset_224_spit/train/LEAF_BLIGHT/to_label_3507.jpg,DLD_FinalDataset_224_spit/train/LEAF_BLIGHT/to_label_3508.jpg,3507,3508,train,train,LEAF_BLIGHT,LEAF_BLIGHT,29,True,False
DLD_FinalDataset_224_spit/train/LEAF_BLIGHT/to_label_3508.jpg,DLD_FinalDataset_224_spit/val/LEAF_BLIGHT/to_label_3509.jpg,3508,3509,train,val,LEAF_BLIGHT,LEAF_BLIGHT,33,True,True
DLD_FinalDataset_224_spit/val/LEAF_BLIGHT/to_label_3509.jpg,DLD_FinalDataset_224_spit/train/LEAF_BLIGHT/to_label_3510.jpg,3509,3510,val,train,LEAF_BLIGHT,LEAF_BLIGHT,37,True,True
DLD_FinalDataset_224_spit/train/LEAF_BLIGHT/to_label_3510.jpg,DLD_FinalDataset_224_spit/val/LEAF_BLIGHT/to_label_3511.jpg,3510,3511,train,val,LEAF_BLIGHT,LEAF_BLIGHT,38,True,True
DLD_FinalDataset_224_spit/val/LEAF_BLIGHT/to_label_3511.jpg,DLD_FinalDataset_224_spit/train/LEAF_BLIGHT/to_label_3512.jpg,3511,3512,val,train,LEAF_BLIGHT,LEAF_BLIGHT,31,True,True
DLD_FinalDataset_224_spit/train/LEAF_BLIGHT/to_label_3512.jpg,DLD_FinalDataset_224_spit/train/LEAF_BLIGHT/to_label_3513.jpg,3512,3513,train,train,LEAF_BLIGHT,LEAF_BLIGHT,30,True,False
DLD_FinalDataset_224_spit/train/LEAF_BLIGHT/to_label_3513.jpg,DLD_FinalDataset_224_spit/train/LEAF_BLIGHT/to_label_3514.jpg,3513,3514,train,train,LEAF_BLIGHT,LEAF_BLIGHT,31,True,False
DLD_FinalDataset_224_spit/train/LEAF_BLIGHT/to_label_3514.jpg,DLD_FinalDataset_224_spit/train/LEAF_BLIGHT/to_label_3515.jpg,3514,3515,train,train,LEAF_BLIGHT,LEAF_BLIGHT,32,True,False
DLD_FinalDataset_224_spit/train/LEAF_BLIGHT/to_label_3515.jpg,DLD_FinalDataset_224_spit/train/LEAF_BLIGHT/to_label_3516.jpg,3515,3516,train,train,LEAF_BLIGHT,LEAF_BLIGHT,36,True,False
DLD_FinalDataset_224_spit/train/LEAF_BLIGHT/to_label_3516.jpg,DLD_FinalDataset_224_spit/train/LEAF_BLIGHT/to_label_3517.jpg,3516,3517,train,train,LEAF_BLIGHT,LEAF_BLIGHT,35,True,False
DLD_FinalDataset_224_spit/train/LEAF_BLIGHT/to_label_3517.jpg,DLD_FinalDataset_224_spit/test/LEAF_BLIGHT/to_label_3518.jpg,3517,3518,train,test,LEAF_BLIGHT,LEAF_BLIGHT,36,True,True
DLD_FinalDataset_224_spit/test/LEAF_BLIGHT/to_label_3518.jpg,DLD_FinalDataset_224_spit/test/LEAF_BLIGHT/to_label_3519.jpg,3518,3519,test,test,LEAF_BLIGHT,LEAF_BLIGHT,30,True,False
DLD_FinalDataset_224_spit/test/LEAF_BLIGHT/to_label_3519.jpg,DLD_FinalDataset_224_spit/test/LEAF_BLIGHT/to_label_3520.jpg,3519,3520,test,test,LEAF_BLIGHT,LEAF_BLIGHT,31,True,False
DLD_FinalDataset_224_spit/test/LEAF_BLIGHT/to_label_3520.jpg,DLD_FinalDataset_224_spit/test/LEAF_BLIGHT/to_label_3521.jpg,3520,3521,test,test,LEAF_BLIGHT,LEAF_BLIGHT,26,True,False
DLD_FinalDataset_224_spit/test/LEAF_BLIGHT/to_label_3521.jpg,DLD_FinalDataset_224_spit/train/LEAF_BLIGHT/to_label_3522.jpg,3521,3522,test,train,LEAF_BLIGHT,LEAF_BLIGHT,35,True,True
DLD_FinalDataset_224_spit/train/LEAF_BLIGHT/to_label_3522.jpg,DLD_FinalDataset_224_spit/train/LEAF_BLIGHT/to_label_3523.jpg,3522,3523,train,train,LEAF_BLIGHT,LEAF_BLIGHT,30,True,False
DLD_FinalDataset_224_spit/train/LEAF_BLIGHT/to_label_3523.jpg,DLD_FinalDataset_224_spit/train/LEAF_BLIGHT/to_label_3524.jpg,3523,3524,train,train,LEAF_BLIGHT,LEAF_BLIGHT,33,True,False
DLD_FinalDataset_224_spit/train/LEAF_BLIGHT/to_label_3524.jpg,DLD_FinalDataset_224_spit/train/LEAF_BLIGHT/to_label_3525.jpg,3524,3525,train,train,LEAF_BLIGHT,LEAF_BLIGHT,40,True,False
DLD_FinalDataset_224_spit/train/LEAF_BLIGHT/to_label_3525.jpg,DLD_FinalDataset_224_spit/train/LEAF_BLIGHT/to_label_3526.jpg,3525,3526,train,train,LEAF_BLIGHT,LEAF_BLIGHT,29,True,False
DLD_FinalDataset_224_spit/train/LEAF_BLIGHT/to_label_3526.jpg,DLD_FinalDataset_224_spit/train/LEAF_BLIGHT/to_label_3527.jpg,3526,3527,train,train,LEAF_BLIGHT,LEAF_BLIGHT,30,True,False
DLD_FinalDataset_224_spit/train/LEAF_BLIGHT/to_label_3527.jpg,DLD_FinalDataset_224_spit/test/LEAF_BLIGHT/to_label_3528.jpg,3527,3528,train,test,LEAF_BLIGHT,LEAF_BLIGHT,38,True,True
DLD_FinalDataset_224_spit/test/LEAF_BLIGHT/to_label_3528.jpg,DLD_FinalDataset_224_spit/train/LEAF_BLIGHT/to_label_3529.jpg,3528,3529,test,train,LEAF_BLIGHT,LEAF_BLIGHT,17,True,True
DLD_FinalDataset_224_spit/train/LEAF_BLIGHT/to_label_3529.jpg,DLD_FinalDataset_224_spit/test/LEAF_BLIGHT/to_label_3530.jpg,3529,3530,train,test,LEAF_BLIGHT,LEAF_BLIGHT,32,True,True
DLD_FinalDataset_224_spit/test/LEAF_BLIGHT/to_label_3530.jpg,DLD_FinalDataset_224_spit/train/LEAF_BLIGHT/to_label_3531.jpg,3530,3531,test,train,LEAF_BLIGHT,LEAF_BLIGHT,21,True,True
DLD_FinalDataset_224_spit/train/LEAF_BLIGHT/to_label_3531.jpg,DLD_FinalDataset_224_spit/train/LEAF_BLIGHT/to_label_3532.jpg,3531,3532,train,train,LEAF_BLIGHT,LEAF_BLIGHT,29,True,False
DLD_FinalDataset_224_spit/train/LEAF_BLIGHT/to_label_3532.jpg,DLD_FinalDataset_224_spit/test/LEAF_BLIGHT/to_label_3533.jpg,3532,3533,train,test,LEAF_BLIGHT,LEAF_BLIGHT,32,True,True
DLD_FinalDataset_224_spit/test/LEAF_BLIGHT/to_label_3533.jpg,DLD_FinalDataset_224_spit/train/LEAF_BLIGHT/to_label_3534.jpg,3533,3534,test,train,LEAF_BLIGHT,LEAF_BLIGHT,33,True,True
DLD_FinalDataset_224_spit/train/LEAF_BLIGHT/to_label_3534.jpg,DLD_FinalDataset_224_spit/train/LEAF_BLIGHT/to_label_3535.jpg,3534,3535,train,train,LEAF_BLIGHT,LEAF_BLIGHT,31,True,False
DLD_FinalDataset_224_spit/train/LEAF_BLIGHT/to_label_3535.jpg,DLD_FinalDataset_224_spit/test/LEAF_BLIGHT/to_label_3536.jpg,3535,3536,train,test,LEAF_BLIGHT,LEAF_BLIGHT,33,True,True
DLD_FinalDataset_224_spit/test/LEAF_BLIGHT/to_label_3536.jpg,DLD_FinalDataset_224_spit/val/LEAF_BLIGHT/to_label_3537.jpg,3536,3537,test,val,LEAF_BLIGHT,LEAF_BLIGHT,24,True,True
DLD_FinalDataset_224_spit/val/LEAF_BLIGHT/to_label_3537.jpg,DLD_FinalDataset_224_spit/train/LEAF_BLIGHT/to_label_3538.jpg,3537,3538,val,train,LEAF_BLIGHT,LEAF_BLIGHT,33,True,True
DLD_FinalDataset_224_spit/train/LEAF_BLIGHT/to_label_3538.jpg,DLD_FinalDataset_224_spit/train/LEAF_BLIGHT/to_label_3539.jpg,3538,3539,train,train,LEAF_BLIGHT,LEAF_BLIGHT,31,True,False
DLD_FinalDataset_224_spit/train/LEAF_BLIGHT/to_label_3539.jpg,DLD_FinalDataset_224_spit/train/LEAF_BLIGHT/to_label_3540.jpg,3539,3540,train,train,LEAF_BLIGHT,LEAF_BLIGHT,28,True,False
DLD_FinalDataset_224_spit/train/LEAF_BLIGHT/to_label_3540.jpg,DLD_FinalDataset_224_spit/train/LEAF_BLIGHT/to_label_3541.jpg,3540,3541,train,train,LEAF_BLIGHT,LEAF_BLIGHT,42,True,False
DLD_FinalDataset_224_spit/train/LEAF_BLIGHT/to_label_3541.jpg,DLD_FinalDataset_224_spit/train/LEAF_BLIGHT/to_label_3542.jpg,3541,3542,train,train,LEAF_BLIGHT,LEAF_BLIGHT,39,True,False
DLD_FinalDataset_224_spit/train/LEAF_BLIGHT/to_label_3542.jpg,DLD_FinalDataset_224_spit/train/LEAF_BLIGHT/to_label_3543.jpg,3542,3543,train,train,LEAF_BLIGHT,LEAF_BLIGHT,40,True,False
DLD_FinalDataset_224_spit/train/LEAF_BLIGHT/to_label_3543.jpg,DLD_FinalDataset_224_spit/train/LEAF_BLIGHT/to_label_3544.jpg,3543,3544,train,train,LEAF_BLIGHT,LEAF_BLIGHT,29,True,False
DLD_FinalDataset_224_spit/train/LEAF_BLIGHT/to_label_3544.jpg,DLD_FinalDataset_224_spit/train/LEAF_BLIGHT/to_label_3545.jpg,3544,3545,train,train,LEAF_BLIGHT,LEAF_BLIGHT,28,True,False
DLD_FinalDataset_224_spit/train/LEAF_BLIGHT/to_label_3545.jpg,DLD_FinalDataset_224_spit/train/LEAF_BLIGHT/to_label_3546.jpg,3545,3546,train,train,LEAF_BLIGHT,LEAF_BLIGHT,28,True,False
DLD_FinalDataset_224_spit/train/LEAF_BLIGHT/to_label_3546.jpg,DLD_FinalDataset_224_spit/train/LEAF_BLIGHT/to_label_3547.jpg,3546,3547,train,train,LEAF_BLIGHT,LEAF_BLIGHT,34,True,False
DLD_FinalDataset_224_spit/train/LEAF_BLIGHT/to_label_3547.jpg,DLD_FinalDataset_224_spit/val/LEAF_BLIGHT/to_label_3548.jpg,3547,3548,train,val,LEAF_BLIGHT,LEAF_BLIGHT,31,True,True
DLD_FinalDataset_224_spit/val/LEAF_BLIGHT/to_label_3548.jpg,DLD_FinalDataset_224_spit/test/LEAF_BLIGHT/to_label_3549.jpg,3548,3549,val,test,LEAF_BLIGHT,LEAF_BLIGHT,29,True,True
DLD_FinalDataset_224_spit/test/LEAF_BLIGHT/to_label_3549.jpg,DLD_FinalDataset_224_spit/train/LEAF_BLIGHT/to_label_3550.jpg,3549,3550,test,train,LEAF_BLIGHT,LEAF_BLIGHT,35,True,True
DLD_FinalDataset_224_spit/train/LEAF_BLIGHT/to_label_3550.jpg,DLD_FinalDataset_224_spit/test/LEAF_BLIGHT/to_label_3551.jpg,3550,3551,train,test,LEAF_BLIGHT,LEAF_BLIGHT,27,True,True
DLD_FinalDataset_224_spit/test/LEAF_BLIGHT/to_label_3551.jpg,DLD_FinalDataset_224_spit/train/LEAF_BLIGHT/to_label_3552.jpg,3551,3552,test,train,LEAF_BLIGHT,LEAF_BLIGHT,32,True,True
DLD_FinalDataset_224_spit/train/LEAF_BLIGHT/to_label_3552.jpg,DLD_FinalDataset_224_spit/train/LEAF_BLIGHT/to_label_3553.jpg,3552,3553,train,train,LEAF_BLIGHT,LEAF_BLIGHT,32,True,False
DLD_FinalDataset_224_spit/train/LEAF_BLIGHT/to_label_3553.jpg,DLD_FinalDataset_224_spit/train/LEAF_BLIGHT/to_label_3554.jpg,3553,3554,train,train,LEAF_BLIGHT,LEAF_BLIGHT,30,True,False
DLD_FinalDataset_224_spit/train/LEAF_BLIGHT/to_label_3554.jpg,DLD_FinalDataset_224_spit/train/LEAF_BLIGHT/to_label_3555.jpg,3554,3555,train,train,LEAF_BLIGHT,LEAF_BLIGHT,31,True,False
DLD_FinalDataset_224_spit/train/LEAF_BLIGHT/to_label_3555.jpg,DLD_FinalDataset_224_spit/train/LEAF_BLIGHT/to_label_3556.jpg,3555,3556,train,train,LEAF_BLIGHT,LEAF_BLIGHT,38,True,False
DLD_FinalDataset_224_spit/train/LEAF_BLIGHT/to_label_3556.jpg,DLD_FinalDataset_224_spit/train/LEAF_BLIGHT/to_label_3557.jpg,3556,3557,train,train,LEAF_BLIGHT,LEAF_BLIGHT,27,True,False
DLD_FinalDataset_224_spit/train/LEAF_BLIGHT/to_label_3557.jpg,DLD_FinalDataset_224_spit/test/LEAF_BLIGHT/to_label_3558.jpg,3557,3558,train,test,LEAF_BLIGHT,LEAF_BLIGHT,30,True,True
DLD_FinalDataset_224_spit/test/LEAF_BLIGHT/to_label_3558.jpg,DLD_FinalDataset_224_spit/test/LEAF_BLIGHT/to_label_3559.jpg,3558,3559,test,test,LEAF_BLIGHT,LEAF_BLIGHT,39,True,False
DLD_FinalDataset_224_spit/test/LEAF_BLIGHT/to_label_3559.jpg,DLD_FinalDataset_224_spit/val/LEAF_BLIGHT/to_label_3560.jpg,3559,3560,test,val,LEAF_BLIGHT,LEAF_BLIGHT,39,True,True
DLD_FinalDataset_224_spit/val/LEAF_BLIGHT/to_label_3560.jpg,DLD_FinalDataset_224_spit/train/LEAF_BLIGHT/to_label_3561.jpg,3560,3561,val,train,LEAF_BLIGHT,LEAF_BLIGHT,25,True,True
DLD_FinalDataset_224_spit/train/LEAF_BLIGHT/to_label_3561.jpg,DLD_FinalDataset_224_spit/test/LEAF_BLIGHT/to_label_3562.jpg,3561,3562,train,test,LEAF_BLIGHT,LEAF_BLIGHT,29,True,True
DLD_FinalDataset_224_spit/test/LEAF_BLIGHT/to_label_3562.jpg,DLD_FinalDataset_224_spit/train/LEAF_BLIGHT/to_label_3563.jpg,3562,3563,test,train,LEAF_BLIGHT,LEAF_BLIGHT,32,True,True
DLD_FinalDataset_224_spit/train/LEAF_BLIGHT/to_label_3563.jpg,DLD_FinalDataset_224_spit/test/LEAF_BLIGHT/to_label_3564.jpg,3563,3564,train,test,LEAF_BLIGHT,LEAF_BLIGHT,32,True,True
DLD_FinalDataset_224_spit/test/LEAF_BLIGHT/to_label_3564.jpg,DLD_FinalDataset_224_spit/test/LEAF_BLIGHT/to_label_3565.jpg,3564,3565,test,test,LEAF_BLIGHT,LEAF_BLIGHT,38,True,False
DLD_FinalDataset_224_spit/test/LEAF_BLIGHT/to_label_3565.jpg,DLD_FinalDataset_224_spit/train/LEAF_BLIGHT/to_label_3566.jpg,3565,3566,test,train,LEAF_BLIGHT,LEAF_BLIGHT,25,True,True
DLD_FinalDataset_224_spit/train/LEAF_BLIGHT/to_label_3566.jpg,DLD_FinalDataset_224_spit/train/LEAF_BLIGHT/to_label_3567.jpg,3566,3567,train,train,LEAF_BLIGHT,LEAF_BLIGHT,37,True,False
DLD_FinalDataset_224_spit/train/LEAF_BLIGHT/to_label_3567.jpg,DLD_FinalDataset_224_spit/train/LEAF_BLIGHT/to_label_3568.jpg,3567,3568,train,train,LEAF_BLIGHT,LEAF_BLIGHT,33,True,False
DLD_FinalDataset_224_spit/train/LEAF_BLIGHT/to_label_3568.jpg,DLD_FinalDataset_224_spit/train/LEAF_BLIGHT/to_label_3569.jpg,3568,3569,train,train,LEAF_BLIGHT,LEAF_BLIGHT,34,True,False
DLD_FinalDataset_224_spit/train/LEAF_BLIGHT/to_label_3569.jpg,DLD_FinalDataset_224_spit/val/LEAF_BLIGHT/to_label_3570.jpg,3569,3570,train,val,LEAF_BLIGHT,LEAF_BLIGHT,40,True,True
DLD_FinalDataset_224_spit/val/LEAF_BLIGHT/to_label_3570.jpg,DLD_FinalDataset_224_spit/train/LEAF_BLIGHT/to_label_3571.jpg,3570,3571,val,train,LEAF_BLIGHT,LEAF_BLIGHT,24,True,True
DLD_FinalDataset_224_spit/train/LEAF_BLIGHT/to_label_3571.jpg,DLD_FinalDataset_224_spit/val/LEAF_BLIGHT/to_label_3572.jpg,3571,3572,train,val,LEAF_BLIGHT,LEAF_BLIGHT,36,True,True
DLD_FinalDataset_224_spit/val/LEAF_BLIGHT/to_label_3572.jpg,DLD_FinalDataset_224_spit/test/LEAF_BLIGHT/to_label_3573.jpg,3572,3573,val,test,LEAF_BLIGHT,LEAF_BLIGHT,37,True,True
DLD_FinalDataset_224_spit/test/LEAF_BLIGHT/to_label_3573.jpg,DLD_FinalDataset_224_spit/train/LEAF_BLIGHT/to_label_3574.jpg,3573,3574,test,train,LEAF_BLIGHT,LEAF_BLIGHT,28,True,True
DLD_FinalDataset_224_spit/train/LEAF_BLIGHT/to_label_3574.jpg,DLD_FinalDataset_224_spit/train/LEAF_BLIGHT/to_label_3575.jpg,3574,3575,train,train,LEAF_BLIGHT,LEAF_BLIGHT,31,True,False
DLD_FinalDataset_224_spit/train/LEAF_BLIGHT/to_label_3575.jpg,DLD_FinalDataset_224_spit/train/LEAF_BLIGHT/to_label_3576.jpg,3575,3576,train,train,LEAF_BLIGHT,LEAF_BLIGHT,37,True,False
DLD_FinalDataset_224_spit/train/LEAF_BLIGHT/to_label_3576.jpg,DLD_FinalDataset_224_spit/train/LEAF_BLIGHT/to_label_3577.jpg,3576,3577,train,train,LEAF_BLIGHT,LEAF_BLIGHT,34,True,False
DLD_FinalDataset_224_spit/train/LEAF_BLIGHT/to_label_3577.jpg,DLD_FinalDataset_224_spit/test/LEAF_BLIGHT/to_label_3578.jpg,3577,3578,train,test,LEAF_BLIGHT,LEAF_BLIGHT,30,True,True
DLD_FinalDataset_224_spit/test/LEAF_BLIGHT/to_label_3578.jpg,DLD_FinalDataset_224_spit/test/LEAF_BLIGHT/to_label_3579.jpg,3578,3579,test,test,LEAF_BLIGHT,LEAF_BLIGHT,32,True,False
DLD_FinalDataset_224_spit/test/LEAF_BLIGHT/to_label_3579.jpg,DLD_FinalDataset_224_spit/val/LEAF_BLIGHT/to_label_3580.jpg,3579,3580,test,val,LEAF_BLIGHT,LEAF_BLIGHT,26,True,True
DLD_FinalDataset_224_spit/val/LEAF_BLIGHT/to_label_3580.jpg,DLD_FinalDataset_224_spit/train/LEAF_BLIGHT/to_label_3581.jpg,3580,3581,val,train,LEAF_BLIGHT,LEAF_BLIGHT,34,True,True
DLD_FinalDataset_224_spit/train/LEAF_BLIGHT/to_label_3581.jpg,DLD_FinalDataset_224_spit/train/LEAF_BLIGHT/to_label_3582.jpg,3581,3582,train,train,LEAF_BLIGHT,LEAF_BLIGHT,30,True,False
DLD_FinalDataset_224_spit/train/LEAF_BLIGHT/to_label_3582.jpg,DLD_FinalDataset_224_spit/val/LEAF_BLIGHT/to_label_3583.jpg,3582,3583,train,val,LEAF_BLIGHT,LEAF_BLIGHT,25,True,True
DLD_FinalDataset_224_spit/val/LEAF_BLIGHT/to_label_3583.jpg,DLD_FinalDataset_224_spit/val/LEAF_BLIGHT/to_label_3584.jpg,3583,3584,val,val,LEAF_BLIGHT,LEAF_BLIGHT,38,True,False
DLD_FinalDataset_224_spit/val/LEAF_BLIGHT/to_label_3584.jpg,DLD_FinalDataset_224_spit/test/LEAF_BLIGHT/to_label_3585.jpg,3584,3585,val,test,LEAF_BLIGHT,LEAF_BLIGHT,32,True,True
DLD_FinalDataset_224_spit/test/LEAF_BLIGHT/to_label_3585.jpg,DLD_FinalDataset_224_spit/test/LEAF_BLIGHT/to_label_3586.jpg,3585,3586,test,test,LEAF_BLIGHT,LEAF_BLIGHT,33,True,False
DLD_FinalDataset_224_spit/test/LEAF_BLIGHT/to_label_3586.jpg,DLD_FinalDataset_224_spit/train/LEAF_BLIGHT/to_label_3587.jpg,3586,3587,test,train,LEAF_BLIGHT,LEAF_BLIGHT,28,True,True
DLD_FinalDataset_224_spit/train/LEAF_BLIGHT/to_label_3587.jpg,DLD_FinalDataset_224_spit/train/LEAF_BLIGHT/to_label_3588.jpg,3587,3588,train,train,LEAF_BLIGHT,LEAF_BLIGHT,25,True,False
DLD_FinalDataset_224_spit/train/LEAF_BLIGHT/to_label_3588.jpg,DLD_FinalDataset_224_spit/train/LEAF_BLIGHT/to_label_3589.jpg,3588,3589,train,train,LEAF_BLIGHT,LEAF_BLIGHT,32,True,False
DLD_FinalDataset_224_spit/train/LEAF_BLIGHT/to_label_3589.jpg,DLD_FinalDataset_224_spit/train/LEAF_BLIGHT/to_label_3590.jpg,3589,3590,train,train,LEAF_BLIGHT,LEAF_BLIGHT,33,True,False
DLD_FinalDataset_224_spit/train/LEAF_BLIGHT/to_label_3590.jpg,DLD_FinalDataset_224_spit/train/LEAF_BLIGHT/to_label_3591.jpg,3590,3591,train,train,LEAF_BLIGHT,LEAF_BLIGHT,29,True,False
DLD_FinalDataset_224_spit/train/LEAF_BLIGHT/to_label_3591.jpg,DLD_FinalDataset_224_spit/train/LEAF_BLIGHT/to_label_3592.jpg,3591,3592,train,train,LEAF_BLIGHT,LEAF_BLIGHT,34,True,False
DLD_FinalDataset_224_spit/train/LEAF_BLIGHT/to_label_3592.jpg,DLD_FinalDataset_224_spit/train/LEAF_BLIGHT/to_label_3593.jpg,3592,3593,train,train,LEAF_BLIGHT,LEAF_BLIGHT,33,True,False
DLD_FinalDataset_224_spit/train/LEAF_BLIGHT/to_label_3593.jpg,DLD_FinalDataset_224_spit/train/LEAF_BLIGHT/to_label_3594.jpg,3593,3594,train,train,LEAF_BLIGHT,LEAF_BLIGHT,27,True,False
DLD_FinalDataset_224_spit/train/LEAF_BLIGHT/to_label_3594.jpg,DLD_FinalDataset_224_spit/train/LEAF_BLIGHT/to_label_3595.jpg,3594,3595,train,train,LEAF_BLIGHT,LEAF_BLIGHT,32,True,False
DLD_FinalDataset_224_spit/train/LEAF_BLIGHT/to_label_3595.jpg,DLD_FinalDataset_224_spit/train/LEAF_BLIGHT/to_label_3596.jpg,3595,3596,train,train,LEAF_BLIGHT,LEAF_BLIGHT,32,True,False
DLD_FinalDataset_224_spit/train/LEAF_BLIGHT/to_label_3596.jpg,DLD_FinalDataset_224_spit/test/LEAF_BLIGHT/to_label_3597.jpg,3596,3597,train,test,LEAF_BLIGHT,LEAF_BLIGHT,28,True,True
DLD_FinalDataset_224_spit/test/LEAF_BLIGHT/to_label_3597.jpg,DLD_FinalDataset_224_spit/test/LEAF_BLIGHT/to_label_3598.jpg,3597,3598,test,test,LEAF_BLIGHT,LEAF_BLIGHT,29,True,False
DLD_FinalDataset_224_spit/test/LEAF_BLIGHT/to_label_3598.jpg,DLD_FinalDataset_224_spit/train/LEAF_BLIGHT/to_label_3599.jpg,3598,3599,test,train,LEAF_BLIGHT,LEAF_BLIGHT,28,True,True
DLD_FinalDataset_224_spit/train/LEAF_BLIGHT/to_label_3599.jpg,DLD_FinalDataset_224_spit/train/LEAF_BLIGHT/to_label_3600.jpg,3599,3600,train,train,LEAF_BLIGHT,LEAF_BLIGHT,27,True,False
DLD_FinalDataset_224_spit/train/LEAF_BLIGHT/to_label_3600.jpg,DLD_FinalDataset_224_spit/val/LEAF_BLIGHT/to_label_3601.jpg,3600,3601,train,val,LEAF_BLIGHT,LEAF_BLIGHT,35,True,True
DLD_FinalDataset_224_spit/val/LEAF_BLIGHT/to_label_3601.jpg,DLD_FinalDataset_224_spit/train/LEAF_BLIGHT/to_label_3602.jpg,3601,3602,val,train,LEAF_BLIGHT,LEAF_BLIGHT,31,True,True
DLD_FinalDataset_224_spit/train/LEAF_BLIGHT/to_label_3602.jpg,DLD_FinalDataset_224_spit/train/LEAF_BLIGHT/to_label_3603.jpg,3602,3603,train,train,LEAF_BLIGHT,LEAF_BLIGHT,33,True,False
DLD_FinalDataset_224_spit/train/LEAF_BLIGHT/to_label_3603.jpg,DLD_FinalDataset_224_spit/train/LEAF_BLIGHT/to_label_3604.jpg,3603,3604,train,train,LEAF_BLIGHT,LEAF_BLIGHT,25,True,False
DLD_FinalDataset_224_spit/train/LEAF_BLIGHT/to_label_3604.jpg,DLD_FinalDataset_224_spit/train/LEAF_BLIGHT/to_label_3605.jpg,3604,3605,train,train,LEAF_BLIGHT,LEAF_BLIGHT,36,True,False
DLD_FinalDataset_224_spit/train/LEAF_BLIGHT/to_label_3605.jpg,DLD_FinalDataset_224_spit/train/LEAF_BLIGHT/to_label_3606.jpg,3605,3606,train,train,LEAF_BLIGHT,LEAF_BLIGHT,35,True,False
DLD_FinalDataset_224_spit/train/LEAF_BLIGHT/to_label_3606.jpg,DLD_FinalDataset_224_spit/train/LEAF_BLIGHT/to_label_3607.jpg,3606,3607,train,train,LEAF_BLIGHT,LEAF_BLIGHT,28,True,False
DLD_FinalDataset_224_spit/train/LEAF_BLIGHT/to_label_3607.jpg,DLD_FinalDataset_224_spit/test/LEAF_BLIGHT/to_label_3608.jpg,3607,3608,train,test,LEAF_BLIGHT,LEAF_BLIGHT,31,True,True
DLD_FinalDataset_224_spit/test/LEAF_BLIGHT/to_label_3608.jpg,DLD_FinalDataset_224_spit/train/LEAF_BLIGHT/to_label_3609.jpg,3608,3609,test,train,LEAF_BLIGHT,LEAF_BLIGHT,30,True,True
DLD_FinalDataset_224_spit/train/LEAF_BLIGHT/to_label_3609.jpg,DLD_FinalDataset_224_spit/train/LEAF_BLIGHT/to_label_3610.jpg,3609,3610,train,train,LEAF_BLIGHT,LEAF_BLIGHT,31,True,False
DLD_FinalDataset_224_spit/train/LEAF_BLIGHT/to_label_3610.jpg,DLD_FinalDataset_224_spit/train/LEAF_BLIGHT/to_label_3611.jpg,3610,3611,train,train,LEAF_BLIGHT,LEAF_BLIGHT,28,True,False
DLD_FinalDataset_224_spit/train/LEAF_BLIGHT/to_label_3611.jpg,DLD_FinalDataset_224_spit/train/LEAF_BLIGHT/to_label_3612.jpg,3611,3612,train,train,LEAF_BLIGHT,LEAF_BLIGHT,38,True,False
DLD_FinalDataset_224_spit/train/LEAF_BLIGHT/to_label_3612.jpg,DLD_FinalDataset_224_spit/train/LEAF_BLIGHT/to_label_3613.jpg,3612,3613,train,train,LEAF_BLIGHT,LEAF_BLIGHT,36,True,False
DLD_FinalDataset_224_spit/train/LEAF_BLIGHT/to_label_3613.jpg,DLD_FinalDataset_224_spit/train/LEAF_BLIGHT/to_label_3614.jpg,3613,3614,train,train,LEAF_BLIGHT,LEAF_BLIGHT,32,True,False
DLD_FinalDataset_224_spit/train/LEAF_BLIGHT/to_label_3614.jpg,DLD_FinalDataset_224_spit/train/LEAF_BLIGHT/to_label_3615.jpg,3614,3615,train,train,LEAF_BLIGHT,LEAF_BLIGHT,34,True,False
DLD_FinalDataset_224_spit/train/LEAF_BLIGHT/to_label_3615.jpg,DLD_FinalDataset_224_spit/train/LEAF_BLIGHT/to_label_3616.jpg,3615,3616,train,train,LEAF_BLIGHT,LEAF_BLIGHT,31,True,False
DLD_FinalDataset_224_spit/train/LEAF_BLIGHT/to_label_3616.jpg,DLD_FinalDataset_224_spit/test/LEAF_BLIGHT/to_label_3617.jpg,3616,3617,train,test,LEAF_BLIGHT,LEAF_BLIGHT,32,True,True
DLD_FinalDataset_224_spit/test/LEAF_BLIGHT/to_label_3617.jpg,DLD_FinalDataset_224_spit/test/LEAF_BLIGHT/to_label_3618.jpg,3617,3618,test,test,LEAF_BLIGHT,LEAF_BLIGHT,30,True,False
DLD_FinalDataset_224_spit/test/LEAF_BLIGHT/to_label_3618.jpg,DLD_FinalDataset_224_spit/train/LEAF_BLIGHT/to_label_3619.jpg,3618,3619,test,train,LEAF_BLIGHT,LEAF_BLIGHT,30,True,True
DLD_FinalDataset_224_spit/train/LEAF_BLIGHT/to_label_3619.jpg,DLD_FinalDataset_224_spit/train/LEAF_BLIGHT/to_label_3620.jpg,3619,3620,train,train,LEAF_BLIGHT,LEAF_BLIGHT,26,True,False
DLD_FinalDataset_224_spit/train/LEAF_BLIGHT/to_label_3620.jpg,DLD_FinalDataset_224_spit/test/LEAF_BLIGHT/to_label_3621.jpg,3620,3621,train,test,LEAF_BLIGHT,LEAF_BLIGHT,29,True,True
DLD_FinalDataset_224_spit/test/LEAF_BLIGHT/to_label_3621.jpg,DLD_FinalDataset_224_spit/train/LEAF_BLIGHT/to_label_3622.jpg,3621,3622,test,train,LEAF_BLIGHT,LEAF_BLIGHT,31,True,True
DLD_FinalDataset_224_spit/train/LEAF_BLIGHT/to_label_3622.jpg,DLD_FinalDataset_224_spit/train/PHOMOPSIS_LEAF_SPOT/to_label_3623.jpg,3622,3623,train,train,LEAF_BLIGHT,PHOMOPSIS_LEAF_SPOT,39,False,False
DLD_FinalDataset_224_spit/train/PHOMOPSIS_LEAF_SPOT/to_label_3623.jpg,DLD_FinalDataset_224_spit/train/PHOMOPSIS_LEAF_SPOT/to_label_3624.jpg,3623,3624,train,train,PHOMOPSIS_LEAF_SPOT,PHOMOPSIS_LEAF_SPOT,21,True,False
DLD_FinalDataset_224_spit/train/PHOMOPSIS_LEAF_SPOT/to_label_3624.jpg,DLD_FinalDataset_224_spit/val/PHOMOPSIS_LEAF_SPOT/to_label_3625.jpg,3624,3625,train,val,PHOMOPSIS_LEAF_SPOT,PHOMOPSIS_LEAF_SPOT,28,True,True
DLD_FinalDataset_224_spit/val/PHOMOPSIS_LEAF_SPOT/to_label_3625.jpg,DLD_FinalDataset_224_spit/train/PHOMOPSIS_LEAF_SPOT/to_label_3626.jpg,3625,3626,val,train,PHOMOPSIS_LEAF_SPOT,PHOMOPSIS_LEAF_SPOT,30,True,True
DLD_FinalDataset_224_spit/train/PHOMOPSIS_LEAF_SPOT/to_label_3626.jpg,DLD_FinalDataset_224_spit/train/PHOMOPSIS_LEAF_SPOT/to_label_3627.jpg,3626,3627,train,train,PHOMOPSIS_LEAF_SPOT,PHOMOPSIS_LEAF_SPOT,32,True,False
DLD_FinalDataset_224_spit/train/PHOMOPSIS_LEAF_SPOT/to_label_3627.jpg,DLD_FinalDataset_224_spit/test/PHOMOPSIS_LEAF_SPOT/to_label_3628.jpg,3627,3628,train,test,PHOMOPSIS_LEAF_SPOT,PHOMOPSIS_LEAF_SPOT,36,True,True
DLD_FinalDataset_224_spit/test/PHOMOPSIS_LEAF_SPOT/to_label_3628.jpg,DLD_FinalDataset_224_spit/train/PHOMOPSIS_LEAF_SPOT/to_label_3629.jpg,3628,3629,test,train,PHOMOPSIS_LEAF_SPOT,PHOMOPSIS_LEAF_SPOT,29,True,True
DLD_FinalDataset_224_spit/train/PHOMOPSIS_LEAF_SPOT/to_label_3629.jpg,DLD_FinalDataset_224_spit/test/PHOMOPSIS_LEAF_SPOT/to_label_3630.jpg,3629,3630,train,test,PHOMOPSIS_LEAF_SPOT,PHOMOPSIS_LEAF_SPOT,32,True,True
DLD_FinalDataset_224_spit/test/PHOMOPSIS_LEAF_SPOT/to_label_3630.jpg,DLD_FinalDataset_224_spit/train/PHOMOPSIS_LEAF_SPOT/to_label_3631.jpg,3630,3631,test,train,PHOMOPSIS_LEAF_SPOT,PHOMOPSIS_LEAF_SPOT,26,True,True
DLD_FinalDataset_224_spit/train/PHOMOPSIS_LEAF_SPOT/to_label_3631.jpg,DLD_FinalDataset_224_spit/train/PHOMOPSIS_LEAF_SPOT/to_label_3632.jpg,3631,3632,train,train,PHOMOPSIS_LEAF_SPOT,PHOMOPSIS_LEAF_SPOT,31,True,False
DLD_FinalDataset_224_spit/train/PHOMOPSIS_LEAF_SPOT/to_label_3632.jpg,DLD_FinalDataset_224_spit/val/PHOMOPSIS_LEAF_SPOT/to_label_3633.jpg,3632,3633,train,val,PHOMOPSIS_LEAF_SPOT,PHOMOPSIS_LEAF_SPOT,33,True,True
DLD_FinalDataset_224_spit/val/PHOMOPSIS_LEAF_SPOT/to_label_3633.jpg,DLD_FinalDataset_224_spit/train/PHOMOPSIS_LEAF_SPOT/to_label_3634.jpg,3633,3634,val,train,PHOMOPSIS_LEAF_SPOT,PHOMOPSIS_LEAF_SPOT,36,True,True
DLD_FinalDataset_224_spit/train/PHOMOPSIS_LEAF_SPOT/to_label_3634.jpg,DLD_FinalDataset_224_spit/train/PHOMOPSIS_LEAF_SPOT/to_label_3635.jpg,3634,3635,train,train,PHOMOPSIS_LEAF_SPOT,PHOMOPSIS_LEAF_SPOT,37,True,False
DLD_FinalDataset_224_spit/train/PHOMOPSIS_LEAF_SPOT/to_label_3635.jpg,DLD_FinalDataset_224_spit/train/PHOMOPSIS_LEAF_SPOT/to_label_3636.jpg,3635,3636,train,train,PHOMOPSIS_LEAF_SPOT,PHOMOPSIS_LEAF_SPOT,32,True,False
DLD_FinalDataset_224_spit/train/PHOMOPSIS_LEAF_SPOT/to_label_3636.jpg,DLD_FinalDataset_224_spit/train/PHOMOPSIS_LEAF_SPOT/to_label_3637.jpg,3636,3637,train,train,PHOMOPSIS_LEAF_SPOT,PHOMOPSIS_LEAF_SPOT,32,True,False
DLD_FinalDataset_224_spit/train/PHOMOPSIS_LEAF_SPOT/to_label_3637.jpg,DLD_FinalDataset_224_spit/train/PHOMOPSIS_LEAF_SPOT/to_label_3638.jpg,3637,3638,train,train,PHOMOPSIS_LEAF_SPOT,PHOMOPSIS_LEAF_SPOT,24,True,False
DLD_FinalDataset_224_spit/train/PHOMOPSIS_LEAF_SPOT/to_label_3638.jpg,DLD_FinalDataset_224_spit/train/PHOMOPSIS_LEAF_SPOT/to_label_3639.jpg,3638,3639,train,train,PHOMOPSIS_LEAF_SPOT,PHOMOPSIS_LEAF_SPOT,32,True,False
DLD_FinalDataset_224_spit/train/PHOMOPSIS_LEAF_SPOT/to_label_3639.jpg,DLD_FinalDataset_224_spit/train/PHOMOPSIS_LEAF_SPOT/to_label_3640.jpg,3639,3640,train,train,PHOMOPSIS_LEAF_SPOT,PHOMOPSIS_LEAF_SPOT,31,True,False
DLD_FinalDataset_224_spit/train/PHOMOPSIS_LEAF_SPOT/to_label_3640.jpg,DLD_FinalDataset_224_spit/train/PHOMOPSIS_LEAF_SPOT/to_label_3641.jpg,3640,3641,train,train,PHOMOPSIS_LEAF_SPOT,PHOMOPSIS_LEAF_SPOT,32,True,False
DLD_FinalDataset_224_spit/train/PHOMOPSIS_LEAF_SPOT/to_label_3641.jpg,DLD_FinalDataset_224_spit/train/PHOMOPSIS_LEAF_SPOT/to_label_3642.jpg,3641,3642,train,train,PHOMOPSIS_LEAF_SPOT,PHOMOPSIS_LEAF_SPOT,31,True,False
DLD_FinalDataset_224_spit/train/PHOMOPSIS_LEAF_SPOT/to_label_3642.jpg,DLD_FinalDataset_224_spit/train/PHOMOPSIS_LEAF_SPOT/to_label_3643.jpg,3642,3643,train,train,PHOMOPSIS_LEAF_SPOT,PHOMOPSIS_LEAF_SPOT,34,True,False
DLD_FinalDataset_224_spit/train/PHOMOPSIS_LEAF_SPOT/to_label_3643.jpg,DLD_FinalDataset_224_spit/train/PHOMOPSIS_LEAF_SPOT/to_label_3644.jpg,3643,3644,train,train,PHOMOPSIS_LEAF_SPOT,PHOMOPSIS_LEAF_SPOT,39,True,False
DLD_FinalDataset_224_spit/train/PHOMOPSIS_LEAF_SPOT/to_label_3644.jpg,DLD_FinalDataset_224_spit/train/PHOMOPSIS_LEAF_SPOT/to_label_3645.jpg,3644,3645,train,train,PHOMOPSIS_LEAF_SPOT,PHOMOPSIS_LEAF_SPOT,36,True,False
DLD_FinalDataset_224_spit/train/PHOMOPSIS_LEAF_SPOT/to_label_3645.jpg,DLD_FinalDataset_224_spit/test/PHOMOPSIS_LEAF_SPOT/to_label_3646.jpg,3645,3646,train,test,PHOMOPSIS_LEAF_SPOT,PHOMOPSIS_LEAF_SPOT,34,True,True
DLD_FinalDataset_224_spit/test/PHOMOPSIS_LEAF_SPOT/to_label_3646.jpg,DLD_FinalDataset_224_spit/train/PHOMOPSIS_LEAF_SPOT/to_label_3647.jpg,3646,3647,test,train,PHOMOPSIS_LEAF_SPOT,PHOMOPSIS_LEAF_SPOT,33,True,True
DLD_FinalDataset_224_spit/train/PHOMOPSIS_LEAF_SPOT/to_label_3647.jpg,DLD_FinalDataset_224_spit/test/PHOMOPSIS_LEAF_SPOT/to_label_3648.jpg,3647,3648,train,test,PHOMOPSIS_LEAF_SPOT,PHOMOPSIS_LEAF_SPOT,39,True,True
DLD_FinalDataset_224_spit/test/PHOMOPSIS_LEAF_SPOT/to_label_3648.jpg,DLD_FinalDataset_224_spit/train/PHOMOPSIS_LEAF_SPOT/to_label_3649.jpg,3648,3649,test,train,PHOMOPSIS_LEAF_SPOT,PHOMOPSIS_LEAF_SPOT,29,True,True
DLD_FinalDataset_224_spit/train/PHOMOPSIS_LEAF_SPOT/to_label_3649.jpg,DLD_FinalDataset_224_spit/train/PHOMOPSIS_LEAF_SPOT/to_label_3650.jpg,3649,3650,train,train,PHOMOPSIS_LEAF_SPOT,PHOMOPSIS_LEAF_SPOT,32,True,False
DLD_FinalDataset_224_spit/train/PHOMOPSIS_LEAF_SPOT/to_label_3650.jpg,DLD_FinalDataset_224_spit/train/PHOMOPSIS_LEAF_SPOT/to_label_3651.jpg,3650,3651,train,train,PHOMOPSIS_LEAF_SPOT,PHOMOPSIS_LEAF_SPOT,27,True,False
DLD_FinalDataset_224_spit/train/PHOMOPSIS_LEAF_SPOT/to_label_3651.jpg,DLD_FinalDataset_224_spit/val/PHOMOPSIS_LEAF_SPOT/to_label_3652.jpg,3651,3652,train,val,PHOMOPSIS_LEAF_SPOT,PHOMOPSIS_LEAF_SPOT,41,True,True
DLD_FinalDataset_224_spit/val/PHOMOPSIS_LEAF_SPOT/to_label_3652.jpg,DLD_FinalDataset_224_spit/test/PHOMOPSIS_LEAF_SPOT/to_label_3653.jpg,3652,3653,val,test,PHOMOPSIS_LEAF_SPOT,PHOMOPSIS_LEAF_SPOT,33,True,True
DLD_FinalDataset_224_spit/test/PHOMOPSIS_LEAF_SPOT/to_label_3653.jpg,DLD_FinalDataset_224_spit/val/PHOMOPSIS_LEAF_SPOT/to_label_3654.jpg,3653,3654,test,val,PHOMOPSIS_LEAF_SPOT,PHOMOPSIS_LEAF_SPOT,32,True,True
DLD_FinalDataset_224_spit/val/PHOMOPSIS_LEAF_SPOT/to_label_3654.jpg,DLD_FinalDataset_224_spit/train/PHOMOPSIS_LEAF_SPOT/to_label_3655.jpg,3654,3655,val,train,PHOMOPSIS_LEAF_SPOT,PHOMOPSIS_LEAF_SPOT,33,True,True
DLD_FinalDataset_224_spit/train/PHOMOPSIS_LEAF_SPOT/to_label_3655.jpg,DLD_FinalDataset_224_spit/test/PHOMOPSIS_LEAF_SPOT/to_label_3656.jpg,3655,3656,train,test,PHOMOPSIS_LEAF_SPOT,PHOMOPSIS_LEAF_SPOT,33,True,True
DLD_FinalDataset_224_spit/test/PHOMOPSIS_LEAF_SPOT/to_label_3656.jpg,DLD_FinalDataset_224_spit/train/PHOMOPSIS_LEAF_SPOT/to_label_3657.jpg,3656,3657,test,train,PHOMOPSIS_LEAF_SPOT,PHOMOPSIS_LEAF_SPOT,30,True,True
DLD_FinalDataset_224_spit/train/PHOMOPSIS_LEAF_SPOT/to_label_3657.jpg,DLD_FinalDataset_224_spit/train/PHOMOPSIS_LEAF_SPOT/to_label_3658.jpg,3657,3658,train,train,PHOMOPSIS_LEAF_SPOT,PHOMOPSIS_LEAF_SPOT,40,True,False
DLD_FinalDataset_224_spit/train/PHOMOPSIS_LEAF_SPOT/to_label_3658.jpg,DLD_FinalDataset_224_spit/train/PHOMOPSIS_LEAF_SPOT/to_label_3659.jpg,3658,3659,train,train,PHOMOPSIS_LEAF_SPOT,PHOMOPSIS_LEAF_SPOT,34,True,False
DLD_FinalDataset_224_spit/train/PHOMOPSIS_LEAF_SPOT/to_label_3659.jpg,DLD_FinalDataset_224_spit/train/PHOMOPSIS_LEAF_SPOT/to_label_3660.jpg,3659,3660,train,train,PHOMOPSIS_LEAF_SPOT,PHOMOPSIS_LEAF_SPOT,26,True,False
DLD_FinalDataset_224_spit/train/PHOMOPSIS_LEAF_SPOT/to_label_3660.jpg,DLD_FinalDataset_224_spit/train/PHOMOPSIS_LEAF_SPOT/to_label_3661.jpg,3660,3661,train,train,PHOMOPSIS_LEAF_SPOT,PHOMOPSIS_LEAF_SPOT,17,True,False
DLD_FinalDataset_224_spit/train/PHOMOPSIS_LEAF_SPOT/to_label_3661.jpg,DLD_FinalDataset_224_spit/test/PHOMOPSIS_LEAF_SPOT/to_label_3662.jpg,3661,3662,train,test,PHOMOPSIS_LEAF_SPOT,PHOMOPSIS_LEAF_SPOT,31,True,True
DLD_FinalDataset_224_spit/test/PHOMOPSIS_LEAF_SPOT/to_label_3662.jpg,DLD_FinalDataset_224_spit/train/PHOMOPSIS_LEAF_SPOT/to_label_3663.jpg,3662,3663,test,train,PHOMOPSIS_LEAF_SPOT,PHOMOPSIS_LEAF_SPOT,34,True,True
DLD_FinalDataset_224_spit/train/PHOMOPSIS_LEAF_SPOT/to_label_3663.jpg,DLD_FinalDataset_224_spit/train/PHOMOPSIS_LEAF_SPOT/to_label_3664.jpg,3663,3664,train,train,PHOMOPSIS_LEAF_SPOT,PHOMOPSIS_LEAF_SPOT,23,True,False
DLD_FinalDataset_224_spit/train/PHOMOPSIS_LEAF_SPOT/to_label_3664.jpg,DLD_FinalDataset_224_spit/train/PHOMOPSIS_LEAF_SPOT/to_label_3665.jpg,3664,3665,train,train,PHOMOPSIS_LEAF_SPOT,PHOMOPSIS_LEAF_SPOT,29,True,False
DLD_FinalDataset_224_spit/train/PHOMOPSIS_LEAF_SPOT/to_label_3665.jpg,DLD_FinalDataset_224_spit/train/PHOMOPSIS_LEAF_SPOT/to_label_3666.jpg,3665,3666,train,train,PHOMOPSIS_LEAF_SPOT,PHOMOPSIS_LEAF_SPOT,36,True,False
DLD_FinalDataset_224_spit/train/PHOMOPSIS_LEAF_SPOT/to_label_3666.jpg,DLD_FinalDataset_224_spit/test/PHOMOPSIS_LEAF_SPOT/to_label_3667.jpg,3666,3667,train,test,PHOMOPSIS_LEAF_SPOT,PHOMOPSIS_LEAF_SPOT,29,True,True
DLD_FinalDataset_224_spit/test/PHOMOPSIS_LEAF_SPOT/to_label_3667.jpg,DLD_FinalDataset_224_spit/train/PHOMOPSIS_LEAF_SPOT/to_label_3668.jpg,3667,3668,test,train,PHOMOPSIS_LEAF_SPOT,PHOMOPSIS_LEAF_SPOT,34,True,True
DLD_FinalDataset_224_spit/train/PHOMOPSIS_LEAF_SPOT/to_label_3668.jpg,DLD_FinalDataset_224_spit/train/PHOMOPSIS_LEAF_SPOT/to_label_3669.jpg,3668,3669,train,train,PHOMOPSIS_LEAF_SPOT,PHOMOPSIS_LEAF_SPOT,39,True,False
DLD_FinalDataset_224_spit/train/PHOMOPSIS_LEAF_SPOT/to_label_3669.jpg,DLD_FinalDataset_224_spit/train/PHOMOPSIS_LEAF_SPOT/to_label_3670.jpg,3669,3670,train,train,PHOMOPSIS_LEAF_SPOT,PHOMOPSIS_LEAF_SPOT,34,True,False
DLD_FinalDataset_224_spit/train/PHOMOPSIS_LEAF_SPOT/to_label_3670.jpg,DLD_FinalDataset_224_spit/train/PHOMOPSIS_LEAF_SPOT/to_label_3671.jpg,3670,3671,train,train,PHOMOPSIS_LEAF_SPOT,PHOMOPSIS_LEAF_SPOT,22,True,False
DLD_FinalDataset_224_spit/train/PHOMOPSIS_LEAF_SPOT/to_label_3671.jpg,DLD_FinalDataset_224_spit/val/PHOMOPSIS_LEAF_SPOT/to_label_3672.jpg,3671,3672,train,val,PHOMOPSIS_LEAF_SPOT,PHOMOPSIS_LEAF_SPOT,29,True,True
DLD_FinalDataset_224_spit/val/PHOMOPSIS_LEAF_SPOT/to_label_3672.jpg,DLD_FinalDataset_224_spit/train/PHOMOPSIS_LEAF_SPOT/to_label_3673.jpg,3672,3673,val,train,PHOMOPSIS_LEAF_SPOT,PHOMOPSIS_LEAF_SPOT,26,True,True
DLD_FinalDataset_224_spit/train/PHOMOPSIS_LEAF_SPOT/to_label_3673.jpg,DLD_FinalDataset_224_spit/train/PHOMOPSIS_LEAF_SPOT/to_label_3674.jpg,3673,3674,train,train,PHOMOPSIS_LEAF_SPOT,PHOMOPSIS_LEAF_SPOT,28,True,False
DLD_FinalDataset_224_spit/train/PHOMOPSIS_LEAF_SPOT/to_label_3674.jpg,DLD_FinalDataset_224_spit/train/PHOMOPSIS_LEAF_SPOT/to_label_3675.jpg,3674,3675,train,train,PHOMOPSIS_LEAF_SPOT,PHOMOPSIS_LEAF_SPOT,34,True,False
DLD_FinalDataset_224_spit/train/PHOMOPSIS_LEAF_SPOT/to_label_3675.jpg,DLD_FinalDataset_224_spit/train/PHOMOPSIS_LEAF_SPOT/to_label_3676.jpg,3675,3676,train,train,PHOMOPSIS_LEAF_SPOT,PHOMOPSIS_LEAF_SPOT,31,True,False
DLD_FinalDataset_224_spit/train/PHOMOPSIS_LEAF_SPOT/to_label_3676.jpg,DLD_FinalDataset_224_spit/val/PHOMOPSIS_LEAF_SPOT/to_label_3677.jpg,3676,3677,train,val,PHOMOPSIS_LEAF_SPOT,PHOMOPSIS_LEAF_SPOT,33,True,True
DLD_FinalDataset_224_spit/val/PHOMOPSIS_LEAF_SPOT/to_label_3677.jpg,DLD_FinalDataset_224_spit/val/PHOMOPSIS_LEAF_SPOT/to_label_3678.jpg,3677,3678,val,val,PHOMOPSIS_LEAF_SPOT,PHOMOPSIS_LEAF_SPOT,28,True,False
DLD_FinalDataset_224_spit/val/PHOMOPSIS_LEAF_SPOT/to_label_3678.jpg,DLD_FinalDataset_224_spit/train/PHOMOPSIS_LEAF_SPOT/to_label_3679.jpg,3678,3679,val,train,PHOMOPSIS_LEAF_SPOT,PHOMOPSIS_LEAF_SPOT,26,True,True
DLD_FinalDataset_224_spit/train/PHOMOPSIS_LEAF_SPOT/to_label_3679.jpg,DLD_FinalDataset_224_spit/train/PHOMOPSIS_LEAF_SPOT/to_label_3680.jpg,3679,3680,train,train,PHOMOPSIS_LEAF_SPOT,PHOMOPSIS_LEAF_SPOT,33,True,False
DLD_FinalDataset_224_spit/train/PHOMOPSIS_LEAF_SPOT/to_label_3680.jpg,DLD_FinalDataset_224_spit/train/PHOMOPSIS_LEAF_SPOT/to_label_3681.jpg,3680,3681,train,train,PHOMOPSIS_LEAF_SPOT,PHOMOPSIS_LEAF_SPOT,35,True,False
DLD_FinalDataset_224_spit/train/PHOMOPSIS_LEAF_SPOT/to_label_3681.jpg,DLD_FinalDataset_224_spit/train/PHOMOPSIS_LEAF_SPOT/to_label_3682.jpg,3681,3682,train,train,PHOMOPSIS_LEAF_SPOT,PHOMOPSIS_LEAF_SPOT,34,True,False
DLD_FinalDataset_224_spit/train/PHOMOPSIS_LEAF_SPOT/to_label_3682.jpg,DLD_FinalDataset_224_spit/val/PHOMOPSIS_LEAF_SPOT/to_label_3683.jpg,3682,3683,train,val,PHOMOPSIS_LEAF_SPOT,PHOMOPSIS_LEAF_SPOT,31,True,True
DLD_FinalDataset_224_spit/val/PHOMOPSIS_LEAF_SPOT/to_label_3683.jpg,DLD_FinalDataset_224_spit/train/PHOMOPSIS_LEAF_SPOT/to_label_3684.jpg,3683,3684,val,train,PHOMOPSIS_LEAF_SPOT,PHOMOPSIS_LEAF_SPOT,25,True,True
DLD_FinalDataset_224_spit/train/PHOMOPSIS_LEAF_SPOT/to_label_3684.jpg,DLD_FinalDataset_224_spit/train/PHOMOPSIS_LEAF_SPOT/to_label_3685.jpg,3684,3685,train,train,PHOMOPSIS_LEAF_SPOT,PHOMOPSIS_LEAF_SPOT,32,True,False
DLD_FinalDataset_224_spit/train/PHOMOPSIS_LEAF_SPOT/to_label_3685.jpg,DLD_FinalDataset_224_spit/test/PHOMOPSIS_LEAF_SPOT/to_label_3686.jpg,3685,3686,train,test,PHOMOPSIS_LEAF_SPOT,PHOMOPSIS_LEAF_SPOT,28,True,True
DLD_FinalDataset_224_spit/test/PHOMOPSIS_LEAF_SPOT/to_label_3686.jpg,DLD_FinalDataset_224_spit/train/PHOMOPSIS_LEAF_SPOT/to_label_3687.jpg,3686,3687,test,train,PHOMOPSIS_LEAF_SPOT,PHOMOPSIS_LEAF_SPOT,32,True,True
DLD_FinalDataset_224_spit/train/PHOMOPSIS_LEAF_SPOT/to_label_3687.jpg,DLD_FinalDataset_224_spit/test/PHOMOPSIS_LEAF_SPOT/to_label_3688.jpg,3687,3688,train,test,PHOMOPSIS_LEAF_SPOT,PHOMOPSIS_LEAF_SPOT,33,True,True
DLD_FinalDataset_224_spit/test/PHOMOPSIS_LEAF_SPOT/to_label_3688.jpg,DLD_FinalDataset_224_spit/test/PHOMOPSIS_LEAF_SPOT/to_label_3689.jpg,3688,3689,test,test,PHOMOPSIS_LEAF_SPOT,PHOMOPSIS_LEAF_SPOT,30,True,False
DLD_FinalDataset_224_spit/test/PHOMOPSIS_LEAF_SPOT/to_label_3689.jpg,DLD_FinalDataset_224_spit/test/PHOMOPSIS_LEAF_SPOT/to_label_3690.jpg,3689,3690,test,test,PHOMOPSIS_LEAF_SPOT,PHOMOPSIS_LEAF_SPOT,29,True,False
DLD_FinalDataset_224_spit/test/PHOMOPSIS_LEAF_SPOT/to_label_3690.jpg,DLD_FinalDataset_224_spit/train/PHOMOPSIS_LEAF_SPOT/to_label_3691.jpg,3690,3691,test,train,PHOMOPSIS_LEAF_SPOT,PHOMOPSIS_LEAF_SPOT,31,True,True
DLD_FinalDataset_224_spit/train/PHOMOPSIS_LEAF_SPOT/to_label_3691.jpg,DLD_FinalDataset_224_spit/train/PHOMOPSIS_LEAF_SPOT/to_label_3692.jpg,3691,3692,train,train,PHOMOPSIS_LEAF_SPOT,PHOMOPSIS_LEAF_SPOT,34,True,False
DLD_FinalDataset_224_spit/train/PHOMOPSIS_LEAF_SPOT/to_label_3692.jpg,DLD_FinalDataset_224_spit/val/PHOMOPSIS_LEAF_SPOT/to_label_3693.jpg,3692,3693,train,val,PHOMOPSIS_LEAF_SPOT,PHOMOPSIS_LEAF_SPOT,34,True,True
DLD_FinalDataset_224_spit/val/PHOMOPSIS_LEAF_SPOT/to_label_3693.jpg,DLD_FinalDataset_224_spit/train/PHOMOPSIS_LEAF_SPOT/to_label_3694.jpg,3693,3694,val,train,PHOMOPSIS_LEAF_SPOT,PHOMOPSIS_LEAF_SPOT,28,True,True
DLD_FinalDataset_224_spit/train/PHOMOPSIS_LEAF_SPOT/to_label_3694.jpg,DLD_FinalDataset_224_spit/test/PHOMOPSIS_LEAF_SPOT/to_label_3695.jpg,3694,3695,train,test,PHOMOPSIS_LEAF_SPOT,PHOMOPSIS_LEAF_SPOT,22,True,True
DLD_FinalDataset_224_spit/test/PHOMOPSIS_LEAF_SPOT/to_label_3695.jpg,DLD_FinalDataset_224_spit/train/PHOMOPSIS_LEAF_SPOT/to_label_3696.jpg,3695,3696,test,train,PHOMOPSIS_LEAF_SPOT,PHOMOPSIS_LEAF_SPOT,33,True,True
DLD_FinalDataset_224_spit/train/PHOMOPSIS_LEAF_SPOT/to_label_3696.jpg,DLD_FinalDataset_224_spit/train/PHOMOPSIS_LEAF_SPOT/to_label_3697.jpg,3696,3697,train,train,PHOMOPSIS_LEAF_SPOT,PHOMOPSIS_LEAF_SPOT,34,True,False
DLD_FinalDataset_224_spit/train/PHOMOPSIS_LEAF_SPOT/to_label_3697.jpg,DLD_FinalDataset_224_spit/train/PHOMOPSIS_LEAF_SPOT/to_label_3698.jpg,3697,3698,train,train,PHOMOPSIS_LEAF_SPOT,PHOMOPSIS_LEAF_SPOT,30,True,False
DLD_FinalDataset_224_spit/train/PHOMOPSIS_LEAF_SPOT/to_label_3698.jpg,DLD_FinalDataset_224_spit/test/PHOMOPSIS_LEAF_SPOT/to_label_3699.jpg,3698,3699,train,test,PHOMOPSIS_LEAF_SPOT,PHOMOPSIS_LEAF_SPOT,31,True,True
DLD_FinalDataset_224_spit/test/PHOMOPSIS_LEAF_SPOT/to_label_3699.jpg,DLD_FinalDataset_224_spit/test/PHOMOPSIS_LEAF_SPOT/to_label_3700.jpg,3699,3700,test,test,PHOMOPSIS_LEAF_SPOT,PHOMOPSIS_LEAF_SPOT,27,True,False
DLD_FinalDataset_224_spit/test/PHOMOPSIS_LEAF_SPOT/to_label_3700.jpg,DLD_FinalDataset_224_spit/test/PHOMOPSIS_LEAF_SPOT/to_label_3701.jpg,3700,3701,test,test,PHOMOPSIS_LEAF_SPOT,PHOMOPSIS_LEAF_SPOT,26,True,False
DLD_FinalDataset_224_spit/test/PHOMOPSIS_LEAF_SPOT/to_label_3701.jpg,DLD_FinalDataset_224_spit/test/PHOMOPSIS_LEAF_SPOT/to_label_3702.jpg,3701,3702,test,test,PHOMOPSIS_LEAF_SPOT,PHOMOPSIS_LEAF_SPOT,30,True,False
DLD_FinalDataset_224_spit/test/PHOMOPSIS_LEAF_SPOT/to_label_3702.jpg,DLD_FinalDataset_224_spit/train/PHOMOPSIS_LEAF_SPOT/to_label_3703.jpg,3702,3703,test,train,PHOMOPSIS_LEAF_SPOT,PHOMOPSIS_LEAF_SPOT,35,True,True
DLD_FinalDataset_224_spit/train/PHOMOPSIS_LEAF_SPOT/to_label_3703.jpg,DLD_FinalDataset_224_spit/test/PHOMOPSIS_LEAF_SPOT/to_label_3704.jpg,3703,3704,train,test,PHOMOPSIS_LEAF_SPOT,PHOMOPSIS_LEAF_SPOT,28,True,True
DLD_FinalDataset_224_spit/test/PHOMOPSIS_LEAF_SPOT/to_label_3704.jpg,DLD_FinalDataset_224_spit/test/PHOMOPSIS_LEAF_SPOT/to_label_3705.jpg,3704,3705,test,test,PHOMOPSIS_LEAF_SPOT,PHOMOPSIS_LEAF_SPOT,32,True,False
DLD_FinalDataset_224_spit/test/PHOMOPSIS_LEAF_SPOT/to_label_3705.jpg,DLD_FinalDataset_224_spit/train/PHOMOPSIS_LEAF_SPOT/to_label_3706.jpg,3705,3706,test,train,PHOMOPSIS_LEAF_SPOT,PHOMOPSIS_LEAF_SPOT,29,True,True
DLD_FinalDataset_224_spit/train/PHOMOPSIS_LEAF_SPOT/to_label_3706.jpg,DLD_FinalDataset_224_spit/val/PHOMOPSIS_LEAF_SPOT/to_label_3707.jpg,3706,3707,train,val,PHOMOPSIS_LEAF_SPOT,PHOMOPSIS_LEAF_SPOT,28,True,True
DLD_FinalDataset_224_spit/val/PHOMOPSIS_LEAF_SPOT/to_label_3707.jpg,DLD_FinalDataset_224_spit/train/PHOMOPSIS_LEAF_SPOT/to_label_3708.jpg,3707,3708,val,train,PHOMOPSIS_LEAF_SPOT,PHOMOPSIS_LEAF_SPOT,30,True,True
DLD_FinalDataset_224_spit/train/PHOMOPSIS_LEAF_SPOT/to_label_3708.jpg,DLD_FinalDataset_224_spit/test/PHOMOPSIS_LEAF_SPOT/to_label_3709.jpg,3708,3709,train,test,PHOMOPSIS_LEAF_SPOT,PHOMOPSIS_LEAF_SPOT,34,True,True
DLD_FinalDataset_224_spit/test/PHOMOPSIS_LEAF_SPOT/to_label_3709.jpg,DLD_FinalDataset_224_spit/train/PHOMOPSIS_LEAF_SPOT/to_label_3710.jpg,3709,3710,test,train,PHOMOPSIS_LEAF_SPOT,PHOMOPSIS_LEAF_SPOT,28,True,True
DLD_FinalDataset_224_spit/train/PHOMOPSIS_LEAF_SPOT/to_label_3710.jpg,DLD_FinalDataset_224_spit/train/PHOMOPSIS_LEAF_SPOT/to_label_3711.jpg,3710,3711,train,train,PHOMOPSIS_LEAF_SPOT,PHOMOPSIS_LEAF_SPOT,32,True,False
DLD_FinalDataset_224_spit/train/PHOMOPSIS_LEAF_SPOT/to_label_3711.jpg,DLD_FinalDataset_224_spit/train/PHOMOPSIS_LEAF_SPOT/to_label_3712.jpg,3711,3712,train,train,PHOMOPSIS_LEAF_SPOT,PHOMOPSIS_LEAF_SPOT,40,True,False
DLD_FinalDataset_224_spit/train/PHOMOPSIS_LEAF_SPOT/to_label_3712.jpg,DLD_FinalDataset_224_spit/train/PHOMOPSIS_LEAF_SPOT/to_label_3713.jpg,3712,3713,train,train,PHOMOPSIS_LEAF_SPOT,PHOMOPSIS_LEAF_SPOT,33,True,False
DLD_FinalDataset_224_spit/train/PHOMOPSIS_LEAF_SPOT/to_label_3713.jpg,DLD_FinalDataset_224_spit/train/PHOMOPSIS_LEAF_SPOT/to_label_3714.jpg,3713,3714,train,train,PHOMOPSIS_LEAF_SPOT,PHOMOPSIS_LEAF_SPOT,27,True,False
DLD_FinalDataset_224_spit/train/PHOMOPSIS_LEAF_SPOT/to_label_3714.jpg,DLD_FinalDataset_224_spit/train/PHOMOPSIS_LEAF_SPOT/to_label_3715.jpg,3714,3715,train,train,PHOMOPSIS_LEAF_SPOT,PHOMOPSIS_LEAF_SPOT,33,True,False
DLD_FinalDataset_224_spit/train/PHOMOPSIS_LEAF_SPOT/to_label_3715.jpg,DLD_FinalDataset_224_spit/train/PHOMOPSIS_LEAF_SPOT/to_label_3716.jpg,3715,3716,train,train,PHOMOPSIS_LEAF_SPOT,PHOMOPSIS_LEAF_SPOT,32,True,False
DLD_FinalDataset_224_spit/train/PHOMOPSIS_LEAF_SPOT/to_label_3716.jpg,DLD_FinalDataset_224_spit/train/PHOMOPSIS_LEAF_SPOT/to_label_3717.jpg,3716,3717,train,train,PHOMOPSIS_LEAF_SPOT,PHOMOPSIS_LEAF_SPOT,36,True,False
DLD_FinalDataset_224_spit/train/PHOMOPSIS_LEAF_SPOT/to_label_3717.jpg,DLD_FinalDataset_224_spit/train/PHOMOPSIS_LEAF_SPOT/to_label_3718.jpg,3717,3718,train,train,PHOMOPSIS_LEAF_SPOT,PHOMOPSIS_LEAF_SPOT,34,True,False
DLD_FinalDataset_224_spit/train/PHOMOPSIS_LEAF_SPOT/to_label_3718.jpg,DLD_FinalDataset_224_spit/test/PHOMOPSIS_LEAF_SPOT/to_label_3719.jpg,3718,3719,train,test,PHOMOPSIS_LEAF_SPOT,PHOMOPSIS_LEAF_SPOT,25,True,True
DLD_FinalDataset_224_spit/test/PHOMOPSIS_LEAF_SPOT/to_label_3719.jpg,DLD_FinalDataset_224_spit/test/PHOMOPSIS_LEAF_SPOT/to_label_3720.jpg,3719,3720,test,test,PHOMOPSIS_LEAF_SPOT,PHOMOPSIS_LEAF_SPOT,33,True,False
DLD_FinalDataset_224_spit/test/PHOMOPSIS_LEAF_SPOT/to_label_3720.jpg,DLD_FinalDataset_224_spit/train/PHOMOPSIS_LEAF_SPOT/to_label_3721.jpg,3720,3721,test,train,PHOMOPSIS_LEAF_SPOT,PHOMOPSIS_LEAF_SPOT,28,True,True
DLD_FinalDataset_224_spit/train/PHOMOPSIS_LEAF_SPOT/to_label_3721.jpg,DLD_FinalDataset_224_spit/train/PHOMOPSIS_LEAF_SPOT/to_label_3722.jpg,3721,3722,train,train,PHOMOPSIS_LEAF_SPOT,PHOMOPSIS_LEAF_SPOT,33,True,False
DLD_FinalDataset_224_spit/train/PHOMOPSIS_LEAF_SPOT/to_label_3722.jpg,DLD_FinalDataset_224_spit/train/PHOMOPSIS_LEAF_SPOT/to_label_3723.jpg,3722,3723,train,train,PHOMOPSIS_LEAF_SPOT,PHOMOPSIS_LEAF_SPOT,36,True,False
DLD_FinalDataset_224_spit/train/PHOMOPSIS_LEAF_SPOT/to_label_3723.jpg,DLD_FinalDataset_224_spit/test/PHOMOPSIS_LEAF_SPOT/to_label_3724.jpg,3723,3724,train,test,PHOMOPSIS_LEAF_SPOT,PHOMOPSIS_LEAF_SPOT,34,True,True
DLD_FinalDataset_224_spit/test/PHOMOPSIS_LEAF_SPOT/to_label_3724.jpg,DLD_FinalDataset_224_spit/train/PHOMOPSIS_LEAF_SPOT/to_label_3725.jpg,3724,3725,test,train,PHOMOPSIS_LEAF_SPOT,PHOMOPSIS_LEAF_SPOT,32,True,True
DLD_FinalDataset_224_spit/train/PHOMOPSIS_LEAF_SPOT/to_label_3725.jpg,DLD_FinalDataset_224_spit/train/PHOMOPSIS_LEAF_SPOT/to_label_3726.jpg,3725,3726,train,train,PHOMOPSIS_LEAF_SPOT,PHOMOPSIS_LEAF_SPOT,26,True,False
DLD_FinalDataset_224_spit/train/PHOMOPSIS_LEAF_SPOT/to_label_3726.jpg,DLD_FinalDataset_224_spit/train/PHOMOPSIS_LEAF_SPOT/to_label_3727.jpg,3726,3727,train,train,PHOMOPSIS_LEAF_SPOT,PHOMOPSIS_LEAF_SPOT,25,True,False
DLD_FinalDataset_224_spit/train/PHOMOPSIS_LEAF_SPOT/to_label_3727.jpg,DLD_FinalDataset_224_spit/train/PHOMOPSIS_LEAF_SPOT/to_label_3728.jpg,3727,3728,train,train,PHOMOPSIS_LEAF_SPOT,PHOMOPSIS_LEAF_SPOT,25,True,False
DLD_FinalDataset_224_spit/train/PHOMOPSIS_LEAF_SPOT/to_label_3728.jpg,DLD_FinalDataset_224_spit/train/PHOMOPSIS_LEAF_SPOT/to_label_3729.jpg,3728,3729,train,train,PHOMOPSIS_LEAF_SPOT,PHOMOPSIS_LEAF_SPOT,29,True,False
DLD_FinalDataset_224_spit/train/PHOMOPSIS_LEAF_SPOT/to_label_3729.jpg,DLD_FinalDataset_224_spit/train/PHOMOPSIS_LEAF_SPOT/to_label_3730.jpg,3729,3730,train,train,PHOMOPSIS_LEAF_SPOT,PHOMOPSIS_LEAF_SPOT,29,True,False
DLD_FinalDataset_224_spit/train/PHOMOPSIS_LEAF_SPOT/to_label_3730.jpg,DLD_FinalDataset_224_spit/train/PHOMOPSIS_LEAF_SPOT/to_label_3731.jpg,3730,3731,train,train,PHOMOPSIS_LEAF_SPOT,PHOMOPSIS_LEAF_SPOT,34,True,False
DLD_FinalDataset_224_spit/train/PHOMOPSIS_LEAF_SPOT/to_label_3731.jpg,DLD_FinalDataset_224_spit/test/PHOMOPSIS_LEAF_SPOT/to_label_3732.jpg,3731,3732,train,test,PHOMOPSIS_LEAF_SPOT,PHOMOPSIS_LEAF_SPOT,27,True,True
DLD_FinalDataset_224_spit/test/PHOMOPSIS_LEAF_SPOT/to_label_3732.jpg,DLD_FinalDataset_224_spit/test/PHOMOPSIS_LEAF_SPOT/to_label_3733.jpg,3732,3733,test,test,PHOMOPSIS_LEAF_SPOT,PHOMOPSIS_LEAF_SPOT,34,True,False
DLD_FinalDataset_224_spit/test/PHOMOPSIS_LEAF_SPOT/to_label_3733.jpg,DLD_FinalDataset_224_spit/train/PHOMOPSIS_LEAF_SPOT/to_label_3734.jpg,3733,3734,test,train,PHOMOPSIS_LEAF_SPOT,PHOMOPSIS_LEAF_SPOT,36,True,True
DLD_FinalDataset_224_spit/train/PHOMOPSIS_LEAF_SPOT/to_label_3734.jpg,DLD_FinalDataset_224_spit/train/PHOMOPSIS_LEAF_SPOT/to_label_3735.jpg,3734,3735,train,train,PHOMOPSIS_LEAF_SPOT,PHOMOPSIS_LEAF_SPOT,36,True,False
DLD_FinalDataset_224_spit/train/PHOMOPSIS_LEAF_SPOT/to_label_3735.jpg,DLD_FinalDataset_224_spit/train/PHOMOPSIS_LEAF_SPOT/to_label_3736.jpg,3735,3736,train,train,PHOMOPSIS_LEAF_SPOT,PHOMOPSIS_LEAF_SPOT,34,True,False
DLD_FinalDataset_224_spit/train/PHOMOPSIS_LEAF_SPOT/to_label_3736.jpg,DLD_FinalDataset_224_spit/train/PHOMOPSIS_LEAF_SPOT/to_label_3737.jpg,3736,3737,train,train,PHOMOPSIS_LEAF_SPOT,PHOMOPSIS_LEAF_SPOT,32,True,False
DLD_FinalDataset_224_spit/train/PHOMOPSIS_LEAF_SPOT/to_label_3737.jpg,DLD_FinalDataset_224_spit/train/PHOMOPSIS_LEAF_SPOT/to_label_3738.jpg,3737,3738,train,train,PHOMOPSIS_LEAF_SPOT,PHOMOPSIS_LEAF_SPOT,26,True,False
DLD_FinalDataset_224_spit/train/PHOMOPSIS_LEAF_SPOT/to_label_3738.jpg,DLD_FinalDataset_224_spit/train/PHOMOPSIS_LEAF_SPOT/to_label_3739.jpg,3738,3739,train,train,PHOMOPSIS_LEAF_SPOT,PHOMOPSIS_LEAF_SPOT,28,True,False
DLD_FinalDataset_224_spit/train/PHOMOPSIS_LEAF_SPOT/to_label_3739.jpg,DLD_FinalDataset_224_spit/train/PHOMOPSIS_LEAF_SPOT/to_label_3740.jpg,3739,3740,train,train,PHOMOPSIS_LEAF_SPOT,PHOMOPSIS_LEAF_SPOT,37,True,False
DLD_FinalDataset_224_spit/train/PHOMOPSIS_LEAF_SPOT/to_label_3740.jpg,DLD_FinalDataset_224_spit/val/PHOMOPSIS_LEAF_SPOT/to_label_3741.jpg,3740,3741,train,val,PHOMOPSIS_LEAF_SPOT,PHOMOPSIS_LEAF_SPOT,36,True,True
DLD_FinalDataset_224_spit/val/PHOMOPSIS_LEAF_SPOT/to_label_3741.jpg,DLD_FinalDataset_224_spit/train/PHOMOPSIS_LEAF_SPOT/to_label_3742.jpg,3741,3742,val,train,PHOMOPSIS_LEAF_SPOT,PHOMOPSIS_LEAF_SPOT,41,True,True
DLD_FinalDataset_224_spit/train/PHOMOPSIS_LEAF_SPOT/to_label_3742.jpg,DLD_FinalDataset_224_spit/test/PHOMOPSIS_LEAF_SPOT/to_label_3743.jpg,3742,3743,train,test,PHOMOPSIS_LEAF_SPOT,PHOMOPSIS_LEAF_SPOT,32,True,True
DLD_FinalDataset_224_spit/test/PHOMOPSIS_LEAF_SPOT/to_label_3743.jpg,DLD_FinalDataset_224_spit/train/PHOMOPSIS_LEAF_SPOT/to_label_3744.jpg,3743,3744,test,train,PHOMOPSIS_LEAF_SPOT,PHOMOPSIS_LEAF_SPOT,33,True,True
DLD_FinalDataset_224_spit/train/PHOMOPSIS_LEAF_SPOT/to_label_3744.jpg,DLD_FinalDataset_224_spit/train/PHOMOPSIS_LEAF_SPOT/to_label_3745.jpg,3744,3745,train,train,PHOMOPSIS_LEAF_SPOT,PHOMOPSIS_LEAF_SPOT,32,True,False
DLD_FinalDataset_224_spit/train/PHOMOPSIS_LEAF_SPOT/to_label_3745.jpg,DLD_FinalDataset_224_spit/train/PHOMOPSIS_LEAF_SPOT/to_label_3746.jpg,3745,3746,train,train,PHOMOPSIS_LEAF_SPOT,PHOMOPSIS_LEAF_SPOT,31,True,False
DLD_FinalDataset_224_spit/train/PHOMOPSIS_LEAF_SPOT/to_label_3746.jpg,DLD_FinalDataset_224_spit/train/PHOMOPSIS_LEAF_SPOT/to_label_3747.jpg,3746,3747,train,train,PHOMOPSIS_LEAF_SPOT,PHOMOPSIS_LEAF_SPOT,36,True,False
DLD_FinalDataset_224_spit/train/PHOMOPSIS_LEAF_SPOT/to_label_3747.jpg,DLD_FinalDataset_224_spit/train/PHOMOPSIS_LEAF_SPOT/to_label_3748.jpg,3747,3748,train,train,PHOMOPSIS_LEAF_SPOT,PHOMOPSIS_LEAF_SPOT,34,True,False
DLD_FinalDataset_224_spit/train/PHOMOPSIS_LEAF_SPOT/to_label_3748.jpg,DLD_FinalDataset_224_spit/train/PHOMOPSIS_LEAF_SPOT/to_label_3749.jpg,3748,3749,train,train,PHOMOPSIS_LEAF_SPOT,PHOMOPSIS_LEAF_SPOT,25,True,False
DLD_FinalDataset_224_spit/train/PHOMOPSIS_LEAF_SPOT/to_label_3749.jpg,DLD_FinalDataset_224_spit/train/PHOMOPSIS_LEAF_SPOT/to_label_3750.jpg,3749,3750,train,train,PHOMOPSIS_LEAF_SPOT,PHOMOPSIS_LEAF_SPOT,29,True,False
DLD_FinalDataset_224_spit/train/PHOMOPSIS_LEAF_SPOT/to_label_3750.jpg,DLD_FinalDataset_224_spit/train/PHOMOPSIS_LEAF_SPOT/to_label_3751.jpg,3750,3751,train,train,PHOMOPSIS_LEAF_SPOT,PHOMOPSIS_LEAF_SPOT,36,True,False
DLD_FinalDataset_224_spit/train/PHOMOPSIS_LEAF_SPOT/to_label_3751.jpg,DLD_FinalDataset_224_spit/train/PHOMOPSIS_LEAF_SPOT/to_label_3752.jpg,3751,3752,train,train,PHOMOPSIS_LEAF_SPOT,PHOMOPSIS_LEAF_SPOT,31,True,False
DLD_FinalDataset_224_spit/train/PHOMOPSIS_LEAF_SPOT/to_label_3752.jpg,DLD_FinalDataset_224_spit/train/PHOMOPSIS_LEAF_SPOT/to_label_3753.jpg,3752,3753,train,train,PHOMOPSIS_LEAF_SPOT,PHOMOPSIS_LEAF_SPOT,32,True,False
DLD_FinalDataset_224_spit/train/PHOMOPSIS_LEAF_SPOT/to_label_3753.jpg,DLD_FinalDataset_224_spit/train/PHOMOPSIS_LEAF_SPOT/to_label_3754.jpg,3753,3754,train,train,PHOMOPSIS_LEAF_SPOT,PHOMOPSIS_LEAF_SPOT,23,True,False
DLD_FinalDataset_224_spit/train/PHOMOPSIS_LEAF_SPOT/to_label_3754.jpg,DLD_FinalDataset_224_spit/train/PHOMOPSIS_LEAF_SPOT/to_label_3755.jpg,3754,3755,train,train,PHOMOPSIS_LEAF_SPOT,PHOMOPSIS_LEAF_SPOT,28,True,False
DLD_FinalDataset_224_spit/train/PHOMOPSIS_LEAF_SPOT/to_label_3755.jpg,DLD_FinalDataset_224_spit/test/PHOMOPSIS_LEAF_SPOT/to_label_3756.jpg,3755,3756,train,test,PHOMOPSIS_LEAF_SPOT,PHOMOPSIS_LEAF_SPOT,32,True,True
DLD_FinalDataset_224_spit/test/PHOMOPSIS_LEAF_SPOT/to_label_3756.jpg,DLD_FinalDataset_224_spit/train/PHOMOPSIS_LEAF_SPOT/to_label_3757.jpg,3756,3757,test,train,PHOMOPSIS_LEAF_SPOT,PHOMOPSIS_LEAF_SPOT,36,True,True
DLD_FinalDataset_224_spit/train/PHOMOPSIS_LEAF_SPOT/to_label_3757.jpg,DLD_FinalDataset_224_spit/train/PHOMOPSIS_LEAF_SPOT/to_label_3758.jpg,3757,3758,train,train,PHOMOPSIS_LEAF_SPOT,PHOMOPSIS_LEAF_SPOT,30,True,False
DLD_FinalDataset_224_spit/train/PHOMOPSIS_LEAF_SPOT/to_label_3758.jpg,DLD_FinalDataset_224_spit/val/PHOMOPSIS_LEAF_SPOT/to_label_3759.jpg,3758,3759,train,val,PHOMOPSIS_LEAF_SPOT,PHOMOPSIS_LEAF_SPOT,28,True,True
DLD_FinalDataset_224_spit/val/PHOMOPSIS_LEAF_SPOT/to_label_3759.jpg,DLD_FinalDataset_224_spit/test/PHOMOPSIS_LEAF_SPOT/to_label_3760.jpg,3759,3760,val,test,PHOMOPSIS_LEAF_SPOT,PHOMOPSIS_LEAF_SPOT,31,True,True
DLD_FinalDataset_224_spit/test/PHOMOPSIS_LEAF_SPOT/to_label_3760.jpg,DLD_FinalDataset_224_spit/train/PHOMOPSIS_LEAF_SPOT/to_label_3761.jpg,3760,3761,test,train,PHOMOPSIS_LEAF_SPOT,PHOMOPSIS_LEAF_SPOT,35,True,True
DLD_FinalDataset_224_spit/train/PHOMOPSIS_LEAF_SPOT/to_label_3761.jpg,DLD_FinalDataset_224_spit/test/PHOMOPSIS_LEAF_SPOT/to_label_3762.jpg,3761,3762,train,test,PHOMOPSIS_LEAF_SPOT,PHOMOPSIS_LEAF_SPOT,39,True,True
DLD_FinalDataset_224_spit/test/PHOMOPSIS_LEAF_SPOT/to_label_3762.jpg,DLD_FinalDataset_224_spit/train/PHOMOPSIS_LEAF_SPOT/to_label_3763.jpg,3762,3763,test,train,PHOMOPSIS_LEAF_SPOT,PHOMOPSIS_LEAF_SPOT,35,True,True
DLD_FinalDataset_224_spit/train/PHOMOPSIS_LEAF_SPOT/to_label_3763.jpg,DLD_FinalDataset_224_spit/train/PHOMOPSIS_LEAF_SPOT/to_label_3764.jpg,3763,3764,train,train,PHOMOPSIS_LEAF_SPOT,PHOMOPSIS_LEAF_SPOT,27,True,False
DLD_FinalDataset_224_spit/train/PHOMOPSIS_LEAF_SPOT/to_label_3764.jpg,DLD_FinalDataset_224_spit/train/PHOMOPSIS_LEAF_SPOT/to_label_3765.jpg,3764,3765,train,train,PHOMOPSIS_LEAF_SPOT,PHOMOPSIS_LEAF_SPOT,33,True,False
DLD_FinalDataset_224_spit/train/PHOMOPSIS_LEAF_SPOT/to_label_3765.jpg,DLD_FinalDataset_224_spit/train/PHOMOPSIS_LEAF_SPOT/to_label_3766.jpg,3765,3766,train,train,PHOMOPSIS_LEAF_SPOT,PHOMOPSIS_LEAF_SPOT,30,True,False
DLD_FinalDataset_224_spit/train/PHOMOPSIS_LEAF_SPOT/to_label_3766.jpg,DLD_FinalDataset_224_spit/train/PHOMOPSIS_LEAF_SPOT/to_label_3767.jpg,3766,3767,train,train,PHOMOPSIS_LEAF_SPOT,PHOMOPSIS_LEAF_SPOT,24,True,False
DLD_FinalDataset_224_spit/train/PHOMOPSIS_LEAF_SPOT/to_label_3767.jpg,DLD_FinalDataset_224_spit/train/PHOMOPSIS_LEAF_SPOT/to_label_3768.jpg,3767,3768,train,train,PHOMOPSIS_LEAF_SPOT,PHOMOPSIS_LEAF_SPOT,34,True,False
DLD_FinalDataset_224_spit/train/PHOMOPSIS_LEAF_SPOT/to_label_3768.jpg,DLD_FinalDataset_224_spit/train/PHOMOPSIS_LEAF_SPOT/to_label_3769.jpg,3768,3769,train,train,PHOMOPSIS_LEAF_SPOT,PHOMOPSIS_LEAF_SPOT,30,True,False
DLD_FinalDataset_224_spit/train/PHOMOPSIS_LEAF_SPOT/to_label_3769.jpg,DLD_FinalDataset_224_spit/train/PHOMOPSIS_LEAF_SPOT/to_label_3770.jpg,3769,3770,train,train,PHOMOPSIS_LEAF_SPOT,PHOMOPSIS_LEAF_SPOT,29,True,False
DLD_FinalDataset_224_spit/train/PHOMOPSIS_LEAF_SPOT/to_label_3770.jpg,DLD_FinalDataset_224_spit/val/PHOMOPSIS_LEAF_SPOT/to_label_3771.jpg,3770,3771,train,val,PHOMOPSIS_LEAF_SPOT,PHOMOPSIS_LEAF_SPOT,27,True,True
DLD_FinalDataset_224_spit/val/PHOMOPSIS_LEAF_SPOT/to_label_3771.jpg,DLD_FinalDataset_224_spit/train/PHOMOPSIS_LEAF_SPOT/to_label_3772.jpg,3771,3772,val,train,PHOMOPSIS_LEAF_SPOT,PHOMOPSIS_LEAF_SPOT,38,True,True
DLD_FinalDataset_224_spit/train/PHOMOPSIS_LEAF_SPOT/to_label_3772.jpg,DLD_FinalDataset_224_spit/train/PHOMOPSIS_LEAF_SPOT/to_label_3773.jpg,3772,3773,train,train,PHOMOPSIS_LEAF_SPOT,PHOMOPSIS_LEAF_SPOT,30,True,False
DLD_FinalDataset_224_spit/train/PHOMOPSIS_LEAF_SPOT/to_label_3773.jpg,DLD_FinalDataset_224_spit/train/PHOMOPSIS_LEAF_SPOT/to_label_3774.jpg,3773,3774,train,train,PHOMOPSIS_LEAF_SPOT,PHOMOPSIS_LEAF_SPOT,30,True,False
DLD_FinalDataset_224_spit/train/PHOMOPSIS_LEAF_SPOT/to_label_3774.jpg,DLD_FinalDataset_224_spit/train/PHOMOPSIS_LEAF_SPOT/to_label_3775.jpg,3774,3775,train,train,PHOMOPSIS_LEAF_SPOT,PHOMOPSIS_LEAF_SPOT,34,True,False
DLD_FinalDataset_224_spit/train/PHOMOPSIS_LEAF_SPOT/to_label_3775.jpg,DLD_FinalDataset_224_spit/train/PHOMOPSIS_LEAF_SPOT/to_label_3776.jpg,3775,3776,train,train,PHOMOPSIS_LEAF_SPOT,PHOMOPSIS_LEAF_SPOT,34,True,False
DLD_FinalDataset_224_spit/train/PHOMOPSIS_LEAF_SPOT/to_label_3776.jpg,DLD_FinalDataset_224_spit/train/PHOMOPSIS_LEAF_SPOT/to_label_3777.jpg,3776,3777,train,train,PHOMOPSIS_LEAF_SPOT,PHOMOPSIS_LEAF_SPOT,33,True,False
DLD_FinalDataset_224_spit/train/PHOMOPSIS_LEAF_SPOT/to_label_3777.jpg,DLD_FinalDataset_224_spit/test/PHOMOPSIS_LEAF_SPOT/to_label_3778.jpg,3777,3778,train,test,PHOMOPSIS_LEAF_SPOT,PHOMOPSIS_LEAF_SPOT,37,True,True
DLD_FinalDataset_224_spit/test/PHOMOPSIS_LEAF_SPOT/to_label_3778.jpg,DLD_FinalDataset_224_spit/train/PHOMOPSIS_LEAF_SPOT/to_label_3779.jpg,3778,3779,test,train,PHOMOPSIS_LEAF_SPOT,PHOMOPSIS_LEAF_SPOT,28,True,True
DLD_FinalDataset_224_spit/train/PHOMOPSIS_LEAF_SPOT/to_label_3779.jpg,DLD_FinalDataset_224_spit/train/PHOMOPSIS_LEAF_SPOT/to_label_3780.jpg,3779,3780,train,train,PHOMOPSIS_LEAF_SPOT,PHOMOPSIS_LEAF_SPOT,30,True,False
DLD_FinalDataset_224_spit/train/PHOMOPSIS_LEAF_SPOT/to_label_3780.jpg,DLD_FinalDataset_224_spit/test/PHOMOPSIS_LEAF_SPOT/to_label_3781.jpg,3780,3781,train,test,PHOMOPSIS_LEAF_SPOT,PHOMOPSIS_LEAF_SPOT,31,True,True
DLD_FinalDataset_224_spit/test/PHOMOPSIS_LEAF_SPOT/to_label_3781.jpg,DLD_FinalDataset_224_spit/train/PHOMOPSIS_LEAF_SPOT/to_label_3782.jpg,3781,3782,test,train,PHOMOPSIS_LEAF_SPOT,PHOMOPSIS_LEAF_SPOT,30,True,True
DLD_FinalDataset_224_spit/train/PHOMOPSIS_LEAF_SPOT/to_label_3782.jpg,DLD_FinalDataset_224_spit/train/PHOMOPSIS_LEAF_SPOT/to_label_3783.jpg,3782,3783,train,train,PHOMOPSIS_LEAF_SPOT,PHOMOPSIS_LEAF_SPOT,32,True,False
DLD_FinalDataset_224_spit/train/PHOMOPSIS_LEAF_SPOT/to_label_3783.jpg,DLD_FinalDataset_224_spit/train/PHOMOPSIS_LEAF_SPOT/to_label_3784.jpg,3783,3784,train,train,PHOMOPSIS_LEAF_SPOT,PHOMOPSIS_LEAF_SPOT,25,True,False
DLD_FinalDataset_224_spit/train/PHOMOPSIS_LEAF_SPOT/to_label_3784.jpg,DLD_FinalDataset_224_spit/train/PHOMOPSIS_LEAF_SPOT/to_label_3785.jpg,3784,3785,train,train,PHOMOPSIS_LEAF_SPOT,PHOMOPSIS_LEAF_SPOT,35,True,False
DLD_FinalDataset_224_spit/train/PHOMOPSIS_LEAF_SPOT/to_label_3785.jpg,DLD_FinalDataset_224_spit/train/PHOMOPSIS_LEAF_SPOT/to_label_3786.jpg,3785,3786,train,train,PHOMOPSIS_LEAF_SPOT,PHOMOPSIS_LEAF_SPOT,32,True,False
DLD_FinalDataset_224_spit/train/PHOMOPSIS_LEAF_SPOT/to_label_3786.jpg,DLD_FinalDataset_224_spit/train/PHOMOPSIS_LEAF_SPOT/to_label_3787.jpg,3786,3787,train,train,PHOMOPSIS_LEAF_SPOT,PHOMOPSIS_LEAF_SPOT,37,True,False
DLD_FinalDataset_224_spit/train/PHOMOPSIS_LEAF_SPOT/to_label_3787.jpg,DLD_FinalDataset_224_spit/test/PHOMOPSIS_LEAF_SPOT/to_label_3788.jpg,3787,3788,train,test,PHOMOPSIS_LEAF_SPOT,PHOMOPSIS_LEAF_SPOT,32,True,True
DLD_FinalDataset_224_spit/test/PHOMOPSIS_LEAF_SPOT/to_label_3788.jpg,DLD_FinalDataset_224_spit/train/PHOMOPSIS_LEAF_SPOT/to_label_3789.jpg,3788,3789,test,train,PHOMOPSIS_LEAF_SPOT,PHOMOPSIS_LEAF_SPOT,29,True,True
DLD_FinalDataset_224_spit/train/PHOMOPSIS_LEAF_SPOT/to_label_3789.jpg,DLD_FinalDataset_224_spit/train/PHOMOPSIS_LEAF_SPOT/to_label_3790.jpg,3789,3790,train,train,PHOMOPSIS_LEAF_SPOT,PHOMOPSIS_LEAF_SPOT,29,True,False
DLD_FinalDataset_224_spit/train/PHOMOPSIS_LEAF_SPOT/to_label_3790.jpg,DLD_FinalDataset_224_spit/val/PHOMOPSIS_LEAF_SPOT/to_label_3791.jpg,3790,3791,train,val,PHOMOPSIS_LEAF_SPOT,PHOMOPSIS_LEAF_SPOT,42,True,True
DLD_FinalDataset_224_spit/val/PHOMOPSIS_LEAF_SPOT/to_label_3791.jpg,DLD_FinalDataset_224_spit/train/PHOMOPSIS_LEAF_SPOT/to_label_3792.jpg,3791,3792,val,train,PHOMOPSIS_LEAF_SPOT,PHOMOPSIS_LEAF_SPOT,39,True,True
DLD_FinalDataset_224_spit/train/PHOMOPSIS_LEAF_SPOT/to_label_3792.jpg,DLD_FinalDataset_224_spit/train/PHOMOPSIS_LEAF_SPOT/to_label_3793.jpg,3792,3793,train,train,PHOMOPSIS_LEAF_SPOT,PHOMOPSIS_LEAF_SPOT,35,True,False
DLD_FinalDataset_224_spit/train/PHOMOPSIS_LEAF_SPOT/to_label_3793.jpg,DLD_FinalDataset_224_spit/train/PHOMOPSIS_LEAF_SPOT/to_label_3794.jpg,3793,3794,train,train,PHOMOPSIS_LEAF_SPOT,PHOMOPSIS_LEAF_SPOT,22,True,False
DLD_FinalDataset_224_spit/train/PHOMOPSIS_LEAF_SPOT/to_label_3794.jpg,DLD_FinalDataset_224_spit/val/PHOMOPSIS_LEAF_SPOT/to_label_3795.jpg,3794,3795,train,val,PHOMOPSIS_LEAF_SPOT,PHOMOPSIS_LEAF_SPOT,28,True,True
DLD_FinalDataset_224_spit/val/PHOMOPSIS_LEAF_SPOT/to_label_3795.jpg,DLD_FinalDataset_224_spit/train/PHOMOPSIS_LEAF_SPOT/to_label_3796.jpg,3795,3796,val,train,PHOMOPSIS_LEAF_SPOT,PHOMOPSIS_LEAF_SPOT,20,True,True
DLD_FinalDataset_224_spit/train/PHOMOPSIS_LEAF_SPOT/to_label_3796.jpg,DLD_FinalDataset_224_spit/val/PHOMOPSIS_LEAF_SPOT/to_label_3797.jpg,3796,3797,train,val,PHOMOPSIS_LEAF_SPOT,PHOMOPSIS_LEAF_SPOT,33,True,True
DLD_FinalDataset_224_spit/val/PHOMOPSIS_LEAF_SPOT/to_label_3797.jpg,DLD_FinalDataset_224_spit/train/PHOMOPSIS_LEAF_SPOT/to_label_3798.jpg,3797,3798,val,train,PHOMOPSIS_LEAF_SPOT,PHOMOPSIS_LEAF_SPOT,26,True,True
DLD_FinalDataset_224_spit/train/PHOMOPSIS_LEAF_SPOT/to_label_3798.jpg,DLD_FinalDataset_224_spit/train/PHOMOPSIS_LEAF_SPOT/to_label_3799.jpg,3798,3799,train,train,PHOMOPSIS_LEAF_SPOT,PHOMOPSIS_LEAF_SPOT,35,True,False
DLD_FinalDataset_224_spit/train/PHOMOPSIS_LEAF_SPOT/to_label_3799.jpg,DLD_FinalDataset_224_spit/train/PHOMOPSIS_LEAF_SPOT/to_label_3800.jpg,3799,3800,train,train,PHOMOPSIS_LEAF_SPOT,PHOMOPSIS_LEAF_SPOT,31,True,False
DLD_FinalDataset_224_spit/train/PHOMOPSIS_LEAF_SPOT/to_label_3800.jpg,DLD_FinalDataset_224_spit/train/PHOMOPSIS_LEAF_SPOT/to_label_3801.jpg,3800,3801,train,train,PHOMOPSIS_LEAF_SPOT,PHOMOPSIS_LEAF_SPOT,34,True,False
DLD_FinalDataset_224_spit/train/PHOMOPSIS_LEAF_SPOT/to_label_3801.jpg,DLD_FinalDataset_224_spit/train/PHOMOPSIS_LEAF_SPOT/to_label_3802.jpg,3801,3802,train,train,PHOMOPSIS_LEAF_SPOT,PHOMOPSIS_LEAF_SPOT,33,True,False
DLD_FinalDataset_224_spit/train/PHOMOPSIS_LEAF_SPOT/to_label_3802.jpg,DLD_FinalDataset_224_spit/train/PHOMOPSIS_LEAF_SPOT/to_label_3803.jpg,3802,3803,train,train,PHOMOPSIS_LEAF_SPOT,PHOMOPSIS_LEAF_SPOT,25,True,False
DLD_FinalDataset_224_spit/train/PHOMOPSIS_LEAF_SPOT/to_label_3803.jpg,DLD_FinalDataset_224_spit/train/PHOMOPSIS_LEAF_SPOT/to_label_3804.jpg,3803,3804,train,train,PHOMOPSIS_LEAF_SPOT,PHOMOPSIS_LEAF_SPOT,34,True,False
DLD_FinalDataset_224_spit/train/PHOMOPSIS_LEAF_SPOT/to_label_3804.jpg,DLD_FinalDataset_224_spit/train/PHOMOPSIS_LEAF_SPOT/to_label_3805.jpg,3804,3805,train,train,PHOMOPSIS_LEAF_SPOT,PHOMOPSIS_LEAF_SPOT,28,True,False
DLD_FinalDataset_224_spit/train/PHOMOPSIS_LEAF_SPOT/to_label_3805.jpg,DLD_FinalDataset_224_spit/train/PHOMOPSIS_LEAF_SPOT/to_label_3806.jpg,3805,3806,train,train,PHOMOPSIS_LEAF_SPOT,PHOMOPSIS_LEAF_SPOT,24,True,False
DLD_FinalDataset_224_spit/train/PHOMOPSIS_LEAF_SPOT/to_label_3806.jpg,DLD_FinalDataset_224_spit/train/PHOMOPSIS_LEAF_SPOT/to_label_3807.jpg,3806,3807,train,train,PHOMOPSIS_LEAF_SPOT,PHOMOPSIS_LEAF_SPOT,30,True,False
DLD_FinalDataset_224_spit/train/PHOMOPSIS_LEAF_SPOT/to_label_3807.jpg,DLD_FinalDataset_224_spit/train/PHOMOPSIS_LEAF_SPOT/to_label_3808.jpg,3807,3808,train,train,PHOMOPSIS_LEAF_SPOT,PHOMOPSIS_LEAF_SPOT,27,True,False
DLD_FinalDataset_224_spit/train/PHOMOPSIS_LEAF_SPOT/to_label_3808.jpg,DLD_FinalDataset_224_spit/train/PHOMOPSIS_LEAF_SPOT/to_label_3809.jpg,3808,3809,train,train,PHOMOPSIS_LEAF_SPOT,PHOMOPSIS_LEAF_SPOT,30,True,False
DLD_FinalDataset_224_spit/train/PHOMOPSIS_LEAF_SPOT/to_label_3809.jpg,DLD_FinalDataset_224_spit/train/PHOMOPSIS_LEAF_SPOT/to_label_3810.jpg,3809,3810,train,train,PHOMOPSIS_LEAF_SPOT,PHOMOPSIS_LEAF_SPOT,39,True,False
DLD_FinalDataset_224_spit/train/PHOMOPSIS_LEAF_SPOT/to_label_3810.jpg,DLD_FinalDataset_224_spit/train/PHOMOPSIS_LEAF_SPOT/to_label_3811.jpg,3810,3811,train,train,PHOMOPSIS_LEAF_SPOT,PHOMOPSIS_LEAF_SPOT,42,True,False
DLD_FinalDataset_224_spit/train/PHOMOPSIS_LEAF_SPOT/to_label_3811.jpg,DLD_FinalDataset_224_spit/train/PHOMOPSIS_LEAF_SPOT/to_label_3812.jpg,3811,3812,train,train,PHOMOPSIS_LEAF_SPOT,PHOMOPSIS_LEAF_SPOT,31,True,False
DLD_FinalDataset_224_spit/train/PHOMOPSIS_LEAF_SPOT/to_label_3812.jpg,DLD_FinalDataset_224_spit/train/PHOMOPSIS_LEAF_SPOT/to_label_3813.jpg,3812,3813,train,train,PHOMOPSIS_LEAF_SPOT,PHOMOPSIS_LEAF_SPOT,30,True,False
DLD_FinalDataset_224_spit/train/PHOMOPSIS_LEAF_SPOT/to_label_3813.jpg,DLD_FinalDataset_224_spit/train/PHOMOPSIS_LEAF_SPOT/to_label_3814.jpg,3813,3814,train,train,PHOMOPSIS_LEAF_SPOT,PHOMOPSIS_LEAF_SPOT,36,True,False
DLD_FinalDataset_224_spit/train/PHOMOPSIS_LEAF_SPOT/to_label_3814.jpg,DLD_FinalDataset_224_spit/test/PHOMOPSIS_LEAF_SPOT/to_label_3815.jpg,3814,3815,train,test,PHOMOPSIS_LEAF_SPOT,PHOMOPSIS_LEAF_SPOT,25,True,True
DLD_FinalDataset_224_spit/test/PHOMOPSIS_LEAF_SPOT/to_label_3815.jpg,DLD_FinalDataset_224_spit/train/PHOMOPSIS_LEAF_SPOT/to_label_3816.jpg,3815,3816,test,train,PHOMOPSIS_LEAF_SPOT,PHOMOPSIS_LEAF_SPOT,35,True,True
DLD_FinalDataset_224_spit/train/PHOMOPSIS_LEAF_SPOT/to_label_3816.jpg,DLD_FinalDataset_224_spit/train/PHOMOPSIS_LEAF_SPOT/to_label_3817.jpg,3816,3817,train,train,PHOMOPSIS_LEAF_SPOT,PHOMOPSIS_LEAF_SPOT,30,True,False
DLD_FinalDataset_224_spit/train/PHOMOPSIS_LEAF_SPOT/to_label_3817.jpg,DLD_FinalDataset_224_spit/train/PHOMOPSIS_LEAF_SPOT/to_label_3818.jpg,3817,3818,train,train,PHOMOPSIS_LEAF_SPOT,PHOMOPSIS_LEAF_SPOT,30,True,False
DLD_FinalDataset_224_spit/train/PHOMOPSIS_LEAF_SPOT/to_label_3818.jpg,DLD_FinalDataset_224_spit/val/PHOMOPSIS_LEAF_SPOT/to_label_3819.jpg,3818,3819,train,val,PHOMOPSIS_LEAF_SPOT,PHOMOPSIS_LEAF_SPOT,31,True,True
DLD_FinalDataset_224_spit/val/PHOMOPSIS_LEAF_SPOT/to_label_3819.jpg,DLD_FinalDataset_224_spit/train/PHOMOPSIS_LEAF_SPOT/to_label_3820.jpg,3819,3820,val,train,PHOMOPSIS_LEAF_SPOT,PHOMOPSIS_LEAF_SPOT,27,True,True
DLD_FinalDataset_224_spit/train/PHOMOPSIS_LEAF_SPOT/to_label_3820.jpg,DLD_FinalDataset_224_spit/val/PHOMOPSIS_LEAF_SPOT/to_label_3821.jpg,3820,3821,train,val,PHOMOPSIS_LEAF_SPOT,PHOMOPSIS_LEAF_SPOT,29,True,True
DLD_FinalDataset_224_spit/val/PHOMOPSIS_LEAF_SPOT/to_label_3821.jpg,DLD_FinalDataset_224_spit/test/PHOMOPSIS_LEAF_SPOT/to_label_3822.jpg,3821,3822,val,test,PHOMOPSIS_LEAF_SPOT,PHOMOPSIS_LEAF_SPOT,25,True,True
DLD_FinalDataset_224_spit/test/PHOMOPSIS_LEAF_SPOT/to_label_3822.jpg,DLD_FinalDataset_224_spit/train/PHOMOPSIS_LEAF_SPOT/to_label_3823.jpg,3822,3823,test,train,PHOMOPSIS_LEAF_SPOT,PHOMOPSIS_LEAF_SPOT,38,True,True
DLD_FinalDataset_224_spit/train/PHOMOPSIS_LEAF_SPOT/to_label_3823.jpg,DLD_FinalDataset_224_spit/train/PHOMOPSIS_LEAF_SPOT/to_label_3824.jpg,3823,3824,train,train,PHOMOPSIS_LEAF_SPOT,PHOMOPSIS_LEAF_SPOT,22,True,False
DLD_FinalDataset_224_spit/train/PHOMOPSIS_LEAF_SPOT/to_label_3824.jpg,DLD_FinalDataset_224_spit/train/PHOMOPSIS_LEAF_SPOT/to_label_3825.jpg,3824,3825,train,train,PHOMOPSIS_LEAF_SPOT,PHOMOPSIS_LEAF_SPOT,26,True,False
DLD_FinalDataset_224_spit/train/PHOMOPSIS_LEAF_SPOT/to_label_3825.jpg,DLD_FinalDataset_224_spit/train/PHOMOPSIS_LEAF_SPOT/to_label_3826.jpg,3825,3826,train,train,PHOMOPSIS_LEAF_SPOT,PHOMOPSIS_LEAF_SPOT,33,True,False
DLD_FinalDataset_224_spit/train/PHOMOPSIS_LEAF_SPOT/to_label_3826.jpg,DLD_FinalDataset_224_spit/test/PHOMOPSIS_LEAF_SPOT/to_label_3827.jpg,3826,3827,train,test,PHOMOPSIS_LEAF_SPOT,PHOMOPSIS_LEAF_SPOT,30,True,True
DLD_FinalDataset_224_spit/test/PHOMOPSIS_LEAF_SPOT/to_label_3827.jpg,DLD_FinalDataset_224_spit/train/PHOMOPSIS_LEAF_SPOT/to_label_3828.jpg,3827,3828,test,train,PHOMOPSIS_LEAF_SPOT,PHOMOPSIS_LEAF_SPOT,27,True,True
DLD_FinalDataset_224_spit/train/PHOMOPSIS_LEAF_SPOT/to_label_3828.jpg,DLD_FinalDataset_224_spit/train/PHOMOPSIS_LEAF_SPOT/to_label_3829.jpg,3828,3829,train,train,PHOMOPSIS_LEAF_SPOT,PHOMOPSIS_LEAF_SPOT,28,True,False
DLD_FinalDataset_224_spit/train/PHOMOPSIS_LEAF_SPOT/to_label_3829.jpg,DLD_FinalDataset_224_spit/train/PHOMOPSIS_LEAF_SPOT/to_label_3830.jpg,3829,3830,train,train,PHOMOPSIS_LEAF_SPOT,PHOMOPSIS_LEAF_SPOT,28,True,False
DLD_FinalDataset_224_spit/train/PHOMOPSIS_LEAF_SPOT/to_label_3830.jpg,DLD_FinalDataset_224_spit/test/PHOMOPSIS_LEAF_SPOT/to_label_3831.jpg,3830,3831,train,test,PHOMOPSIS_LEAF_SPOT,PHOMOPSIS_LEAF_SPOT,29,True,True
DLD_FinalDataset_224_spit/test/PHOMOPSIS_LEAF_SPOT/to_label_3831.jpg,DLD_FinalDataset_224_spit/test/PHOMOPSIS_LEAF_SPOT/to_label_3832.jpg,3831,3832,test,test,PHOMOPSIS_LEAF_SPOT,PHOMOPSIS_LEAF_SPOT,28,True,False
DLD_FinalDataset_224_spit/test/PHOMOPSIS_LEAF_SPOT/to_label_3832.jpg,DLD_FinalDataset_224_spit/test/PHOMOPSIS_LEAF_SPOT/to_label_3833.jpg,3832,3833,test,test,PHOMOPSIS_LEAF_SPOT,PHOMOPSIS_LEAF_SPOT,34,True,False
DLD_FinalDataset_224_spit/test/PHOMOPSIS_LEAF_SPOT/to_label_3833.jpg,DLD_FinalDataset_224_spit/test/PHOMOPSIS_LEAF_SPOT/to_label_3834.jpg,3833,3834,test,test,PHOMOPSIS_LEAF_SPOT,PHOMOPSIS_LEAF_SPOT,36,True,False
DLD_FinalDataset_224_spit/test/PHOMOPSIS_LEAF_SPOT/to_label_3834.jpg,DLD_FinalDataset_224_spit/val/PHOMOPSIS_LEAF_SPOT/to_label_3835.jpg,3834,3835,test,val,PHOMOPSIS_LEAF_SPOT,PHOMOPSIS_LEAF_SPOT,28,True,True
DLD_FinalDataset_224_spit/val/PHOMOPSIS_LEAF_SPOT/to_label_3835.jpg,DLD_FinalDataset_224_spit/val/PHOMOPSIS_LEAF_SPOT/to_label_3836.jpg,3835,3836,val,val,PHOMOPSIS_LEAF_SPOT,PHOMOPSIS_LEAF_SPOT,30,True,False
DLD_FinalDataset_224_spit/val/PHOMOPSIS_LEAF_SPOT/to_label_3836.jpg,DLD_FinalDataset_224_spit/train/PHOMOPSIS_LEAF_SPOT/to_label_3837.jpg,3836,3837,val,train,PHOMOPSIS_LEAF_SPOT,PHOMOPSIS_LEAF_SPOT,32,True,True
DLD_FinalDataset_224_spit/train/PHOMOPSIS_LEAF_SPOT/to_label_3837.jpg,DLD_FinalDataset_224_spit/test/PHOMOPSIS_LEAF_SPOT/to_label_3838.jpg,3837,3838,train,test,PHOMOPSIS_LEAF_SPOT,PHOMOPSIS_LEAF_SPOT,30,True,True
DLD_FinalDataset_224_spit/test/PHOMOPSIS_LEAF_SPOT/to_label_3838.jpg,DLD_FinalDataset_224_spit/train/PHOMOPSIS_LEAF_SPOT/to_label_3839.jpg,3838,3839,test,train,PHOMOPSIS_LEAF_SPOT,PHOMOPSIS_LEAF_SPOT,28,True,True
DLD_FinalDataset_224_spit/train/PHOMOPSIS_LEAF_SPOT/to_label_3839.jpg,DLD_FinalDataset_224_spit/train/PHOMOPSIS_LEAF_SPOT/to_label_3840.jpg,3839,3840,train,train,PHOMOPSIS_LEAF_SPOT,PHOMOPSIS_LEAF_SPOT,29,True,False
DLD_FinalDataset_224_spit/train/PHOMOPSIS_LEAF_SPOT/to_label_3840.jpg,DLD_FinalDataset_224_spit/val/PHOMOPSIS_LEAF_SPOT/to_label_3841.jpg,3840,3841,train,val,PHOMOPSIS_LEAF_SPOT,PHOMOPSIS_LEAF_SPOT,29,True,True
DLD_FinalDataset_224_spit/val/PHOMOPSIS_LEAF_SPOT/to_label_3841.jpg,DLD_FinalDataset_224_spit/train/PHOMOPSIS_LEAF_SPOT/to_label_3842.jpg,3841,3842,val,train,PHOMOPSIS_LEAF_SPOT,PHOMOPSIS_LEAF_SPOT,33,True,True
DLD_FinalDataset_224_spit/train/PHOMOPSIS_LEAF_SPOT/to_label_3842.jpg,DLD_FinalDataset_224_spit/train/PHOMOPSIS_LEAF_SPOT/to_label_3843.jpg,3842,3843,train,train,PHOMOPSIS_LEAF_SPOT,PHOMOPSIS_LEAF_SPOT,37,True,False
DLD_FinalDataset_224_spit/train/PHOMOPSIS_LEAF_SPOT/to_label_3843.jpg,DLD_FinalDataset_224_spit/train/PHOMOPSIS_LEAF_SPOT/to_label_3844.jpg,3843,3844,train,train,PHOMOPSIS_LEAF_SPOT,PHOMOPSIS_LEAF_SPOT,31,True,False
DLD_FinalDataset_224_spit/train/PHOMOPSIS_LEAF_SPOT/to_label_3844.jpg,DLD_FinalDataset_224_spit/train/PHOMOPSIS_LEAF_SPOT/to_label_3845.jpg,3844,3845,train,train,PHOMOPSIS_LEAF_SPOT,PHOMOPSIS_LEAF_SPOT,30,True,False
DLD_FinalDataset_224_spit/train/PHOMOPSIS_LEAF_SPOT/to_label_3845.jpg,DLD_FinalDataset_224_spit/train/PHOMOPSIS_LEAF_SPOT/to_label_3846.jpg,3845,3846,train,train,PHOMOPSIS_LEAF_SPOT,PHOMOPSIS_LEAF_SPOT,31,True,False
DLD_FinalDataset_224_spit/train/PHOMOPSIS_LEAF_SPOT/to_label_3846.jpg,DLD_FinalDataset_224_spit/train/PHOMOPSIS_LEAF_SPOT/to_label_3847.jpg,3846,3847,train,train,PHOMOPSIS_LEAF_SPOT,PHOMOPSIS_LEAF_SPOT,32,True,False
DLD_FinalDataset_224_spit/train/PHOMOPSIS_LEAF_SPOT/to_label_3847.jpg,DLD_FinalDataset_224_spit/train/PHOMOPSIS_LEAF_SPOT/to_label_3848.jpg,3847,3848,train,train,PHOMOPSIS_LEAF_SPOT,PHOMOPSIS_LEAF_SPOT,24,True,False
DLD_FinalDataset_224_spit/train/PHOMOPSIS_LEAF_SPOT/to_label_3848.jpg,DLD_FinalDataset_224_spit/train/PHOMOPSIS_LEAF_SPOT/to_label_3849.jpg,3848,3849,train,train,PHOMOPSIS_LEAF_SPOT,PHOMOPSIS_LEAF_SPOT,33,True,False
DLD_FinalDataset_224_spit/train/PHOMOPSIS_LEAF_SPOT/to_label_3849.jpg,DLD_FinalDataset_224_spit/test/PHOMOPSIS_LEAF_SPOT/to_label_3850.jpg,3849,3850,train,test,PHOMOPSIS_LEAF_SPOT,PHOMOPSIS_LEAF_SPOT,28,True,True
DLD_FinalDataset_224_spit/test/PHOMOPSIS_LEAF_SPOT/to_label_3850.jpg,DLD_FinalDataset_224_spit/train/PHOMOPSIS_LEAF_SPOT/to_label_3851.jpg,3850,3851,test,train,PHOMOPSIS_LEAF_SPOT,PHOMOPSIS_LEAF_SPOT,29,True,True
DLD_FinalDataset_224_spit/train/PHOMOPSIS_LEAF_SPOT/to_label_3851.jpg,DLD_FinalDataset_224_spit/train/PHOMOPSIS_LEAF_SPOT/to_label_3852.jpg,3851,3852,train,train,PHOMOPSIS_LEAF_SPOT,PHOMOPSIS_LEAF_SPOT,32,True,False
DLD_FinalDataset_224_spit/train/PHOMOPSIS_LEAF_SPOT/to_label_3852.jpg,DLD_FinalDataset_224_spit/train/PHOMOPSIS_LEAF_SPOT/to_label_3853.jpg,3852,3853,train,train,PHOMOPSIS_LEAF_SPOT,PHOMOPSIS_LEAF_SPOT,31,True,False
DLD_FinalDataset_224_spit/train/PHOMOPSIS_LEAF_SPOT/to_label_3853.jpg,DLD_FinalDataset_224_spit/test/PHOMOPSIS_LEAF_SPOT/to_label_3854.jpg,3853,3854,train,test,PHOMOPSIS_LEAF_SPOT,PHOMOPSIS_LEAF_SPOT,21,True,True
DLD_FinalDataset_224_spit/test/PHOMOPSIS_LEAF_SPOT/to_label_3854.jpg,DLD_FinalDataset_224_spit/train/PHOMOPSIS_LEAF_SPOT/to_label_3855.jpg,3854,3855,test,train,PHOMOPSIS_LEAF_SPOT,PHOMOPSIS_LEAF_SPOT,28,True,True
DLD_FinalDataset_224_spit/train/PHOMOPSIS_LEAF_SPOT/to_label_3855.jpg,DLD_FinalDataset_224_spit/train/PHOMOPSIS_LEAF_SPOT/to_label_3856.jpg,3855,3856,train,train,PHOMOPSIS_LEAF_SPOT,PHOMOPSIS_LEAF_SPOT,27,True,False
DLD_FinalDataset_224_spit/train/PHOMOPSIS_LEAF_SPOT/to_label_3856.jpg,DLD_FinalDataset_224_spit/train/PHOMOPSIS_LEAF_SPOT/to_label_3857.jpg,3856,3857,train,train,PHOMOPSIS_LEAF_SPOT,PHOMOPSIS_LEAF_SPOT,33,True,False
DLD_FinalDataset_224_spit/train/PHOMOPSIS_LEAF_SPOT/to_label_3857.jpg,DLD_FinalDataset_224_spit/test/PHOMOPSIS_LEAF_SPOT/to_label_3858.jpg,3857,3858,train,test,PHOMOPSIS_LEAF_SPOT,PHOMOPSIS_LEAF_SPOT,32,True,True
DLD_FinalDataset_224_spit/test/PHOMOPSIS_LEAF_SPOT/to_label_3858.jpg,DLD_FinalDataset_224_spit/train/PHOMOPSIS_LEAF_SPOT/to_label_3859.jpg,3858,3859,test,train,PHOMOPSIS_LEAF_SPOT,PHOMOPSIS_LEAF_SPOT,33,True,True
DLD_FinalDataset_224_spit/train/PHOMOPSIS_LEAF_SPOT/to_label_3859.jpg,DLD_FinalDataset_224_spit/train/PHOMOPSIS_LEAF_SPOT/to_label_3860.jpg,3859,3860,train,train,PHOMOPSIS_LEAF_SPOT,PHOMOPSIS_LEAF_SPOT,36,True,False
DLD_FinalDataset_224_spit/train/PHOMOPSIS_LEAF_SPOT/to_label_3860.jpg,DLD_FinalDataset_224_spit/train/PHOMOPSIS_LEAF_SPOT/to_label_3861.jpg,3860,3861,train,train,PHOMOPSIS_LEAF_SPOT,PHOMOPSIS_LEAF_SPOT,31,True,False
DLD_FinalDataset_224_spit/train/PHOMOPSIS_LEAF_SPOT/to_label_3861.jpg,DLD_FinalDataset_224_spit/test/PHOMOPSIS_LEAF_SPOT/to_label_3862.jpg,3861,3862,train,test,PHOMOPSIS_LEAF_SPOT,PHOMOPSIS_LEAF_SPOT,38,True,True
DLD_FinalDataset_224_spit/test/PHOMOPSIS_LEAF_SPOT/to_label_3862.jpg,DLD_FinalDataset_224_spit/train/PHOMOPSIS_LEAF_SPOT/to_label_3863.jpg,3862,3863,test,train,PHOMOPSIS_LEAF_SPOT,PHOMOPSIS_LEAF_SPOT,25,True,True
DLD_FinalDataset_224_spit/train/PHOMOPSIS_LEAF_SPOT/to_label_3863.jpg,DLD_FinalDataset_224_spit/train/PHOMOPSIS_LEAF_SPOT/to_label_3864.jpg,3863,3864,train,train,PHOMOPSIS_LEAF_SPOT,PHOMOPSIS_LEAF_SPOT,33,True,False
DLD_FinalDataset_224_spit/train/PHOMOPSIS_LEAF_SPOT/to_label_3864.jpg,DLD_FinalDataset_224_spit/train/PHOMOPSIS_LEAF_SPOT/to_label_3865.jpg,3864,3865,train,train,PHOMOPSIS_LEAF_SPOT,PHOMOPSIS_LEAF_SPOT,32,True,False
DLD_FinalDataset_224_spit/train/PHOMOPSIS_LEAF_SPOT/to_label_3865.jpg,DLD_FinalDataset_224_spit/train/PHOMOPSIS_LEAF_SPOT/to_label_3866.jpg,3865,3866,train,train,PHOMOPSIS_LEAF_SPOT,PHOMOPSIS_LEAF_SPOT,27,True,False
DLD_FinalDataset_224_spit/train/PHOMOPSIS_LEAF_SPOT/to_label_3866.jpg,DLD_FinalDataset_224_spit/test/PHOMOPSIS_LEAF_SPOT/to_label_3867.jpg,3866,3867,train,test,PHOMOPSIS_LEAF_SPOT,PHOMOPSIS_LEAF_SPOT,24,True,True
DLD_FinalDataset_224_spit/test/PHOMOPSIS_LEAF_SPOT/to_label_3867.jpg,DLD_FinalDataset_224_spit/train/PHOMOPSIS_LEAF_SPOT/to_label_3868.jpg,3867,3868,test,train,PHOMOPSIS_LEAF_SPOT,PHOMOPSIS_LEAF_SPOT,32,True,True
DLD_FinalDataset_224_spit/train/PHOMOPSIS_LEAF_SPOT/to_label_3868.jpg,DLD_FinalDataset_224_spit/train/PHOMOPSIS_LEAF_SPOT/to_label_3869.jpg,3868,3869,train,train,PHOMOPSIS_LEAF_SPOT,PHOMOPSIS_LEAF_SPOT,31,True,False
DLD_FinalDataset_224_spit/train/PHOMOPSIS_LEAF_SPOT/to_label_3869.jpg,DLD_FinalDataset_224_spit/val/PHOMOPSIS_LEAF_SPOT/to_label_3870.jpg,3869,3870,train,val,PHOMOPSIS_LEAF_SPOT,PHOMOPSIS_LEAF_SPOT,28,True,True
DLD_FinalDataset_224_spit/val/PHOMOPSIS_LEAF_SPOT/to_label_3870.jpg,DLD_FinalDataset_224_spit/train/PHOMOPSIS_LEAF_SPOT/to_label_3871.jpg,3870,3871,val,train,PHOMOPSIS_LEAF_SPOT,PHOMOPSIS_LEAF_SPOT,29,True,True
DLD_FinalDataset_224_spit/train/PHOMOPSIS_LEAF_SPOT/to_label_3871.jpg,DLD_FinalDataset_224_spit/train/PHOMOPSIS_LEAF_SPOT/to_label_3872.jpg,3871,3872,train,train,PHOMOPSIS_LEAF_SPOT,PHOMOPSIS_LEAF_SPOT,23,True,False
DLD_FinalDataset_224_spit/train/PHOMOPSIS_LEAF_SPOT/to_label_3872.jpg,DLD_FinalDataset_224_spit/test/PHOMOPSIS_LEAF_SPOT/to_label_3873.jpg,3872,3873,train,test,PHOMOPSIS_LEAF_SPOT,PHOMOPSIS_LEAF_SPOT,36,True,True
DLD_FinalDataset_224_spit/test/PHOMOPSIS_LEAF_SPOT/to_label_3873.jpg,DLD_FinalDataset_224_spit/train/PHOMOPSIS_LEAF_SPOT/to_label_3874.jpg,3873,3874,test,train,PHOMOPSIS_LEAF_SPOT,PHOMOPSIS_LEAF_SPOT,26,True,True
DLD_FinalDataset_224_spit/train/PHOMOPSIS_LEAF_SPOT/to_label_3874.jpg,DLD_FinalDataset_224_spit/train/PHOMOPSIS_LEAF_SPOT/to_label_3875.jpg,3874,3875,train,train,PHOMOPSIS_LEAF_SPOT,PHOMOPSIS_LEAF_SPOT,25,True,False
DLD_FinalDataset_224_spit/train/PHOMOPSIS_LEAF_SPOT/to_label_3875.jpg,DLD_FinalDataset_224_spit/train/PHOMOPSIS_LEAF_SPOT/to_label_3876.jpg,3875,3876,train,train,PHOMOPSIS_LEAF_SPOT,PHOMOPSIS_LEAF_SPOT,32,True,False
DLD_FinalDataset_224_spit/train/PHOMOPSIS_LEAF_SPOT/to_label_3876.jpg,DLD_FinalDataset_224_spit/test/PHOMOPSIS_LEAF_SPOT/to_label_3877.jpg,3876,3877,train,test,PHOMOPSIS_LEAF_SPOT,PHOMOPSIS_LEAF_SPOT,37,True,True
DLD_FinalDataset_224_spit/test/PHOMOPSIS_LEAF_SPOT/to_label_3877.jpg,DLD_FinalDataset_224_spit/train/PHOMOPSIS_LEAF_SPOT/to_label_3878.jpg,3877,3878,test,train,PHOMOPSIS_LEAF_SPOT,PHOMOPSIS_LEAF_SPOT,33,True,True
DLD_FinalDataset_224_spit/train/PHOMOPSIS_LEAF_SPOT/to_label_3878.jpg,DLD_FinalDataset_224_spit/train/PHOMOPSIS_LEAF_SPOT/to_label_3879.jpg,3878,3879,train,train,PHOMOPSIS_LEAF_SPOT,PHOMOPSIS_LEAF_SPOT,16,True,False
DLD_FinalDataset_224_spit/train/PHOMOPSIS_LEAF_SPOT/to_label_3879.jpg,DLD_FinalDataset_224_spit/train/PHOMOPSIS_LEAF_SPOT/to_label_3880.jpg,3879,3880,train,train,PHOMOPSIS_LEAF_SPOT,PHOMOPSIS_LEAF_SPOT,33,True,False
DLD_FinalDataset_224_spit/train/PHOMOPSIS_LEAF_SPOT/to_label_3880.jpg,DLD_FinalDataset_224_spit/train/PHOMOPSIS_LEAF_SPOT/to_label_3881.jpg,3880,3881,train,train,PHOMOPSIS_LEAF_SPOT,PHOMOPSIS_LEAF_SPOT,30,True,False
DLD_FinalDataset_224_spit/train/PHOMOPSIS_LEAF_SPOT/to_label_3881.jpg,DLD_FinalDataset_224_spit/test/PHOMOPSIS_LEAF_SPOT/to_label_3882.jpg,3881,3882,train,test,PHOMOPSIS_LEAF_SPOT,PHOMOPSIS_LEAF_SPOT,35,True,True
DLD_FinalDataset_224_spit/test/PHOMOPSIS_LEAF_SPOT/to_label_3882.jpg,DLD_FinalDataset_224_spit/test/PHOMOPSIS_LEAF_SPOT/to_label_3883.jpg,3882,3883,test,test,PHOMOPSIS_LEAF_SPOT,PHOMOPSIS_LEAF_SPOT,41,True,False
DLD_FinalDataset_224_spit/test/PHOMOPSIS_LEAF_SPOT/to_label_3883.jpg,DLD_FinalDataset_224_spit/train/PHOMOPSIS_LEAF_SPOT/to_label_3884.jpg,3883,3884,test,train,PHOMOPSIS_LEAF_SPOT,PHOMOPSIS_LEAF_SPOT,31,True,True
DLD_FinalDataset_224_spit/train/PHOMOPSIS_LEAF_SPOT/to_label_3884.jpg,DLD_FinalDataset_224_spit/train/PHOMOPSIS_LEAF_SPOT/to_label_3885.jpg,3884,3885,train,train,PHOMOPSIS_LEAF_SPOT,PHOMOPSIS_LEAF_SPOT,28,True,False
DLD_FinalDataset_224_spit/train/PHOMOPSIS_LEAF_SPOT/to_label_3885.jpg,DLD_FinalDataset_224_spit/train/PHOMOPSIS_LEAF_SPOT/to_label_3886.jpg,3885,3886,train,train,PHOMOPSIS_LEAF_SPOT,PHOMOPSIS_LEAF_SPOT,27,True,False
DLD_FinalDataset_224_spit/train/PHOMOPSIS_LEAF_SPOT/to_label_3886.jpg,DLD_FinalDataset_224_spit/train/PHOMOPSIS_LEAF_SPOT/to_label_3887.jpg,3886,3887,train,train,PHOMOPSIS_LEAF_SPOT,PHOMOPSIS_LEAF_SPOT,28,True,False
DLD_FinalDataset_224_spit/train/PHOMOPSIS_LEAF_SPOT/to_label_3887.jpg,DLD_FinalDataset_224_spit/test/PHOMOPSIS_LEAF_SPOT/to_label_3888.jpg,3887,3888,train,test,PHOMOPSIS_LEAF_SPOT,PHOMOPSIS_LEAF_SPOT,41,True,True
DLD_FinalDataset_224_spit/test/PHOMOPSIS_LEAF_SPOT/to_label_3888.jpg,DLD_FinalDataset_224_spit/test/PHOMOPSIS_LEAF_SPOT/to_label_3889.jpg,3888,3889,test,test,PHOMOPSIS_LEAF_SPOT,PHOMOPSIS_LEAF_SPOT,32,True,False
DLD_FinalDataset_224_spit/test/PHOMOPSIS_LEAF_SPOT/to_label_3889.jpg,DLD_FinalDataset_224_spit/train/PHOMOPSIS_LEAF_SPOT/to_label_3890.jpg,3889,3890,test,train,PHOMOPSIS_LEAF_SPOT,PHOMOPSIS_LEAF_SPOT,35,True,True
DLD_FinalDataset_224_spit/train/PHOMOPSIS_LEAF_SPOT/to_label_3890.jpg,DLD_FinalDataset_224_spit/train/PHOMOPSIS_LEAF_SPOT/to_label_3891.jpg,3890,3891,train,train,PHOMOPSIS_LEAF_SPOT,PHOMOPSIS_LEAF_SPOT,32,True,False
DLD_FinalDataset_224_spit/train/PHOMOPSIS_LEAF_SPOT/to_label_3891.jpg,DLD_FinalDataset_224_spit/train/PHOMOPSIS_LEAF_SPOT/to_label_3892.jpg,3891,3892,train,train,PHOMOPSIS_LEAF_SPOT,PHOMOPSIS_LEAF_SPOT,31,True,False
DLD_FinalDataset_224_spit/train/PHOMOPSIS_LEAF_SPOT/to_label_3892.jpg,DLD_FinalDataset_224_spit/train/PHOMOPSIS_LEAF_SPOT/to_label_3893.jpg,3892,3893,train,train,PHOMOPSIS_LEAF_SPOT,PHOMOPSIS_LEAF_SPOT,32,True,False
DLD_FinalDataset_224_spit/train/PHOMOPSIS_LEAF_SPOT/to_label_3893.jpg,DLD_FinalDataset_224_spit/train/PHOMOPSIS_LEAF_SPOT/to_label_3894.jpg,3893,3894,train,train,PHOMOPSIS_LEAF_SPOT,PHOMOPSIS_LEAF_SPOT,27,True,False
DLD_FinalDataset_224_spit/train/PHOMOPSIS_LEAF_SPOT/to_label_3894.jpg,DLD_FinalDataset_224_spit/train/PHOMOPSIS_LEAF_SPOT/to_label_3895.jpg,3894,3895,train,train,PHOMOPSIS_LEAF_SPOT,PHOMOPSIS_LEAF_SPOT,27,True,False
DLD_FinalDataset_224_spit/train/PHOMOPSIS_LEAF_SPOT/to_label_3895.jpg,DLD_FinalDataset_224_spit/train/PHOMOPSIS_LEAF_SPOT/to_label_3896.jpg,3895,3896,train,train,PHOMOPSIS_LEAF_SPOT,PHOMOPSIS_LEAF_SPOT,28,True,False
DLD_FinalDataset_224_spit/train/PHOMOPSIS_LEAF_SPOT/to_label_3896.jpg,DLD_FinalDataset_224_spit/train/PHOMOPSIS_LEAF_SPOT/to_label_3897.jpg,3896,3897,train,train,PHOMOPSIS_LEAF_SPOT,PHOMOPSIS_LEAF_SPOT,35,True,False
DLD_FinalDataset_224_spit/train/PHOMOPSIS_LEAF_SPOT/to_label_3897.jpg,DLD_FinalDataset_224_spit/test/PHOMOPSIS_LEAF_SPOT/to_label_3898.jpg,3897,3898,train,test,PHOMOPSIS_LEAF_SPOT,PHOMOPSIS_LEAF_SPOT,26,True,True
DLD_FinalDataset_224_spit/test/PHOMOPSIS_LEAF_SPOT/to_label_3898.jpg,DLD_FinalDataset_224_spit/train/PHOMOPSIS_LEAF_SPOT/to_label_3899.jpg,3898,3899,test,train,PHOMOPSIS_LEAF_SPOT,PHOMOPSIS_LEAF_SPOT,39,True,True
DLD_FinalDataset_224_spit/train/PHOMOPSIS_LEAF_SPOT/to_label_3899.jpg,DLD_FinalDataset_224_spit/train/PHOMOPSIS_LEAF_SPOT/to_label_3900.jpg,3899,3900,train,train,PHOMOPSIS_LEAF_SPOT,PHOMOPSIS_LEAF_SPOT,28,True,False
DLD_FinalDataset_224_spit/train/PHOMOPSIS_LEAF_SPOT/to_label_3900.jpg,DLD_FinalDataset_224_spit/train/PHOMOPSIS_LEAF_SPOT/to_label_3901.jpg,3900,3901,train,train,PHOMOPSIS_LEAF_SPOT,PHOMOPSIS_LEAF_SPOT,36,True,False
DLD_FinalDataset_224_spit/train/PHOMOPSIS_LEAF_SPOT/to_label_3901.jpg,DLD_FinalDataset_224_spit/train/PHOMOPSIS_LEAF_SPOT/to_label_3902.jpg,3901,3902,train,train,PHOMOPSIS_LEAF_SPOT,PHOMOPSIS_LEAF_SPOT,31,True,False
DLD_FinalDataset_224_spit/train/PHOMOPSIS_LEAF_SPOT/to_label_3902.jpg,DLD_FinalDataset_224_spit/test/PHOMOPSIS_LEAF_SPOT/to_label_3903.jpg,3902,3903,train,test,PHOMOPSIS_LEAF_SPOT,PHOMOPSIS_LEAF_SPOT,23,True,True
DLD_FinalDataset_224_spit/test/PHOMOPSIS_LEAF_SPOT/to_label_3903.jpg,DLD_FinalDataset_224_spit/val/PHOMOPSIS_LEAF_SPOT/to_label_3904.jpg,3903,3904,test,val,PHOMOPSIS_LEAF_SPOT,PHOMOPSIS_LEAF_SPOT,35,True,True
DLD_FinalDataset_224_spit/val/PHOMOPSIS_LEAF_SPOT/to_label_3904.jpg,DLD_FinalDataset_224_spit/train/PHOMOPSIS_LEAF_SPOT/to_label_3905.jpg,3904,3905,val,train,PHOMOPSIS_LEAF_SPOT,PHOMOPSIS_LEAF_SPOT,35,True,True
DLD_FinalDataset_224_spit/train/PHOMOPSIS_LEAF_SPOT/to_label_3905.jpg,DLD_FinalDataset_224_spit/train/PHOMOPSIS_LEAF_SPOT/to_label_3906.jpg,3905,3906,train,train,PHOMOPSIS_LEAF_SPOT,PHOMOPSIS_LEAF_SPOT,31,True,False
DLD_FinalDataset_224_spit/train/PHOMOPSIS_LEAF_SPOT/to_label_3906.jpg,DLD_FinalDataset_224_spit/train/PHOMOPSIS_LEAF_SPOT/to_label_3907.jpg,3906,3907,train,train,PHOMOPSIS_LEAF_SPOT,PHOMOPSIS_LEAF_SPOT,35,True,False
DLD_FinalDataset_224_spit/train/PHOMOPSIS_LEAF_SPOT/to_label_3907.jpg,DLD_FinalDataset_224_spit/train/PHOMOPSIS_LEAF_SPOT/to_label_3908.jpg,3907,3908,train,train,PHOMOPSIS_LEAF_SPOT,PHOMOPSIS_LEAF_SPOT,34,True,False
DLD_FinalDataset_224_spit/train/PHOMOPSIS_LEAF_SPOT/to_label_3908.jpg,DLD_FinalDataset_224_spit/test/PHOMOPSIS_LEAF_SPOT/to_label_3909.jpg,3908,3909,train,test,PHOMOPSIS_LEAF_SPOT,PHOMOPSIS_LEAF_SPOT,38,True,True
DLD_FinalDataset_224_spit/test/PHOMOPSIS_LEAF_SPOT/to_label_3909.jpg,DLD_FinalDataset_224_spit/train/PHOMOPSIS_LEAF_SPOT/to_label_3910.jpg,3909,3910,test,train,PHOMOPSIS_LEAF_SPOT,PHOMOPSIS_LEAF_SPOT,38,True,True
DLD_FinalDataset_224_spit/train/PHOMOPSIS_LEAF_SPOT/to_label_3910.jpg,DLD_FinalDataset_224_spit/train/PHOMOPSIS_LEAF_SPOT/to_label_3911.jpg,3910,3911,train,train,PHOMOPSIS_LEAF_SPOT,PHOMOPSIS_LEAF_SPOT,33,True,False
DLD_FinalDataset_224_spit/train/PHOMOPSIS_LEAF_SPOT/to_label_3911.jpg,DLD_FinalDataset_224_spit/train/PHOMOPSIS_LEAF_SPOT/to_label_3912.jpg,3911,3912,train,train,PHOMOPSIS_LEAF_SPOT,PHOMOPSIS_LEAF_SPOT,33,True,False
DLD_FinalDataset_224_spit/train/PHOMOPSIS_LEAF_SPOT/to_label_3912.jpg,DLD_FinalDataset_224_spit/test/PHOMOPSIS_LEAF_SPOT/to_label_3913.jpg,3912,3913,train,test,PHOMOPSIS_LEAF_SPOT,PHOMOPSIS_LEAF_SPOT,32,True,True
DLD_FinalDataset_224_spit/test/PHOMOPSIS_LEAF_SPOT/to_label_3913.jpg,DLD_FinalDataset_224_spit/test/PHOMOPSIS_LEAF_SPOT/to_label_3914.jpg,3913,3914,test,test,PHOMOPSIS_LEAF_SPOT,PHOMOPSIS_LEAF_SPOT,38,True,False
DLD_FinalDataset_224_spit/test/PHOMOPSIS_LEAF_SPOT/to_label_3914.jpg,DLD_FinalDataset_224_spit/val/PHOMOPSIS_LEAF_SPOT/to_label_3915.jpg,3914,3915,test,val,PHOMOPSIS_LEAF_SPOT,PHOMOPSIS_LEAF_SPOT,24,True,True
DLD_FinalDataset_224_spit/val/PHOMOPSIS_LEAF_SPOT/to_label_3915.jpg,DLD_FinalDataset_224_spit/train/PHOMOPSIS_LEAF_SPOT/to_label_3916.jpg,3915,3916,val,train,PHOMOPSIS_LEAF_SPOT,PHOMOPSIS_LEAF_SPOT,28,True,True
DLD_FinalDataset_224_spit/train/PHOMOPSIS_LEAF_SPOT/to_label_3916.jpg,DLD_FinalDataset_224_spit/test/PHOMOPSIS_LEAF_SPOT/to_label_3917.jpg,3916,3917,train,test,PHOMOPSIS_LEAF_SPOT,PHOMOPSIS_LEAF_SPOT,32,True,True
DLD_FinalDataset_224_spit/test/PHOMOPSIS_LEAF_SPOT/to_label_3917.jpg,DLD_FinalDataset_224_spit/train/PHOMOPSIS_LEAF_SPOT/to_label_3918.jpg,3917,3918,test,train,PHOMOPSIS_LEAF_SPOT,PHOMOPSIS_LEAF_SPOT,24,True,True
DLD_FinalDataset_224_spit/train/PHOMOPSIS_LEAF_SPOT/to_label_3918.jpg,DLD_FinalDataset_224_spit/test/PHOMOPSIS_LEAF_SPOT/to_label_3919.jpg,3918,3919,train,test,PHOMOPSIS_LEAF_SPOT,PHOMOPSIS_LEAF_SPOT,30,True,True
DLD_FinalDataset_224_spit/test/PHOMOPSIS_LEAF_SPOT/to_label_3919.jpg,DLD_FinalDataset_224_spit/train/PHOMOPSIS_LEAF_SPOT/to_label_3920.jpg,3919,3920,test,train,PHOMOPSIS_LEAF_SPOT,PHOMOPSIS_LEAF_SPOT,27,True,True
DLD_FinalDataset_224_spit/train/PHOMOPSIS_LEAF_SPOT/to_label_3920.jpg,DLD_FinalDataset_224_spit/val/PHOMOPSIS_LEAF_SPOT/to_label_3921.jpg,3920,3921,train,val,PHOMOPSIS_LEAF_SPOT,PHOMOPSIS_LEAF_SPOT,29,True,True
DLD_FinalDataset_224_spit/val/PHOMOPSIS_LEAF_SPOT/to_label_3921.jpg,DLD_FinalDataset_224_spit/test/PHOMOPSIS_LEAF_SPOT/to_label_3922.jpg,3921,3922,val,test,PHOMOPSIS_LEAF_SPOT,PHOMOPSIS_LEAF_SPOT,42,True,True
DLD_FinalDataset_224_spit/test/PHOMOPSIS_LEAF_SPOT/to_label_3922.jpg,DLD_FinalDataset_224_spit/test/PHOMOPSIS_LEAF_SPOT/to_label_3923.jpg,3922,3923,test,test,PHOMOPSIS_LEAF_SPOT,PHOMOPSIS_LEAF_SPOT,35,True,False
DLD_FinalDataset_224_spit/test/PHOMOPSIS_LEAF_SPOT/to_label_3923.jpg,DLD_FinalDataset_224_spit/train/PHOMOPSIS_LEAF_SPOT/to_label_3924.jpg,3923,3924,test,train,PHOMOPSIS_LEAF_SPOT,PHOMOPSIS_LEAF_SPOT,28,True,True
DLD_FinalDataset_224_spit/train/PHOMOPSIS_LEAF_SPOT/to_label_3924.jpg,DLD_FinalDataset_224_spit/test/PHOMOPSIS_LEAF_SPOT/to_label_3925.jpg,3924,3925,train,test,PHOMOPSIS_LEAF_SPOT,PHOMOPSIS_LEAF_SPOT,33,True,True
DLD_FinalDataset_224_spit/test/PHOMOPSIS_LEAF_SPOT/to_label_3925.jpg,DLD_FinalDataset_224_spit/train/PHOMOPSIS_LEAF_SPOT/to_label_3926.jpg,3925,3926,test,train,PHOMOPSIS_LEAF_SPOT,PHOMOPSIS_LEAF_SPOT,36,True,True
DLD_FinalDataset_224_spit/train/PHOMOPSIS_LEAF_SPOT/to_label_3926.jpg,DLD_FinalDataset_224_spit/train/PHOMOPSIS_LEAF_SPOT/to_label_3927.jpg,3926,3927,train,train,PHOMOPSIS_LEAF_SPOT,PHOMOPSIS_LEAF_SPOT,34,True,False
DLD_FinalDataset_224_spit/train/PHOMOPSIS_LEAF_SPOT/to_label_3927.jpg,DLD_FinalDataset_224_spit/test/PHOMOPSIS_LEAF_SPOT/to_label_3928.jpg,3927,3928,train,test,PHOMOPSIS_LEAF_SPOT,PHOMOPSIS_LEAF_SPOT,38,True,True
DLD_FinalDataset_224_spit/test/PHOMOPSIS_LEAF_SPOT/to_label_3928.jpg,DLD_FinalDataset_224_spit/test/PHOMOPSIS_LEAF_SPOT/to_label_3929.jpg,3928,3929,test,test,PHOMOPSIS_LEAF_SPOT,PHOMOPSIS_LEAF_SPOT,21,True,False
DLD_FinalDataset_224_spit/test/PHOMOPSIS_LEAF_SPOT/to_label_3929.jpg,DLD_FinalDataset_224_spit/train/PHOMOPSIS_LEAF_SPOT/to_label_3930.jpg,3929,3930,test,train,PHOMOPSIS_LEAF_SPOT,PHOMOPSIS_LEAF_SPOT,38,True,True
DLD_FinalDataset_224_spit/train/PHOMOPSIS_LEAF_SPOT/to_label_3930.jpg,DLD_FinalDataset_224_spit/train/PHOMOPSIS_LEAF_SPOT/to_label_3931.jpg,3930,3931,train,train,PHOMOPSIS_LEAF_SPOT,PHOMOPSIS_LEAF_SPOT,41,True,False
DLD_FinalDataset_224_spit/train/PHOMOPSIS_LEAF_SPOT/to_label_3931.jpg,DLD_FinalDataset_224_spit/train/PHOMOPSIS_LEAF_SPOT/to_label_3932.jpg,3931,3932,train,train,PHOMOPSIS_LEAF_SPOT,PHOMOPSIS_LEAF_SPOT,26,True,False
DLD_FinalDataset_224_spit/train/PHOMOPSIS_LEAF_SPOT/to_label_3932.jpg,DLD_FinalDataset_224_spit/train/PHOMOPSIS_LEAF_SPOT/to_label_3933.jpg,3932,3933,train,train,PHOMOPSIS_LEAF_SPOT,PHOMOPSIS_LEAF_SPOT,39,True,False
DLD_FinalDataset_224_spit/train/PHOMOPSIS_LEAF_SPOT/to_label_3933.jpg,DLD_FinalDataset_224_spit/train/PHOMOPSIS_LEAF_SPOT/to_label_3934.jpg,3933,3934,train,train,PHOMOPSIS_LEAF_SPOT,PHOMOPSIS_LEAF_SPOT,38,True,False
DLD_FinalDataset_224_spit/train/PHOMOPSIS_LEAF_SPOT/to_label_3934.jpg,DLD_FinalDataset_224_spit/test/PHOMOPSIS_LEAF_SPOT/to_label_3935.jpg,3934,3935,train,test,PHOMOPSIS_LEAF_SPOT,PHOMOPSIS_LEAF_SPOT,25,True,True
DLD_FinalDataset_224_spit/test/PHOMOPSIS_LEAF_SPOT/to_label_3935.jpg,DLD_FinalDataset_224_spit/train/PHOMOPSIS_LEAF_SPOT/to_label_3936.jpg,3935,3936,test,train,PHOMOPSIS_LEAF_SPOT,PHOMOPSIS_LEAF_SPOT,32,True,True
DLD_FinalDataset_224_spit/train/PHOMOPSIS_LEAF_SPOT/to_label_3936.jpg,DLD_FinalDataset_224_spit/test/PHOMOPSIS_LEAF_SPOT/to_label_3937.jpg,3936,3937,train,test,PHOMOPSIS_LEAF_SPOT,PHOMOPSIS_LEAF_SPOT,33,True,True
DLD_FinalDataset_224_spit/test/PHOMOPSIS_LEAF_SPOT/to_label_3937.jpg,DLD_FinalDataset_224_spit/train/PHOMOPSIS_LEAF_SPOT/to_label_3938.jpg,3937,3938,test,train,PHOMOPSIS_LEAF_SPOT,PHOMOPSIS_LEAF_SPOT,27,True,True
DLD_FinalDataset_224_spit/train/PHOMOPSIS_LEAF_SPOT/to_label_3938.jpg,DLD_FinalDataset_224_spit/val/PHOMOPSIS_LEAF_SPOT/to_label_3939.jpg,3938,3939,train,val,PHOMOPSIS_LEAF_SPOT,PHOMOPSIS_LEAF_SPOT,26,True,True
DLD_FinalDataset_224_spit/val/PHOMOPSIS_LEAF_SPOT/to_label_3939.jpg,DLD_FinalDataset_224_spit/train/PHOMOPSIS_LEAF_SPOT/to_label_3940.jpg,3939,3940,val,train,PHOMOPSIS_LEAF_SPOT,PHOMOPSIS_LEAF_SPOT,31,True,True
DLD_FinalDataset_224_spit/train/PHOMOPSIS_LEAF_SPOT/to_label_3940.jpg,DLD_FinalDataset_224_spit/train/PHOMOPSIS_LEAF_SPOT/to_label_3941.jpg,3940,3941,train,train,PHOMOPSIS_LEAF_SPOT,PHOMOPSIS_LEAF_SPOT,31,True,False
DLD_FinalDataset_224_spit/train/PHOMOPSIS_LEAF_SPOT/to_label_3941.jpg,DLD_FinalDataset_224_spit/test/PHOMOPSIS_LEAF_SPOT/to_label_3942.jpg,3941,3942,train,test,PHOMOPSIS_LEAF_SPOT,PHOMOPSIS_LEAF_SPOT,29,True,True
DLD_FinalDataset_224_spit/test/PHOMOPSIS_LEAF_SPOT/to_label_3942.jpg,DLD_FinalDataset_224_spit/train/PHOMOPSIS_LEAF_SPOT/to_label_3943.jpg,3942,3943,test,train,PHOMOPSIS_LEAF_SPOT,PHOMOPSIS_LEAF_SPOT,36,True,True
DLD_FinalDataset_224_spit/train/PHOMOPSIS_LEAF_SPOT/to_label_3943.jpg,DLD_FinalDataset_224_spit/train/PHOMOPSIS_LEAF_SPOT/to_label_3944.jpg,3943,3944,train,train,PHOMOPSIS_LEAF_SPOT,PHOMOPSIS_LEAF_SPOT,25,True,False
DLD_FinalDataset_224_spit/train/PHOMOPSIS_LEAF_SPOT/to_label_3944.jpg,DLD_FinalDataset_224_spit/train/PHOMOPSIS_LEAF_SPOT/to_label_3945.jpg,3944,3945,train,train,PHOMOPSIS_LEAF_SPOT,PHOMOPSIS_LEAF_SPOT,32,True,False
DLD_FinalDataset_224_spit/train/PHOMOPSIS_LEAF_SPOT/to_label_3945.jpg,DLD_FinalDataset_224_spit/val/PHOMOPSIS_LEAF_SPOT/to_label_3946.jpg,3945,3946,train,val,PHOMOPSIS_LEAF_SPOT,PHOMOPSIS_LEAF_SPOT,34,True,True
DLD_FinalDataset_224_spit/val/PHOMOPSIS_LEAF_SPOT/to_label_3946.jpg,DLD_FinalDataset_224_spit/train/PHOMOPSIS_LEAF_SPOT/to_label_3947.jpg,3946,3947,val,train,PHOMOPSIS_LEAF_SPOT,PHOMOPSIS_LEAF_SPOT,28,True,True
DLD_FinalDataset_224_spit/train/PHOMOPSIS_LEAF_SPOT/to_label_3947.jpg,DLD_FinalDataset_224_spit/train/PHOMOPSIS_LEAF_SPOT/to_label_3948.jpg,3947,3948,train,train,PHOMOPSIS_LEAF_SPOT,PHOMOPSIS_LEAF_SPOT,32,True,False
DLD_FinalDataset_224_spit/train/PHOMOPSIS_LEAF_SPOT/to_label_3948.jpg,DLD_FinalDataset_224_spit/train/PHOMOPSIS_LEAF_SPOT/to_label_3949.jpg,3948,3949,train,train,PHOMOPSIS_LEAF_SPOT,PHOMOPSIS_LEAF_SPOT,29,True,False
DLD_FinalDataset_224_spit/train/PHOMOPSIS_LEAF_SPOT/to_label_3949.jpg,DLD_FinalDataset_224_spit/test/PHOMOPSIS_LEAF_SPOT/to_label_3950.jpg,3949,3950,train,test,PHOMOPSIS_LEAF_SPOT,PHOMOPSIS_LEAF_SPOT,32,True,True
DLD_FinalDataset_224_spit/test/PHOMOPSIS_LEAF_SPOT/to_label_3950.jpg,DLD_FinalDataset_224_spit/val/PHOMOPSIS_LEAF_SPOT/to_label_3951.jpg,3950,3951,test,val,PHOMOPSIS_LEAF_SPOT,PHOMOPSIS_LEAF_SPOT,31,True,True
DLD_FinalDataset_224_spit/val/PHOMOPSIS_LEAF_SPOT/to_label_3951.jpg,DLD_FinalDataset_224_spit/train/PHOMOPSIS_LEAF_SPOT/to_label_3952.jpg,3951,3952,val,train,PHOMOPSIS_LEAF_SPOT,PHOMOPSIS_LEAF_SPOT,34,True,True
DLD_FinalDataset_224_spit/train/PHOMOPSIS_LEAF_SPOT/to_label_3952.jpg,DLD_FinalDataset_224_spit/train/PHOMOPSIS_LEAF_SPOT/to_label_3953.jpg,3952,3953,train,train,PHOMOPSIS_LEAF_SPOT,PHOMOPSIS_LEAF_SPOT,31,True,False
DLD_FinalDataset_224_spit/train/PHOMOPSIS_LEAF_SPOT/to_label_3953.jpg,DLD_FinalDataset_224_spit/test/PHOMOPSIS_LEAF_SPOT/to_label_3954.jpg,3953,3954,train,test,PHOMOPSIS_LEAF_SPOT,PHOMOPSIS_LEAF_SPOT,33,True,True
DLD_FinalDataset_224_spit/test/PHOMOPSIS_LEAF_SPOT/to_label_3954.jpg,DLD_FinalDataset_224_spit/val/PHOMOPSIS_LEAF_SPOT/to_label_3955.jpg,3954,3955,test,val,PHOMOPSIS_LEAF_SPOT,PHOMOPSIS_LEAF_SPOT,36,True,True
DLD_FinalDataset_224_spit/val/PHOMOPSIS_LEAF_SPOT/to_label_3955.jpg,DLD_FinalDataset_224_spit/test/PHOMOPSIS_LEAF_SPOT/to_label_3956.jpg,3955,3956,val,test,PHOMOPSIS_LEAF_SPOT,PHOMOPSIS_LEAF_SPOT,38,True,True
DLD_FinalDataset_224_spit/test/PHOMOPSIS_LEAF_SPOT/to_label_3956.jpg,DLD_FinalDataset_224_spit/train/PHOMOPSIS_LEAF_SPOT/to_label_3957.jpg,3956,3957,test,train,PHOMOPSIS_LEAF_SPOT,PHOMOPSIS_LEAF_SPOT,26,True,True
DLD_FinalDataset_224_spit/train/PHOMOPSIS_LEAF_SPOT/to_label_3957.jpg,DLD_FinalDataset_224_spit/train/PHOMOPSIS_LEAF_SPOT/to_label_3958.jpg,3957,3958,train,train,PHOMOPSIS_LEAF_SPOT,PHOMOPSIS_LEAF_SPOT,31,True,False
DLD_FinalDataset_224_spit/train/PHOMOPSIS_LEAF_SPOT/to_label_3958.jpg,DLD_FinalDataset_224_spit/train/PHOMOPSIS_LEAF_SPOT/to_label_3959.jpg,3958,3959,train,train,PHOMOPSIS_LEAF_SPOT,PHOMOPSIS_LEAF_SPOT,33,True,False
DLD_FinalDataset_224_spit/train/PHOMOPSIS_LEAF_SPOT/to_label_3959.jpg,DLD_FinalDataset_224_spit/train/PHOMOPSIS_LEAF_SPOT/to_label_3960.jpg,3959,3960,train,train,PHOMOPSIS_LEAF_SPOT,PHOMOPSIS_LEAF_SPOT,22,True,False
DLD_FinalDataset_224_spit/train/PHOMOPSIS_LEAF_SPOT/to_label_3960.jpg,DLD_FinalDataset_224_spit/train/PHOMOPSIS_LEAF_SPOT/to_label_3961.jpg,3960,3961,train,train,PHOMOPSIS_LEAF_SPOT,PHOMOPSIS_LEAF_SPOT,37,True,False
DLD_FinalDataset_224_spit/train/PHOMOPSIS_LEAF_SPOT/to_label_3961.jpg,DLD_FinalDataset_224_spit/train/PHOMOPSIS_LEAF_SPOT/to_label_3962.jpg,3961,3962,train,train,PHOMOPSIS_LEAF_SPOT,PHOMOPSIS_LEAF_SPOT,28,True,False
DLD_FinalDataset_224_spit/train/PHOMOPSIS_LEAF_SPOT/to_label_3962.jpg,DLD_FinalDataset_224_spit/train/PHOMOPSIS_LEAF_SPOT/to_label_3963.jpg,3962,3963,train,train,PHOMOPSIS_LEAF_SPOT,PHOMOPSIS_LEAF_SPOT,31,True,False
DLD_FinalDataset_224_spit/train/PHOMOPSIS_LEAF_SPOT/to_label_3963.jpg,DLD_FinalDataset_224_spit/train/PHOMOPSIS_LEAF_SPOT/to_label_3964.jpg,3963,3964,train,train,PHOMOPSIS_LEAF_SPOT,PHOMOPSIS_LEAF_SPOT,28,True,False
DLD_FinalDataset_224_spit/train/PHOMOPSIS_LEAF_SPOT/to_label_3964.jpg,DLD_FinalDataset_224_spit/val/PHOMOPSIS_LEAF_SPOT/to_label_3965.jpg,3964,3965,train,val,PHOMOPSIS_LEAF_SPOT,PHOMOPSIS_LEAF_SPOT,36,True,True
DLD_FinalDataset_224_spit/val/PHOMOPSIS_LEAF_SPOT/to_label_3965.jpg,DLD_FinalDataset_224_spit/train/PHOMOPSIS_LEAF_SPOT/to_label_3966.jpg,3965,3966,val,train,PHOMOPSIS_LEAF_SPOT,PHOMOPSIS_LEAF_SPOT,32,True,True
DLD_FinalDataset_224_spit/train/PHOMOPSIS_LEAF_SPOT/to_label_3966.jpg,DLD_FinalDataset_224_spit/val/PHOMOPSIS_LEAF_SPOT/to_label_3967.jpg,3966,3967,train,val,PHOMOPSIS_LEAF_SPOT,PHOMOPSIS_LEAF_SPOT,31,True,True
DLD_FinalDataset_224_spit/val/PHOMOPSIS_LEAF_SPOT/to_label_3967.jpg,DLD_FinalDataset_224_spit/train/PHOMOPSIS_LEAF_SPOT/to_label_3968.jpg,3967,3968,val,train,PHOMOPSIS_LEAF_SPOT,PHOMOPSIS_LEAF_SPOT,36,True,True
DLD_FinalDataset_224_spit/train/PHOMOPSIS_LEAF_SPOT/to_label_3968.jpg,DLD_FinalDataset_224_spit/val/PHOMOPSIS_LEAF_SPOT/to_label_3969.jpg,3968,3969,train,val,PHOMOPSIS_LEAF_SPOT,PHOMOPSIS_LEAF_SPOT,28,True,True
DLD_FinalDataset_224_spit/val/PHOMOPSIS_LEAF_SPOT/to_label_3969.jpg,DLD_FinalDataset_224_spit/train/PHOMOPSIS_LEAF_SPOT/to_label_3970.jpg,3969,3970,val,train,PHOMOPSIS_LEAF_SPOT,PHOMOPSIS_LEAF_SPOT,31,True,True
DLD_FinalDataset_224_spit/train/PHOMOPSIS_LEAF_SPOT/to_label_3970.jpg,DLD_FinalDataset_224_spit/train/PHOMOPSIS_LEAF_SPOT/to_label_3971.jpg,3970,3971,train,train,PHOMOPSIS_LEAF_SPOT,PHOMOPSIS_LEAF_SPOT,30,True,False
DLD_FinalDataset_224_spit/train/PHOMOPSIS_LEAF_SPOT/to_label_3971.jpg,DLD_FinalDataset_224_spit/train/PHOMOPSIS_LEAF_SPOT/to_label_3972.jpg,3971,3972,train,train,PHOMOPSIS_LEAF_SPOT,PHOMOPSIS_LEAF_SPOT,30,True,False
DLD_FinalDataset_224_spit/train/PHOMOPSIS_LEAF_SPOT/to_label_3972.jpg,DLD_FinalDataset_224_spit/val/PHOMOPSIS_LEAF_SPOT/to_label_3973.jpg,3972,3973,train,val,PHOMOPSIS_LEAF_SPOT,PHOMOPSIS_LEAF_SPOT,32,True,True
DLD_FinalDataset_224_spit/val/PHOMOPSIS_LEAF_SPOT/to_label_3973.jpg,DLD_FinalDataset_224_spit/val/PHOMOPSIS_LEAF_SPOT/to_label_3974.jpg,3973,3974,val,val,PHOMOPSIS_LEAF_SPOT,PHOMOPSIS_LEAF_SPOT,27,True,False
DLD_FinalDataset_224_spit/val/PHOMOPSIS_LEAF_SPOT/to_label_3974.jpg,DLD_FinalDataset_224_spit/val/PHOMOPSIS_LEAF_SPOT/to_label_3975.jpg,3974,3975,val,val,PHOMOPSIS_LEAF_SPOT,PHOMOPSIS_LEAF_SPOT,27,True,False
DLD_FinalDataset_224_spit/val/PHOMOPSIS_LEAF_SPOT/to_label_3975.jpg,DLD_FinalDataset_224_spit/train/PHOMOPSIS_LEAF_SPOT/to_label_3976.jpg,3975,3976,val,train,PHOMOPSIS_LEAF_SPOT,PHOMOPSIS_LEAF_SPOT,42,True,True
DLD_FinalDataset_224_spit/train/PHOMOPSIS_LEAF_SPOT/to_label_3976.jpg,DLD_FinalDataset_224_spit/train/PHOMOPSIS_LEAF_SPOT/to_label_3977.jpg,3976,3977,train,train,PHOMOPSIS_LEAF_SPOT,PHOMOPSIS_LEAF_SPOT,24,True,False
DLD_FinalDataset_224_spit/train/PHOMOPSIS_LEAF_SPOT/to_label_3977.jpg,DLD_FinalDataset_224_spit/train/PHOMOPSIS_LEAF_SPOT/to_label_3978.jpg,3977,3978,train,train,PHOMOPSIS_LEAF_SPOT,PHOMOPSIS_LEAF_SPOT,35,True,False
DLD_FinalDataset_224_spit/train/PHOMOPSIS_LEAF_SPOT/to_label_3978.jpg,DLD_FinalDataset_224_spit/train/PHOMOPSIS_LEAF_SPOT/to_label_3979.jpg,3978,3979,train,train,PHOMOPSIS_LEAF_SPOT,PHOMOPSIS_LEAF_SPOT,33,True,False
DLD_FinalDataset_224_spit/train/PHOMOPSIS_LEAF_SPOT/to_label_3979.jpg,DLD_FinalDataset_224_spit/train/PHOMOPSIS_LEAF_SPOT/to_label_3980.jpg,3979,3980,train,train,PHOMOPSIS_LEAF_SPOT,PHOMOPSIS_LEAF_SPOT,34,True,False
DLD_FinalDataset_224_spit/train/PHOMOPSIS_LEAF_SPOT/to_label_3980.jpg,DLD_FinalDataset_224_spit/train/PHOMOPSIS_LEAF_SPOT/to_label_3981.jpg,3980,3981,train,train,PHOMOPSIS_LEAF_SPOT,PHOMOPSIS_LEAF_SPOT,30,True,False
DLD_FinalDataset_224_spit/train/PHOMOPSIS_LEAF_SPOT/to_label_3981.jpg,DLD_FinalDataset_224_spit/test/PHOMOPSIS_LEAF_SPOT/to_label_3982.jpg,3981,3982,train,test,PHOMOPSIS_LEAF_SPOT,PHOMOPSIS_LEAF_SPOT,25,True,True
DLD_FinalDataset_224_spit/test/PHOMOPSIS_LEAF_SPOT/to_label_3982.jpg,DLD_FinalDataset_224_spit/train/PHOMOPSIS_LEAF_SPOT/to_label_3983.jpg,3982,3983,test,train,PHOMOPSIS_LEAF_SPOT,PHOMOPSIS_LEAF_SPOT,37,True,True
DLD_FinalDataset_224_spit/train/PHOMOPSIS_LEAF_SPOT/to_label_3983.jpg,DLD_FinalDataset_224_spit/test/PHOMOPSIS_LEAF_SPOT/to_label_3984.jpg,3983,3984,train,test,PHOMOPSIS_LEAF_SPOT,PHOMOPSIS_LEAF_SPOT,31,True,True
DLD_FinalDataset_224_spit/test/PHOMOPSIS_LEAF_SPOT/to_label_3984.jpg,DLD_FinalDataset_224_spit/test/PHOMOPSIS_LEAF_SPOT/to_label_3985.jpg,3984,3985,test,test,PHOMOPSIS_LEAF_SPOT,PHOMOPSIS_LEAF_SPOT,24,True,False
DLD_FinalDataset_224_spit/test/PHOMOPSIS_LEAF_SPOT/to_label_3985.jpg,DLD_FinalDataset_224_spit/val/PHOMOPSIS_LEAF_SPOT/to_label_3986.jpg,3985,3986,test,val,PHOMOPSIS_LEAF_SPOT,PHOMOPSIS_LEAF_SPOT,34,True,True
DLD_FinalDataset_224_spit/val/PHOMOPSIS_LEAF_SPOT/to_label_3986.jpg,DLD_FinalDataset_224_spit/train/PHOMOPSIS_LEAF_SPOT/to_label_3987.jpg,3986,3987,val,train,PHOMOPSIS_LEAF_SPOT,PHOMOPSIS_LEAF_SPOT,33,True,True
DLD_FinalDataset_224_spit/train/PHOMOPSIS_LEAF_SPOT/to_label_3987.jpg,DLD_FinalDataset_224_spit/val/PHOMOPSIS_LEAF_SPOT/to_label_3988.jpg,3987,3988,train,val,PHOMOPSIS_LEAF_SPOT,PHOMOPSIS_LEAF_SPOT,27,True,True
DLD_FinalDataset_224_spit/val/PHOMOPSIS_LEAF_SPOT/to_label_3988.jpg,DLD_FinalDataset_224_spit/train/PHOMOPSIS_LEAF_SPOT/to_label_3989.jpg,3988,3989,val,train,PHOMOPSIS_LEAF_SPOT,PHOMOPSIS_LEAF_SPOT,32,True,True
DLD_FinalDataset_224_spit/train/PHOMOPSIS_LEAF_SPOT/to_label_3989.jpg,DLD_FinalDataset_224_spit/test/PHOMOPSIS_LEAF_SPOT/to_label_3990.jpg,3989,3990,train,test,PHOMOPSIS_LEAF_SPOT,PHOMOPSIS_LEAF_SPOT,31,True,True
DLD_FinalDataset_224_spit/test/PHOMOPSIS_LEAF_SPOT/to_label_3990.jpg,DLD_FinalDataset_224_spit/train/PHOMOPSIS_LEAF_SPOT/to_label_3991.jpg,3990,3991,test,train,PHOMOPSIS_LEAF_SPOT,PHOMOPSIS_LEAF_SPOT,32,True,True
DLD_FinalDataset_224_spit/train/PHOMOPSIS_LEAF_SPOT/to_label_3991.jpg,DLD_FinalDataset_224_spit/train/PHOMOPSIS_LEAF_SPOT/to_label_3992.jpg,3991,3992,train,train,PHOMOPSIS_LEAF_SPOT,PHOMOPSIS_LEAF_SPOT,39,True,False
DLD_FinalDataset_224_spit/train/PHOMOPSIS_LEAF_SPOT/to_label_3992.jpg,DLD_FinalDataset_224_spit/train/PHOMOPSIS_LEAF_SPOT/to_label_3993.jpg,3992,3993,train,train,PHOMOPSIS_LEAF_SPOT,PHOMOPSIS_LEAF_SPOT,27,True,False
DLD_FinalDataset_224_spit/train/PHOMOPSIS_LEAF_SPOT/to_label_3993.jpg,DLD_FinalDataset_224_spit/train/PHOMOPSIS_LEAF_SPOT/to_label_3994.jpg,3993,3994,train,train,PHOMOPSIS_LEAF_SPOT,PHOMOPSIS_LEAF_SPOT,32,True,False
DLD_FinalDataset_224_spit/train/PHOMOPSIS_LEAF_SPOT/to_label_3994.jpg,DLD_FinalDataset_224_spit/train/PHOMOPSIS_LEAF_SPOT/to_label_3995.jpg,3994,3995,train,train,PHOMOPSIS_LEAF_SPOT,PHOMOPSIS_LEAF_SPOT,42,True,False
DLD_FinalDataset_224_spit/train/PHOMOPSIS_LEAF_SPOT/to_label_3995.jpg,DLD_FinalDataset_224_spit/train/PHOMOPSIS_LEAF_SPOT/to_label_3996.jpg,3995,3996,train,train,PHOMOPSIS_LEAF_SPOT,PHOMOPSIS_LEAF_SPOT,32,True,False
DLD_FinalDataset_224_spit/train/PHOMOPSIS_LEAF_SPOT/to_label_3996.jpg,DLD_FinalDataset_224_spit/train/PHOMOPSIS_LEAF_SPOT/to_label_3997.jpg,3996,3997,train,train,PHOMOPSIS_LEAF_SPOT,PHOMOPSIS_LEAF_SPOT,30,True,False
DLD_FinalDataset_224_spit/train/PHOMOPSIS_LEAF_SPOT/to_label_3997.jpg,DLD_FinalDataset_224_spit/train/PHOMOPSIS_LEAF_SPOT/to_label_3998.jpg,3997,3998,train,train,PHOMOPSIS_LEAF_SPOT,PHOMOPSIS_LEAF_SPOT,28,True,False
DLD_FinalDataset_224_spit/train/PHOMOPSIS_LEAF_SPOT/to_label_3998.jpg,DLD_FinalDataset_224_spit/train/PHOMOPSIS_LEAF_SPOT/to_label_3999.jpg,3998,3999,train,train,PHOMOPSIS_LEAF_SPOT,PHOMOPSIS_LEAF_SPOT,23,True,False
DLD_FinalDataset_224_spit/train/PHOMOPSIS_LEAF_SPOT/to_label_3999.jpg,DLD_FinalDataset_224_spit/train/PHOMOPSIS_LEAF_SPOT/to_label_4000.jpg,3999,4000,train,train,PHOMOPSIS_LEAF_SPOT,PHOMOPSIS_LEAF_SPOT,18,True,False
DLD_FinalDataset_224_spit/train/PHOMOPSIS_LEAF_SPOT/to_label_4000.jpg,DLD_FinalDataset_224_spit/train/PHOMOPSIS_LEAF_SPOT/to_label_4001.jpg,4000,4001,train,train,PHOMOPSIS_LEAF_SPOT,PHOMOPSIS_LEAF_SPOT,28,True,False
DLD_FinalDataset_224_spit/train/PHOMOPSIS_LEAF_SPOT/to_label_4001.jpg,DLD_FinalDataset_224_spit/train/PHOMOPSIS_LEAF_SPOT/to_label_4002.jpg,4001,4002,train,train,PHOMOPSIS_LEAF_SPOT,PHOMOPSIS_LEAF_SPOT,34,True,False
DLD_FinalDataset_224_spit/train/PHOMOPSIS_LEAF_SPOT/to_label_4002.jpg,DLD_FinalDataset_224_spit/test/PHOMOPSIS_LEAF_SPOT/to_label_4003.jpg,4002,4003,train,test,PHOMOPSIS_LEAF_SPOT,PHOMOPSIS_LEAF_SPOT,33,True,True
DLD_FinalDataset_224_spit/test/PHOMOPSIS_LEAF_SPOT/to_label_4003.jpg,DLD_FinalDataset_224_spit/test/PHOMOPSIS_LEAF_SPOT/to_label_4004.jpg,4003,4004,test,test,PHOMOPSIS_LEAF_SPOT,PHOMOPSIS_LEAF_SPOT,30,True,False
DLD_FinalDataset_224_spit/test/PHOMOPSIS_LEAF_SPOT/to_label_4004.jpg,DLD_FinalDataset_224_spit/test/PHOMOPSIS_LEAF_SPOT/to_label_4005.jpg,4004,4005,test,test,PHOMOPSIS_LEAF_SPOT,PHOMOPSIS_LEAF_SPOT,31,True,False
DLD_FinalDataset_224_spit/test/PHOMOPSIS_LEAF_SPOT/to_label_4005.jpg,DLD_FinalDataset_224_spit/val/PHOMOPSIS_LEAF_SPOT/to_label_4006.jpg,4005,4006,test,val,PHOMOPSIS_LEAF_SPOT,PHOMOPSIS_LEAF_SPOT,32,True,True
DLD_FinalDataset_224_spit/val/PHOMOPSIS_LEAF_SPOT/to_label_4006.jpg,DLD_FinalDataset_224_spit/train/PHOMOPSIS_LEAF_SPOT/to_label_4007.jpg,4006,4007,val,train,PHOMOPSIS_LEAF_SPOT,PHOMOPSIS_LEAF_SPOT,33,True,True
DLD_FinalDataset_224_spit/train/PHOMOPSIS_LEAF_SPOT/to_label_4007.jpg,DLD_FinalDataset_224_spit/train/PHOMOPSIS_LEAF_SPOT/to_label_4008.jpg,4007,4008,train,train,PHOMOPSIS_LEAF_SPOT,PHOMOPSIS_LEAF_SPOT,34,True,False
DLD_FinalDataset_224_spit/train/PHOMOPSIS_LEAF_SPOT/to_label_4008.jpg,DLD_FinalDataset_224_spit/train/PHOMOPSIS_LEAF_SPOT/to_label_4009.jpg,4008,4009,train,train,PHOMOPSIS_LEAF_SPOT,PHOMOPSIS_LEAF_SPOT,34,True,False
DLD_FinalDataset_224_spit/train/PHOMOPSIS_LEAF_SPOT/to_label_4009.jpg,DLD_FinalDataset_224_spit/train/PHOMOPSIS_LEAF_SPOT/to_label_4010.jpg,4009,4010,train,train,PHOMOPSIS_LEAF_SPOT,PHOMOPSIS_LEAF_SPOT,29,True,False
DLD_FinalDataset_224_spit/train/PHOMOPSIS_LEAF_SPOT/to_label_4010.jpg,DLD_FinalDataset_224_spit/train/PHOMOPSIS_LEAF_SPOT/to_label_4011.jpg,4010,4011,train,train,PHOMOPSIS_LEAF_SPOT,PHOMOPSIS_LEAF_SPOT,36,True,False
DLD_FinalDataset_224_spit/train/PHOMOPSIS_LEAF_SPOT/to_label_4011.jpg,DLD_FinalDataset_224_spit/train/PHOMOPSIS_LEAF_SPOT/to_label_4012.jpg,4011,4012,train,train,PHOMOPSIS_LEAF_SPOT,PHOMOPSIS_LEAF_SPOT,34,True,False
DLD_FinalDataset_224_spit/train/PHOMOPSIS_LEAF_SPOT/to_label_4012.jpg,DLD_FinalDataset_224_spit/test/PHOMOPSIS_LEAF_SPOT/to_label_4013.jpg,4012,4013,train,test,PHOMOPSIS_LEAF_SPOT,PHOMOPSIS_LEAF_SPOT,35,True,True
DLD_FinalDataset_224_spit/test/PHOMOPSIS_LEAF_SPOT/to_label_4013.jpg,DLD_FinalDataset_224_spit/train/PHOMOPSIS_LEAF_SPOT/to_label_4014.jpg,4013,4014,test,train,PHOMOPSIS_LEAF_SPOT,PHOMOPSIS_LEAF_SPOT,26,True,True
DLD_FinalDataset_224_spit/train/PHOMOPSIS_LEAF_SPOT/to_label_4014.jpg,DLD_FinalDataset_224_spit/train/PHOMOPSIS_LEAF_SPOT/to_label_4015.jpg,4014,4015,train,train,PHOMOPSIS_LEAF_SPOT,PHOMOPSIS_LEAF_SPOT,34,True,False
DLD_FinalDataset_224_spit/train/PHOMOPSIS_LEAF_SPOT/to_label_4015.jpg,DLD_FinalDataset_224_spit/test/PHOMOPSIS_LEAF_SPOT/to_label_4016.jpg,4015,4016,train,test,PHOMOPSIS_LEAF_SPOT,PHOMOPSIS_LEAF_SPOT,24,True,True
DLD_FinalDataset_224_spit/test/PHOMOPSIS_LEAF_SPOT/to_label_4016.jpg,DLD_FinalDataset_224_spit/train/PHOMOPSIS_LEAF_SPOT/to_label_4017.jpg,4016,4017,test,train,PHOMOPSIS_LEAF_SPOT,PHOMOPSIS_LEAF_SPOT,33,True,True
DLD_FinalDataset_224_spit/train/PHOMOPSIS_LEAF_SPOT/to_label_4017.jpg,DLD_FinalDataset_224_spit/train/PHOMOPSIS_LEAF_SPOT/to_label_4018.jpg,4017,4018,train,train,PHOMOPSIS_LEAF_SPOT,PHOMOPSIS_LEAF_SPOT,31,True,False
DLD_FinalDataset_224_spit/train/PHOMOPSIS_LEAF_SPOT/to_label_4018.jpg,DLD_FinalDataset_224_spit/val/PHOMOPSIS_LEAF_SPOT/to_label_4019.jpg,4018,4019,train,val,PHOMOPSIS_LEAF_SPOT,PHOMOPSIS_LEAF_SPOT,31,True,True
DLD_FinalDataset_224_spit/val/PHOMOPSIS_LEAF_SPOT/to_label_4019.jpg,DLD_FinalDataset_224_spit/train/PHOMOPSIS_LEAF_SPOT/to_label_4020.jpg,4019,4020,val,train,PHOMOPSIS_LEAF_SPOT,PHOMOPSIS_LEAF_SPOT,33,True,True
DLD_FinalDataset_224_spit/train/PHOMOPSIS_LEAF_SPOT/to_label_4020.jpg,DLD_FinalDataset_224_spit/train/PHOMOPSIS_LEAF_SPOT/to_label_4021.jpg,4020,4021,train,train,PHOMOPSIS_LEAF_SPOT,PHOMOPSIS_LEAF_SPOT,38,True,False
DLD_FinalDataset_224_spit/train/PHOMOPSIS_LEAF_SPOT/to_label_4021.jpg,DLD_FinalDataset_224_spit/train/PHOMOPSIS_LEAF_SPOT/to_label_4022.jpg,4021,4022,train,train,PHOMOPSIS_LEAF_SPOT,PHOMOPSIS_LEAF_SPOT,40,True,False
DLD_FinalDataset_224_spit/train/PHOMOPSIS_LEAF_SPOT/to_label_4022.jpg,DLD_FinalDataset_224_spit/train/PHOMOPSIS_LEAF_SPOT/to_label_4023.jpg,4022,4023,train,train,PHOMOPSIS_LEAF_SPOT,PHOMOPSIS_LEAF_SPOT,42,True,False
DLD_FinalDataset_224_spit/train/PHOMOPSIS_LEAF_SPOT/to_label_4023.jpg,DLD_FinalDataset_224_spit/train/PHOMOPSIS_LEAF_SPOT/to_label_4024.jpg,4023,4024,train,train,PHOMOPSIS_LEAF_SPOT,PHOMOPSIS_LEAF_SPOT,28,True,False
DLD_FinalDataset_224_spit/train/PHOMOPSIS_LEAF_SPOT/to_label_4024.jpg,DLD_FinalDataset_224_spit/train/PHOMOPSIS_LEAF_SPOT/to_label_4025.jpg,4024,4025,train,train,PHOMOPSIS_LEAF_SPOT,PHOMOPSIS_LEAF_SPOT,31,True,False
DLD_FinalDataset_224_spit/train/PHOMOPSIS_LEAF_SPOT/to_label_4025.jpg,DLD_FinalDataset_224_spit/train/PHOMOPSIS_LEAF_SPOT/to_label_4026.jpg,4025,4026,train,train,PHOMOPSIS_LEAF_SPOT,PHOMOPSIS_LEAF_SPOT,29,True,False
DLD_FinalDataset_224_spit/train/PHOMOPSIS_LEAF_SPOT/to_label_4026.jpg,DLD_FinalDataset_224_spit/train/PHOMOPSIS_LEAF_SPOT/to_label_4027.jpg,4026,4027,train,train,PHOMOPSIS_LEAF_SPOT,PHOMOPSIS_LEAF_SPOT,36,True,False
DLD_FinalDataset_224_spit/train/PHOMOPSIS_LEAF_SPOT/to_label_4027.jpg,DLD_FinalDataset_224_spit/train/PHOMOPSIS_LEAF_SPOT/to_label_4028.jpg,4027,4028,train,train,PHOMOPSIS_LEAF_SPOT,PHOMOPSIS_LEAF_SPOT,26,True,False
DLD_FinalDataset_224_spit/train/PHOMOPSIS_LEAF_SPOT/to_label_4028.jpg,DLD_FinalDataset_224_spit/train/PHOMOPSIS_LEAF_SPOT/to_label_4029.jpg,4028,4029,train,train,PHOMOPSIS_LEAF_SPOT,PHOMOPSIS_LEAF_SPOT,33,True,False
DLD_FinalDataset_224_spit/train/PHOMOPSIS_LEAF_SPOT/to_label_4029.jpg,DLD_FinalDataset_224_spit/train/PHOMOPSIS_LEAF_SPOT/to_label_4030.jpg,4029,4030,train,train,PHOMOPSIS_LEAF_SPOT,PHOMOPSIS_LEAF_SPOT,32,True,False
DLD_FinalDataset_224_spit/train/PHOMOPSIS_LEAF_SPOT/to_label_4030.jpg,DLD_FinalDataset_224_spit/test/PHOMOPSIS_LEAF_SPOT/to_label_4031.jpg,4030,4031,train,test,PHOMOPSIS_LEAF_SPOT,PHOMOPSIS_LEAF_SPOT,36,True,True
DLD_FinalDataset_224_spit/test/PHOMOPSIS_LEAF_SPOT/to_label_4031.jpg,DLD_FinalDataset_224_spit/test/PHOMOPSIS_LEAF_SPOT/to_label_4032.jpg,4031,4032,test,test,PHOMOPSIS_LEAF_SPOT,PHOMOPSIS_LEAF_SPOT,32,True,False
DLD_FinalDataset_224_spit/test/PHOMOPSIS_LEAF_SPOT/to_label_4032.jpg,DLD_FinalDataset_224_spit/train/PHOMOPSIS_LEAF_SPOT/to_label_4033.jpg,4032,4033,test,train,PHOMOPSIS_LEAF_SPOT,PHOMOPSIS_LEAF_SPOT,30,True,True
DLD_FinalDataset_224_spit/train/PHOMOPSIS_LEAF_SPOT/to_label_4033.jpg,DLD_FinalDataset_224_spit/test/PHOMOPSIS_LEAF_SPOT/to_label_4034.jpg,4033,4034,train,test,PHOMOPSIS_LEAF_SPOT,PHOMOPSIS_LEAF_SPOT,33,True,True
DLD_FinalDataset_224_spit/test/PHOMOPSIS_LEAF_SPOT/to_label_4034.jpg,DLD_FinalDataset_224_spit/val/PHOMOPSIS_LEAF_SPOT/to_label_4035.jpg,4034,4035,test,val,PHOMOPSIS_LEAF_SPOT,PHOMOPSIS_LEAF_SPOT,39,True,True
DLD_FinalDataset_224_spit/val/PHOMOPSIS_LEAF_SPOT/to_label_4035.jpg,DLD_FinalDataset_224_spit/train/PHOMOPSIS_LEAF_SPOT/to_label_4036.jpg,4035,4036,val,train,PHOMOPSIS_LEAF_SPOT,PHOMOPSIS_LEAF_SPOT,27,True,True
DLD_FinalDataset_224_spit/train/PHOMOPSIS_LEAF_SPOT/to_label_4036.jpg,DLD_FinalDataset_224_spit/train/PHOMOPSIS_LEAF_SPOT/to_label_4037.jpg,4036,4037,train,train,PHOMOPSIS_LEAF_SPOT,PHOMOPSIS_LEAF_SPOT,24,True,False
DLD_FinalDataset_224_spit/train/PHOMOPSIS_LEAF_SPOT/to_label_4037.jpg,DLD_FinalDataset_224_spit/train/PHOMOPSIS_LEAF_SPOT/to_label_4038.jpg,4037,4038,train,train,PHOMOPSIS_LEAF_SPOT,PHOMOPSIS_LEAF_SPOT,35,True,False
DLD_FinalDataset_224_spit/train/PHOMOPSIS_LEAF_SPOT/to_label_4038.jpg,DLD_FinalDataset_224_spit/val/PHOMOPSIS_LEAF_SPOT/to_label_4039.jpg,4038,4039,train,val,PHOMOPSIS_LEAF_SPOT,PHOMOPSIS_LEAF_SPOT,41,True,True
DLD_FinalDataset_224_spit/val/PHOMOPSIS_LEAF_SPOT/to_label_4039.jpg,DLD_FinalDataset_224_spit/val/PHOMOPSIS_LEAF_SPOT/to_label_4040.jpg,4039,4040,val,val,PHOMOPSIS_LEAF_SPOT,PHOMOPSIS_LEAF_SPOT,32,True,False
DLD_FinalDataset_224_spit/val/PHOMOPSIS_LEAF_SPOT/to_label_4040.jpg,DLD_FinalDataset_224_spit/train/PHOMOPSIS_LEAF_SPOT/to_label_4041.jpg,4040,4041,val,train,PHOMOPSIS_LEAF_SPOT,PHOMOPSIS_LEAF_SPOT,30,True,True
DLD_FinalDataset_224_spit/train/PHOMOPSIS_LEAF_SPOT/to_label_4041.jpg,DLD_FinalDataset_224_spit/train/PHOMOPSIS_LEAF_SPOT/to_label_4042.jpg,4041,4042,train,train,PHOMOPSIS_LEAF_SPOT,PHOMOPSIS_LEAF_SPOT,34,True,False
DLD_FinalDataset_224_spit/train/PHOMOPSIS_LEAF_SPOT/to_label_4042.jpg,DLD_FinalDataset_224_spit/train/PHOMOPSIS_LEAF_SPOT/to_label_4043.jpg,4042,4043,train,train,PHOMOPSIS_LEAF_SPOT,PHOMOPSIS_LEAF_SPOT,34,True,False
DLD_FinalDataset_224_spit/train/PHOMOPSIS_LEAF_SPOT/to_label_4043.jpg,DLD_FinalDataset_224_spit/train/PHOMOPSIS_LEAF_SPOT/to_label_4044.jpg,4043,4044,train,train,PHOMOPSIS_LEAF_SPOT,PHOMOPSIS_LEAF_SPOT,24,True,False
DLD_FinalDataset_224_spit/train/PHOMOPSIS_LEAF_SPOT/to_label_4044.jpg,DLD_FinalDataset_224_spit/val/PHOMOPSIS_LEAF_SPOT/to_label_4045.jpg,4044,4045,train,val,PHOMOPSIS_LEAF_SPOT,PHOMOPSIS_LEAF_SPOT,33,True,True
DLD_FinalDataset_224_spit/val/PHOMOPSIS_LEAF_SPOT/to_label_4045.jpg,DLD_FinalDataset_224_spit/train/PHOMOPSIS_LEAF_SPOT/to_label_4046.jpg,4045,4046,val,train,PHOMOPSIS_LEAF_SPOT,PHOMOPSIS_LEAF_SPOT,33,True,True
DLD_FinalDataset_224_spit/train/PHOMOPSIS_LEAF_SPOT/to_label_4046.jpg,DLD_FinalDataset_224_spit/train/PHOMOPSIS_LEAF_SPOT/to_label_4047.jpg,4046,4047,train,train,PHOMOPSIS_LEAF_SPOT,PHOMOPSIS_LEAF_SPOT,27,True,False
DLD_FinalDataset_224_spit/train/PHOMOPSIS_LEAF_SPOT/to_label_4047.jpg,DLD_FinalDataset_224_spit/train/PHOMOPSIS_LEAF_SPOT/to_label_4048.jpg,4047,4048,train,train,PHOMOPSIS_LEAF_SPOT,PHOMOPSIS_LEAF_SPOT,29,True,False
DLD_FinalDataset_224_spit/train/PHOMOPSIS_LEAF_SPOT/to_label_4048.jpg,DLD_FinalDataset_224_spit/val/PHOMOPSIS_LEAF_SPOT/to_label_4049.jpg,4048,4049,train,val,PHOMOPSIS_LEAF_SPOT,PHOMOPSIS_LEAF_SPOT,24,True,True
DLD_FinalDataset_224_spit/val/PHOMOPSIS_LEAF_SPOT/to_label_4049.jpg,DLD_FinalDataset_224_spit/train/PHOMOPSIS_LEAF_SPOT/to_label_4050.jpg,4049,4050,val,train,PHOMOPSIS_LEAF_SPOT,PHOMOPSIS_LEAF_SPOT,29,True,True
DLD_FinalDataset_224_spit/train/PHOMOPSIS_LEAF_SPOT/to_label_4050.jpg,DLD_FinalDataset_224_spit/test/PHOMOPSIS_LEAF_SPOT/to_label_4051.jpg,4050,4051,train,test,PHOMOPSIS_LEAF_SPOT,PHOMOPSIS_LEAF_SPOT,29,True,True
DLD_FinalDataset_224_spit/test/PHOMOPSIS_LEAF_SPOT/to_label_4051.jpg,DLD_FinalDataset_224_spit/val/PHOMOPSIS_LEAF_SPOT/to_label_4052.jpg,4051,4052,test,val,PHOMOPSIS_LEAF_SPOT,PHOMOPSIS_LEAF_SPOT,30,True,True
DLD_FinalDataset_224_spit/val/PHOMOPSIS_LEAF_SPOT/to_label_4052.jpg,DLD_FinalDataset_224_spit/test/PHOMOPSIS_LEAF_SPOT/to_label_4053.jpg,4052,4053,val,test,PHOMOPSIS_LEAF_SPOT,PHOMOPSIS_LEAF_SPOT,36,True,True
DLD_FinalDataset_224_spit/test/PHOMOPSIS_LEAF_SPOT/to_label_4053.jpg,DLD_FinalDataset_224_spit/test/PHOMOPSIS_LEAF_SPOT/to_label_4054.jpg,4053,4054,test,test,PHOMOPSIS_LEAF_SPOT,PHOMOPSIS_LEAF_SPOT,30,True,False
DLD_FinalDataset_224_spit/test/PHOMOPSIS_LEAF_SPOT/to_label_4054.jpg,DLD_FinalDataset_224_spit/test/PHOMOPSIS_LEAF_SPOT/to_label_4055.jpg,4054,4055,test,test,PHOMOPSIS_LEAF_SPOT,PHOMOPSIS_LEAF_SPOT,32,True,False
DLD_FinalDataset_224_spit/test/PHOMOPSIS_LEAF_SPOT/to_label_4055.jpg,DLD_FinalDataset_224_spit/test/PHOMOPSIS_LEAF_SPOT/to_label_4056.jpg,4055,4056,test,test,PHOMOPSIS_LEAF_SPOT,PHOMOPSIS_LEAF_SPOT,31,True,False
DLD_FinalDataset_224_spit/test/PHOMOPSIS_LEAF_SPOT/to_label_4056.jpg,DLD_FinalDataset_224_spit/test/PHOMOPSIS_LEAF_SPOT/to_label_4057.jpg,4056,4057,test,test,PHOMOPSIS_LEAF_SPOT,PHOMOPSIS_LEAF_SPOT,35,True,False
DLD_FinalDataset_224_spit/test/PHOMOPSIS_LEAF_SPOT/to_label_4057.jpg,DLD_FinalDataset_224_spit/train/PHOMOPSIS_LEAF_SPOT/to_label_4058.jpg,4057,4058,test,train,PHOMOPSIS_LEAF_SPOT,PHOMOPSIS_LEAF_SPOT,34,True,True
DLD_FinalDataset_224_spit/train/PHOMOPSIS_LEAF_SPOT/to_label_4058.jpg,DLD_FinalDataset_224_spit/train/PHOMOPSIS_LEAF_SPOT/to_label_4059.jpg,4058,4059,train,train,PHOMOPSIS_LEAF_SPOT,PHOMOPSIS_LEAF_SPOT,30,True,False
DLD_FinalDataset_224_spit/train/PHOMOPSIS_LEAF_SPOT/to_label_4059.jpg,DLD_FinalDataset_224_spit/train/PHOMOPSIS_LEAF_SPOT/to_label_4060.jpg,4059,4060,train,train,PHOMOPSIS_LEAF_SPOT,PHOMOPSIS_LEAF_SPOT,28,True,False
DLD_FinalDataset_224_spit/train/PHOMOPSIS_LEAF_SPOT/to_label_4060.jpg,DLD_FinalDataset_224_spit/train/PHOMOPSIS_LEAF_SPOT/to_label_4061.jpg,4060,4061,train,train,PHOMOPSIS_LEAF_SPOT,PHOMOPSIS_LEAF_SPOT,34,True,False
DLD_FinalDataset_224_spit/train/PHOMOPSIS_LEAF_SPOT/to_label_4061.jpg,DLD_FinalDataset_224_spit/train/PHOMOPSIS_LEAF_SPOT/to_label_4062.jpg,4061,4062,train,train,PHOMOPSIS_LEAF_SPOT,PHOMOPSIS_LEAF_SPOT,38,True,False
DLD_FinalDataset_224_spit/train/PHOMOPSIS_LEAF_SPOT/to_label_4062.jpg,DLD_FinalDataset_224_spit/test/PHOMOPSIS_LEAF_SPOT/to_label_4063.jpg,4062,4063,train,test,PHOMOPSIS_LEAF_SPOT,PHOMOPSIS_LEAF_SPOT,33,True,True
DLD_FinalDataset_224_spit/test/PHOMOPSIS_LEAF_SPOT/to_label_4063.jpg,DLD_FinalDataset_224_spit/train/PHOMOPSIS_LEAF_SPOT/to_label_4064.jpg,4063,4064,test,train,PHOMOPSIS_LEAF_SPOT,PHOMOPSIS_LEAF_SPOT,31,True,True
DLD_FinalDataset_224_spit/train/PHOMOPSIS_LEAF_SPOT/to_label_4064.jpg,DLD_FinalDataset_224_spit/train/PHOMOPSIS_LEAF_SPOT/to_label_4065.jpg,4064,4065,train,train,PHOMOPSIS_LEAF_SPOT,PHOMOPSIS_LEAF_SPOT,36,True,False
DLD_FinalDataset_224_spit/train/PHOMOPSIS_LEAF_SPOT/to_label_4065.jpg,DLD_FinalDataset_224_spit/train/PHOMOPSIS_LEAF_SPOT/to_label_4066.jpg,4065,4066,train,train,PHOMOPSIS_LEAF_SPOT,PHOMOPSIS_LEAF_SPOT,32,True,False
DLD_FinalDataset_224_spit/train/PHOMOPSIS_LEAF_SPOT/to_label_4066.jpg,DLD_FinalDataset_224_spit/test/PHOMOPSIS_LEAF_SPOT/to_label_4067.jpg,4066,4067,train,test,PHOMOPSIS_LEAF_SPOT,PHOMOPSIS_LEAF_SPOT,29,True,True
DLD_FinalDataset_224_spit/test/PHOMOPSIS_LEAF_SPOT/to_label_4067.jpg,DLD_FinalDataset_224_spit/train/PHOMOPSIS_LEAF_SPOT/to_label_4068.jpg,4067,4068,test,train,PHOMOPSIS_LEAF_SPOT,PHOMOPSIS_LEAF_SPOT,34,True,True
DLD_FinalDataset_224_spit/train/PHOMOPSIS_LEAF_SPOT/to_label_4068.jpg,DLD_FinalDataset_224_spit/train/PHOMOPSIS_LEAF_SPOT/to_label_4069.jpg,4068,4069,train,train,PHOMOPSIS_LEAF_SPOT,PHOMOPSIS_LEAF_SPOT,35,True,False
DLD_FinalDataset_224_spit/train/PHOMOPSIS_LEAF_SPOT/to_label_4069.jpg,DLD_FinalDataset_224_spit/val/PHOMOPSIS_LEAF_SPOT/to_label_4070.jpg,4069,4070,train,val,PHOMOPSIS_LEAF_SPOT,PHOMOPSIS_LEAF_SPOT,29,True,True
DLD_FinalDataset_224_spit/val/PHOMOPSIS_LEAF_SPOT/to_label_4070.jpg,DLD_FinalDataset_224_spit/test/PHOMOPSIS_LEAF_SPOT/to_label_4071.jpg,4070,4071,val,test,PHOMOPSIS_LEAF_SPOT,PHOMOPSIS_LEAF_SPOT,28,True,True
DLD_FinalDataset_224_spit/test/PHOMOPSIS_LEAF_SPOT/to_label_4071.jpg,DLD_FinalDataset_224_spit/train/PHOMOPSIS_LEAF_SPOT/to_label_4072.jpg,4071,4072,test,train,PHOMOPSIS_LEAF_SPOT,PHOMOPSIS_LEAF_SPOT,27,True,True
DLD_FinalDataset_224_spit/train/PHOMOPSIS_LEAF_SPOT/to_label_4072.jpg,DLD_FinalDataset_224_spit/val/PHOMOPSIS_LEAF_SPOT/to_label_4073.jpg,4072,4073,train,val,PHOMOPSIS_LEAF_SPOT,PHOMOPSIS_LEAF_SPOT,32,True,True
DLD_FinalDataset_224_spit/val/PHOMOPSIS_LEAF_SPOT/to_label_4073.jpg,DLD_FinalDataset_224_spit/train/PHOMOPSIS_LEAF_SPOT/to_label_4074.jpg,4073,4074,val,train,PHOMOPSIS_LEAF_SPOT,PHOMOPSIS_LEAF_SPOT,32,True,True
DLD_FinalDataset_224_spit/train/PHOMOPSIS_LEAF_SPOT/to_label_4074.jpg,DLD_FinalDataset_224_spit/train/PHOMOPSIS_LEAF_SPOT/to_label_4075.jpg,4074,4075,train,train,PHOMOPSIS_LEAF_SPOT,PHOMOPSIS_LEAF_SPOT,40,True,False
DLD_FinalDataset_224_spit/train/PHOMOPSIS_LEAF_SPOT/to_label_4075.jpg,DLD_FinalDataset_224_spit/test/PHOMOPSIS_LEAF_SPOT/to_label_4076.jpg,4075,4076,train,test,PHOMOPSIS_LEAF_SPOT,PHOMOPSIS_LEAF_SPOT,32,True,True
DLD_FinalDataset_224_spit/test/PHOMOPSIS_LEAF_SPOT/to_label_4076.jpg,DLD_FinalDataset_224_spit/train/PHOMOPSIS_LEAF_SPOT/to_label_4077.jpg,4076,4077,test,train,PHOMOPSIS_LEAF_SPOT,PHOMOPSIS_LEAF_SPOT,24,True,True
DLD_FinalDataset_224_spit/train/PHOMOPSIS_LEAF_SPOT/to_label_4077.jpg,DLD_FinalDataset_224_spit/train/PHOMOPSIS_LEAF_SPOT/to_label_4078.jpg,4077,4078,train,train,PHOMOPSIS_LEAF_SPOT,PHOMOPSIS_LEAF_SPOT,27,True,False
DLD_FinalDataset_224_spit/train/PHOMOPSIS_LEAF_SPOT/to_label_4078.jpg,DLD_FinalDataset_224_spit/train/PHOMOPSIS_LEAF_SPOT/to_label_4079.jpg,4078,4079,train,train,PHOMOPSIS_LEAF_SPOT,PHOMOPSIS_LEAF_SPOT,30,True,False
DLD_FinalDataset_224_spit/train/PHOMOPSIS_LEAF_SPOT/to_label_4079.jpg,DLD_FinalDataset_224_spit/train/PHOMOPSIS_LEAF_SPOT/to_label_4080.jpg,4079,4080,train,train,PHOMOPSIS_LEAF_SPOT,PHOMOPSIS_LEAF_SPOT,35,True,False
DLD_FinalDataset_224_spit/train/PHOMOPSIS_LEAF_SPOT/to_label_4080.jpg,DLD_FinalDataset_224_spit/train/PHOMOPSIS_LEAF_SPOT/to_label_4081.jpg,4080,4081,train,train,PHOMOPSIS_LEAF_SPOT,PHOMOPSIS_LEAF_SPOT,24,True,False
DLD_FinalDataset_224_spit/train/PHOMOPSIS_LEAF_SPOT/to_label_4081.jpg,DLD_FinalDataset_224_spit/train/PHOMOPSIS_LEAF_SPOT/to_label_4082.jpg,4081,4082,train,train,PHOMOPSIS_LEAF_SPOT,PHOMOPSIS_LEAF_SPOT,31,True,False
DLD_FinalDataset_224_spit/train/PHOMOPSIS_LEAF_SPOT/to_label_4082.jpg,DLD_FinalDataset_224_spit/train/PHOMOPSIS_LEAF_SPOT/to_label_4083.jpg,4082,4083,train,train,PHOMOPSIS_LEAF_SPOT,PHOMOPSIS_LEAF_SPOT,37,True,False
DLD_FinalDataset_224_spit/train/PHOMOPSIS_LEAF_SPOT/to_label_4083.jpg,DLD_FinalDataset_224_spit/train/PHOMOPSIS_LEAF_SPOT/to_label_4084.jpg,4083,4084,train,train,PHOMOPSIS_LEAF_SPOT,PHOMOPSIS_LEAF_SPOT,30,True,False
DLD_FinalDataset_224_spit/train/PHOMOPSIS_LEAF_SPOT/to_label_4084.jpg,DLD_FinalDataset_224_spit/val/PHOMOPSIS_LEAF_SPOT/to_label_4085.jpg,4084,4085,train,val,PHOMOPSIS_LEAF_SPOT,PHOMOPSIS_LEAF_SPOT,37,True,True
DLD_FinalDataset_224_spit/val/PHOMOPSIS_LEAF_SPOT/to_label_4085.jpg,DLD_FinalDataset_224_spit/train/PHOMOPSIS_LEAF_SPOT/to_label_4086.jpg,4085,4086,val,train,PHOMOPSIS_LEAF_SPOT,PHOMOPSIS_LEAF_SPOT,35,True,True
DLD_FinalDataset_224_spit/train/PHOMOPSIS_LEAF_SPOT/to_label_4086.jpg,DLD_FinalDataset_224_spit/test/PHOMOPSIS_LEAF_SPOT/to_label_4087.jpg,4086,4087,train,test,PHOMOPSIS_LEAF_SPOT,PHOMOPSIS_LEAF_SPOT,22,True,True
DLD_FinalDataset_224_spit/test/PHOMOPSIS_LEAF_SPOT/to_label_4087.jpg,DLD_FinalDataset_224_spit/test/PHOMOPSIS_LEAF_SPOT/to_label_4088.jpg,4087,4088,test,test,PHOMOPSIS_LEAF_SPOT,PHOMOPSIS_LEAF_SPOT,23,True,False
DLD_FinalDataset_224_spit/test/PHOMOPSIS_LEAF_SPOT/to_label_4088.jpg,DLD_FinalDataset_224_spit/train/PHOMOPSIS_LEAF_SPOT/to_label_4089.jpg,4088,4089,test,train,PHOMOPSIS_LEAF_SPOT,PHOMOPSIS_LEAF_SPOT,30,True,True
DLD_FinalDataset_224_spit/train/PHOMOPSIS_LEAF_SPOT/to_label_4089.jpg,DLD_FinalDataset_224_spit/test/PHOMOPSIS_LEAF_SPOT/to_label_4090.jpg,4089,4090,train,test,PHOMOPSIS_LEAF_SPOT,PHOMOPSIS_LEAF_SPOT,32,True,True
DLD_FinalDataset_224_spit/test/PHOMOPSIS_LEAF_SPOT/to_label_4090.jpg,DLD_FinalDataset_224_spit/train/PHOMOPSIS_LEAF_SPOT/to_label_4091.jpg,4090,4091,test,train,PHOMOPSIS_LEAF_SPOT,PHOMOPSIS_LEAF_SPOT,26,True,True
DLD_FinalDataset_224_spit/train/PHOMOPSIS_LEAF_SPOT/to_label_4091.jpg,DLD_FinalDataset_224_spit/train/PHOMOPSIS_LEAF_SPOT/to_label_4092.jpg,4091,4092,train,train,PHOMOPSIS_LEAF_SPOT,PHOMOPSIS_LEAF_SPOT,25,True,False
DLD_FinalDataset_224_spit/train/PHOMOPSIS_LEAF_SPOT/to_label_4092.jpg,DLD_FinalDataset_224_spit/train/PHOMOPSIS_LEAF_SPOT/to_label_4093.jpg,4092,4093,train,train,PHOMOPSIS_LEAF_SPOT,PHOMOPSIS_LEAF_SPOT,27,True,False
DLD_FinalDataset_224_spit/train/PHOMOPSIS_LEAF_SPOT/to_label_4093.jpg,DLD_FinalDataset_224_spit/train/PHOMOPSIS_LEAF_SPOT/to_label_4094.jpg,4093,4094,train,train,PHOMOPSIS_LEAF_SPOT,PHOMOPSIS_LEAF_SPOT,35,True,False
DLD_FinalDataset_224_spit/train/PHOMOPSIS_LEAF_SPOT/to_label_4094.jpg,DLD_FinalDataset_224_spit/train/PHOMOPSIS_LEAF_SPOT/to_label_4095.jpg,4094,4095,train,train,PHOMOPSIS_LEAF_SPOT,PHOMOPSIS_LEAF_SPOT,41,True,False
DLD_FinalDataset_224_spit/train/PHOMOPSIS_LEAF_SPOT/to_label_4095.jpg,DLD_FinalDataset_224_spit/train/PHOMOPSIS_LEAF_SPOT/to_label_4096.jpg,4095,4096,train,train,PHOMOPSIS_LEAF_SPOT,PHOMOPSIS_LEAF_SPOT,26,True,False
DLD_FinalDataset_224_spit/train/PHOMOPSIS_LEAF_SPOT/to_label_4096.jpg,DLD_FinalDataset_224_spit/train/PHOMOPSIS_LEAF_SPOT/to_label_4097.jpg,4096,4097,train,train,PHOMOPSIS_LEAF_SPOT,PHOMOPSIS_LEAF_SPOT,34,True,False
DLD_FinalDataset_224_spit/train/PHOMOPSIS_LEAF_SPOT/to_label_4097.jpg,DLD_FinalDataset_224_spit/train/PHOMOPSIS_LEAF_SPOT/to_label_4098.jpg,4097,4098,train,train,PHOMOPSIS_LEAF_SPOT,PHOMOPSIS_LEAF_SPOT,33,True,False
DLD_FinalDataset_224_spit/train/PHOMOPSIS_LEAF_SPOT/to_label_4098.jpg,DLD_FinalDataset_224_spit/train/PHOMOPSIS_LEAF_SPOT/to_label_4099.jpg,4098,4099,train,train,PHOMOPSIS_LEAF_SPOT,PHOMOPSIS_LEAF_SPOT,27,True,False
DLD_FinalDataset_224_spit/train/PHOMOPSIS_LEAF_SPOT/to_label_4099.jpg,DLD_FinalDataset_224_spit/val/PHOMOPSIS_LEAF_SPOT/to_label_4100.jpg,4099,4100,train,val,PHOMOPSIS_LEAF_SPOT,PHOMOPSIS_LEAF_SPOT,33,True,True
DLD_FinalDataset_224_spit/val/PHOMOPSIS_LEAF_SPOT/to_label_4100.jpg,DLD_FinalDataset_224_spit/train/PHOMOPSIS_LEAF_SPOT/to_label_4101.jpg,4100,4101,val,train,PHOMOPSIS_LEAF_SPOT,PHOMOPSIS_LEAF_SPOT,25,True,True
DLD_FinalDataset_224_spit/train/PHOMOPSIS_LEAF_SPOT/to_label_4101.jpg,DLD_FinalDataset_224_spit/train/PHOMOPSIS_LEAF_SPOT/to_label_4102.jpg,4101,4102,train,train,PHOMOPSIS_LEAF_SPOT,PHOMOPSIS_LEAF_SPOT,43,True,False
DLD_FinalDataset_224_spit/train/PHOMOPSIS_LEAF_SPOT/to_label_4102.jpg,DLD_FinalDataset_224_spit/train/PHOMOPSIS_LEAF_SPOT/to_label_4103.jpg,4102,4103,train,train,PHOMOPSIS_LEAF_SPOT,PHOMOPSIS_LEAF_SPOT,29,True,False
DLD_FinalDataset_224_spit/train/PHOMOPSIS_LEAF_SPOT/to_label_4103.jpg,DLD_FinalDataset_224_spit/val/PHOMOPSIS_LEAF_SPOT/to_label_4104.jpg,4103,4104,train,val,PHOMOPSIS_LEAF_SPOT,PHOMOPSIS_LEAF_SPOT,30,True,True
DLD_FinalDataset_224_spit/val/PHOMOPSIS_LEAF_SPOT/to_label_4104.jpg,DLD_FinalDataset_224_spit/test/PHOMOPSIS_LEAF_SPOT/to_label_4105.jpg,4104,4105,val,test,PHOMOPSIS_LEAF_SPOT,PHOMOPSIS_LEAF_SPOT,30,True,True
DLD_FinalDataset_224_spit/test/PHOMOPSIS_LEAF_SPOT/to_label_4105.jpg,DLD_FinalDataset_224_spit/test/PHOMOPSIS_LEAF_SPOT/to_label_4106.jpg,4105,4106,test,test,PHOMOPSIS_LEAF_SPOT,PHOMOPSIS_LEAF_SPOT,31,True,False
DLD_FinalDataset_224_spit/test/PHOMOPSIS_LEAF_SPOT/to_label_4106.jpg,DLD_FinalDataset_224_spit/train/PHOMOPSIS_LEAF_SPOT/to_label_4107.jpg,4106,4107,test,train,PHOMOPSIS_LEAF_SPOT,PHOMOPSIS_LEAF_SPOT,24,True,True
DLD_FinalDataset_224_spit/train/PHOMOPSIS_LEAF_SPOT/to_label_4107.jpg,DLD_FinalDataset_224_spit/train/PHOMOPSIS_LEAF_SPOT/to_label_4108.jpg,4107,4108,train,train,PHOMOPSIS_LEAF_SPOT,PHOMOPSIS_LEAF_SPOT,29,True,False
DLD_FinalDataset_224_spit/train/PHOMOPSIS_LEAF_SPOT/to_label_4108.jpg,DLD_FinalDataset_224_spit/train/PHOMOPSIS_LEAF_SPOT/to_label_4109.jpg,4108,4109,train,train,PHOMOPSIS_LEAF_SPOT,PHOMOPSIS_LEAF_SPOT,33,True,False
DLD_FinalDataset_224_spit/train/PHOMOPSIS_LEAF_SPOT/to_label_4109.jpg,DLD_FinalDataset_224_spit/test/PHOMOPSIS_LEAF_SPOT/to_label_4110.jpg,4109,4110,train,test,PHOMOPSIS_LEAF_SPOT,PHOMOPSIS_LEAF_SPOT,30,True,True
DLD_FinalDataset_224_spit/test/PHOMOPSIS_LEAF_SPOT/to_label_4110.jpg,DLD_FinalDataset_224_spit/train/PHOMOPSIS_LEAF_SPOT/to_label_4111.jpg,4110,4111,test,train,PHOMOPSIS_LEAF_SPOT,PHOMOPSIS_LEAF_SPOT,28,True,True
DLD_FinalDataset_224_spit/train/PHOMOPSIS_LEAF_SPOT/to_label_4111.jpg,DLD_FinalDataset_224_spit/train/PHOMOPSIS_LEAF_SPOT/to_label_4112.jpg,4111,4112,train,train,PHOMOPSIS_LEAF_SPOT,PHOMOPSIS_LEAF_SPOT,30,True,False
DLD_FinalDataset_224_spit/train/PHOMOPSIS_LEAF_SPOT/to_label_4112.jpg,DLD_FinalDataset_224_spit/train/PHOMOPSIS_LEAF_SPOT/to_label_4113.jpg,4112,4113,train,train,PHOMOPSIS_LEAF_SPOT,PHOMOPSIS_LEAF_SPOT,27,True,False
DLD_FinalDataset_224_spit/train/PHOMOPSIS_LEAF_SPOT/to_label_4113.jpg,DLD_FinalDataset_224_spit/train/PHOMOPSIS_LEAF_SPOT/to_label_4114.jpg,4113,4114,train,train,PHOMOPSIS_LEAF_SPOT,PHOMOPSIS_LEAF_SPOT,33,True,False
DLD_FinalDataset_224_spit/train/PHOMOPSIS_LEAF_SPOT/to_label_4114.jpg,DLD_FinalDataset_224_spit/train/PHOMOPSIS_LEAF_SPOT/to_label_4115.jpg,4114,4115,train,train,PHOMOPSIS_LEAF_SPOT,PHOMOPSIS_LEAF_SPOT,25,True,False
DLD_FinalDataset_224_spit/train/PHOMOPSIS_LEAF_SPOT/to_label_4115.jpg,DLD_FinalDataset_224_spit/train/PHOMOPSIS_LEAF_SPOT/to_label_4116.jpg,4115,4116,train,train,PHOMOPSIS_LEAF_SPOT,PHOMOPSIS_LEAF_SPOT,34,True,False
DLD_FinalDataset_224_spit/train/PHOMOPSIS_LEAF_SPOT/to_label_4116.jpg,DLD_FinalDataset_224_spit/test/PHOMOPSIS_LEAF_SPOT/to_label_4117.jpg,4116,4117,train,test,PHOMOPSIS_LEAF_SPOT,PHOMOPSIS_LEAF_SPOT,31,True,True
DLD_FinalDataset_224_spit/test/PHOMOPSIS_LEAF_SPOT/to_label_4117.jpg,DLD_FinalDataset_224_spit/train/PHOMOPSIS_LEAF_SPOT/to_label_4118.jpg,4117,4118,test,train,PHOMOPSIS_LEAF_SPOT,PHOMOPSIS_LEAF_SPOT,25,True,True
DLD_FinalDataset_224_spit/train/PHOMOPSIS_LEAF_SPOT/to_label_4118.jpg,DLD_FinalDataset_224_spit/train/PHOMOPSIS_LEAF_SPOT/to_label_4119.jpg,4118,4119,train,train,PHOMOPSIS_LEAF_SPOT,PHOMOPSIS_LEAF_SPOT,33,True,False
DLD_FinalDataset_224_spit/train/PHOMOPSIS_LEAF_SPOT/to_label_4119.jpg,DLD_FinalDataset_224_spit/test/PHOMOPSIS_LEAF_SPOT/to_label_4120.jpg,4119,4120,train,test,PHOMOPSIS_LEAF_SPOT,PHOMOPSIS_LEAF_SPOT,31,True,True
DLD_FinalDataset_224_spit/test/PHOMOPSIS_LEAF_SPOT/to_label_4120.jpg,DLD_FinalDataset_224_spit/train/PHOMOPSIS_LEAF_SPOT/to_label_4121.jpg,4120,4121,test,train,PHOMOPSIS_LEAF_SPOT,PHOMOPSIS_LEAF_SPOT,40,True,True
DLD_FinalDataset_224_spit/train/PHOMOPSIS_LEAF_SPOT/to_label_4121.jpg,DLD_FinalDataset_224_spit/test/PHOMOPSIS_LEAF_SPOT/to_label_4122.jpg,4121,4122,train,test,PHOMOPSIS_LEAF_SPOT,PHOMOPSIS_LEAF_SPOT,35,True,True
DLD_FinalDataset_224_spit/test/PHOMOPSIS_LEAF_SPOT/to_label_4122.jpg,DLD_FinalDataset_224_spit/train/PHOMOPSIS_LEAF_SPOT/to_label_4123.jpg,4122,4123,test,train,PHOMOPSIS_LEAF_SPOT,PHOMOPSIS_LEAF_SPOT,28,True,True
DLD_FinalDataset_224_spit/train/PHOMOPSIS_LEAF_SPOT/to_label_4123.jpg,DLD_FinalDataset_224_spit/test/PHOMOPSIS_LEAF_SPOT/to_label_4124.jpg,4123,4124,train,test,PHOMOPSIS_LEAF_SPOT,PHOMOPSIS_LEAF_SPOT,35,True,True
DLD_FinalDataset_224_spit/test/PHOMOPSIS_LEAF_SPOT/to_label_4124.jpg,DLD_FinalDataset_224_spit/train/PHOMOPSIS_LEAF_SPOT/to_label_4125.jpg,4124,4125,test,train,PHOMOPSIS_LEAF_SPOT,PHOMOPSIS_LEAF_SPOT,31,True,True
DLD_FinalDataset_224_spit/train/PHOMOPSIS_LEAF_SPOT/to_label_4125.jpg,DLD_FinalDataset_224_spit/train/PHOMOPSIS_LEAF_SPOT/to_label_4126.jpg,4125,4126,train,train,PHOMOPSIS_LEAF_SPOT,PHOMOPSIS_LEAF_SPOT,31,True,False
DLD_FinalDataset_224_spit/train/PHOMOPSIS_LEAF_SPOT/to_label_4126.jpg,DLD_FinalDataset_224_spit/train/PHOMOPSIS_LEAF_SPOT/to_label_4127.jpg,4126,4127,train,train,PHOMOPSIS_LEAF_SPOT,PHOMOPSIS_LEAF_SPOT,35,True,False
DLD_FinalDataset_224_spit/train/PHOMOPSIS_LEAF_SPOT/to_label_4127.jpg,DLD_FinalDataset_224_spit/train/PHOMOPSIS_LEAF_SPOT/to_label_4128.jpg,4127,4128,train,train,PHOMOPSIS_LEAF_SPOT,PHOMOPSIS_LEAF_SPOT,25,True,False
DLD_FinalDataset_224_spit/train/PHOMOPSIS_LEAF_SPOT/to_label_4128.jpg,DLD_FinalDataset_224_spit/train/PHOMOPSIS_LEAF_SPOT/to_label_4129.jpg,4128,4129,train,train,PHOMOPSIS_LEAF_SPOT,PHOMOPSIS_LEAF_SPOT,37,True,False
DLD_FinalDataset_224_spit/train/PHOMOPSIS_LEAF_SPOT/to_label_4129.jpg,DLD_FinalDataset_224_spit/test/PHOMOPSIS_LEAF_SPOT/to_label_4130.jpg,4129,4130,train,test,PHOMOPSIS_LEAF_SPOT,PHOMOPSIS_LEAF_SPOT,29,True,True
DLD_FinalDataset_224_spit/test/PHOMOPSIS_LEAF_SPOT/to_label_4130.jpg,DLD_FinalDataset_224_spit/train/PHOMOPSIS_LEAF_SPOT/to_label_4131.jpg,4130,4131,test,train,PHOMOPSIS_LEAF_SPOT,PHOMOPSIS_LEAF_SPOT,27,True,True
DLD_FinalDataset_224_spit/train/PHOMOPSIS_LEAF_SPOT/to_label_4131.jpg,DLD_FinalDataset_224_spit/train/PHOMOPSIS_LEAF_SPOT/to_label_4132.jpg,4131,4132,train,train,PHOMOPSIS_LEAF_SPOT,PHOMOPSIS_LEAF_SPOT,26,True,False
DLD_FinalDataset_224_spit/train/PHOMOPSIS_LEAF_SPOT/to_label_4132.jpg,DLD_FinalDataset_224_spit/train/PHOMOPSIS_LEAF_SPOT/to_label_4133.jpg,4132,4133,train,train,PHOMOPSIS_LEAF_SPOT,PHOMOPSIS_LEAF_SPOT,32,True,False
DLD_FinalDataset_224_spit/train/PHOMOPSIS_LEAF_SPOT/to_label_4133.jpg,DLD_FinalDataset_224_spit/train/PHOMOPSIS_LEAF_SPOT/to_label_4134.jpg,4133,4134,train,train,PHOMOPSIS_LEAF_SPOT,PHOMOPSIS_LEAF_SPOT,37,True,False
DLD_FinalDataset_224_spit/train/PHOMOPSIS_LEAF_SPOT/to_label_4134.jpg,DLD_FinalDataset_224_spit/train/PHOMOPSIS_LEAF_SPOT/to_label_4135.jpg,4134,4135,train,train,PHOMOPSIS_LEAF_SPOT,PHOMOPSIS_LEAF_SPOT,29,True,False
DLD_FinalDataset_224_spit/train/PHOMOPSIS_LEAF_SPOT/to_label_4135.jpg,DLD_FinalDataset_224_spit/val/PHOMOPSIS_LEAF_SPOT/to_label_4136.jpg,4135,4136,train,val,PHOMOPSIS_LEAF_SPOT,PHOMOPSIS_LEAF_SPOT,36,True,True
DLD_FinalDataset_224_spit/val/PHOMOPSIS_LEAF_SPOT/to_label_4136.jpg,DLD_FinalDataset_224_spit/val/PHOMOPSIS_LEAF_SPOT/to_label_4137.jpg,4136,4137,val,val,PHOMOPSIS_LEAF_SPOT,PHOMOPSIS_LEAF_SPOT,27,True,False
DLD_FinalDataset_224_spit/val/PHOMOPSIS_LEAF_SPOT/to_label_4137.jpg,DLD_FinalDataset_224_spit/train/PHOMOPSIS_LEAF_SPOT/to_label_4138.jpg,4137,4138,val,train,PHOMOPSIS_LEAF_SPOT,PHOMOPSIS_LEAF_SPOT,32,True,True
DLD_FinalDataset_224_spit/train/PHOMOPSIS_LEAF_SPOT/to_label_4138.jpg,DLD_FinalDataset_224_spit/test/PHOMOPSIS_LEAF_SPOT/to_label_4139.jpg,4138,4139,train,test,PHOMOPSIS_LEAF_SPOT,PHOMOPSIS_LEAF_SPOT,27,True,True
DLD_FinalDataset_224_spit/test/PHOMOPSIS_LEAF_SPOT/to_label_4139.jpg,DLD_FinalDataset_224_spit/train/PHOMOPSIS_LEAF_SPOT/to_label_4140.jpg,4139,4140,test,train,PHOMOPSIS_LEAF_SPOT,PHOMOPSIS_LEAF_SPOT,32,True,True
DLD_FinalDataset_224_spit/train/PHOMOPSIS_LEAF_SPOT/to_label_4140.jpg,DLD_FinalDataset_224_spit/test/PHOMOPSIS_LEAF_SPOT/to_label_4141.jpg,4140,4141,train,test,PHOMOPSIS_LEAF_SPOT,PHOMOPSIS_LEAF_SPOT,25,True,True
DLD_FinalDataset_224_spit/test/PHOMOPSIS_LEAF_SPOT/to_label_4141.jpg,DLD_FinalDataset_224_spit/train/PHOMOPSIS_LEAF_SPOT/to_label_4142.jpg,4141,4142,test,train,PHOMOPSIS_LEAF_SPOT,PHOMOPSIS_LEAF_SPOT,30,True,True
DLD_FinalDataset_224_spit/train/PHOMOPSIS_LEAF_SPOT/to_label_4142.jpg,DLD_FinalDataset_224_spit/train/PHOMOPSIS_LEAF_SPOT/to_label_4143.jpg,4142,4143,train,train,PHOMOPSIS_LEAF_SPOT,PHOMOPSIS_LEAF_SPOT,30,True,False
DLD_FinalDataset_224_spit/train/PHOMOPSIS_LEAF_SPOT/to_label_4143.jpg,DLD_FinalDataset_224_spit/train/PHOMOPSIS_LEAF_SPOT/to_label_4144.jpg,4143,4144,train,train,PHOMOPSIS_LEAF_SPOT,PHOMOPSIS_LEAF_SPOT,24,True,False
DLD_FinalDataset_224_spit/train/PHOMOPSIS_LEAF_SPOT/to_label_4144.jpg,DLD_FinalDataset_224_spit/train/PHOMOPSIS_LEAF_SPOT/to_label_4145.jpg,4144,4145,train,train,PHOMOPSIS_LEAF_SPOT,PHOMOPSIS_LEAF_SPOT,38,True,False
DLD_FinalDataset_224_spit/train/PHOMOPSIS_LEAF_SPOT/to_label_4145.jpg,DLD_FinalDataset_224_spit/test/PHOMOPSIS_LEAF_SPOT/to_label_4146.jpg,4145,4146,train,test,PHOMOPSIS_LEAF_SPOT,PHOMOPSIS_LEAF_SPOT,34,True,True
DLD_FinalDataset_224_spit/test/PHOMOPSIS_LEAF_SPOT/to_label_4146.jpg,DLD_FinalDataset_224_spit/train/PHOMOPSIS_LEAF_SPOT/to_label_4147.jpg,4146,4147,test,train,PHOMOPSIS_LEAF_SPOT,PHOMOPSIS_LEAF_SPOT,35,True,True
DLD_FinalDataset_224_spit/train/PHOMOPSIS_LEAF_SPOT/to_label_4147.jpg,DLD_FinalDataset_224_spit/train/PHOMOPSIS_LEAF_SPOT/to_label_4148.jpg,4147,4148,train,train,PHOMOPSIS_LEAF_SPOT,PHOMOPSIS_LEAF_SPOT,37,True,False
DLD_FinalDataset_224_spit/train/PHOMOPSIS_LEAF_SPOT/to_label_4148.jpg,DLD_FinalDataset_224_spit/test/PHOMOPSIS_LEAF_SPOT/to_label_4149.jpg,4148,4149,train,test,PHOMOPSIS_LEAF_SPOT,PHOMOPSIS_LEAF_SPOT,31,True,True
DLD_FinalDataset_224_spit/test/PHOMOPSIS_LEAF_SPOT/to_label_4149.jpg,DLD_FinalDataset_224_spit/train/PHOMOPSIS_LEAF_SPOT/to_label_4150.jpg,4149,4150,test,train,PHOMOPSIS_LEAF_SPOT,PHOMOPSIS_LEAF_SPOT,31,True,True
DLD_FinalDataset_224_spit/train/PHOMOPSIS_LEAF_SPOT/to_label_4150.jpg,DLD_FinalDataset_224_spit/train/PHOMOPSIS_LEAF_SPOT/to_label_4151.jpg,4150,4151,train,train,PHOMOPSIS_LEAF_SPOT,PHOMOPSIS_LEAF_SPOT,33,True,False
DLD_FinalDataset_224_spit/train/PHOMOPSIS_LEAF_SPOT/to_label_4151.jpg,DLD_FinalDataset_224_spit/val/PHOMOPSIS_LEAF_SPOT/to_label_4152.jpg,4151,4152,train,val,PHOMOPSIS_LEAF_SPOT,PHOMOPSIS_LEAF_SPOT,24,True,True
DLD_FinalDataset_224_spit/val/PHOMOPSIS_LEAF_SPOT/to_label_4152.jpg,DLD_FinalDataset_224_spit/test/PHOMOPSIS_LEAF_SPOT/to_label_4153.jpg,4152,4153,val,test,PHOMOPSIS_LEAF_SPOT,PHOMOPSIS_LEAF_SPOT,25,True,True
DLD_FinalDataset_224_spit/test/PHOMOPSIS_LEAF_SPOT/to_label_4153.jpg,DLD_FinalDataset_224_spit/train/PHOMOPSIS_LEAF_SPOT/to_label_4154.jpg,4153,4154,test,train,PHOMOPSIS_LEAF_SPOT,PHOMOPSIS_LEAF_SPOT,26,True,True
DLD_FinalDataset_224_spit/train/PHOMOPSIS_LEAF_SPOT/to_label_4154.jpg,DLD_FinalDataset_224_spit/val/PHOMOPSIS_LEAF_SPOT/to_label_4155.jpg,4154,4155,train,val,PHOMOPSIS_LEAF_SPOT,PHOMOPSIS_LEAF_SPOT,26,True,True
DLD_FinalDataset_224_spit/val/PHOMOPSIS_LEAF_SPOT/to_label_4155.jpg,DLD_FinalDataset_224_spit/val/PHOMOPSIS_LEAF_SPOT/to_label_4156.jpg,4155,4156,val,val,PHOMOPSIS_LEAF_SPOT,PHOMOPSIS_LEAF_SPOT,33,True,False
DLD_FinalDataset_224_spit/val/PHOMOPSIS_LEAF_SPOT/to_label_4156.jpg,DLD_FinalDataset_224_spit/train/PHOMOPSIS_LEAF_SPOT/to_label_4157.jpg,4156,4157,val,train,PHOMOPSIS_LEAF_SPOT,PHOMOPSIS_LEAF_SPOT,30,True,True
DLD_FinalDataset_224_spit/train/PHOMOPSIS_LEAF_SPOT/to_label_4157.jpg,DLD_FinalDataset_224_spit/test/PHOMOPSIS_LEAF_SPOT/to_label_4158.jpg,4157,4158,train,test,PHOMOPSIS_LEAF_SPOT,PHOMOPSIS_LEAF_SPOT,29,True,True
DLD_FinalDataset_224_spit/test/PHOMOPSIS_LEAF_SPOT/to_label_4158.jpg,DLD_FinalDataset_224_spit/test/PHOMOPSIS_LEAF_SPOT/to_label_4159.jpg,4158,4159,test,test,PHOMOPSIS_LEAF_SPOT,PHOMOPSIS_LEAF_SPOT,27,True,False
DLD_FinalDataset_224_spit/test/PHOMOPSIS_LEAF_SPOT/to_label_4159.jpg,DLD_FinalDataset_224_spit/train/PHOMOPSIS_LEAF_SPOT/to_label_4160.jpg,4159,4160,test,train,PHOMOPSIS_LEAF_SPOT,PHOMOPSIS_LEAF_SPOT,29,True,True
DLD_FinalDataset_224_spit/train/PHOMOPSIS_LEAF_SPOT/to_label_4160.jpg,DLD_FinalDataset_224_spit/train/PHOMOPSIS_LEAF_SPOT/to_label_4161.jpg,4160,4161,train,train,PHOMOPSIS_LEAF_SPOT,PHOMOPSIS_LEAF_SPOT,38,True,False
DLD_FinalDataset_224_spit/train/PHOMOPSIS_LEAF_SPOT/to_label_4161.jpg,DLD_FinalDataset_224_spit/train/PHOMOPSIS_LEAF_SPOT/to_label_4162.jpg,4161,4162,train,train,PHOMOPSIS_LEAF_SPOT,PHOMOPSIS_LEAF_SPOT,34,True,False
DLD_FinalDataset_224_spit/train/PHOMOPSIS_LEAF_SPOT/to_label_4162.jpg,DLD_FinalDataset_224_spit/train/PHOMOPSIS_LEAF_SPOT/to_label_4163.jpg,4162,4163,train,train,PHOMOPSIS_LEAF_SPOT,PHOMOPSIS_LEAF_SPOT,33,True,False
DLD_FinalDataset_224_spit/train/PHOMOPSIS_LEAF_SPOT/to_label_4163.jpg,DLD_FinalDataset_224_spit/train/PHOMOPSIS_LEAF_SPOT/to_label_4164.jpg,4163,4164,train,train,PHOMOPSIS_LEAF_SPOT,PHOMOPSIS_LEAF_SPOT,31,True,False
DLD_FinalDataset_224_spit/train/PHOMOPSIS_LEAF_SPOT/to_label_4164.jpg,DLD_FinalDataset_224_spit/train/PHOMOPSIS_LEAF_SPOT/to_label_4165.jpg,4164,4165,train,train,PHOMOPSIS_LEAF_SPOT,PHOMOPSIS_LEAF_SPOT,33,True,False
DLD_FinalDataset_224_spit/train/PHOMOPSIS_LEAF_SPOT/to_label_4165.jpg,DLD_FinalDataset_224_spit/train/PHOMOPSIS_LEAF_SPOT/to_label_4166.jpg,4165,4166,train,train,PHOMOPSIS_LEAF_SPOT,PHOMOPSIS_LEAF_SPOT,36,True,False
DLD_FinalDataset_224_spit/train/PHOMOPSIS_LEAF_SPOT/to_label_4166.jpg,DLD_FinalDataset_224_spit/train/PHOMOPSIS_LEAF_SPOT/to_label_4167.jpg,4166,4167,train,train,PHOMOPSIS_LEAF_SPOT,PHOMOPSIS_LEAF_SPOT,36,True,False
DLD_FinalDataset_224_spit/train/PHOMOPSIS_LEAF_SPOT/to_label_4167.jpg,DLD_FinalDataset_224_spit/test/PHOMOPSIS_LEAF_SPOT/to_label_4168.jpg,4167,4168,train,test,PHOMOPSIS_LEAF_SPOT,PHOMOPSIS_LEAF_SPOT,33,True,True
DLD_FinalDataset_224_spit/test/PHOMOPSIS_LEAF_SPOT/to_label_4168.jpg,DLD_FinalDataset_224_spit/train/PHOMOPSIS_LEAF_SPOT/to_label_4169.jpg,4168,4169,test,train,PHOMOPSIS_LEAF_SPOT,PHOMOPSIS_LEAF_SPOT,33,True,True
DLD_FinalDataset_224_spit/train/PHOMOPSIS_LEAF_SPOT/to_label_4169.jpg,DLD_FinalDataset_224_spit/test/PHOMOPSIS_LEAF_SPOT/to_label_4170.jpg,4169,4170,train,test,PHOMOPSIS_LEAF_SPOT,PHOMOPSIS_LEAF_SPOT,29,True,True
DLD_FinalDataset_224_spit/test/PHOMOPSIS_LEAF_SPOT/to_label_4170.jpg,DLD_FinalDataset_224_spit/train/PHOMOPSIS_LEAF_SPOT/to_label_4171.jpg,4170,4171,test,train,PHOMOPSIS_LEAF_SPOT,PHOMOPSIS_LEAF_SPOT,33,True,True
DLD_FinalDataset_224_spit/train/PHOMOPSIS_LEAF_SPOT/to_label_4171.jpg,DLD_FinalDataset_224_spit/train/PHOMOPSIS_LEAF_SPOT/to_label_4172.jpg,4171,4172,train,train,PHOMOPSIS_LEAF_SPOT,PHOMOPSIS_LEAF_SPOT,41,True,False
DLD_FinalDataset_224_spit/train/PHOMOPSIS_LEAF_SPOT/to_label_4172.jpg,DLD_FinalDataset_224_spit/train/PHOMOPSIS_LEAF_SPOT/to_label_4173.jpg,4172,4173,train,train,PHOMOPSIS_LEAF_SPOT,PHOMOPSIS_LEAF_SPOT,36,True,False
DLD_FinalDataset_224_spit/train/PHOMOPSIS_LEAF_SPOT/to_label_4173.jpg,DLD_FinalDataset_224_spit/val/PHOMOPSIS_LEAF_SPOT/to_label_4174.jpg,4173,4174,train,val,PHOMOPSIS_LEAF_SPOT,PHOMOPSIS_LEAF_SPOT,33,True,True
DLD_FinalDataset_224_spit/val/PHOMOPSIS_LEAF_SPOT/to_label_4174.jpg,DLD_FinalDataset_224_spit/test/PHOMOPSIS_LEAF_SPOT/to_label_4175.jpg,4174,4175,val,test,PHOMOPSIS_LEAF_SPOT,PHOMOPSIS_LEAF_SPOT,25,True,True
DLD_FinalDataset_224_spit/test/PHOMOPSIS_LEAF_SPOT/to_label_4175.jpg,DLD_FinalDataset_224_spit/train/PHOMOPSIS_LEAF_SPOT/to_label_4176.jpg,4175,4176,test,train,PHOMOPSIS_LEAF_SPOT,PHOMOPSIS_LEAF_SPOT,39,True,True
DLD_FinalDataset_224_spit/train/PHOMOPSIS_LEAF_SPOT/to_label_4176.jpg,DLD_FinalDataset_224_spit/test/PHOMOPSIS_LEAF_SPOT/to_label_4177.jpg,4176,4177,train,test,PHOMOPSIS_LEAF_SPOT,PHOMOPSIS_LEAF_SPOT,39,True,True
DLD_FinalDataset_224_spit/test/PHOMOPSIS_LEAF_SPOT/to_label_4177.jpg,DLD_FinalDataset_224_spit/train/PHOMOPSIS_LEAF_SPOT/to_label_4178.jpg,4177,4178,test,train,PHOMOPSIS_LEAF_SPOT,PHOMOPSIS_LEAF_SPOT,31,True,True
DLD_FinalDataset_224_spit/train/PHOMOPSIS_LEAF_SPOT/to_label_4178.jpg,DLD_FinalDataset_224_spit/train/PHOMOPSIS_LEAF_SPOT/to_label_4179.jpg,4178,4179,train,train,PHOMOPSIS_LEAF_SPOT,PHOMOPSIS_LEAF_SPOT,35,True,False
DLD_FinalDataset_224_spit/train/PHOMOPSIS_LEAF_SPOT/to_label_4179.jpg,DLD_FinalDataset_224_spit/train/PHOMOPSIS_LEAF_SPOT/to_label_4180.jpg,4179,4180,train,train,PHOMOPSIS_LEAF_SPOT,PHOMOPSIS_LEAF_SPOT,38,True,False
DLD_FinalDataset_224_spit/train/PHOMOPSIS_LEAF_SPOT/to_label_4180.jpg,DLD_FinalDataset_224_spit/test/PHOMOPSIS_LEAF_SPOT/to_label_4181.jpg,4180,4181,train,test,PHOMOPSIS_LEAF_SPOT,PHOMOPSIS_LEAF_SPOT,31,True,True
DLD_FinalDataset_224_spit/test/PHOMOPSIS_LEAF_SPOT/to_label_4181.jpg,DLD_FinalDataset_224_spit/train/PHOMOPSIS_LEAF_SPOT/to_label_4182.jpg,4181,4182,test,train,PHOMOPSIS_LEAF_SPOT,PHOMOPSIS_LEAF_SPOT,31,True,True
DLD_FinalDataset_224_spit/train/PHOMOPSIS_LEAF_SPOT/to_label_4182.jpg,DLD_FinalDataset_224_spit/train/PHOMOPSIS_LEAF_SPOT/to_label_4183.jpg,4182,4183,train,train,PHOMOPSIS_LEAF_SPOT,PHOMOPSIS_LEAF_SPOT,31,True,False
DLD_FinalDataset_224_spit/train/PHOMOPSIS_LEAF_SPOT/to_label_4183.jpg,DLD_FinalDataset_224_spit/train/PHOMOPSIS_LEAF_SPOT/to_label_4184.jpg,4183,4184,train,train,PHOMOPSIS_LEAF_SPOT,PHOMOPSIS_LEAF_SPOT,35,True,False
DLD_FinalDataset_224_spit/train/PHOMOPSIS_LEAF_SPOT/to_label_4184.jpg,DLD_FinalDataset_224_spit/train/PHOMOPSIS_LEAF_SPOT/to_label_4185.jpg,4184,4185,train,train,PHOMOPSIS_LEAF_SPOT,PHOMOPSIS_LEAF_SPOT,23,True,False
DLD_FinalDataset_224_spit/train/PHOMOPSIS_LEAF_SPOT/to_label_4185.jpg,DLD_FinalDataset_224_spit/train/PHOMOPSIS_LEAF_SPOT/to_label_4186.jpg,4185,4186,train,train,PHOMOPSIS_LEAF_SPOT,PHOMOPSIS_LEAF_SPOT,32,True,False
DLD_FinalDataset_224_spit/train/PHOMOPSIS_LEAF_SPOT/to_label_4186.jpg,DLD_FinalDataset_224_spit/train/PHOMOPSIS_LEAF_SPOT/to_label_4187.jpg,4186,4187,train,train,PHOMOPSIS_LEAF_SPOT,PHOMOPSIS_LEAF_SPOT,30,True,False
DLD_FinalDataset_224_spit/train/PHOMOPSIS_LEAF_SPOT/to_label_4187.jpg,DLD_FinalDataset_224_spit/train/PHOMOPSIS_LEAF_SPOT/to_label_4188.jpg,4187,4188,train,train,PHOMOPSIS_LEAF_SPOT,PHOMOPSIS_LEAF_SPOT,31,True,False
DLD_FinalDataset_224_spit/train/PHOMOPSIS_LEAF_SPOT/to_label_4188.jpg,DLD_FinalDataset_224_spit/train/PHOMOPSIS_LEAF_SPOT/to_label_4189.jpg,4188,4189,train,train,PHOMOPSIS_LEAF_SPOT,PHOMOPSIS_LEAF_SPOT,37,True,False
DLD_FinalDataset_224_spit/train/PHOMOPSIS_LEAF_SPOT/to_label_4189.jpg,DLD_FinalDataset_224_spit/train/PHOMOPSIS_LEAF_SPOT/to_label_4190.jpg,4189,4190,train,train,PHOMOPSIS_LEAF_SPOT,PHOMOPSIS_LEAF_SPOT,29,True,False
DLD_FinalDataset_224_spit/train/PHOMOPSIS_LEAF_SPOT/to_label_4190.jpg,DLD_FinalDataset_224_spit/train/PHOMOPSIS_LEAF_SPOT/to_label_4191.jpg,4190,4191,train,train,PHOMOPSIS_LEAF_SPOT,PHOMOPSIS_LEAF_SPOT,32,True,False
DLD_FinalDataset_224_spit/train/PHOMOPSIS_LEAF_SPOT/to_label_4191.jpg,DLD_FinalDataset_224_spit/test/PHOMOPSIS_LEAF_SPOT/to_label_4192.jpg,4191,4192,train,test,PHOMOPSIS_LEAF_SPOT,PHOMOPSIS_LEAF_SPOT,35,True,True
DLD_FinalDataset_224_spit/test/PHOMOPSIS_LEAF_SPOT/to_label_4192.jpg,DLD_FinalDataset_224_spit/val/PHOMOPSIS_LEAF_SPOT/to_label_4193.jpg,4192,4193,test,val,PHOMOPSIS_LEAF_SPOT,PHOMOPSIS_LEAF_SPOT,30,True,True
DLD_FinalDataset_224_spit/val/PHOMOPSIS_LEAF_SPOT/to_label_4193.jpg,DLD_FinalDataset_224_spit/train/PHOMOPSIS_LEAF_SPOT/to_label_4194.jpg,4193,4194,val,train,PHOMOPSIS_LEAF_SPOT,PHOMOPSIS_LEAF_SPOT,30,True,True
DLD_FinalDataset_224_spit/train/PHOMOPSIS_LEAF_SPOT/to_label_4194.jpg,DLD_FinalDataset_224_spit/test/PHOMOPSIS_LEAF_SPOT/to_label_4195.jpg,4194,4195,train,test,PHOMOPSIS_LEAF_SPOT,PHOMOPSIS_LEAF_SPOT,30,True,True
DLD_FinalDataset_224_spit/test/PHOMOPSIS_LEAF_SPOT/to_label_4195.jpg,DLD_FinalDataset_224_spit/train/PHOMOPSIS_LEAF_SPOT/to_label_4196.jpg,4195,4196,test,train,PHOMOPSIS_LEAF_SPOT,PHOMOPSIS_LEAF_SPOT,29,True,True
DLD_FinalDataset_224_spit/train/PHOMOPSIS_LEAF_SPOT/to_label_4196.jpg,DLD_FinalDataset_224_spit/train/PHOMOPSIS_LEAF_SPOT/to_label_4197.jpg,4196,4197,train,train,PHOMOPSIS_LEAF_SPOT,PHOMOPSIS_LEAF_SPOT,33,True,False
DLD_FinalDataset_224_spit/train/PHOMOPSIS_LEAF_SPOT/to_label_4197.jpg,DLD_FinalDataset_224_spit/test/PHOMOPSIS_LEAF_SPOT/to_label_4198.jpg,4197,4198,train,test,PHOMOPSIS_LEAF_SPOT,PHOMOPSIS_LEAF_SPOT,27,True,True
DLD_FinalDataset_224_spit/test/PHOMOPSIS_LEAF_SPOT/to_label_4198.jpg,DLD_FinalDataset_224_spit/test/PHOMOPSIS_LEAF_SPOT/to_label_4199.jpg,4198,4199,test,test,PHOMOPSIS_LEAF_SPOT,PHOMOPSIS_LEAF_SPOT,30,True,False
DLD_FinalDataset_224_spit/test/PHOMOPSIS_LEAF_SPOT/to_label_4199.jpg,DLD_FinalDataset_224_spit/train/PHOMOPSIS_LEAF_SPOT/to_label_4200.jpg,4199,4200,test,train,PHOMOPSIS_LEAF_SPOT,PHOMOPSIS_LEAF_SPOT,33,True,True
DLD_FinalDataset_224_spit/train/PHOMOPSIS_LEAF_SPOT/to_label_4200.jpg,DLD_FinalDataset_224_spit/train/PHOMOPSIS_LEAF_SPOT/to_label_4201.jpg,4200,4201,train,train,PHOMOPSIS_LEAF_SPOT,PHOMOPSIS_LEAF_SPOT,35,True,False
DLD_FinalDataset_224_spit/train/PHOMOPSIS_LEAF_SPOT/to_label_4201.jpg,DLD_FinalDataset_224_spit/train/PHOMOPSIS_LEAF_SPOT/to_label_4202.jpg,4201,4202,train,train,PHOMOPSIS_LEAF_SPOT,PHOMOPSIS_LEAF_SPOT,33,True,False
DLD_FinalDataset_224_spit/train/PHOMOPSIS_LEAF_SPOT/to_label_4202.jpg,DLD_FinalDataset_224_spit/train/PHOMOPSIS_LEAF_SPOT/to_label_4203.jpg,4202,4203,train,train,PHOMOPSIS_LEAF_SPOT,PHOMOPSIS_LEAF_SPOT,34,True,False
DLD_FinalDataset_224_spit/train/PHOMOPSIS_LEAF_SPOT/to_label_4203.jpg,DLD_FinalDataset_224_spit/val/PHOMOPSIS_LEAF_SPOT/to_label_4204.jpg,4203,4204,train,val,PHOMOPSIS_LEAF_SPOT,PHOMOPSIS_LEAF_SPOT,27,True,True
DLD_FinalDataset_224_spit/val/PHOMOPSIS_LEAF_SPOT/to_label_4204.jpg,DLD_FinalDataset_224_spit/test/PHOMOPSIS_LEAF_SPOT/to_label_4205.jpg,4204,4205,val,test,PHOMOPSIS_LEAF_SPOT,PHOMOPSIS_LEAF_SPOT,38,True,True
DLD_FinalDataset_224_spit/test/PHOMOPSIS_LEAF_SPOT/to_label_4205.jpg,DLD_FinalDataset_224_spit/train/PHOMOPSIS_LEAF_SPOT/to_label_4206.jpg,4205,4206,test,train,PHOMOPSIS_LEAF_SPOT,PHOMOPSIS_LEAF_SPOT,35,True,True
DLD_FinalDataset_224_spit/train/PHOMOPSIS_LEAF_SPOT/to_label_4206.jpg,DLD_FinalDataset_224_spit/train/PHOMOPSIS_LEAF_SPOT/to_label_4207.jpg,4206,4207,train,train,PHOMOPSIS_LEAF_SPOT,PHOMOPSIS_LEAF_SPOT,31,True,False
DLD_FinalDataset_224_spit/train/PHOMOPSIS_LEAF_SPOT/to_label_4207.jpg,DLD_FinalDataset_224_spit/test/PHOMOPSIS_LEAF_SPOT/to_label_4208.jpg,4207,4208,train,test,PHOMOPSIS_LEAF_SPOT,PHOMOPSIS_LEAF_SPOT,22,True,True
DLD_FinalDataset_224_spit/test/PHOMOPSIS_LEAF_SPOT/to_label_4208.jpg,DLD_FinalDataset_224_spit/train/PHOMOPSIS_LEAF_SPOT/to_label_4209.jpg,4208,4209,test,train,PHOMOPSIS_LEAF_SPOT,PHOMOPSIS_LEAF_SPOT,27,True,True
DLD_FinalDataset_224_spit/train/PHOMOPSIS_LEAF_SPOT/to_label_4209.jpg,DLD_FinalDataset_224_spit/train/PHOMOPSIS_LEAF_SPOT/to_label_4210.jpg,4209,4210,train,train,PHOMOPSIS_LEAF_SPOT,PHOMOPSIS_LEAF_SPOT,28,True,False
DLD_FinalDataset_224_spit/train/PHOMOPSIS_LEAF_SPOT/to_label_4210.jpg,DLD_FinalDataset_224_spit/test/PHOMOPSIS_LEAF_SPOT/to_label_4211.jpg,4210,4211,train,test,PHOMOPSIS_LEAF_SPOT,PHOMOPSIS_LEAF_SPOT,24,True,True
DLD_FinalDataset_224_spit/test/PHOMOPSIS_LEAF_SPOT/to_label_4211.jpg,DLD_FinalDataset_224_spit/val/PHOMOPSIS_LEAF_SPOT/to_label_4212.jpg,4211,4212,test,val,PHOMOPSIS_LEAF_SPOT,PHOMOPSIS_LEAF_SPOT,35,True,True
DLD_FinalDataset_224_spit/val/PHOMOPSIS_LEAF_SPOT/to_label_4212.jpg,DLD_FinalDataset_224_spit/test/PHOMOPSIS_LEAF_SPOT/to_label_4213.jpg,4212,4213,val,test,PHOMOPSIS_LEAF_SPOT,PHOMOPSIS_LEAF_SPOT,26,True,True
DLD_FinalDataset_224_spit/test/PHOMOPSIS_LEAF_SPOT/to_label_4213.jpg,DLD_FinalDataset_224_spit/train/PHOMOPSIS_LEAF_SPOT/to_label_4214.jpg,4213,4214,test,train,PHOMOPSIS_LEAF_SPOT,PHOMOPSIS_LEAF_SPOT,36,True,True
DLD_FinalDataset_224_spit/train/PHOMOPSIS_LEAF_SPOT/to_label_4214.jpg,DLD_FinalDataset_224_spit/train/PHOMOPSIS_LEAF_SPOT/to_label_4215.jpg,4214,4215,train,train,PHOMOPSIS_LEAF_SPOT,PHOMOPSIS_LEAF_SPOT,27,True,False
DLD_FinalDataset_224_spit/train/PHOMOPSIS_LEAF_SPOT/to_label_4215.jpg,DLD_FinalDataset_224_spit/train/PHOMOPSIS_LEAF_SPOT/to_label_4216.jpg,4215,4216,train,train,PHOMOPSIS_LEAF_SPOT,PHOMOPSIS_LEAF_SPOT,23,True,False
DLD_FinalDataset_224_spit/train/PHOMOPSIS_LEAF_SPOT/to_label_4216.jpg,DLD_FinalDataset_224_spit/train/PHOMOPSIS_LEAF_SPOT/to_label_4217.jpg,4216,4217,train,train,PHOMOPSIS_LEAF_SPOT,PHOMOPSIS_LEAF_SPOT,21,True,False
DLD_FinalDataset_224_spit/train/PHOMOPSIS_LEAF_SPOT/to_label_4217.jpg,DLD_FinalDataset_224_spit/val/PHOMOPSIS_LEAF_SPOT/to_label_4218.jpg,4217,4218,train,val,PHOMOPSIS_LEAF_SPOT,PHOMOPSIS_LEAF_SPOT,22,True,True
DLD_FinalDataset_224_spit/val/PHOMOPSIS_LEAF_SPOT/to_label_4218.jpg,DLD_FinalDataset_224_spit/train/PHOMOPSIS_LEAF_SPOT/to_label_4219.jpg,4218,4219,val,train,PHOMOPSIS_LEAF_SPOT,PHOMOPSIS_LEAF_SPOT,33,True,True
DLD_FinalDataset_224_spit/train/PHOMOPSIS_LEAF_SPOT/to_label_4219.jpg,DLD_FinalDataset_224_spit/train/PHOMOPSIS_LEAF_SPOT/to_label_4220.jpg,4219,4220,train,train,PHOMOPSIS_LEAF_SPOT,PHOMOPSIS_LEAF_SPOT,35,True,False
DLD_FinalDataset_224_spit/train/PHOMOPSIS_LEAF_SPOT/to_label_4220.jpg,DLD_FinalDataset_224_spit/train/PHOMOPSIS_LEAF_SPOT/to_label_4221.jpg,4220,4221,train,train,PHOMOPSIS_LEAF_SPOT,PHOMOPSIS_LEAF_SPOT,37,True,False
DLD_FinalDataset_224_spit/train/PHOMOPSIS_LEAF_SPOT/to_label_4221.jpg,DLD_FinalDataset_224_spit/train/PHOMOPSIS_LEAF_SPOT/to_label_4222.jpg,4221,4222,train,train,PHOMOPSIS_LEAF_SPOT,PHOMOPSIS_LEAF_SPOT,29,True,False
DLD_FinalDataset_224_spit/train/PHOMOPSIS_LEAF_SPOT/to_label_4222.jpg,DLD_FinalDataset_224_spit/train/PHOMOPSIS_LEAF_SPOT/to_label_4223.jpg,4222,4223,train,train,PHOMOPSIS_LEAF_SPOT,PHOMOPSIS_LEAF_SPOT,24,True,False
DLD_FinalDataset_224_spit/train/PHOMOPSIS_LEAF_SPOT/to_label_4223.jpg,DLD_FinalDataset_224_spit/val/PHOMOPSIS_LEAF_SPOT/to_label_4224.jpg,4223,4224,train,val,PHOMOPSIS_LEAF_SPOT,PHOMOPSIS_LEAF_SPOT,24,True,True
DLD_FinalDataset_224_spit/val/PHOMOPSIS_LEAF_SPOT/to_label_4224.jpg,DLD_FinalDataset_224_spit/test/PHOMOPSIS_LEAF_SPOT/to_label_4225.jpg,4224,4225,val,test,PHOMOPSIS_LEAF_SPOT,PHOMOPSIS_LEAF_SPOT,33,True,True
DLD_FinalDataset_224_spit/test/PHOMOPSIS_LEAF_SPOT/to_label_4225.jpg,DLD_FinalDataset_224_spit/train/PHOMOPSIS_LEAF_SPOT/to_label_4226.jpg,4225,4226,test,train,PHOMOPSIS_LEAF_SPOT,PHOMOPSIS_LEAF_SPOT,36,True,True
DLD_FinalDataset_224_spit/train/PHOMOPSIS_LEAF_SPOT/to_label_4226.jpg,DLD_FinalDataset_224_spit/train/PHOMOPSIS_LEAF_SPOT/to_label_4227.jpg,4226,4227,train,train,PHOMOPSIS_LEAF_SPOT,PHOMOPSIS_LEAF_SPOT,33,True,False
DLD_FinalDataset_224_spit/train/PHOMOPSIS_LEAF_SPOT/to_label_4227.jpg,DLD_FinalDataset_224_spit/train/PHOMOPSIS_LEAF_SPOT/to_label_4228.jpg,4227,4228,train,train,PHOMOPSIS_LEAF_SPOT,PHOMOPSIS_LEAF_SPOT,46,True,False
DLD_FinalDataset_224_spit/train/PHOMOPSIS_LEAF_SPOT/to_label_4228.jpg,DLD_FinalDataset_224_spit/train/PHOMOPSIS_LEAF_SPOT/to_label_4229.jpg,4228,4229,train,train,PHOMOPSIS_LEAF_SPOT,PHOMOPSIS_LEAF_SPOT,38,True,False
DLD_FinalDataset_224_spit/train/PHOMOPSIS_LEAF_SPOT/to_label_4229.jpg,DLD_FinalDataset_224_spit/train/PHOMOPSIS_LEAF_SPOT/to_label_4230.jpg,4229,4230,train,train,PHOMOPSIS_LEAF_SPOT,PHOMOPSIS_LEAF_SPOT,31,True,False
DLD_FinalDataset_224_spit/train/PHOMOPSIS_LEAF_SPOT/to_label_4230.jpg,DLD_FinalDataset_224_spit/train/PHOMOPSIS_LEAF_SPOT/to_label_4231.jpg,4230,4231,train,train,PHOMOPSIS_LEAF_SPOT,PHOMOPSIS_LEAF_SPOT,38,True,False
DLD_FinalDataset_224_spit/train/PHOMOPSIS_LEAF_SPOT/to_label_4231.jpg,DLD_FinalDataset_224_spit/train/PHOMOPSIS_LEAF_SPOT/to_label_4232.jpg,4231,4232,train,train,PHOMOPSIS_LEAF_SPOT,PHOMOPSIS_LEAF_SPOT,34,True,False
DLD_FinalDataset_224_spit/train/PHOMOPSIS_LEAF_SPOT/to_label_4232.jpg,DLD_FinalDataset_224_spit/train/PHOMOPSIS_LEAF_SPOT/to_label_4233.jpg,4232,4233,train,train,PHOMOPSIS_LEAF_SPOT,PHOMOPSIS_LEAF_SPOT,33,True,False
DLD_FinalDataset_224_spit/train/PHOMOPSIS_LEAF_SPOT/to_label_4233.jpg,DLD_FinalDataset_224_spit/val/PHOMOPSIS_LEAF_SPOT/to_label_4234.jpg,4233,4234,train,val,PHOMOPSIS_LEAF_SPOT,PHOMOPSIS_LEAF_SPOT,31,True,True
DLD_FinalDataset_224_spit/val/PHOMOPSIS_LEAF_SPOT/to_label_4234.jpg,DLD_FinalDataset_224_spit/train/PHOMOPSIS_LEAF_SPOT/to_label_4235.jpg,4234,4235,val,train,PHOMOPSIS_LEAF_SPOT,PHOMOPSIS_LEAF_SPOT,30,True,True
DLD_FinalDataset_224_spit/train/PHOMOPSIS_LEAF_SPOT/to_label_4235.jpg,DLD_FinalDataset_224_spit/train/PHOMOPSIS_LEAF_SPOT/to_label_4236.jpg,4235,4236,train,train,PHOMOPSIS_LEAF_SPOT,PHOMOPSIS_LEAF_SPOT,26,True,False
DLD_FinalDataset_224_spit/train/PHOMOPSIS_LEAF_SPOT/to_label_4236.jpg,DLD_FinalDataset_224_spit/train/PHOMOPSIS_LEAF_SPOT/to_label_4237.jpg,4236,4237,train,train,PHOMOPSIS_LEAF_SPOT,PHOMOPSIS_LEAF_SPOT,31,True,False
DLD_FinalDataset_224_spit/train/PHOMOPSIS_LEAF_SPOT/to_label_4237.jpg,DLD_FinalDataset_224_spit/val/PHOMOPSIS_LEAF_SPOT/to_label_4238.jpg,4237,4238,train,val,PHOMOPSIS_LEAF_SPOT,PHOMOPSIS_LEAF_SPOT,30,True,True
DLD_FinalDataset_224_spit/val/PHOMOPSIS_LEAF_SPOT/to_label_4238.jpg,DLD_FinalDataset_224_spit/test/PHOMOPSIS_LEAF_SPOT/to_label_4239.jpg,4238,4239,val,test,PHOMOPSIS_LEAF_SPOT,PHOMOPSIS_LEAF_SPOT,33,True,True
DLD_FinalDataset_224_spit/test/PHOMOPSIS_LEAF_SPOT/to_label_4239.jpg,DLD_FinalDataset_224_spit/val/PHOMOPSIS_LEAF_SPOT/to_label_4240.jpg,4239,4240,test,val,PHOMOPSIS_LEAF_SPOT,PHOMOPSIS_LEAF_SPOT,33,True,True
DLD_FinalDataset_224_spit/val/PHOMOPSIS_LEAF_SPOT/to_label_4240.jpg,DLD_FinalDataset_224_spit/test/PHOMOPSIS_LEAF_SPOT/to_label_4241.jpg,4240,4241,val,test,PHOMOPSIS_LEAF_SPOT,PHOMOPSIS_LEAF_SPOT,30,True,True
DLD_FinalDataset_224_spit/test/PHOMOPSIS_LEAF_SPOT/to_label_4241.jpg,DLD_FinalDataset_224_spit/train/PHOMOPSIS_LEAF_SPOT/to_label_4242.jpg,4241,4242,test,train,PHOMOPSIS_LEAF_SPOT,PHOMOPSIS_LEAF_SPOT,33,True,True
DLD_FinalDataset_224_spit/train/PHOMOPSIS_LEAF_SPOT/to_label_4242.jpg,DLD_FinalDataset_224_spit/train/PHOMOPSIS_LEAF_SPOT/to_label_4243.jpg,4242,4243,train,train,PHOMOPSIS_LEAF_SPOT,PHOMOPSIS_LEAF_SPOT,36,True,False
DLD_FinalDataset_224_spit/train/PHOMOPSIS_LEAF_SPOT/to_label_4243.jpg,DLD_FinalDataset_224_spit/train/PHOMOPSIS_LEAF_SPOT/to_label_4244.jpg,4243,4244,train,train,PHOMOPSIS_LEAF_SPOT,PHOMOPSIS_LEAF_SPOT,29,True,False
DLD_FinalDataset_224_spit/train/PHOMOPSIS_LEAF_SPOT/to_label_4244.jpg,DLD_FinalDataset_224_spit/train/PHOMOPSIS_LEAF_SPOT/to_label_4245.jpg,4244,4245,train,train,PHOMOPSIS_LEAF_SPOT,PHOMOPSIS_LEAF_SPOT,32,True,False
DLD_FinalDataset_224_spit/train/PHOMOPSIS_LEAF_SPOT/to_label_4245.jpg,DLD_FinalDataset_224_spit/val/PHOMOPSIS_LEAF_SPOT/to_label_4246.jpg,4245,4246,train,val,PHOMOPSIS_LEAF_SPOT,PHOMOPSIS_LEAF_SPOT,32,True,True
DLD_FinalDataset_224_spit/val/PHOMOPSIS_LEAF_SPOT/to_label_4246.jpg,DLD_FinalDataset_224_spit/train/PHOMOPSIS_LEAF_SPOT/to_label_4247.jpg,4246,4247,val,train,PHOMOPSIS_LEAF_SPOT,PHOMOPSIS_LEAF_SPOT,29,True,True
DLD_FinalDataset_224_spit/train/PHOMOPSIS_LEAF_SPOT/to_label_4247.jpg,DLD_FinalDataset_224_spit/train/PHOMOPSIS_LEAF_SPOT/to_label_4248.jpg,4247,4248,train,train,PHOMOPSIS_LEAF_SPOT,PHOMOPSIS_LEAF_SPOT,31,True,False
DLD_FinalDataset_224_spit/train/PHOMOPSIS_LEAF_SPOT/to_label_4248.jpg,DLD_FinalDataset_224_spit/train/PHOMOPSIS_LEAF_SPOT/to_label_4249.jpg,4248,4249,train,train,PHOMOPSIS_LEAF_SPOT,PHOMOPSIS_LEAF_SPOT,23,True,False
DLD_FinalDataset_224_spit/train/PHOMOPSIS_LEAF_SPOT/to_label_4249.jpg,DLD_FinalDataset_224_spit/train/PHOMOPSIS_LEAF_SPOT/to_label_4250.jpg,4249,4250,train,train,PHOMOPSIS_LEAF_SPOT,PHOMOPSIS_LEAF_SPOT,25,True,False
DLD_FinalDataset_224_spit/train/PHOMOPSIS_LEAF_SPOT/to_label_4250.jpg,DLD_FinalDataset_224_spit/val/PHOMOPSIS_LEAF_SPOT/to_label_4251.jpg,4250,4251,train,val,PHOMOPSIS_LEAF_SPOT,PHOMOPSIS_LEAF_SPOT,36,True,True
DLD_FinalDataset_224_spit/val/PHOMOPSIS_LEAF_SPOT/to_label_4251.jpg,DLD_FinalDataset_224_spit/train/PHOMOPSIS_LEAF_SPOT/to_label_4252.jpg,4251,4252,val,train,PHOMOPSIS_LEAF_SPOT,PHOMOPSIS_LEAF_SPOT,30,True,True
DLD_FinalDataset_224_spit/train/PHOMOPSIS_LEAF_SPOT/to_label_4252.jpg,DLD_FinalDataset_224_spit/train/PHOMOPSIS_LEAF_SPOT/to_label_4253.jpg,4252,4253,train,train,PHOMOPSIS_LEAF_SPOT,PHOMOPSIS_LEAF_SPOT,36,True,False
DLD_FinalDataset_224_spit/train/PHOMOPSIS_LEAF_SPOT/to_label_4253.jpg,DLD_FinalDataset_224_spit/train/PHOMOPSIS_LEAF_SPOT/to_label_4254.jpg,4253,4254,train,train,PHOMOPSIS_LEAF_SPOT,PHOMOPSIS_LEAF_SPOT,25,True,False
DLD_FinalDataset_224_spit/train/PHOMOPSIS_LEAF_SPOT/to_label_4254.jpg,DLD_FinalDataset_224_spit/train/PHOMOPSIS_LEAF_SPOT/to_label_4255.jpg,4254,4255,train,train,PHOMOPSIS_LEAF_SPOT,PHOMOPSIS_LEAF_SPOT,31,True,False
DLD_FinalDataset_224_spit/train/PHOMOPSIS_LEAF_SPOT/to_label_4255.jpg,DLD_FinalDataset_224_spit/train/PHOMOPSIS_LEAF_SPOT/to_label_4256.jpg,4255,4256,train,train,PHOMOPSIS_LEAF_SPOT,PHOMOPSIS_LEAF_SPOT,32,True,False
DLD_FinalDataset_224_spit/train/PHOMOPSIS_LEAF_SPOT/to_label_4256.jpg,DLD_FinalDataset_224_spit/val/PHOMOPSIS_LEAF_SPOT/to_label_4257.jpg,4256,4257,train,val,PHOMOPSIS_LEAF_SPOT,PHOMOPSIS_LEAF_SPOT,19,True,True
DLD_FinalDataset_224_spit/val/PHOMOPSIS_LEAF_SPOT/to_label_4257.jpg,DLD_FinalDataset_224_spit/train/PHOMOPSIS_LEAF_SPOT/to_label_4258.jpg,4257,4258,val,train,PHOMOPSIS_LEAF_SPOT,PHOMOPSIS_LEAF_SPOT,43,True,True
DLD_FinalDataset_224_spit/train/PHOMOPSIS_LEAF_SPOT/to_label_4258.jpg,DLD_FinalDataset_224_spit/train/PHOMOPSIS_LEAF_SPOT/to_label_4259.jpg,4258,4259,train,train,PHOMOPSIS_LEAF_SPOT,PHOMOPSIS_LEAF_SPOT,36,True,False
DLD_FinalDataset_224_spit/train/PHOMOPSIS_LEAF_SPOT/to_label_4259.jpg,DLD_FinalDataset_224_spit/train/PHOMOPSIS_LEAF_SPOT/to_label_4260.jpg,4259,4260,train,train,PHOMOPSIS_LEAF_SPOT,PHOMOPSIS_LEAF_SPOT,35,True,False
DLD_FinalDataset_224_spit/train/PHOMOPSIS_LEAF_SPOT/to_label_4260.jpg,DLD_FinalDataset_224_spit/val/PHOMOPSIS_LEAF_SPOT/to_label_4261.jpg,4260,4261,train,val,PHOMOPSIS_LEAF_SPOT,PHOMOPSIS_LEAF_SPOT,32,True,True
DLD_FinalDataset_224_spit/val/PHOMOPSIS_LEAF_SPOT/to_label_4261.jpg,DLD_FinalDataset_224_spit/train/PHOMOPSIS_LEAF_SPOT/to_label_4262.jpg,4261,4262,val,train,PHOMOPSIS_LEAF_SPOT,PHOMOPSIS_LEAF_SPOT,33,True,True
DLD_FinalDataset_224_spit/train/PHOMOPSIS_LEAF_SPOT/to_label_4262.jpg,DLD_FinalDataset_224_spit/train/PHOMOPSIS_LEAF_SPOT/to_label_4263.jpg,4262,4263,train,train,PHOMOPSIS_LEAF_SPOT,PHOMOPSIS_LEAF_SPOT,24,True,False
DLD_FinalDataset_224_spit/train/PHOMOPSIS_LEAF_SPOT/to_label_4263.jpg,DLD_FinalDataset_224_spit/train/PHOMOPSIS_LEAF_SPOT/to_label_4264.jpg,4263,4264,train,train,PHOMOPSIS_LEAF_SPOT,PHOMOPSIS_LEAF_SPOT,29,True,False
DLD_FinalDataset_224_spit/train/PHOMOPSIS_LEAF_SPOT/to_label_4264.jpg,DLD_FinalDataset_224_spit/train/PHOMOPSIS_LEAF_SPOT/to_label_4265.jpg,4264,4265,train,train,PHOMOPSIS_LEAF_SPOT,PHOMOPSIS_LEAF_SPOT,31,True,False
DLD_FinalDataset_224_spit/train/PHOMOPSIS_LEAF_SPOT/to_label_4265.jpg,DLD_FinalDataset_224_spit/test/PHOMOPSIS_LEAF_SPOT/to_label_4266.jpg,4265,4266,train,test,PHOMOPSIS_LEAF_SPOT,PHOMOPSIS_LEAF_SPOT,29,True,True
DLD_FinalDataset_224_spit/test/PHOMOPSIS_LEAF_SPOT/to_label_4266.jpg,DLD_FinalDataset_224_spit/val/PHOMOPSIS_LEAF_SPOT/to_label_4267.jpg,4266,4267,test,val,PHOMOPSIS_LEAF_SPOT,PHOMOPSIS_LEAF_SPOT,36,True,True
DLD_FinalDataset_224_spit/val/PHOMOPSIS_LEAF_SPOT/to_label_4267.jpg,DLD_FinalDataset_224_spit/train/PHOMOPSIS_LEAF_SPOT/to_label_4268.jpg,4267,4268,val,train,PHOMOPSIS_LEAF_SPOT,PHOMOPSIS_LEAF_SPOT,36,True,True
DLD_FinalDataset_224_spit/train/PHOMOPSIS_LEAF_SPOT/to_label_4268.jpg,DLD_FinalDataset_224_spit/train/PHOMOPSIS_LEAF_SPOT/to_label_4269.jpg,4268,4269,train,train,PHOMOPSIS_LEAF_SPOT,PHOMOPSIS_LEAF_SPOT,36,True,False
DLD_FinalDataset_224_spit/train/PHOMOPSIS_LEAF_SPOT/to_label_4269.jpg,DLD_FinalDataset_224_spit/train/PHOMOPSIS_LEAF_SPOT/to_label_4270.jpg,4269,4270,train,train,PHOMOPSIS_LEAF_SPOT,PHOMOPSIS_LEAF_SPOT,34,True,False
DLD_FinalDataset_224_spit/train/PHOMOPSIS_LEAF_SPOT/to_label_4270.jpg,DLD_FinalDataset_224_spit/train/PHOMOPSIS_LEAF_SPOT/to_label_4271.jpg,4270,4271,train,train,PHOMOPSIS_LEAF_SPOT,PHOMOPSIS_LEAF_SPOT,33,True,False
DLD_FinalDataset_224_spit/train/PHOMOPSIS_LEAF_SPOT/to_label_4271.jpg,DLD_FinalDataset_224_spit/train/PHOMOPSIS_LEAF_SPOT/to_label_4272.jpg,4271,4272,train,train,PHOMOPSIS_LEAF_SPOT,PHOMOPSIS_LEAF_SPOT,38,True,False
DLD_FinalDataset_224_spit/train/PHOMOPSIS_LEAF_SPOT/to_label_4272.jpg,DLD_FinalDataset_224_spit/test/PHOMOPSIS_LEAF_SPOT/to_label_4273.jpg,4272,4273,train,test,PHOMOPSIS_LEAF_SPOT,PHOMOPSIS_LEAF_SPOT,38,True,True
DLD_FinalDataset_224_spit/test/PHOMOPSIS_LEAF_SPOT/to_label_4273.jpg,DLD_FinalDataset_224_spit/train/PHOMOPSIS_LEAF_SPOT/to_label_4274.jpg,4273,4274,test,train,PHOMOPSIS_LEAF_SPOT,PHOMOPSIS_LEAF_SPOT,38,True,True
DLD_FinalDataset_224_spit/train/PHOMOPSIS_LEAF_SPOT/to_label_4274.jpg,DLD_FinalDataset_224_spit/train/PHOMOPSIS_LEAF_SPOT/to_label_4275.jpg,4274,4275,train,train,PHOMOPSIS_LEAF_SPOT,PHOMOPSIS_LEAF_SPOT,30,True,False
DLD_FinalDataset_224_spit/train/PHOMOPSIS_LEAF_SPOT/to_label_4275.jpg,DLD_FinalDataset_224_spit/train/PHOMOPSIS_LEAF_SPOT/to_label_4276.jpg,4275,4276,train,train,PHOMOPSIS_LEAF_SPOT,PHOMOPSIS_LEAF_SPOT,32,True,False
DLD_FinalDataset_224_spit/train/PHOMOPSIS_LEAF_SPOT/to_label_4276.jpg,DLD_FinalDataset_224_spit/train/PHOMOPSIS_LEAF_SPOT/to_label_4277.jpg,4276,4277,train,train,PHOMOPSIS_LEAF_SPOT,PHOMOPSIS_LEAF_SPOT,32,True,False
DLD_FinalDataset_224_spit/train/PHOMOPSIS_LEAF_SPOT/to_label_4277.jpg,DLD_FinalDataset_224_spit/train/PHOMOPSIS_LEAF_SPOT/to_label_4278.jpg,4277,4278,train,train,PHOMOPSIS_LEAF_SPOT,PHOMOPSIS_LEAF_SPOT,40,True,False
DLD_FinalDataset_224_spit/train/PHOMOPSIS_LEAF_SPOT/to_label_4278.jpg,DLD_FinalDataset_224_spit/train/PHOMOPSIS_LEAF_SPOT/to_label_4279.jpg,4278,4279,train,train,PHOMOPSIS_LEAF_SPOT,PHOMOPSIS_LEAF_SPOT,31,True,False
DLD_FinalDataset_224_spit/train/PHOMOPSIS_LEAF_SPOT/to_label_4279.jpg,DLD_FinalDataset_224_spit/test/PHOMOPSIS_LEAF_SPOT/to_label_4280.jpg,4279,4280,train,test,PHOMOPSIS_LEAF_SPOT,PHOMOPSIS_LEAF_SPOT,35,True,True
DLD_FinalDataset_224_spit/test/PHOMOPSIS_LEAF_SPOT/to_label_4280.jpg,DLD_FinalDataset_224_spit/train/PHOMOPSIS_LEAF_SPOT/to_label_4281.jpg,4280,4281,test,train,PHOMOPSIS_LEAF_SPOT,PHOMOPSIS_LEAF_SPOT,37,True,True
DLD_FinalDataset_224_spit/train/PHOMOPSIS_LEAF_SPOT/to_label_4281.jpg,DLD_FinalDataset_224_spit/val/PHOMOPSIS_LEAF_SPOT/to_label_4282.jpg,4281,4282,train,val,PHOMOPSIS_LEAF_SPOT,PHOMOPSIS_LEAF_SPOT,28,True,True
DLD_FinalDataset_224_spit/val/PHOMOPSIS_LEAF_SPOT/to_label_4282.jpg,DLD_FinalDataset_224_spit/test/PHOMOPSIS_LEAF_SPOT/to_label_4283.jpg,4282,4283,val,test,PHOMOPSIS_LEAF_SPOT,PHOMOPSIS_LEAF_SPOT,27,True,True
DLD_FinalDataset_224_spit/test/PHOMOPSIS_LEAF_SPOT/to_label_4283.jpg,DLD_FinalDataset_224_spit/train/PHOMOPSIS_LEAF_SPOT/to_label_4284.jpg,4283,4284,test,train,PHOMOPSIS_LEAF_SPOT,PHOMOPSIS_LEAF_SPOT,35,True,True
DLD_FinalDataset_224_spit/train/PHOMOPSIS_LEAF_SPOT/to_label_4284.jpg,DLD_FinalDataset_224_spit/test/PHOMOPSIS_LEAF_SPOT/to_label_4285.jpg,4284,4285,train,test,PHOMOPSIS_LEAF_SPOT,PHOMOPSIS_LEAF_SPOT,26,True,True
DLD_FinalDataset_224_spit/test/PHOMOPSIS_LEAF_SPOT/to_label_4285.jpg,DLD_FinalDataset_224_spit/train/PHOMOPSIS_LEAF_SPOT/to_label_4286.jpg,4285,4286,test,train,PHOMOPSIS_LEAF_SPOT,PHOMOPSIS_LEAF_SPOT,23,True,True
DLD_FinalDataset_224_spit/train/PHOMOPSIS_LEAF_SPOT/to_label_4286.jpg,DLD_FinalDataset_224_spit/test/PHOMOPSIS_LEAF_SPOT/to_label_4287.jpg,4286,4287,train,test,PHOMOPSIS_LEAF_SPOT,PHOMOPSIS_LEAF_SPOT,33,True,True
DLD_FinalDataset_224_spit/test/PHOMOPSIS_LEAF_SPOT/to_label_4287.jpg,DLD_FinalDataset_224_spit/train/PHOMOPSIS_LEAF_SPOT/to_label_4288.jpg,4287,4288,test,train,PHOMOPSIS_LEAF_SPOT,PHOMOPSIS_LEAF_SPOT,34,True,True
DLD_FinalDataset_224_spit/train/PHOMOPSIS_LEAF_SPOT/to_label_4288.jpg,DLD_FinalDataset_224_spit/train/PHOMOPSIS_LEAF_SPOT/to_label_4289.jpg,4288,4289,train,train,PHOMOPSIS_LEAF_SPOT,PHOMOPSIS_LEAF_SPOT,22,True,False
DLD_FinalDataset_224_spit/train/PHOMOPSIS_LEAF_SPOT/to_label_4289.jpg,DLD_FinalDataset_224_spit/train/PHOMOPSIS_LEAF_SPOT/to_label_4290.jpg,4289,4290,train,train,PHOMOPSIS_LEAF_SPOT,PHOMOPSIS_LEAF_SPOT,36,True,False
DLD_FinalDataset_224_spit/train/PHOMOPSIS_LEAF_SPOT/to_label_4290.jpg,DLD_FinalDataset_224_spit/test/PHOMOPSIS_LEAF_SPOT/to_label_4291.jpg,4290,4291,train,test,PHOMOPSIS_LEAF_SPOT,PHOMOPSIS_LEAF_SPOT,30,True,True
DLD_FinalDataset_224_spit/test/PHOMOPSIS_LEAF_SPOT/to_label_4291.jpg,DLD_FinalDataset_224_spit/val/PHOMOPSIS_LEAF_SPOT/to_label_4292.jpg,4291,4292,test,val,PHOMOPSIS_LEAF_SPOT,PHOMOPSIS_LEAF_SPOT,41,True,True
DLD_FinalDataset_224_spit/val/PHOMOPSIS_LEAF_SPOT/to_label_4292.jpg,DLD_FinalDataset_224_spit/train/PHOMOPSIS_LEAF_SPOT/to_label_4293.jpg,4292,4293,val,train,PHOMOPSIS_LEAF_SPOT,PHOMOPSIS_LEAF_SPOT,33,True,True
DLD_FinalDataset_224_spit/train/PHOMOPSIS_LEAF_SPOT/to_label_4293.jpg,DLD_FinalDataset_224_spit/train/PHOMOPSIS_LEAF_SPOT/to_label_4294.jpg,4293,4294,train,train,PHOMOPSIS_LEAF_SPOT,PHOMOPSIS_LEAF_SPOT,36,True,False
DLD_FinalDataset_224_spit/train/PHOMOPSIS_LEAF_SPOT/to_label_4294.jpg,DLD_FinalDataset_224_spit/train/PHOMOPSIS_LEAF_SPOT/to_label_4295.jpg,4294,4295,train,train,PHOMOPSIS_LEAF_SPOT,PHOMOPSIS_LEAF_SPOT,21,True,False
DLD_FinalDataset_224_spit/train/PHOMOPSIS_LEAF_SPOT/to_label_4295.jpg,DLD_FinalDataset_224_spit/val/PHOMOPSIS_LEAF_SPOT/to_label_4296.jpg,4295,4296,train,val,PHOMOPSIS_LEAF_SPOT,PHOMOPSIS_LEAF_SPOT,40,True,True
DLD_FinalDataset_224_spit/val/PHOMOPSIS_LEAF_SPOT/to_label_4296.jpg,DLD_FinalDataset_224_spit/train/PHOMOPSIS_LEAF_SPOT/to_label_4297.jpg,4296,4297,val,train,PHOMOPSIS_LEAF_SPOT,PHOMOPSIS_LEAF_SPOT,35,True,True
DLD_FinalDataset_224_spit/train/PHOMOPSIS_LEAF_SPOT/to_label_4297.jpg,DLD_FinalDataset_224_spit/train/PHOMOPSIS_LEAF_SPOT/to_label_4298.jpg,4297,4298,train,train,PHOMOPSIS_LEAF_SPOT,PHOMOPSIS_LEAF_SPOT,30,True,False
DLD_FinalDataset_224_spit/train/PHOMOPSIS_LEAF_SPOT/to_label_4298.jpg,DLD_FinalDataset_224_spit/train/PHOMOPSIS_LEAF_SPOT/to_label_4299.jpg,4298,4299,train,train,PHOMOPSIS_LEAF_SPOT,PHOMOPSIS_LEAF_SPOT,36,True,False
DLD_FinalDataset_224_spit/train/PHOMOPSIS_LEAF_SPOT/to_label_4299.jpg,DLD_FinalDataset_224_spit/train/PHOMOPSIS_LEAF_SPOT/to_label_4300.jpg,4299,4300,train,train,PHOMOPSIS_LEAF_SPOT,PHOMOPSIS_LEAF_SPOT,34,True,False
DLD_FinalDataset_224_spit/train/PHOMOPSIS_LEAF_SPOT/to_label_4300.jpg,DLD_FinalDataset_224_spit/test/PHOMOPSIS_LEAF_SPOT/to_label_4301.jpg,4300,4301,train,test,PHOMOPSIS_LEAF_SPOT,PHOMOPSIS_LEAF_SPOT,32,True,True
DLD_FinalDataset_224_spit/test/PHOMOPSIS_LEAF_SPOT/to_label_4301.jpg,DLD_FinalDataset_224_spit/train/PHOMOPSIS_LEAF_SPOT/to_label_4302.jpg,4301,4302,test,train,PHOMOPSIS_LEAF_SPOT,PHOMOPSIS_LEAF_SPOT,29,True,True
DLD_FinalDataset_224_spit/train/PHOMOPSIS_LEAF_SPOT/to_label_4302.jpg,DLD_FinalDataset_224_spit/test/PHOMOPSIS_LEAF_SPOT/to_label_4303.jpg,4302,4303,train,test,PHOMOPSIS_LEAF_SPOT,PHOMOPSIS_LEAF_SPOT,46,True,True
DLD_FinalDataset_224_spit/test/PHOMOPSIS_LEAF_SPOT/to_label_4303.jpg,DLD_FinalDataset_224_spit/train/PHOMOPSIS_LEAF_SPOT/to_label_4304.jpg,4303,4304,test,train,PHOMOPSIS_LEAF_SPOT,PHOMOPSIS_LEAF_SPOT,40,True,True
DLD_FinalDataset_224_spit/train/PHOMOPSIS_LEAF_SPOT/to_label_4304.jpg,DLD_FinalDataset_224_spit/train/PHOMOPSIS_LEAF_SPOT/to_label_4305.jpg,4304,4305,train,train,PHOMOPSIS_LEAF_SPOT,PHOMOPSIS_LEAF_SPOT,29,True,False
DLD_FinalDataset_224_spit/train/PHOMOPSIS_LEAF_SPOT/to_label_4305.jpg,DLD_FinalDataset_224_spit/train/PHOMOPSIS_LEAF_SPOT/to_label_4306.jpg,4305,4306,train,train,PHOMOPSIS_LEAF_SPOT,PHOMOPSIS_LEAF_SPOT,29,True,False
DLD_FinalDataset_224_spit/train/PHOMOPSIS_LEAF_SPOT/to_label_4306.jpg,DLD_FinalDataset_224_spit/test/PHOMOPSIS_LEAF_SPOT/to_label_4307.jpg,4306,4307,train,test,PHOMOPSIS_LEAF_SPOT,PHOMOPSIS_LEAF_SPOT,27,True,True
DLD_FinalDataset_224_spit/test/PHOMOPSIS_LEAF_SPOT/to_label_4307.jpg,DLD_FinalDataset_224_spit/test/PHOMOPSIS_LEAF_SPOT/to_label_4308.jpg,4307,4308,test,test,PHOMOPSIS_LEAF_SPOT,PHOMOPSIS_LEAF_SPOT,27,True,False
DLD_FinalDataset_224_spit/test/PHOMOPSIS_LEAF_SPOT/to_label_4308.jpg,DLD_FinalDataset_224_spit/train/PHOMOPSIS_LEAF_SPOT/to_label_4309.jpg,4308,4309,test,train,PHOMOPSIS_LEAF_SPOT,PHOMOPSIS_LEAF_SPOT,32,True,True
DLD_FinalDataset_224_spit/train/PHOMOPSIS_LEAF_SPOT/to_label_4309.jpg,DLD_FinalDataset_224_spit/train/PHOMOPSIS_LEAF_SPOT/to_label_4310.jpg,4309,4310,train,train,PHOMOPSIS_LEAF_SPOT,PHOMOPSIS_LEAF_SPOT,31,True,False
DLD_FinalDataset_224_spit/train/PHOMOPSIS_LEAF_SPOT/to_label_4310.jpg,DLD_FinalDataset_224_spit/train/PHOMOPSIS_LEAF_SPOT/to_label_4311.jpg,4310,4311,train,train,PHOMOPSIS_LEAF_SPOT,PHOMOPSIS_LEAF_SPOT,37,True,False
DLD_FinalDataset_224_spit/train/PHOMOPSIS_LEAF_SPOT/to_label_4311.jpg,DLD_FinalDataset_224_spit/train/PHOMOPSIS_LEAF_SPOT/to_label_4312.jpg,4311,4312,train,train,PHOMOPSIS_LEAF_SPOT,PHOMOPSIS_LEAF_SPOT,27,True,False
DLD_FinalDataset_224_spit/train/PHOMOPSIS_LEAF_SPOT/to_label_4312.jpg,DLD_FinalDataset_224_spit/train/PHOMOPSIS_LEAF_SPOT/to_label_4313.jpg,4312,4313,train,train,PHOMOPSIS_LEAF_SPOT,PHOMOPSIS_LEAF_SPOT,30,True,False
DLD_FinalDataset_224_spit/train/PHOMOPSIS_LEAF_SPOT/to_label_4313.jpg,DLD_FinalDataset_224_spit/train/PHOMOPSIS_LEAF_SPOT/to_label_4314.jpg,4313,4314,train,train,PHOMOPSIS_LEAF_SPOT,PHOMOPSIS_LEAF_SPOT,32,True,False
DLD_FinalDataset_224_spit/train/PHOMOPSIS_LEAF_SPOT/to_label_4314.jpg,DLD_FinalDataset_224_spit/train/PHOMOPSIS_LEAF_SPOT/to_label_4315.jpg,4314,4315,train,train,PHOMOPSIS_LEAF_SPOT,PHOMOPSIS_LEAF_SPOT,33,True,False
DLD_FinalDataset_224_spit/train/PHOMOPSIS_LEAF_SPOT/to_label_4315.jpg,DLD_FinalDataset_224_spit/train/PHOMOPSIS_LEAF_SPOT/to_label_4316.jpg,4315,4316,train,train,PHOMOPSIS_LEAF_SPOT,PHOMOPSIS_LEAF_SPOT,32,True,False
DLD_FinalDataset_224_spit/train/PHOMOPSIS_LEAF_SPOT/to_label_4316.jpg,DLD_FinalDataset_224_spit/test/PHOMOPSIS_LEAF_SPOT/to_label_4317.jpg,4316,4317,train,test,PHOMOPSIS_LEAF_SPOT,PHOMOPSIS_LEAF_SPOT,31,True,True
DLD_FinalDataset_224_spit/test/PHOMOPSIS_LEAF_SPOT/to_label_4317.jpg,DLD_FinalDataset_224_spit/train/PHOMOPSIS_LEAF_SPOT/to_label_4318.jpg,4317,4318,test,train,PHOMOPSIS_LEAF_SPOT,PHOMOPSIS_LEAF_SPOT,34,True,True
DLD_FinalDataset_224_spit/train/PHOMOPSIS_LEAF_SPOT/to_label_4318.jpg,DLD_FinalDataset_224_spit/test/PHOMOPSIS_LEAF_SPOT/to_label_4319.jpg,4318,4319,train,test,PHOMOPSIS_LEAF_SPOT,PHOMOPSIS_LEAF_SPOT,37,True,True
DLD_FinalDataset_224_spit/test/PHOMOPSIS_LEAF_SPOT/to_label_4319.jpg,DLD_FinalDataset_224_spit/train/PHOMOPSIS_LEAF_SPOT/to_label_4320.jpg,4319,4320,test,train,PHOMOPSIS_LEAF_SPOT,PHOMOPSIS_LEAF_SPOT,26,True,True
DLD_FinalDataset_224_spit/train/PHOMOPSIS_LEAF_SPOT/to_label_4320.jpg,DLD_FinalDataset_224_spit/train/PHOMOPSIS_LEAF_SPOT/to_label_4321.jpg,4320,4321,train,train,PHOMOPSIS_LEAF_SPOT,PHOMOPSIS_LEAF_SPOT,39,True,False
DLD_FinalDataset_224_spit/train/PHOMOPSIS_LEAF_SPOT/to_label_4321.jpg,DLD_FinalDataset_224_spit/train/PHOMOPSIS_LEAF_SPOT/to_label_4322.jpg,4321,4322,train,train,PHOMOPSIS_LEAF_SPOT,PHOMOPSIS_LEAF_SPOT,37,True,False
DLD_FinalDataset_224_spit/train/PHOMOPSIS_LEAF_SPOT/to_label_4322.jpg,DLD_FinalDataset_224_spit/train/PHOMOPSIS_LEAF_SPOT/to_label_4323.jpg,4322,4323,train,train,PHOMOPSIS_LEAF_SPOT,PHOMOPSIS_LEAF_SPOT,36,True,False
DLD_FinalDataset_224_spit/train/PHOMOPSIS_LEAF_SPOT/to_label_4323.jpg,DLD_FinalDataset_224_spit/train/PHOMOPSIS_LEAF_SPOT/to_label_4324.jpg,4323,4324,train,train,PHOMOPSIS_LEAF_SPOT,PHOMOPSIS_LEAF_SPOT,21,True,False
DLD_FinalDataset_224_spit/train/PHOMOPSIS_LEAF_SPOT/to_label_4324.jpg,DLD_FinalDataset_224_spit/train/PHOMOPSIS_LEAF_SPOT/to_label_4325.jpg,4324,4325,train,train,PHOMOPSIS_LEAF_SPOT,PHOMOPSIS_LEAF_SPOT,30,True,False
DLD_FinalDataset_224_spit/train/PHOMOPSIS_LEAF_SPOT/to_label_4325.jpg,DLD_FinalDataset_224_spit/test/PHOMOPSIS_LEAF_SPOT/to_label_4326.jpg,4325,4326,train,test,PHOMOPSIS_LEAF_SPOT,PHOMOPSIS_LEAF_SPOT,27,True,True
DLD_FinalDataset_224_spit/test/PHOMOPSIS_LEAF_SPOT/to_label_4326.jpg,DLD_FinalDataset_224_spit/val/PHOMOPSIS_LEAF_SPOT/to_label_4327.jpg,4326,4327,test,val,PHOMOPSIS_LEAF_SPOT,PHOMOPSIS_LEAF_SPOT,28,True,True
DLD_FinalDataset_224_spit/val/PHOMOPSIS_LEAF_SPOT/to_label_4327.jpg,DLD_FinalDataset_224_spit/train/PHOMOPSIS_LEAF_SPOT/to_label_4328.jpg,4327,4328,val,train,PHOMOPSIS_LEAF_SPOT,PHOMOPSIS_LEAF_SPOT,26,True,True
DLD_FinalDataset_224_spit/train/PHOMOPSIS_LEAF_SPOT/to_label_4328.jpg,DLD_FinalDataset_224_spit/train/PHOMOPSIS_LEAF_SPOT/to_label_4329.jpg,4328,4329,train,train,PHOMOPSIS_LEAF_SPOT,PHOMOPSIS_LEAF_SPOT,32,True,False
DLD_FinalDataset_224_spit/train/PHOMOPSIS_LEAF_SPOT/to_label_4329.jpg,DLD_FinalDataset_224_spit/train/PHOMOPSIS_LEAF_SPOT/to_label_4330.jpg,4329,4330,train,train,PHOMOPSIS_LEAF_SPOT,PHOMOPSIS_LEAF_SPOT,35,True,False
DLD_FinalDataset_224_spit/train/PHOMOPSIS_LEAF_SPOT/to_label_4330.jpg,DLD_FinalDataset_224_spit/test/PHOMOPSIS_LEAF_SPOT/to_label_4331.jpg,4330,4331,train,test,PHOMOPSIS_LEAF_SPOT,PHOMOPSIS_LEAF_SPOT,30,True,True
DLD_FinalDataset_224_spit/test/PHOMOPSIS_LEAF_SPOT/to_label_4331.jpg,DLD_FinalDataset_224_spit/train/PHOMOPSIS_LEAF_SPOT/to_label_4332.jpg,4331,4332,test,train,PHOMOPSIS_LEAF_SPOT,PHOMOPSIS_LEAF_SPOT,35,True,True
DLD_FinalDataset_224_spit/train/PHOMOPSIS_LEAF_SPOT/to_label_4332.jpg,DLD_FinalDataset_224_spit/val/PHOMOPSIS_LEAF_SPOT/to_label_4333.jpg,4332,4333,train,val,PHOMOPSIS_LEAF_SPOT,PHOMOPSIS_LEAF_SPOT,24,True,True
DLD_FinalDataset_224_spit/val/PHOMOPSIS_LEAF_SPOT/to_label_4333.jpg,DLD_FinalDataset_224_spit/train/PHOMOPSIS_LEAF_SPOT/to_label_4334.jpg,4333,4334,val,train,PHOMOPSIS_LEAF_SPOT,PHOMOPSIS_LEAF_SPOT,25,True,True
DLD_FinalDataset_224_spit/train/PHOMOPSIS_LEAF_SPOT/to_label_4334.jpg,DLD_FinalDataset_224_spit/train/PHOMOPSIS_LEAF_SPOT/to_label_4335.jpg,4334,4335,train,train,PHOMOPSIS_LEAF_SPOT,PHOMOPSIS_LEAF_SPOT,31,True,False
DLD_FinalDataset_224_spit/train/PHOMOPSIS_LEAF_SPOT/to_label_4335.jpg,DLD_FinalDataset_224_spit/test/PHOMOPSIS_LEAF_SPOT/to_label_4336.jpg,4335,4336,train,test,PHOMOPSIS_LEAF_SPOT,PHOMOPSIS_LEAF_SPOT,41,True,True
DLD_FinalDataset_224_spit/test/PHOMOPSIS_LEAF_SPOT/to_label_4336.jpg,DLD_FinalDataset_224_spit/train/PHOMOPSIS_LEAF_SPOT/to_label_4337.jpg,4336,4337,test,train,PHOMOPSIS_LEAF_SPOT,PHOMOPSIS_LEAF_SPOT,28,True,True
DLD_FinalDataset_224_spit/train/PHOMOPSIS_LEAF_SPOT/to_label_4337.jpg,DLD_FinalDataset_224_spit/test/PHOMOPSIS_LEAF_SPOT/to_label_4338.jpg,4337,4338,train,test,PHOMOPSIS_LEAF_SPOT,PHOMOPSIS_LEAF_SPOT,26,True,True
DLD_FinalDataset_224_spit/test/PHOMOPSIS_LEAF_SPOT/to_label_4338.jpg,DLD_FinalDataset_224_spit/test/PHOMOPSIS_LEAF_SPOT/to_label_4339.jpg,4338,4339,test,test,PHOMOPSIS_LEAF_SPOT,PHOMOPSIS_LEAF_SPOT,25,True,False
DLD_FinalDataset_224_spit/test/PHOMOPSIS_LEAF_SPOT/to_label_4339.jpg,DLD_FinalDataset_224_spit/val/PHOMOPSIS_LEAF_SPOT/to_label_4340.jpg,4339,4340,test,val,PHOMOPSIS_LEAF_SPOT,PHOMOPSIS_LEAF_SPOT,34,True,True
DLD_FinalDataset_224_spit/val/PHOMOPSIS_LEAF_SPOT/to_label_4340.jpg,DLD_FinalDataset_224_spit/train/PHOMOPSIS_LEAF_SPOT/to_label_4341.jpg,4340,4341,val,train,PHOMOPSIS_LEAF_SPOT,PHOMOPSIS_LEAF_SPOT,34,True,True
DLD_FinalDataset_224_spit/train/PHOMOPSIS_LEAF_SPOT/to_label_4341.jpg,DLD_FinalDataset_224_spit/train/PHOMOPSIS_LEAF_SPOT/to_label_4342.jpg,4341,4342,train,train,PHOMOPSIS_LEAF_SPOT,PHOMOPSIS_LEAF_SPOT,35,True,False
DLD_FinalDataset_224_spit/train/PHOMOPSIS_LEAF_SPOT/to_label_4342.jpg,DLD_FinalDataset_224_spit/val/PHOMOPSIS_LEAF_SPOT/to_label_4343.jpg,4342,4343,train,val,PHOMOPSIS_LEAF_SPOT,PHOMOPSIS_LEAF_SPOT,35,True,True
DLD_FinalDataset_224_spit/val/PHOMOPSIS_LEAF_SPOT/to_label_4343.jpg,DLD_FinalDataset_224_spit/train/PHOMOPSIS_LEAF_SPOT/to_label_4344.jpg,4343,4344,val,train,PHOMOPSIS_LEAF_SPOT,PHOMOPSIS_LEAF_SPOT,39,True,True
DLD_FinalDataset_224_spit/train/PHOMOPSIS_LEAF_SPOT/to_label_4344.jpg,DLD_FinalDataset_224_spit/train/PHOMOPSIS_LEAF_SPOT/to_label_4345.jpg,4344,4345,train,train,PHOMOPSIS_LEAF_SPOT,PHOMOPSIS_LEAF_SPOT,45,True,False
DLD_FinalDataset_224_spit/train/PHOMOPSIS_LEAF_SPOT/to_label_4345.jpg,DLD_FinalDataset_224_spit/val/PHOMOPSIS_LEAF_SPOT/to_label_4346.jpg,4345,4346,train,val,PHOMOPSIS_LEAF_SPOT,PHOMOPSIS_LEAF_SPOT,30,True,True
DLD_FinalDataset_224_spit/val/PHOMOPSIS_LEAF_SPOT/to_label_4346.jpg,DLD_FinalDataset_224_spit/train/PHOMOPSIS_LEAF_SPOT/to_label_4347.jpg,4346,4347,val,train,PHOMOPSIS_LEAF_SPOT,PHOMOPSIS_LEAF_SPOT,35,True,True
DLD_FinalDataset_224_spit/train/PHOMOPSIS_LEAF_SPOT/to_label_4347.jpg,DLD_FinalDataset_224_spit/train/PHOMOPSIS_LEAF_SPOT/to_label_4348.jpg,4347,4348,train,train,PHOMOPSIS_LEAF_SPOT,PHOMOPSIS_LEAF_SPOT,31,True,False
DLD_FinalDataset_224_spit/train/PHOMOPSIS_LEAF_SPOT/to_label_4348.jpg,DLD_FinalDataset_224_spit/train/PHOMOPSIS_LEAF_SPOT/to_label_4349.jpg,4348,4349,train,train,PHOMOPSIS_LEAF_SPOT,PHOMOPSIS_LEAF_SPOT,27,True,False
DLD_FinalDataset_224_spit/train/PHOMOPSIS_LEAF_SPOT/to_label_4349.jpg,DLD_FinalDataset_224_spit/train/PHOMOPSIS_LEAF_SPOT/to_label_4350.jpg,4349,4350,train,train,PHOMOPSIS_LEAF_SPOT,PHOMOPSIS_LEAF_SPOT,35,True,False
DLD_FinalDataset_224_spit/train/PHOMOPSIS_LEAF_SPOT/to_label_4350.jpg,DLD_FinalDataset_224_spit/test/PHOMOPSIS_LEAF_SPOT/to_label_4351.jpg,4350,4351,train,test,PHOMOPSIS_LEAF_SPOT,PHOMOPSIS_LEAF_SPOT,38,True,True
DLD_FinalDataset_224_spit/test/PHOMOPSIS_LEAF_SPOT/to_label_4351.jpg,DLD_FinalDataset_224_spit/train/PHOMOPSIS_LEAF_SPOT/to_label_4352.jpg,4351,4352,test,train,PHOMOPSIS_LEAF_SPOT,PHOMOPSIS_LEAF_SPOT,34,True,True
DLD_FinalDataset_224_spit/train/PHOMOPSIS_LEAF_SPOT/to_label_4352.jpg,DLD_FinalDataset_224_spit/train/PHOMOPSIS_LEAF_SPOT/to_label_4353.jpg,4352,4353,train,train,PHOMOPSIS_LEAF_SPOT,PHOMOPSIS_LEAF_SPOT,41,True,False
DLD_FinalDataset_224_spit/train/PHOMOPSIS_LEAF_SPOT/to_label_4353.jpg,DLD_FinalDataset_224_spit/train/PHOMOPSIS_LEAF_SPOT/to_label_4354.jpg,4353,4354,train,train,PHOMOPSIS_LEAF_SPOT,PHOMOPSIS_LEAF_SPOT,35,True,False
DLD_FinalDataset_224_spit/train/PHOMOPSIS_LEAF_SPOT/to_label_4354.jpg,DLD_FinalDataset_224_spit/train/PHOMOPSIS_LEAF_SPOT/to_label_4355.jpg,4354,4355,train,train,PHOMOPSIS_LEAF_SPOT,PHOMOPSIS_LEAF_SPOT,29,True,False
DLD_FinalDataset_224_spit/train/PHOMOPSIS_LEAF_SPOT/to_label_4355.jpg,DLD_FinalDataset_224_spit/train/PHOMOPSIS_LEAF_SPOT/to_label_4356.jpg,4355,4356,train,train,PHOMOPSIS_LEAF_SPOT,PHOMOPSIS_LEAF_SPOT,31,True,False
DLD_FinalDataset_224_spit/train/PHOMOPSIS_LEAF_SPOT/to_label_4356.jpg,DLD_FinalDataset_224_spit/train/PHOMOPSIS_LEAF_SPOT/to_label_4357.jpg,4356,4357,train,train,PHOMOPSIS_LEAF_SPOT,PHOMOPSIS_LEAF_SPOT,25,True,False
DLD_FinalDataset_224_spit/train/PHOMOPSIS_LEAF_SPOT/to_label_4357.jpg,DLD_FinalDataset_224_spit/train/PHOMOPSIS_LEAF_SPOT/to_label_4358.jpg,4357,4358,train,train,PHOMOPSIS_LEAF_SPOT,PHOMOPSIS_LEAF_SPOT,32,True,False
DLD_FinalDataset_224_spit/train/PHOMOPSIS_LEAF_SPOT/to_label_4358.jpg,DLD_FinalDataset_224_spit/val/PHOMOPSIS_LEAF_SPOT/to_label_4359.jpg,4358,4359,train,val,PHOMOPSIS_LEAF_SPOT,PHOMOPSIS_LEAF_SPOT,35,True,True
DLD_FinalDataset_224_spit/val/PHOMOPSIS_LEAF_SPOT/to_label_4359.jpg,DLD_FinalDataset_224_spit/train/PHOMOPSIS_LEAF_SPOT/to_label_4360.jpg,4359,4360,val,train,PHOMOPSIS_LEAF_SPOT,PHOMOPSIS_LEAF_SPOT,33,True,True
DLD_FinalDataset_224_spit/train/PHOMOPSIS_LEAF_SPOT/to_label_4360.jpg,DLD_FinalDataset_224_spit/train/PHOMOPSIS_LEAF_SPOT/to_label_4361.jpg,4360,4361,train,train,PHOMOPSIS_LEAF_SPOT,PHOMOPSIS_LEAF_SPOT,32,True,False
DLD_FinalDataset_224_spit/train/PHOMOPSIS_LEAF_SPOT/to_label_4361.jpg,DLD_FinalDataset_224_spit/val/PHOMOPSIS_LEAF_SPOT/to_label_4362.jpg,4361,4362,train,val,PHOMOPSIS_LEAF_SPOT,PHOMOPSIS_LEAF_SPOT,33,True,True
DLD_FinalDataset_224_spit/val/PHOMOPSIS_LEAF_SPOT/to_label_4362.jpg,DLD_FinalDataset_224_spit/test/PHOMOPSIS_LEAF_SPOT/to_label_4363.jpg,4362,4363,val,test,PHOMOPSIS_LEAF_SPOT,PHOMOPSIS_LEAF_SPOT,32,True,True
DLD_FinalDataset_224_spit/test/PHOMOPSIS_LEAF_SPOT/to_label_4363.jpg,DLD_FinalDataset_224_spit/train/PHOMOPSIS_LEAF_SPOT/to_label_4364.jpg,4363,4364,test,train,PHOMOPSIS_LEAF_SPOT,PHOMOPSIS_LEAF_SPOT,32,True,True
DLD_FinalDataset_224_spit/train/PHOMOPSIS_LEAF_SPOT/to_label_4364.jpg,DLD_FinalDataset_224_spit/train/PHOMOPSIS_LEAF_SPOT/to_label_4365.jpg,4364,4365,train,train,PHOMOPSIS_LEAF_SPOT,PHOMOPSIS_LEAF_SPOT,39,True,False
DLD_FinalDataset_224_spit/train/PHOMOPSIS_LEAF_SPOT/to_label_4365.jpg,DLD_FinalDataset_224_spit/train/PHOMOPSIS_LEAF_SPOT/to_label_4366.jpg,4365,4366,train,train,PHOMOPSIS_LEAF_SPOT,PHOMOPSIS_LEAF_SPOT,33,True,False
DLD_FinalDataset_224_spit/train/PHOMOPSIS_LEAF_SPOT/to_label_4366.jpg,DLD_FinalDataset_224_spit/train/PHOMOPSIS_LEAF_SPOT/to_label_4367.jpg,4366,4367,train,train,PHOMOPSIS_LEAF_SPOT,PHOMOPSIS_LEAF_SPOT,26,True,False
DLD_FinalDataset_224_spit/train/PHOMOPSIS_LEAF_SPOT/to_label_4367.jpg,DLD_FinalDataset_224_spit/train/PHOMOPSIS_LEAF_SPOT/to_label_4368.jpg,4367,4368,train,train,PHOMOPSIS_LEAF_SPOT,PHOMOPSIS_LEAF_SPOT,33,True,False
DLD_FinalDataset_224_spit/train/PHOMOPSIS_LEAF_SPOT/to_label_4368.jpg,DLD_FinalDataset_224_spit/train/PHOMOPSIS_LEAF_SPOT/to_label_4369.jpg,4368,4369,train,train,PHOMOPSIS_LEAF_SPOT,PHOMOPSIS_LEAF_SPOT,33,True,False
DLD_FinalDataset_224_spit/train/PHOMOPSIS_LEAF_SPOT/to_label_4369.jpg,DLD_FinalDataset_224_spit/train/PHOMOPSIS_LEAF_SPOT/to_label_4370.jpg,4369,4370,train,train,PHOMOPSIS_LEAF_SPOT,PHOMOPSIS_LEAF_SPOT,31,True,False
DLD_FinalDataset_224_spit/train/PHOMOPSIS_LEAF_SPOT/to_label_4370.jpg,DLD_FinalDataset_224_spit/train/PHOMOPSIS_LEAF_SPOT/to_label_4371.jpg,4370,4371,train,train,PHOMOPSIS_LEAF_SPOT,PHOMOPSIS_LEAF_SPOT,34,True,False
DLD_FinalDataset_224_spit/train/PHOMOPSIS_LEAF_SPOT/to_label_4371.jpg,DLD_FinalDataset_224_spit/train/PHOMOPSIS_LEAF_SPOT/to_label_4372.jpg,4371,4372,train,train,PHOMOPSIS_LEAF_SPOT,PHOMOPSIS_LEAF_SPOT,28,True,False
DLD_FinalDataset_224_spit/train/PHOMOPSIS_LEAF_SPOT/to_label_4372.jpg,DLD_FinalDataset_224_spit/train/PHOMOPSIS_LEAF_SPOT/to_label_4373.jpg,4372,4373,train,train,PHOMOPSIS_LEAF_SPOT,PHOMOPSIS_LEAF_SPOT,23,True,False
DLD_FinalDataset_224_spit/train/PHOMOPSIS_LEAF_SPOT/to_label_4373.jpg,DLD_FinalDataset_224_spit/test/PHOMOPSIS_LEAF_SPOT/to_label_4374.jpg,4373,4374,train,test,PHOMOPSIS_LEAF_SPOT,PHOMOPSIS_LEAF_SPOT,29,True,True
DLD_FinalDataset_224_spit/test/PHOMOPSIS_LEAF_SPOT/to_label_4374.jpg,DLD_FinalDataset_224_spit/train/PHOMOPSIS_LEAF_SPOT/to_label_4375.jpg,4374,4375,test,train,PHOMOPSIS_LEAF_SPOT,PHOMOPSIS_LEAF_SPOT,32,True,True
DLD_FinalDataset_224_spit/train/PHOMOPSIS_LEAF_SPOT/to_label_4375.jpg,DLD_FinalDataset_224_spit/train/PHOMOPSIS_LEAF_SPOT/to_label_4376.jpg,4375,4376,train,train,PHOMOPSIS_LEAF_SPOT,PHOMOPSIS_LEAF_SPOT,35,True,False
DLD_FinalDataset_224_spit/train/PHOMOPSIS_LEAF_SPOT/to_label_4376.jpg,DLD_FinalDataset_224_spit/train/PHOMOPSIS_LEAF_SPOT/to_label_4377.jpg,4376,4377,train,train,PHOMOPSIS_LEAF_SPOT,PHOMOPSIS_LEAF_SPOT,30,True,False
DLD_FinalDataset_224_spit/train/PHOMOPSIS_LEAF_SPOT/to_label_4377.jpg,DLD_FinalDataset_224_spit/train/PHOMOPSIS_LEAF_SPOT/to_label_4378.jpg,4377,4378,train,train,PHOMOPSIS_LEAF_SPOT,PHOMOPSIS_LEAF_SPOT,23,True,False
DLD_FinalDataset_224_spit/train/PHOMOPSIS_LEAF_SPOT/to_label_4378.jpg,DLD_FinalDataset_224_spit/train/PHOMOPSIS_LEAF_SPOT/to_label_4379.jpg,4378,4379,train,train,PHOMOPSIS_LEAF_SPOT,PHOMOPSIS_LEAF_SPOT,33,True,False
DLD_FinalDataset_224_spit/train/PHOMOPSIS_LEAF_SPOT/to_label_4379.jpg,DLD_FinalDataset_224_spit/train/PHOMOPSIS_LEAF_SPOT/to_label_4380.jpg,4379,4380,train,train,PHOMOPSIS_LEAF_SPOT,PHOMOPSIS_LEAF_SPOT,25,True,False
DLD_FinalDataset_224_spit/train/PHOMOPSIS_LEAF_SPOT/to_label_4380.jpg,DLD_FinalDataset_224_spit/train/PHOMOPSIS_LEAF_SPOT/to_label_4381.jpg,4380,4381,train,train,PHOMOPSIS_LEAF_SPOT,PHOMOPSIS_LEAF_SPOT,24,True,False
DLD_FinalDataset_224_spit/train/PHOMOPSIS_LEAF_SPOT/to_label_4381.jpg,DLD_FinalDataset_224_spit/train/PHOMOPSIS_LEAF_SPOT/to_label_4382.jpg,4381,4382,train,train,PHOMOPSIS_LEAF_SPOT,PHOMOPSIS_LEAF_SPOT,35,True,False
DLD_FinalDataset_224_spit/train/PHOMOPSIS_LEAF_SPOT/to_label_4382.jpg,DLD_FinalDataset_224_spit/train/PHOMOPSIS_LEAF_SPOT/to_label_4383.jpg,4382,4383,train,train,PHOMOPSIS_LEAF_SPOT,PHOMOPSIS_LEAF_SPOT,28,True,False
DLD_FinalDataset_224_spit/train/PHOMOPSIS_LEAF_SPOT/to_label_4383.jpg,DLD_FinalDataset_224_spit/test/PHOMOPSIS_LEAF_SPOT/to_label_4384.jpg,4383,4384,train,test,PHOMOPSIS_LEAF_SPOT,PHOMOPSIS_LEAF_SPOT,32,True,True
DLD_FinalDataset_224_spit/test/PHOMOPSIS_LEAF_SPOT/to_label_4384.jpg,DLD_FinalDataset_224_spit/train/PHOMOPSIS_LEAF_SPOT/to_label_4385.jpg,4384,4385,test,train,PHOMOPSIS_LEAF_SPOT,PHOMOPSIS_LEAF_SPOT,30,True,True
DLD_FinalDataset_224_spit/train/PHOMOPSIS_LEAF_SPOT/to_label_4385.jpg,DLD_FinalDataset_224_spit/train/PHOMOPSIS_LEAF_SPOT/to_label_4386.jpg,4385,4386,train,train,PHOMOPSIS_LEAF_SPOT,PHOMOPSIS_LEAF_SPOT,32,True,False
DLD_FinalDataset_224_spit/train/PHOMOPSIS_LEAF_SPOT/to_label_4386.jpg,DLD_FinalDataset_224_spit/train/PHOMOPSIS_LEAF_SPOT/to_label_4387.jpg,4386,4387,train,train,PHOMOPSIS_LEAF_SPOT,PHOMOPSIS_LEAF_SPOT,24,True,False
DLD_FinalDataset_224_spit/train/PHOMOPSIS_LEAF_SPOT/to_label_4387.jpg,DLD_FinalDataset_224_spit/train/PHOMOPSIS_LEAF_SPOT/to_label_4388.jpg,4387,4388,train,train,PHOMOPSIS_LEAF_SPOT,PHOMOPSIS_LEAF_SPOT,35,True,False
DLD_FinalDataset_224_spit/train/PHOMOPSIS_LEAF_SPOT/to_label_4388.jpg,DLD_FinalDataset_224_spit/test/PHOMOPSIS_LEAF_SPOT/to_label_4389.jpg,4388,4389,train,test,PHOMOPSIS_LEAF_SPOT,PHOMOPSIS_LEAF_SPOT,35,True,True
DLD_FinalDataset_224_spit/test/PHOMOPSIS_LEAF_SPOT/to_label_4389.jpg,DLD_FinalDataset_224_spit/test/PHOMOPSIS_LEAF_SPOT/to_label_4390.jpg,4389,4390,test,test,PHOMOPSIS_LEAF_SPOT,PHOMOPSIS_LEAF_SPOT,35,True,False
DLD_FinalDataset_224_spit/test/PHOMOPSIS_LEAF_SPOT/to_label_4390.jpg,DLD_FinalDataset_224_spit/train/PHOMOPSIS_LEAF_SPOT/to_label_4391.jpg,4390,4391,test,train,PHOMOPSIS_LEAF_SPOT,PHOMOPSIS_LEAF_SPOT,31,True,True
DLD_FinalDataset_224_spit/train/PHOMOPSIS_LEAF_SPOT/to_label_4391.jpg,DLD_FinalDataset_224_spit/train/PHOMOPSIS_LEAF_SPOT/to_label_4392.jpg,4391,4392,train,train,PHOMOPSIS_LEAF_SPOT,PHOMOPSIS_LEAF_SPOT,30,True,False
DLD_FinalDataset_224_spit/train/PHOMOPSIS_LEAF_SPOT/to_label_4392.jpg,DLD_FinalDataset_224_spit/test/PHOMOPSIS_LEAF_SPOT/to_label_4393.jpg,4392,4393,train,test,PHOMOPSIS_LEAF_SPOT,PHOMOPSIS_LEAF_SPOT,31,True,True
DLD_FinalDataset_224_spit/test/PHOMOPSIS_LEAF_SPOT/to_label_4393.jpg,DLD_FinalDataset_224_spit/train/PHOMOPSIS_LEAF_SPOT/to_label_4394.jpg,4393,4394,test,train,PHOMOPSIS_LEAF_SPOT,PHOMOPSIS_LEAF_SPOT,38,True,True
DLD_FinalDataset_224_spit/train/PHOMOPSIS_LEAF_SPOT/to_label_4394.jpg,DLD_FinalDataset_224_spit/test/PHOMOPSIS_LEAF_SPOT/to_label_4395.jpg,4394,4395,train,test,PHOMOPSIS_LEAF_SPOT,PHOMOPSIS_LEAF_SPOT,31,True,True
DLD_FinalDataset_224_spit/test/PHOMOPSIS_LEAF_SPOT/to_label_4395.jpg,DLD_FinalDataset_224_spit/test/PHOMOPSIS_LEAF_SPOT/to_label_4396.jpg,4395,4396,test,test,PHOMOPSIS_LEAF_SPOT,PHOMOPSIS_LEAF_SPOT,31,True,False
DLD_FinalDataset_224_spit/test/PHOMOPSIS_LEAF_SPOT/to_label_4396.jpg,DLD_FinalDataset_224_spit/test/PHOMOPSIS_LEAF_SPOT/to_label_4397.jpg,4396,4397,test,test,PHOMOPSIS_LEAF_SPOT,PHOMOPSIS_LEAF_SPOT,35,True,False
DLD_FinalDataset_224_spit/test/PHOMOPSIS_LEAF_SPOT/to_label_4397.jpg,DLD_FinalDataset_224_spit/train/PHOMOPSIS_LEAF_SPOT/to_label_4398.jpg,4397,4398,test,train,PHOMOPSIS_LEAF_SPOT,PHOMOPSIS_LEAF_SPOT,37,True,True
DLD_FinalDataset_224_spit/train/PHOMOPSIS_LEAF_SPOT/to_label_4398.jpg,DLD_FinalDataset_224_spit/train/PHOMOPSIS_LEAF_SPOT/to_label_4399.jpg,4398,4399,train,train,PHOMOPSIS_LEAF_SPOT,PHOMOPSIS_LEAF_SPOT,35,True,False
DLD_FinalDataset_224_spit/train/PHOMOPSIS_LEAF_SPOT/to_label_4399.jpg,DLD_FinalDataset_224_spit/train/PHOMOPSIS_LEAF_SPOT/to_label_4400.jpg,4399,4400,train,train,PHOMOPSIS_LEAF_SPOT,PHOMOPSIS_LEAF_SPOT,27,True,False
DLD_FinalDataset_224_spit/train/PHOMOPSIS_LEAF_SPOT/to_label_4400.jpg,DLD_FinalDataset_224_spit/train/PHOMOPSIS_LEAF_SPOT/to_label_4401.jpg,4400,4401,train,train,PHOMOPSIS_LEAF_SPOT,PHOMOPSIS_LEAF_SPOT,27,True,False
DLD_FinalDataset_224_spit/train/PHOMOPSIS_LEAF_SPOT/to_label_4401.jpg,DLD_FinalDataset_224_spit/train/PHOMOPSIS_LEAF_SPOT/to_label_4402.jpg,4401,4402,train,train,PHOMOPSIS_LEAF_SPOT,PHOMOPSIS_LEAF_SPOT,35,True,False
DLD_FinalDataset_224_spit/train/PHOMOPSIS_LEAF_SPOT/to_label_4402.jpg,DLD_FinalDataset_224_spit/test/PHOMOPSIS_LEAF_SPOT/to_label_4403.jpg,4402,4403,train,test,PHOMOPSIS_LEAF_SPOT,PHOMOPSIS_LEAF_SPOT,31,True,True
DLD_FinalDataset_224_spit/test/PHOMOPSIS_LEAF_SPOT/to_label_4403.jpg,DLD_FinalDataset_224_spit/train/PHOMOPSIS_LEAF_SPOT/to_label_4404.jpg,4403,4404,test,train,PHOMOPSIS_LEAF_SPOT,PHOMOPSIS_LEAF_SPOT,30,True,True
DLD_FinalDataset_224_spit/train/PHOMOPSIS_LEAF_SPOT/to_label_4404.jpg,DLD_FinalDataset_224_spit/train/PHOMOPSIS_LEAF_SPOT/to_label_4405.jpg,4404,4405,train,train,PHOMOPSIS_LEAF_SPOT,PHOMOPSIS_LEAF_SPOT,28,True,False
DLD_FinalDataset_224_spit/train/PHOMOPSIS_LEAF_SPOT/to_label_4405.jpg,DLD_FinalDataset_224_spit/train/PHOMOPSIS_LEAF_SPOT/to_label_4406.jpg,4405,4406,train,train,PHOMOPSIS_LEAF_SPOT,PHOMOPSIS_LEAF_SPOT,24,True,False
DLD_FinalDataset_224_spit/train/PHOMOPSIS_LEAF_SPOT/to_label_4406.jpg,DLD_FinalDataset_224_spit/train/PHOMOPSIS_LEAF_SPOT/to_label_4407.jpg,4406,4407,train,train,PHOMOPSIS_LEAF_SPOT,PHOMOPSIS_LEAF_SPOT,33,True,False
DLD_FinalDataset_224_spit/train/PHOMOPSIS_LEAF_SPOT/to_label_4407.jpg,DLD_FinalDataset_224_spit/test/PHOMOPSIS_LEAF_SPOT/to_label_4408.jpg,4407,4408,train,test,PHOMOPSIS_LEAF_SPOT,PHOMOPSIS_LEAF_SPOT,37,True,True
DLD_FinalDataset_224_spit/test/PHOMOPSIS_LEAF_SPOT/to_label_4408.jpg,DLD_FinalDataset_224_spit/train/PHOMOPSIS_LEAF_SPOT/to_label_4409.jpg,4408,4409,test,train,PHOMOPSIS_LEAF_SPOT,PHOMOPSIS_LEAF_SPOT,36,True,True
DLD_FinalDataset_224_spit/train/PHOMOPSIS_LEAF_SPOT/to_label_4409.jpg,DLD_FinalDataset_224_spit/train/PHOMOPSIS_LEAF_SPOT/to_label_4410.jpg,4409,4410,train,train,PHOMOPSIS_LEAF_SPOT,PHOMOPSIS_LEAF_SPOT,24,True,False
DLD_FinalDataset_224_spit/train/PHOMOPSIS_LEAF_SPOT/to_label_4410.jpg,DLD_FinalDataset_224_spit/train/PHOMOPSIS_LEAF_SPOT/to_label_4411.jpg,4410,4411,train,train,PHOMOPSIS_LEAF_SPOT,PHOMOPSIS_LEAF_SPOT,29,True,False
DLD_FinalDataset_224_spit/train/PHOMOPSIS_LEAF_SPOT/to_label_4411.jpg,DLD_FinalDataset_224_spit/test/PHOMOPSIS_LEAF_SPOT/to_label_4412.jpg,4411,4412,train,test,PHOMOPSIS_LEAF_SPOT,PHOMOPSIS_LEAF_SPOT,31,True,True
DLD_FinalDataset_224_spit/test/PHOMOPSIS_LEAF_SPOT/to_label_4412.jpg,DLD_FinalDataset_224_spit/val/PHOMOPSIS_LEAF_SPOT/to_label_4413.jpg,4412,4413,test,val,PHOMOPSIS_LEAF_SPOT,PHOMOPSIS_LEAF_SPOT,30,True,True
DLD_FinalDataset_224_spit/val/PHOMOPSIS_LEAF_SPOT/to_label_4413.jpg,DLD_FinalDataset_224_spit/test/PHOMOPSIS_LEAF_SPOT/to_label_4414.jpg,4413,4414,val,test,PHOMOPSIS_LEAF_SPOT,PHOMOPSIS_LEAF_SPOT,46,True,True
DLD_FinalDataset_224_spit/test/PHOMOPSIS_LEAF_SPOT/to_label_4414.jpg,DLD_FinalDataset_224_spit/train/PHOMOPSIS_LEAF_SPOT/to_label_4415.jpg,4414,4415,test,train,PHOMOPSIS_LEAF_SPOT,PHOMOPSIS_LEAF_SPOT,25,True,True
DLD_FinalDataset_224_spit/train/PHOMOPSIS_LEAF_SPOT/to_label_4415.jpg,DLD_FinalDataset_224_spit/test/PHOMOPSIS_LEAF_SPOT/to_label_4416.jpg,4415,4416,train,test,PHOMOPSIS_LEAF_SPOT,PHOMOPSIS_LEAF_SPOT,32,True,True
DLD_FinalDataset_224_spit/test/PHOMOPSIS_LEAF_SPOT/to_label_4416.jpg,DLD_FinalDataset_224_spit/test/PHOMOPSIS_LEAF_SPOT/to_label_4417.jpg,4416,4417,test,test,PHOMOPSIS_LEAF_SPOT,PHOMOPSIS_LEAF_SPOT,35,True,False
DLD_FinalDataset_224_spit/test/PHOMOPSIS_LEAF_SPOT/to_label_4417.jpg,DLD_FinalDataset_224_spit/train/PHOMOPSIS_LEAF_SPOT/to_label_4418.jpg,4417,4418,test,train,PHOMOPSIS_LEAF_SPOT,PHOMOPSIS_LEAF_SPOT,36,True,True
DLD_FinalDataset_224_spit/train/PHOMOPSIS_LEAF_SPOT/to_label_4418.jpg,DLD_FinalDataset_224_spit/train/PHOMOPSIS_LEAF_SPOT/to_label_4419.jpg,4418,4419,train,train,PHOMOPSIS_LEAF_SPOT,PHOMOPSIS_LEAF_SPOT,38,True,False
DLD_FinalDataset_224_spit/train/PHOMOPSIS_LEAF_SPOT/to_label_4419.jpg,DLD_FinalDataset_224_spit/train/PHOMOPSIS_LEAF_SPOT/to_label_4420.jpg,4419,4420,train,train,PHOMOPSIS_LEAF_SPOT,PHOMOPSIS_LEAF_SPOT,28,True,False
DLD_FinalDataset_224_spit/train/PHOMOPSIS_LEAF_SPOT/to_label_4420.jpg,DLD_FinalDataset_224_spit/train/PHOMOPSIS_LEAF_SPOT/to_label_4421.jpg,4420,4421,train,train,PHOMOPSIS_LEAF_SPOT,PHOMOPSIS_LEAF_SPOT,37,True,False
DLD_FinalDataset_224_spit/train/PHOMOPSIS_LEAF_SPOT/to_label_4421.jpg,DLD_FinalDataset_224_spit/train/PHOMOPSIS_LEAF_SPOT/to_label_4422.jpg,4421,4422,train,train,PHOMOPSIS_LEAF_SPOT,PHOMOPSIS_LEAF_SPOT,31,True,False
DLD_FinalDataset_224_spit/train/PHOMOPSIS_LEAF_SPOT/to_label_4422.jpg,DLD_FinalDataset_224_spit/test/PHOMOPSIS_LEAF_SPOT/to_label_4423.jpg,4422,4423,train,test,PHOMOPSIS_LEAF_SPOT,PHOMOPSIS_LEAF_SPOT,31,True,True
DLD_FinalDataset_224_spit/test/PHOMOPSIS_LEAF_SPOT/to_label_4423.jpg,DLD_FinalDataset_224_spit/train/PHOMOPSIS_LEAF_SPOT/to_label_4424.jpg,4423,4424,test,train,PHOMOPSIS_LEAF_SPOT,PHOMOPSIS_LEAF_SPOT,38,True,True
DLD_FinalDataset_224_spit/train/PHOMOPSIS_LEAF_SPOT/to_label_4424.jpg,DLD_FinalDataset_224_spit/test/PHOMOPSIS_LEAF_SPOT/to_label_4425.jpg,4424,4425,train,test,PHOMOPSIS_LEAF_SPOT,PHOMOPSIS_LEAF_SPOT,23,True,True
DLD_FinalDataset_224_spit/test/PHOMOPSIS_LEAF_SPOT/to_label_4425.jpg,DLD_FinalDataset_224_spit/train/PHOMOPSIS_LEAF_SPOT/to_label_4426.jpg,4425,4426,test,train,PHOMOPSIS_LEAF_SPOT,PHOMOPSIS_LEAF_SPOT,27,True,True
DLD_FinalDataset_224_spit/train/PHOMOPSIS_LEAF_SPOT/to_label_4426.jpg,DLD_FinalDataset_224_spit/train/PHOMOPSIS_LEAF_SPOT/to_label_4427.jpg,4426,4427,train,train,PHOMOPSIS_LEAF_SPOT,PHOMOPSIS_LEAF_SPOT,35,True,False
DLD_FinalDataset_224_spit/train/PHOMOPSIS_LEAF_SPOT/to_label_4427.jpg,DLD_FinalDataset_224_spit/train/PHOMOPSIS_LEAF_SPOT/to_label_4428.jpg,4427,4428,train,train,PHOMOPSIS_LEAF_SPOT,PHOMOPSIS_LEAF_SPOT,38,True,False
DLD_FinalDataset_224_spit/train/PHOMOPSIS_LEAF_SPOT/to_label_4428.jpg,DLD_FinalDataset_224_spit/train/PHOMOPSIS_LEAF_SPOT/to_label_4429.jpg,4428,4429,train,train,PHOMOPSIS_LEAF_SPOT,PHOMOPSIS_LEAF_SPOT,34,True,False
DLD_FinalDataset_224_spit/train/PHOMOPSIS_LEAF_SPOT/to_label_4429.jpg,DLD_FinalDataset_224_spit/train/PHOMOPSIS_LEAF_SPOT/to_label_4430.jpg,4429,4430,train,train,PHOMOPSIS_LEAF_SPOT,PHOMOPSIS_LEAF_SPOT,29,True,False
DLD_FinalDataset_224_spit/train/PHOMOPSIS_LEAF_SPOT/to_label_4430.jpg,DLD_FinalDataset_224_spit/test/PHOMOPSIS_LEAF_SPOT/to_label_4431.jpg,4430,4431,train,test,PHOMOPSIS_LEAF_SPOT,PHOMOPSIS_LEAF_SPOT,29,True,True
DLD_FinalDataset_224_spit/test/PHOMOPSIS_LEAF_SPOT/to_label_4431.jpg,DLD_FinalDataset_224_spit/test/PHOMOPSIS_LEAF_SPOT/to_label_4432.jpg,4431,4432,test,test,PHOMOPSIS_LEAF_SPOT,PHOMOPSIS_LEAF_SPOT,20,True,False
DLD_FinalDataset_224_spit/test/PHOMOPSIS_LEAF_SPOT/to_label_4432.jpg,DLD_FinalDataset_224_spit/test/PHOMOPSIS_LEAF_SPOT/to_label_4433.jpg,4432,4433,test,test,PHOMOPSIS_LEAF_SPOT,PHOMOPSIS_LEAF_SPOT,28,True,False
DLD_FinalDataset_224_spit/test/PHOMOPSIS_LEAF_SPOT/to_label_4433.jpg,DLD_FinalDataset_224_spit/test/PHOMOPSIS_LEAF_SPOT/to_label_4434.jpg,4433,4434,test,test,PHOMOPSIS_LEAF_SPOT,PHOMOPSIS_LEAF_SPOT,35,True,False
DLD_FinalDataset_224_spit/test/PHOMOPSIS_LEAF_SPOT/to_label_4434.jpg,DLD_FinalDataset_224_spit/train/PHOMOPSIS_LEAF_SPOT/to_label_4435.jpg,4434,4435,test,train,PHOMOPSIS_LEAF_SPOT,PHOMOPSIS_LEAF_SPOT,26,True,True
DLD_FinalDataset_224_spit/train/PHOMOPSIS_LEAF_SPOT/to_label_4435.jpg,DLD_FinalDataset_224_spit/train/PHOMOPSIS_LEAF_SPOT/to_label_4436.jpg,4435,4436,train,train,PHOMOPSIS_LEAF_SPOT,PHOMOPSIS_LEAF_SPOT,31,True,False
DLD_FinalDataset_224_spit/train/PHOMOPSIS_LEAF_SPOT/to_label_4436.jpg,DLD_FinalDataset_224_spit/val/PHOMOPSIS_LEAF_SPOT/to_label_4437.jpg,4436,4437,train,val,PHOMOPSIS_LEAF_SPOT,PHOMOPSIS_LEAF_SPOT,29,True,True
DLD_FinalDataset_224_spit/val/PHOMOPSIS_LEAF_SPOT/to_label_4437.jpg,DLD_FinalDataset_224_spit/train/PHOMOPSIS_LEAF_SPOT/to_label_4438.jpg,4437,4438,val,train,PHOMOPSIS_LEAF_SPOT,PHOMOPSIS_LEAF_SPOT,26,True,True
DLD_FinalDataset_224_spit/train/PHOMOPSIS_LEAF_SPOT/to_label_4438.jpg,DLD_FinalDataset_224_spit/train/PHOMOPSIS_LEAF_SPOT/to_label_4439.jpg,4438,4439,train,train,PHOMOPSIS_LEAF_SPOT,PHOMOPSIS_LEAF_SPOT,32,True,False
DLD_FinalDataset_224_spit/train/PHOMOPSIS_LEAF_SPOT/to_label_4439.jpg,DLD_FinalDataset_224_spit/train/PHOMOPSIS_LEAF_SPOT/to_label_4440.jpg,4439,4440,train,train,PHOMOPSIS_LEAF_SPOT,PHOMOPSIS_LEAF_SPOT,35,True,False
DLD_FinalDataset_224_spit/train/PHOMOPSIS_LEAF_SPOT/to_label_4440.jpg,DLD_FinalDataset_224_spit/train/PHOMOPSIS_LEAF_SPOT/to_label_4441.jpg,4440,4441,train,train,PHOMOPSIS_LEAF_SPOT,PHOMOPSIS_LEAF_SPOT,32,True,False
DLD_FinalDataset_224_spit/train/PHOMOPSIS_LEAF_SPOT/to_label_4441.jpg,DLD_FinalDataset_224_spit/train/PHOMOPSIS_LEAF_SPOT/to_label_4442.jpg,4441,4442,train,train,PHOMOPSIS_LEAF_SPOT,PHOMOPSIS_LEAF_SPOT,34,True,False
DLD_FinalDataset_224_spit/train/PHOMOPSIS_LEAF_SPOT/to_label_4442.jpg,DLD_FinalDataset_224_spit/test/PHOMOPSIS_LEAF_SPOT/to_label_4443.jpg,4442,4443,train,test,PHOMOPSIS_LEAF_SPOT,PHOMOPSIS_LEAF_SPOT,29,True,True
DLD_FinalDataset_224_spit/test/PHOMOPSIS_LEAF_SPOT/to_label_4443.jpg,DLD_FinalDataset_224_spit/train/PHOMOPSIS_LEAF_SPOT/to_label_4444.jpg,4443,4444,test,train,PHOMOPSIS_LEAF_SPOT,PHOMOPSIS_LEAF_SPOT,23,True,True
DLD_FinalDataset_224_spit/train/PHOMOPSIS_LEAF_SPOT/to_label_4444.jpg,DLD_FinalDataset_224_spit/test/PHOMOPSIS_LEAF_SPOT/to_label_4445.jpg,4444,4445,train,test,PHOMOPSIS_LEAF_SPOT,PHOMOPSIS_LEAF_SPOT,32,True,True
DLD_FinalDataset_224_spit/test/PHOMOPSIS_LEAF_SPOT/to_label_4445.jpg,DLD_FinalDataset_224_spit/train/PHOMOPSIS_LEAF_SPOT/to_label_4446.jpg,4445,4446,test,train,PHOMOPSIS_LEAF_SPOT,PHOMOPSIS_LEAF_SPOT,31,True,True
DLD_FinalDataset_224_spit/train/PHOMOPSIS_LEAF_SPOT/to_label_4446.jpg,DLD_FinalDataset_224_spit/val/PHOMOPSIS_LEAF_SPOT/to_label_4447.jpg,4446,4447,train,val,PHOMOPSIS_LEAF_SPOT,PHOMOPSIS_LEAF_SPOT,29,True,True
DLD_FinalDataset_224_spit/val/PHOMOPSIS_LEAF_SPOT/to_label_4447.jpg,DLD_FinalDataset_224_spit/train/PHOMOPSIS_LEAF_SPOT/to_label_4448.jpg,4447,4448,val,train,PHOMOPSIS_LEAF_SPOT,PHOMOPSIS_LEAF_SPOT,32,True,True
DLD_FinalDataset_224_spit/train/PHOMOPSIS_LEAF_SPOT/to_label_4448.jpg,DLD_FinalDataset_224_spit/val/PHOMOPSIS_LEAF_SPOT/to_label_4449.jpg,4448,4449,train,val,PHOMOPSIS_LEAF_SPOT,PHOMOPSIS_LEAF_SPOT,29,True,True
DLD_FinalDataset_224_spit/val/PHOMOPSIS_LEAF_SPOT/to_label_4449.jpg,DLD_FinalDataset_224_spit/train/PHOMOPSIS_LEAF_SPOT/to_label_4450.jpg,4449,4450,val,train,PHOMOPSIS_LEAF_SPOT,PHOMOPSIS_LEAF_SPOT,32,True,True
DLD_FinalDataset_224_spit/train/PHOMOPSIS_LEAF_SPOT/to_label_4450.jpg,DLD_FinalDataset_224_spit/train/PHOMOPSIS_LEAF_SPOT/to_label_4451.jpg,4450,4451,train,train,PHOMOPSIS_LEAF_SPOT,PHOMOPSIS_LEAF_SPOT,39,True,False
DLD_FinalDataset_224_spit/train/PHOMOPSIS_LEAF_SPOT/to_label_4451.jpg,DLD_FinalDataset_224_spit/train/PHOMOPSIS_LEAF_SPOT/to_label_4452.jpg,4451,4452,train,train,PHOMOPSIS_LEAF_SPOT,PHOMOPSIS_LEAF_SPOT,33,True,False
DLD_FinalDataset_224_spit/train/PHOMOPSIS_LEAF_SPOT/to_label_4452.jpg,DLD_FinalDataset_224_spit/test/PHOMOPSIS_LEAF_SPOT/to_label_4453.jpg,4452,4453,train,test,PHOMOPSIS_LEAF_SPOT,PHOMOPSIS_LEAF_SPOT,36,True,True
DLD_FinalDataset_224_spit/test/PHOMOPSIS_LEAF_SPOT/to_label_4453.jpg,DLD_FinalDataset_224_spit/val/PHOMOPSIS_LEAF_SPOT/to_label_4454.jpg,4453,4454,test,val,PHOMOPSIS_LEAF_SPOT,PHOMOPSIS_LEAF_SPOT,30,True,True
DLD_FinalDataset_224_spit/val/PHOMOPSIS_LEAF_SPOT/to_label_4454.jpg,DLD_FinalDataset_224_spit/train/PHOMOPSIS_LEAF_SPOT/to_label_4455.jpg,4454,4455,val,train,PHOMOPSIS_LEAF_SPOT,PHOMOPSIS_LEAF_SPOT,33,True,True
DLD_FinalDataset_224_spit/train/PHOMOPSIS_LEAF_SPOT/to_label_4455.jpg,DLD_FinalDataset_224_spit/test/PHOMOPSIS_LEAF_SPOT/to_label_4456.jpg,4455,4456,train,test,PHOMOPSIS_LEAF_SPOT,PHOMOPSIS_LEAF_SPOT,34,True,True
DLD_FinalDataset_224_spit/test/PHOMOPSIS_LEAF_SPOT/to_label_4456.jpg,DLD_FinalDataset_224_spit/train/PHOMOPSIS_LEAF_SPOT/to_label_4457.jpg,4456,4457,test,train,PHOMOPSIS_LEAF_SPOT,PHOMOPSIS_LEAF_SPOT,32,True,True
DLD_FinalDataset_224_spit/train/PHOMOPSIS_LEAF_SPOT/to_label_4457.jpg,DLD_FinalDataset_224_spit/train/PHOMOPSIS_LEAF_SPOT/to_label_4458.jpg,4457,4458,train,train,PHOMOPSIS_LEAF_SPOT,PHOMOPSIS_LEAF_SPOT,31,True,False
DLD_FinalDataset_224_spit/train/PHOMOPSIS_LEAF_SPOT/to_label_4458.jpg,DLD_FinalDataset_224_spit/test/PHOMOPSIS_LEAF_SPOT/to_label_4459.jpg,4458,4459,train,test,PHOMOPSIS_LEAF_SPOT,PHOMOPSIS_LEAF_SPOT,32,True,True
DLD_FinalDataset_224_spit/test/PHOMOPSIS_LEAF_SPOT/to_label_4459.jpg,DLD_FinalDataset_224_spit/train/PHOMOPSIS_LEAF_SPOT/to_label_4460.jpg,4459,4460,test,train,PHOMOPSIS_LEAF_SPOT,PHOMOPSIS_LEAF_SPOT,38,True,True
DLD_FinalDataset_224_spit/train/PHOMOPSIS_LEAF_SPOT/to_label_4460.jpg,DLD_FinalDataset_224_spit/train/PHOMOPSIS_LEAF_SPOT/to_label_4461.jpg,4460,4461,train,train,PHOMOPSIS_LEAF_SPOT,PHOMOPSIS_LEAF_SPOT,39,True,False
DLD_FinalDataset_224_spit/train/PHOMOPSIS_LEAF_SPOT/to_label_4461.jpg,DLD_FinalDataset_224_spit/train/PHOMOPSIS_LEAF_SPOT/to_label_4462.jpg,4461,4462,train,train,PHOMOPSIS_LEAF_SPOT,PHOMOPSIS_LEAF_SPOT,35,True,False
DLD_FinalDataset_224_spit/train/PHOMOPSIS_LEAF_SPOT/to_label_4462.jpg,DLD_FinalDataset_224_spit/test/PHOMOPSIS_LEAF_SPOT/to_label_4463.jpg,4462,4463,train,test,PHOMOPSIS_LEAF_SPOT,PHOMOPSIS_LEAF_SPOT,31,True,True
DLD_FinalDataset_224_spit/test/PHOMOPSIS_LEAF_SPOT/to_label_4463.jpg,DLD_FinalDataset_224_spit/test/PHOMOPSIS_LEAF_SPOT/to_label_4464.jpg,4463,4464,test,test,PHOMOPSIS_LEAF_SPOT,PHOMOPSIS_LEAF_SPOT,22,True,False
DLD_FinalDataset_224_spit/test/PHOMOPSIS_LEAF_SPOT/to_label_4464.jpg,DLD_FinalDataset_224_spit/train/PHOMOPSIS_LEAF_SPOT/to_label_4465.jpg,4464,4465,test,train,PHOMOPSIS_LEAF_SPOT,PHOMOPSIS_LEAF_SPOT,32,True,True
DLD_FinalDataset_224_spit/train/PHOMOPSIS_LEAF_SPOT/to_label_4465.jpg,DLD_FinalDataset_224_spit/train/PHOMOPSIS_LEAF_SPOT/to_label_4466.jpg,4465,4466,train,train,PHOMOPSIS_LEAF_SPOT,PHOMOPSIS_LEAF_SPOT,31,True,False
DLD_FinalDataset_224_spit/train/PHOMOPSIS_LEAF_SPOT/to_label_4466.jpg,DLD_FinalDataset_224_spit/train/PHOMOPSIS_LEAF_SPOT/to_label_4467.jpg,4466,4467,train,train,PHOMOPSIS_LEAF_SPOT,PHOMOPSIS_LEAF_SPOT,28,True,False
DLD_FinalDataset_224_spit/train/PHOMOPSIS_LEAF_SPOT/to_label_4467.jpg,DLD_FinalDataset_224_spit/train/PHOMOPSIS_LEAF_SPOT/to_label_4468.jpg,4467,4468,train,train,PHOMOPSIS_LEAF_SPOT,PHOMOPSIS_LEAF_SPOT,35,True,False
DLD_FinalDataset_224_spit/train/PHOMOPSIS_LEAF_SPOT/to_label_4468.jpg,DLD_FinalDataset_224_spit/train/PHOMOPSIS_LEAF_SPOT/to_label_4469.jpg,4468,4469,train,train,PHOMOPSIS_LEAF_SPOT,PHOMOPSIS_LEAF_SPOT,30,True,False
DLD_FinalDataset_224_spit/train/PHOMOPSIS_LEAF_SPOT/to_label_4469.jpg,DLD_FinalDataset_224_spit/train/PHOMOPSIS_LEAF_SPOT/to_label_4470.jpg,4469,4470,train,train,PHOMOPSIS_LEAF_SPOT,PHOMOPSIS_LEAF_SPOT,21,True,False
DLD_FinalDataset_224_spit/train/PHOMOPSIS_LEAF_SPOT/to_label_4470.jpg,DLD_FinalDataset_224_spit/train/PHOMOPSIS_LEAF_SPOT/to_label_4471.jpg,4470,4471,train,train,PHOMOPSIS_LEAF_SPOT,PHOMOPSIS_LEAF_SPOT,28,True,False
DLD_FinalDataset_224_spit/train/PHOMOPSIS_LEAF_SPOT/to_label_4471.jpg,DLD_FinalDataset_224_spit/train/PHOMOPSIS_LEAF_SPOT/to_label_4472.jpg,4471,4472,train,train,PHOMOPSIS_LEAF_SPOT,PHOMOPSIS_LEAF_SPOT,25,True,False
DLD_FinalDataset_224_spit/train/PHOMOPSIS_LEAF_SPOT/to_label_4472.jpg,DLD_FinalDataset_224_spit/train/PHOMOPSIS_LEAF_SPOT/to_label_4473.jpg,4472,4473,train,train,PHOMOPSIS_LEAF_SPOT,PHOMOPSIS_LEAF_SPOT,37,True,False
DLD_FinalDataset_224_spit/train/PHOMOPSIS_LEAF_SPOT/to_label_4473.jpg,DLD_FinalDataset_224_spit/train/PHOMOPSIS_LEAF_SPOT/to_label_4474.jpg,4473,4474,train,train,PHOMOPSIS_LEAF_SPOT,PHOMOPSIS_LEAF_SPOT,33,True,False
DLD_FinalDataset_224_spit/train/PHOMOPSIS_LEAF_SPOT/to_label_4474.jpg,DLD_FinalDataset_224_spit/train/PHOMOPSIS_LEAF_SPOT/to_label_4475.jpg,4474,4475,train,train,PHOMOPSIS_LEAF_SPOT,PHOMOPSIS_LEAF_SPOT,27,True,False
DLD_FinalDataset_224_spit/train/PHOMOPSIS_LEAF_SPOT/to_label_4475.jpg,DLD_FinalDataset_224_spit/train/PHOMOPSIS_LEAF_SPOT/to_label_4476.jpg,4475,4476,train,train,PHOMOPSIS_LEAF_SPOT,PHOMOPSIS_LEAF_SPOT,35,True,False
DLD_FinalDataset_224_spit/train/PHOMOPSIS_LEAF_SPOT/to_label_4476.jpg,DLD_FinalDataset_224_spit/test/PHOMOPSIS_LEAF_SPOT/to_label_4477.jpg,4476,4477,train,test,PHOMOPSIS_LEAF_SPOT,PHOMOPSIS_LEAF_SPOT,31,True,True
DLD_FinalDataset_224_spit/test/PHOMOPSIS_LEAF_SPOT/to_label_4477.jpg,DLD_FinalDataset_224_spit/train/PHOMOPSIS_LEAF_SPOT/to_label_4478.jpg,4477,4478,test,train,PHOMOPSIS_LEAF_SPOT,PHOMOPSIS_LEAF_SPOT,33,True,True
DLD_FinalDataset_224_spit/train/PHOMOPSIS_LEAF_SPOT/to_label_4478.jpg,DLD_FinalDataset_224_spit/train/PHOMOPSIS_LEAF_SPOT/to_label_4479.jpg,4478,4479,train,train,PHOMOPSIS_LEAF_SPOT,PHOMOPSIS_LEAF_SPOT,32,True,False
DLD_FinalDataset_224_spit/train/PHOMOPSIS_LEAF_SPOT/to_label_4479.jpg,DLD_FinalDataset_224_spit/test/PHOMOPSIS_LEAF_SPOT/to_label_4480.jpg,4479,4480,train,test,PHOMOPSIS_LEAF_SPOT,PHOMOPSIS_LEAF_SPOT,34,True,True
DLD_FinalDataset_224_spit/test/PHOMOPSIS_LEAF_SPOT/to_label_4480.jpg,DLD_FinalDataset_224_spit/val/PHOMOPSIS_LEAF_SPOT/to_label_4481.jpg,4480,4481,test,val,PHOMOPSIS_LEAF_SPOT,PHOMOPSIS_LEAF_SPOT,34,True,True
DLD_FinalDataset_224_spit/val/PHOMOPSIS_LEAF_SPOT/to_label_4481.jpg,DLD_FinalDataset_224_spit/train/PHOMOPSIS_LEAF_SPOT/to_label_4482.jpg,4481,4482,val,train,PHOMOPSIS_LEAF_SPOT,PHOMOPSIS_LEAF_SPOT,32,True,True
DLD_FinalDataset_224_spit/train/PHOMOPSIS_LEAF_SPOT/to_label_4482.jpg,DLD_FinalDataset_224_spit/train/PHOMOPSIS_LEAF_SPOT/to_label_4483.jpg,4482,4483,train,train,PHOMOPSIS_LEAF_SPOT,PHOMOPSIS_LEAF_SPOT,29,True,False
DLD_FinalDataset_224_spit/train/PHOMOPSIS_LEAF_SPOT/to_label_4483.jpg,DLD_FinalDataset_224_spit/train/PHOMOPSIS_LEAF_SPOT/to_label_4484.jpg,4483,4484,train,train,PHOMOPSIS_LEAF_SPOT,PHOMOPSIS_LEAF_SPOT,26,True,False
DLD_FinalDataset_224_spit/train/PHOMOPSIS_LEAF_SPOT/to_label_4484.jpg,DLD_FinalDataset_224_spit/train/PHOMOPSIS_LEAF_SPOT/to_label_4485.jpg,4484,4485,train,train,PHOMOPSIS_LEAF_SPOT,PHOMOPSIS_LEAF_SPOT,28,True,False
DLD_FinalDataset_224_spit/train/PHOMOPSIS_LEAF_SPOT/to_label_4485.jpg,DLD_FinalDataset_224_spit/val/PHOMOPSIS_LEAF_SPOT/to_label_4486.jpg,4485,4486,train,val,PHOMOPSIS_LEAF_SPOT,PHOMOPSIS_LEAF_SPOT,40,True,True
DLD_FinalDataset_224_spit/val/PHOMOPSIS_LEAF_SPOT/to_label_4486.jpg,DLD_FinalDataset_224_spit/val/PHOMOPSIS_LEAF_SPOT/to_label_4487.jpg,4486,4487,val,val,PHOMOPSIS_LEAF_SPOT,PHOMOPSIS_LEAF_SPOT,27,True,False
DLD_FinalDataset_224_spit/val/PHOMOPSIS_LEAF_SPOT/to_label_4487.jpg,DLD_FinalDataset_224_spit/train/PHOMOPSIS_LEAF_SPOT/to_label_4488.jpg,4487,4488,val,train,PHOMOPSIS_LEAF_SPOT,PHOMOPSIS_LEAF_SPOT,36,True,True
DLD_FinalDataset_224_spit/train/PHOMOPSIS_LEAF_SPOT/to_label_4488.jpg,DLD_FinalDataset_224_spit/train/PHOMOPSIS_LEAF_SPOT/to_label_4489.jpg,4488,4489,train,train,PHOMOPSIS_LEAF_SPOT,PHOMOPSIS_LEAF_SPOT,31,True,False
DLD_FinalDataset_224_spit/train/PHOMOPSIS_LEAF_SPOT/to_label_4489.jpg,DLD_FinalDataset_224_spit/test/PHOMOPSIS_LEAF_SPOT/to_label_4490.jpg,4489,4490,train,test,PHOMOPSIS_LEAF_SPOT,PHOMOPSIS_LEAF_SPOT,37,True,True
DLD_FinalDataset_224_spit/test/PHOMOPSIS_LEAF_SPOT/to_label_4490.jpg,DLD_FinalDataset_224_spit/train/PHOMOPSIS_LEAF_SPOT/to_label_4491.jpg,4490,4491,test,train,PHOMOPSIS_LEAF_SPOT,PHOMOPSIS_LEAF_SPOT,29,True,True
DLD_FinalDataset_224_spit/train/PHOMOPSIS_LEAF_SPOT/to_label_4491.jpg,DLD_FinalDataset_224_spit/train/PHOMOPSIS_LEAF_SPOT/to_label_4492.jpg,4491,4492,train,train,PHOMOPSIS_LEAF_SPOT,PHOMOPSIS_LEAF_SPOT,34,True,False
DLD_FinalDataset_224_spit/train/PHOMOPSIS_LEAF_SPOT/to_label_4492.jpg,DLD_FinalDataset_224_spit/train/PHOMOPSIS_LEAF_SPOT/to_label_4493.jpg,4492,4493,train,train,PHOMOPSIS_LEAF_SPOT,PHOMOPSIS_LEAF_SPOT,27,True,False
DLD_FinalDataset_224_spit/train/PHOMOPSIS_LEAF_SPOT/to_label_4493.jpg,DLD_FinalDataset_224_spit/train/PHOMOPSIS_LEAF_SPOT/to_label_4494.jpg,4493,4494,train,train,PHOMOPSIS_LEAF_SPOT,PHOMOPSIS_LEAF_SPOT,33,True,False
DLD_FinalDataset_224_spit/train/PHOMOPSIS_LEAF_SPOT/to_label_4494.jpg,DLD_FinalDataset_224_spit/val/PHOMOPSIS_LEAF_SPOT/to_label_4495.jpg,4494,4495,train,val,PHOMOPSIS_LEAF_SPOT,PHOMOPSIS_LEAF_SPOT,33,True,True
DLD_FinalDataset_224_spit/val/PHOMOPSIS_LEAF_SPOT/to_label_4495.jpg,DLD_FinalDataset_224_spit/test/PHOMOPSIS_LEAF_SPOT/to_label_4496.jpg,4495,4496,val,test,PHOMOPSIS_LEAF_SPOT,PHOMOPSIS_LEAF_SPOT,35,True,True
DLD_FinalDataset_224_spit/test/PHOMOPSIS_LEAF_SPOT/to_label_4496.jpg,DLD_FinalDataset_224_spit/train/PHOMOPSIS_LEAF_SPOT/to_label_4497.jpg,4496,4497,test,train,PHOMOPSIS_LEAF_SPOT,PHOMOPSIS_LEAF_SPOT,32,True,True
DLD_FinalDataset_224_spit/train/PHOMOPSIS_LEAF_SPOT/to_label_4497.jpg,DLD_FinalDataset_224_spit/train/PHOMOPSIS_LEAF_SPOT/to_label_4498.jpg,4497,4498,train,train,PHOMOPSIS_LEAF_SPOT,PHOMOPSIS_LEAF_SPOT,29,True,False
DLD_FinalDataset_224_spit/train/PHOMOPSIS_LEAF_SPOT/to_label_4498.jpg,DLD_FinalDataset_224_spit/train/PHOMOPSIS_LEAF_SPOT/to_label_4499.jpg,4498,4499,train,train,PHOMOPSIS_LEAF_SPOT,PHOMOPSIS_LEAF_SPOT,27,True,False
DLD_FinalDataset_224_spit/train/PHOMOPSIS_LEAF_SPOT/to_label_4499.jpg,DLD_FinalDataset_224_spit/train/PHOMOPSIS_LEAF_SPOT/to_label_4500.jpg,4499,4500,train,train,PHOMOPSIS_LEAF_SPOT,PHOMOPSIS_LEAF_SPOT,33,True,False
